month,metal_cn,metal_en,price_usd,unit_usd,usd_cny_avg,price_cny,unit_cny,exchange_source
1960-01,铜,copper,715.4,美元/吨,2.4618,1761.17,元/吨,本地 CSV (data/exchange_rates.csv)
1960-02,铜,copper,728.19,美元/吨,2.4618,1792.66,元/吨,本地 CSV (data/exchange_rates.csv)
1960-03,铜,copper,684.94,美元/吨,2.4618,1686.19,元/吨,本地 CSV (data/exchange_rates.csv)
1960-04,铜,copper,723.11,美元/吨,2.4618,1780.15,元/吨,本地 CSV (data/exchange_rates.csv)
1960-05,铜,copper,684.75,美元/吨,2.4618,1685.72,元/吨,本地 CSV (data/exchange_rates.csv)
1960-06,铜,copper,691.59,美元/吨,2.4618,1702.56,元/吨,本地 CSV (data/exchange_rates.csv)
1960-07,铜,copper,702.39,美元/吨,2.4618,1729.14,元/吨,本地 CSV (data/exchange_rates.csv)
1960-08,铜,copper,675.94,美元/吨,2.4618,1664.03,元/吨,本地 CSV (data/exchange_rates.csv)
1960-09,铜,copper,647.06,美元/吨,2.4618,1592.93,元/吨,本地 CSV (data/exchange_rates.csv)
1960-10,铜,copper,612.66,美元/吨,2.4618,1508.25,元/吨,本地 CSV (data/exchange_rates.csv)
1960-11,铜,copper,642.13,美元/吨,2.4618,1580.8,元/吨,本地 CSV (data/exchange_rates.csv)
1960-12,铜,copper,636.91,美元/吨,2.4618,1567.95,元/吨,本地 CSV (data/exchange_rates.csv)
1961-01,铜,copper,606.71,美元/吨,2.4618,1493.6,元/吨,本地 CSV (data/exchange_rates.csv)
1961-02,铜,copper,616.63,美元/吨,2.4618,1518.02,元/吨,本地 CSV (data/exchange_rates.csv)
1961-03,铜,copper,621.26,美元/吨,2.4618,1529.42,元/吨,本地 CSV (data/exchange_rates.csv)
1961-04,铜,copper,631.84,美元/吨,2.4618,1555.46,元/吨,本地 CSV (data/exchange_rates.csv)
1961-05,铜,copper,668.44,美元/吨,2.4618,1645.57,元/吨,本地 CSV (data/exchange_rates.csv)
1961-06,铜,copper,652.12,美元/吨,2.4618,1605.39,元/吨,本地 CSV (data/exchange_rates.csv)
1961-07,铜,copper,633.39,美元/吨,2.4618,1559.28,元/吨,本地 CSV (data/exchange_rates.csv)
1961-08,铜,copper,636.47,美元/吨,2.4618,1566.86,元/吨,本地 CSV (data/exchange_rates.csv)
1961-09,铜,copper,632.72,美元/吨,2.4618,1557.63,元/吨,本地 CSV (data/exchange_rates.csv)
1961-10,铜,copper,630.3,美元/吨,2.4618,1551.67,元/吨,本地 CSV (data/exchange_rates.csv)
1961-11,铜,copper,632.28,美元/吨,2.4618,1556.55,元/吨,本地 CSV (data/exchange_rates.csv)
1961-12,铜,copper,634.85,美元/吨,2.4618,1562.87,元/吨,本地 CSV (data/exchange_rates.csv)
1962-01,铜,copper,635.37,美元/吨,2.4618,1564.15,元/吨,本地 CSV (data/exchange_rates.csv)
1962-02,铜,copper,647.94,美元/吨,2.4618,1595.1,元/吨,本地 CSV (data/exchange_rates.csv)
1962-03,铜,copper,647.5,美元/吨,2.4618,1594.02,元/吨,本地 CSV (data/exchange_rates.csv)
1962-04,铜,copper,645.95,美元/吨,2.4618,1590.2,元/吨,本地 CSV (data/exchange_rates.csv)
1962-05,铜,copper,645.73,美元/吨,2.4618,1589.66,元/吨,本地 CSV (data/exchange_rates.csv)
1962-06,铜,copper,645.51,美元/吨,2.4618,1589.12,元/吨,本地 CSV (data/exchange_rates.csv)
1962-07,铜,copper,645.51,美元/吨,2.4618,1589.12,元/吨,本地 CSV (data/exchange_rates.csv)
1962-08,铜,copper,645.51,美元/吨,2.4618,1589.12,元/吨,本地 CSV (data/exchange_rates.csv)
1962-09,铜,copper,645.51,美元/吨,2.4618,1589.12,元/吨,本地 CSV (data/exchange_rates.csv)
1962-10,铜,copper,645.95,美元/吨,2.4618,1590.2,元/吨,本地 CSV (data/exchange_rates.csv)
1962-11,铜,copper,645.51,美元/吨,2.4618,1589.12,元/吨,本地 CSV (data/exchange_rates.csv)
1962-12,铜,copper,645.73,美元/吨,2.4618,1589.66,元/吨,本地 CSV (data/exchange_rates.csv)
1963-01,铜,copper,645.51,美元/吨,2.4618,1589.12,元/吨,本地 CSV (data/exchange_rates.csv)
1963-02,铜,copper,645.51,美元/吨,2.4618,1589.12,元/吨,本地 CSV (data/exchange_rates.csv)
1963-03,铜,copper,645.51,美元/吨,2.4618,1589.12,元/吨,本地 CSV (data/exchange_rates.csv)
1963-04,铜,copper,645.73,美元/吨,2.4618,1589.66,元/吨,本地 CSV (data/exchange_rates.csv)
1963-05,铜,copper,645.51,美元/吨,2.4618,1589.12,元/吨,本地 CSV (data/exchange_rates.csv)
1963-06,铜,copper,645.73,美元/吨,2.4618,1589.66,元/吨,本地 CSV (data/exchange_rates.csv)
1963-07,铜,copper,645.51,美元/吨,2.4618,1589.12,元/吨,本地 CSV (data/exchange_rates.csv)
1963-08,铜,copper,645.51,美元/吨,2.4618,1589.12,元/吨,本地 CSV (data/exchange_rates.csv)
1963-09,铜,copper,645.51,美元/吨,2.4618,1589.12,元/吨,本地 CSV (data/exchange_rates.csv)
1963-10,铜,copper,645.51,美元/吨,2.4618,1589.12,元/吨,本地 CSV (data/exchange_rates.csv)
1963-11,铜,copper,645.73,美元/吨,2.4618,1589.66,元/吨,本地 CSV (data/exchange_rates.csv)
1963-12,铜,copper,650.14,美元/吨,2.4618,1600.51,元/吨,本地 CSV (data/exchange_rates.csv)
1964-01,铜,copper,655.65,美元/吨,2.4618,1614.08,元/吨,本地 CSV (data/exchange_rates.csv)
1964-02,铜,copper,693.79,美元/吨,2.4618,1707.97,元/吨,本地 CSV (data/exchange_rates.csv)
1964-03,铜,copper,745.16,美元/吨,2.4618,1834.43,元/吨,本地 CSV (data/exchange_rates.csv)
1964-04,铜,copper,861.56,美元/吨,2.4618,2120.99,元/吨,本地 CSV (data/exchange_rates.csv)
1964-05,铜,copper,828.28,美元/吨,2.4618,2039.06,元/吨,本地 CSV (data/exchange_rates.csv)
1964-06,铜,copper,808.43,美元/吨,2.4618,1990.19,元/吨,本地 CSV (data/exchange_rates.csv)
1964-07,铜,copper,854.95,美元/吨,2.4618,2104.72,元/吨,本地 CSV (data/exchange_rates.csv)
1964-08,铜,copper,999.33,美元/吨,2.4618,2460.15,元/吨,本地 CSV (data/exchange_rates.csv)
1964-09,铜,copper,1162.05,美元/吨,2.4618,2860.73,元/吨,本地 CSV (data/exchange_rates.csv)
1964-10,铜,copper,1358.27,美元/吨,2.4618,3343.79,元/吨,本地 CSV (data/exchange_rates.csv)
1964-11,铜,copper,1400.37,美元/吨,2.4618,3447.43,元/吨,本地 CSV (data/exchange_rates.csv)
1964-12,铜,copper,1269.2,美元/吨,2.4618,3124.52,元/吨,本地 CSV (data/exchange_rates.csv)
1965-01,铜,copper,1000.68,美元/吨,2.4618,2463.47,元/吨,本地 CSV (data/exchange_rates.csv)
1965-02,铜,copper,1179.91,美元/吨,2.4618,2904.7,元/吨,本地 CSV (data/exchange_rates.csv)
1965-03,铜,copper,1237.23,美元/吨,2.4618,3045.81,元/吨,本地 CSV (data/exchange_rates.csv)
1965-04,铜,copper,1348.34,美元/吨,2.4618,3319.34,元/吨,本地 CSV (data/exchange_rates.csv)
1965-05,铜,copper,1378.55,美元/吨,2.4618,3393.71,元/吨,本地 CSV (data/exchange_rates.csv)
1965-06,铜,copper,1308.88,美元/吨,2.4618,3222.2,元/吨,本地 CSV (data/exchange_rates.csv)
1965-07,铜,copper,1134.06,美元/吨,2.4618,2791.83,元/吨,本地 CSV (data/exchange_rates.csv)
1965-08,铜,copper,1209.9,美元/吨,2.4618,2978.53,元/吨,本地 CSV (data/exchange_rates.csv)
1965-09,铜,copper,1327.84,美元/吨,2.4618,3268.88,元/吨,本地 CSV (data/exchange_rates.csv)
1965-10,铜,copper,1401.92,美元/吨,2.4618,3451.25,元/吨,本地 CSV (data/exchange_rates.csv)
1965-11,铜,copper,1469.16,美元/吨,2.4618,3616.78,元/吨,本地 CSV (data/exchange_rates.csv)
1965-12,铜,copper,1517.66,美元/吨,2.4618,3736.18,元/吨,本地 CSV (data/exchange_rates.csv)
1966-01,铜,copper,1679.04,美元/吨,2.4618,4133.46,元/吨,本地 CSV (data/exchange_rates.csv)
1966-02,铜,copper,1874.37,美元/吨,2.4618,4614.32,元/吨,本地 CSV (data/exchange_rates.csv)
1966-03,铜,copper,1874.81,美元/吨,2.4618,4615.41,元/吨,本地 CSV (data/exchange_rates.csv)
1966-04,铜,copper,1907.44,美元/吨,2.4618,4695.74,元/吨,本地 CSV (data/exchange_rates.csv)
1966-05,铜,copper,1663.61,美元/吨,2.4618,4095.48,元/吨,本地 CSV (data/exchange_rates.csv)
1966-06,铜,copper,1695.79,美元/吨,2.4618,4174.7,元/吨,本地 CSV (data/exchange_rates.csv)
1966-07,铜,copper,1567.93,美元/吨,2.4618,3859.93,元/吨,本地 CSV (data/exchange_rates.csv)
1966-08,铜,copper,1195.34,美元/吨,2.4618,2942.69,元/吨,本地 CSV (data/exchange_rates.csv)
1966-09,铜,copper,1128.32,美元/吨,2.4618,2777.7,元/吨,本地 CSV (data/exchange_rates.csv)
1966-10,铜,copper,1275.37,美元/吨,2.4618,3139.71,元/吨,本地 CSV (data/exchange_rates.csv)
1966-11,铜,copper,1301.61,美元/吨,2.4618,3204.3,元/吨,本地 CSV (data/exchange_rates.csv)
1966-12,铜,copper,1214.53,美元/吨,2.4618,2989.93,元/吨,本地 CSV (data/exchange_rates.csv)
1967-01,铜,copper,1243.85,美元/吨,2.4618,3062.11,元/吨,本地 CSV (data/exchange_rates.csv)
1967-02,铜,copper,1220.48,美元/吨,2.4618,3004.58,元/吨,本地 CSV (data/exchange_rates.csv)
1967-03,铜,copper,1098.34,美元/吨,2.4618,2703.89,元/吨,本地 CSV (data/exchange_rates.csv)
1967-04,铜,copper,994.72,美元/吨,2.4618,2448.8,元/吨,本地 CSV (data/exchange_rates.csv)
1967-05,铜,copper,1036.17,美元/吨,2.4618,2550.84,元/吨,本地 CSV (data/exchange_rates.csv)
1967-06,铜,copper,1015.22,美元/吨,2.4618,2499.27,元/吨,本地 CSV (data/exchange_rates.csv)
1967-07,铜,copper,997.37,美元/吨,2.4618,2455.33,元/吨,本地 CSV (data/exchange_rates.csv)
1967-08,铜,copper,1044.55,美元/吨,2.4618,2571.47,元/吨,本地 CSV (data/exchange_rates.csv)
1967-09,铜,copper,1060.2,美元/吨,2.4618,2610.0,元/吨,本地 CSV (data/exchange_rates.csv)
1967-10,铜,copper,1138.47,美元/吨,2.4618,2802.69,元/吨,本地 CSV (data/exchange_rates.csv)
1967-11,铜,copper,1443.81,美元/吨,2.4618,3554.37,元/吨,本地 CSV (data/exchange_rates.csv)
1967-12,铜,copper,1324.09,美元/吨,2.4618,3259.64,元/吨,本地 CSV (data/exchange_rates.csv)
1968-01,铜,copper,1408.75,美元/吨,2.4618,3468.06,元/吨,本地 CSV (data/exchange_rates.csv)
1968-02,铜,copper,1719.82,美元/吨,2.4618,4233.85,元/吨,本地 CSV (data/exchange_rates.csv)
1968-03,铜,copper,1701.08,美元/吨,2.4618,4187.72,元/吨,本地 CSV (data/exchange_rates.csv)
1968-04,铜,copper,1255.09,美元/吨,2.4618,3089.78,元/吨,本地 CSV (data/exchange_rates.csv)
1968-05,铜,copper,1096.58,美元/吨,2.4618,2699.56,元/吨,本地 CSV (data/exchange_rates.csv)
1968-06,铜,copper,1136.7,美元/吨,2.4618,2798.33,元/吨,本地 CSV (data/exchange_rates.csv)
1968-07,铜,copper,1054.25,美元/吨,2.4618,2595.35,元/吨,本地 CSV (data/exchange_rates.csv)
1968-08,铜,copper,1056.45,美元/吨,2.4618,2600.77,元/吨,本地 CSV (data/exchange_rates.csv)
1968-09,铜,copper,1110.03,美元/吨,2.4618,2732.67,元/吨,本地 CSV (data/exchange_rates.csv)
1968-10,铜,copper,1079.82,美元/吨,2.4618,2658.3,元/吨,本地 CSV (data/exchange_rates.csv)
1968-11,铜,copper,1099.88,美元/吨,2.4618,2707.68,元/吨,本地 CSV (data/exchange_rates.csv)
1968-12,铜,copper,1184.98,美元/吨,2.4618,2917.18,元/吨,本地 CSV (data/exchange_rates.csv)
1969-01,铜,copper,1255.53,美元/吨,2.4618,3090.86,元/吨,本地 CSV (data/exchange_rates.csv)
1969-02,铜,copper,1285.29,美元/吨,2.4618,3164.13,元/吨,本地 CSV (data/exchange_rates.csv)
1969-03,铜,copper,1278.46,美元/吨,2.4618,3147.31,元/吨,本地 CSV (data/exchange_rates.csv)
1969-04,铜,copper,1388.03,美元/吨,2.4618,3417.05,元/吨,本地 CSV (data/exchange_rates.csv)
1969-05,铜,copper,1392.44,美元/吨,2.4618,3427.91,元/吨,本地 CSV (data/exchange_rates.csv)
1969-06,铜,copper,1483.04,美元/吨,2.4618,3650.95,元/吨,本地 CSV (data/exchange_rates.csv)
1969-07,铜,copper,1453.95,美元/吨,2.4618,3579.33,元/吨,本地 CSV (data/exchange_rates.csv)
1969-08,铜,copper,1606.73,美元/吨,2.4618,3955.45,元/吨,本地 CSV (data/exchange_rates.csv)
1969-09,铜,copper,1578.95,美元/吨,2.4618,3887.06,元/吨,本地 CSV (data/exchange_rates.csv)
1969-10,铜,copper,1554.48,美元/吨,2.4618,3826.82,元/吨,本地 CSV (data/exchange_rates.csv)
1969-11,铜,copper,1631.42,美元/吨,2.4618,4016.23,元/吨,本地 CSV (data/exchange_rates.csv)
1969-12,铜,copper,1699.76,美元/吨,2.4618,4184.47,元/吨,本地 CSV (data/exchange_rates.csv)
1970-01,铜,copper,1626.3,美元/吨,2.4618,4003.63,元/吨,本地 CSV (data/exchange_rates.csv)
1970-02,铜,copper,1657.2,美元/吨,2.4618,4079.69,元/吨,本地 CSV (data/exchange_rates.csv)
1970-03,铜,copper,1754.0,美元/吨,2.4618,4318.0,元/吨,本地 CSV (data/exchange_rates.csv)
1970-04,铜,copper,1741.6,美元/吨,2.4618,4287.47,元/吨,本地 CSV (data/exchange_rates.csv)
1970-05,铜,copper,1597.9,美元/吨,2.4618,3933.71,元/吨,本地 CSV (data/exchange_rates.csv)
1970-06,铜,copper,1458.0,美元/吨,2.4618,3589.3,元/吨,本地 CSV (data/exchange_rates.csv)
1970-07,铜,copper,1366.6,美元/吨,2.4618,3364.3,元/吨,本地 CSV (data/exchange_rates.csv)
1970-08,铜,copper,1266.5,美元/吨,2.4618,3117.87,元/吨,本地 CSV (data/exchange_rates.csv)
1970-09,铜,copper,1246.9,美元/吨,2.4618,3069.62,元/吨,本地 CSV (data/exchange_rates.csv)
1970-10,铜,copper,1142.4,美元/吨,2.4618,2812.36,元/吨,本地 CSV (data/exchange_rates.csv)
1970-11,铜,copper,1085.3,美元/吨,2.4618,2671.79,元/吨,本地 CSV (data/exchange_rates.csv)
1970-12,铜,copper,1045.7,美元/吨,2.4618,2574.3,元/吨,本地 CSV (data/exchange_rates.csv)
1971-01,铜,copper,1010.0,美元/吨,2.4618,2486.42,元/吨,本地 CSV (data/exchange_rates.csv)
1971-02,铜,copper,1020.2,美元/吨,2.4618,2511.53,元/吨,本地 CSV (data/exchange_rates.csv)
1971-03,铜,copper,1144.1,美元/吨,2.4618,2816.55,元/吨,本地 CSV (data/exchange_rates.csv)
1971-04,铜,copper,1251.5,美元/吨,2.4618,3080.94,元/吨,本地 CSV (data/exchange_rates.csv)
1971-05,铜,copper,1114.4,美元/吨,2.4618,2743.43,元/吨,本地 CSV (data/exchange_rates.csv)
1971-06,铜,copper,1074.2,美元/吨,2.4618,2644.47,元/吨,本地 CSV (data/exchange_rates.csv)
1971-07,铜,copper,1115.3,美元/吨,2.4618,2745.65,元/吨,本地 CSV (data/exchange_rates.csv)
1971-08,铜,copper,1097.9,美元/吨,2.2451,2464.9,元/吨,本地 CSV (data/exchange_rates.csv)
1971-09,铜,copper,1056.4,美元/吨,2.2451,2371.72,元/吨,本地 CSV (data/exchange_rates.csv)
1971-10,铜,copper,1041.2,美元/吨,2.2451,2337.6,元/吨,本地 CSV (data/exchange_rates.csv)
1971-11,铜,copper,1013.9,美元/吨,2.2451,2276.31,元/吨,本地 CSV (data/exchange_rates.csv)
1971-12,铜,copper,1037.9,美元/吨,2.2451,2330.19,元/吨,本地 CSV (data/exchange_rates.csv)
1972-01,铜,copper,1078.0,美元/吨,2.2451,2420.22,元/吨,本地 CSV (data/exchange_rates.csv)
1972-02,铜,copper,1112.4,美元/吨,2.2451,2497.45,元/吨,本地 CSV (data/exchange_rates.csv)
1972-03,铜,copper,1108.2,美元/吨,2.2451,2488.02,元/吨,本地 CSV (data/exchange_rates.csv)
1972-04,铜,copper,1133.0,美元/吨,2.2451,2543.7,元/吨,本地 CSV (data/exchange_rates.csv)
1972-05,铜,copper,1106.4,美元/吨,2.2451,2483.98,元/吨,本地 CSV (data/exchange_rates.csv)
1972-06,铜,copper,1063.2,美元/吨,2.2451,2386.99,元/吨,本地 CSV (data/exchange_rates.csv)
1972-07,铜,copper,1034.6,美元/吨,2.2451,2322.78,元/吨,本地 CSV (data/exchange_rates.csv)
1972-08,铜,copper,1046.7,美元/吨,1.989,2081.89,元/吨,本地 CSV (data/exchange_rates.csv)
1972-09,铜,copper,1060.6,美元/吨,1.989,2109.53,元/吨,本地 CSV (data/exchange_rates.csv)
1972-10,铜,copper,917.5,美元/吨,1.989,1824.91,元/吨,本地 CSV (data/exchange_rates.csv)
1972-11,铜,copper,1007.1,美元/吨,1.989,2003.12,元/吨,本地 CSV (data/exchange_rates.csv)
1972-12,铜,copper,1024.4,美元/吨,1.989,2037.53,元/吨,本地 CSV (data/exchange_rates.csv)
1973-01,铜,copper,1119.0,美元/吨,1.989,2225.69,元/吨,本地 CSV (data/exchange_rates.csv)
1973-02,铜,copper,1243.6,美元/吨,1.989,2473.52,元/吨,本地 CSV (data/exchange_rates.csv)
1973-03,铜,copper,1509.5,美元/吨,1.989,3002.4,元/吨,本地 CSV (data/exchange_rates.csv)
1973-04,铜,copper,1588.4,美元/吨,1.989,3159.33,元/吨,本地 CSV (data/exchange_rates.csv)
1973-05,铜,copper,1552.2,美元/吨,1.989,3087.33,元/吨,本地 CSV (data/exchange_rates.csv)
1973-06,铜,copper,1748.7,美元/吨,1.989,3478.16,元/吨,本地 CSV (data/exchange_rates.csv)
1973-07,铜,copper,2021.2,美元/吨,1.989,4020.17,元/吨,本地 CSV (data/exchange_rates.csv)
1973-08,铜,copper,2123.0,美元/吨,1.5083,3202.12,元/吨,本地 CSV (data/exchange_rates.csv)
1973-09,铜,copper,1936.1,美元/吨,1.5167,2936.48,元/吨,本地 CSV (data/exchange_rates.csv)
1973-10,铜,copper,2065.3,美元/吨,1.525,3149.58,元/吨,本地 CSV (data/exchange_rates.csv)
1973-11,铜,copper,2273.0,美元/吨,1.5333,3485.19,元/吨,本地 CSV (data/exchange_rates.csv)
1973-12,铜,copper,2244.3,美元/吨,1.5417,3460.04,元/吨,本地 CSV (data/exchange_rates.csv)
1974-01,铜,copper,2032.4,美元/吨,1.55,3150.22,元/吨,本地 CSV (data/exchange_rates.csv)
1974-02,铜,copper,2291.7,美元/吨,1.5583,3571.16,元/吨,本地 CSV (data/exchange_rates.csv)
1974-03,铜,copper,2743.4,美元/吨,1.5667,4298.08,元/吨,本地 CSV (data/exchange_rates.csv)
1974-04,铜,copper,3031.8,美元/吨,1.575,4775.09,元/吨,本地 CSV (data/exchange_rates.csv)
1974-05,铜,copper,2875.7,美元/吨,1.5833,4553.1,元/吨,本地 CSV (data/exchange_rates.csv)
1974-06,铜,copper,2440.0,美元/吨,1.5917,3883.75,元/吨,本地 CSV (data/exchange_rates.csv)
1974-07,铜,copper,1919.1,美元/吨,1.6,3070.56,元/吨,本地 CSV (data/exchange_rates.csv)
1974-08,铜,copper,1802.9,美元/吨,1.6083,2899.6,元/吨,本地 CSV (data/exchange_rates.csv)
1974-09,铜,copper,1460.5,美元/吨,1.6167,2361.19,元/吨,本地 CSV (data/exchange_rates.csv)
1974-10,铜,copper,1398.8,美元/吨,1.625,2273.05,元/吨,本地 CSV (data/exchange_rates.csv)
1974-11,铜,copper,1416.7,美元/吨,1.6333,2313.9,元/吨,本地 CSV (data/exchange_rates.csv)
1974-12,铜,copper,1289.0,美元/吨,1.6417,2116.15,元/吨,本地 CSV (data/exchange_rates.csv)
1975-01,铜,copper,1211.2,美元/吨,1.65,1998.48,元/吨,本地 CSV (data/exchange_rates.csv)
1975-02,铜,copper,1266.5,美元/吨,1.6583,2100.24,元/吨,本地 CSV (data/exchange_rates.csv)
1975-03,铜,copper,1344.2,美元/吨,1.6667,2240.38,元/吨,本地 CSV (data/exchange_rates.csv)
1975-04,铜,copper,1329.2,美元/吨,1.675,2226.41,元/吨,本地 CSV (data/exchange_rates.csv)
1975-05,铜,copper,1253.8,美元/吨,1.6833,2110.52,元/吨,本地 CSV (data/exchange_rates.csv)
1975-06,铜,copper,1193.0,美元/吨,1.6917,2018.2,元/吨,本地 CSV (data/exchange_rates.csv)
1975-07,铜,copper,1222.4,美元/吨,1.7,2078.08,元/吨,本地 CSV (data/exchange_rates.csv)
1975-08,铜,copper,1277.1,美元/吨,1.7083,2181.67,元/吨,本地 CSV (data/exchange_rates.csv)
1975-09,铜,copper,1210.1,美元/吨,1.7167,2077.38,元/吨,本地 CSV (data/exchange_rates.csv)
1975-10,铜,copper,1178.8,美元/吨,1.725,2033.43,元/吨,本地 CSV (data/exchange_rates.csv)
1975-11,铜,copper,1179.7,美元/吨,1.7333,2044.77,元/吨,本地 CSV (data/exchange_rates.csv)
1975-12,铜,copper,1151.0,美元/吨,1.7417,2004.7,元/吨,本地 CSV (data/exchange_rates.csv)
1976-01,铜,copper,1193.0,美元/吨,1.75,2087.75,元/吨,本地 CSV (data/exchange_rates.csv)
1976-02,铜,copper,1219.0,美元/吨,1.7583,2143.37,元/吨,本地 CSV (data/exchange_rates.csv)
1976-03,铜,copper,1329.0,美元/吨,1.7667,2347.94,元/吨,本地 CSV (data/exchange_rates.csv)
1976-04,铜,copper,1510.0,美元/吨,1.775,2680.25,元/吨,本地 CSV (data/exchange_rates.csv)
1976-05,铜,copper,1512.0,美元/吨,1.7833,2696.35,元/吨,本地 CSV (data/exchange_rates.csv)
1976-06,铜,copper,1550.0,美元/吨,1.7917,2777.14,元/吨,本地 CSV (data/exchange_rates.csv)
1976-07,铜,copper,1647.0,美元/吨,1.8,2964.6,元/吨,本地 CSV (data/exchange_rates.csv)
1976-08,铜,copper,1539.0,美元/吨,1.8083,2782.97,元/吨,本地 CSV (data/exchange_rates.csv)
1976-09,铜,copper,1459.0,美元/吨,1.8167,2650.57,元/吨,本地 CSV (data/exchange_rates.csv)
1976-10,铜,copper,1285.0,美元/吨,1.825,2345.12,元/吨,本地 CSV (data/exchange_rates.csv)
1976-11,铜,copper,1279.0,美元/吨,1.8333,2344.79,元/吨,本地 CSV (data/exchange_rates.csv)
1976-12,铜,copper,1287.0,美元/吨,1.8417,2370.27,元/吨,本地 CSV (data/exchange_rates.csv)
1977-01,铜,copper,1396.0,美元/吨,1.85,2582.6,元/吨,本地 CSV (data/exchange_rates.csv)
1977-02,铜,copper,1426.0,美元/吨,1.8583,2649.94,元/吨,本地 CSV (data/exchange_rates.csv)
1977-03,铜,copper,1515.0,美元/吨,1.8667,2828.05,元/吨,本地 CSV (data/exchange_rates.csv)
1977-04,铜,copper,1429.0,美元/吨,1.875,2679.38,元/吨,本地 CSV (data/exchange_rates.csv)
1977-05,铜,copper,1371.0,美元/吨,1.8833,2582.0,元/吨,本地 CSV (data/exchange_rates.csv)
1977-06,铜,copper,1312.0,美元/吨,1.8917,2481.91,元/吨,本地 CSV (data/exchange_rates.csv)
1977-07,铜,copper,1248.0,美元/吨,1.9,2371.2,元/吨,本地 CSV (data/exchange_rates.csv)
1977-08,铜,copper,1160.0,美元/吨,1.9083,2213.63,元/吨,本地 CSV (data/exchange_rates.csv)
1977-09,铜,copper,1195.0,美元/吨,1.9167,2290.46,元/吨,本地 CSV (data/exchange_rates.csv)
1977-10,铜,copper,1210.0,美元/吨,1.925,2329.25,元/吨,本地 CSV (data/exchange_rates.csv)
1977-11,铜,copper,1182.0,美元/吨,1.9333,2285.16,元/吨,本地 CSV (data/exchange_rates.csv)
1977-12,铜,copper,1261.0,美元/吨,1.9417,2448.48,元/吨,本地 CSV (data/exchange_rates.csv)
1978-01,铜,copper,1261.0,美元/吨,1.95,2458.95,元/吨,本地 CSV (data/exchange_rates.csv)
1978-02,铜,copper,1217.0,美元/吨,1.9583,2383.25,元/吨,本地 CSV (data/exchange_rates.csv)
1978-03,铜,copper,1254.0,美元/吨,1.9667,2466.24,元/吨,本地 CSV (data/exchange_rates.csv)
1978-04,铜,copper,1285.0,美元/吨,1.975,2537.88,元/吨,本地 CSV (data/exchange_rates.csv)
1978-05,铜,copper,1303.0,美元/吨,1.9833,2584.24,元/吨,本地 CSV (data/exchange_rates.csv)
1978-06,铜,copper,1333.0,美元/吨,1.9917,2654.94,元/吨,本地 CSV (data/exchange_rates.csv)
1978-07,铜,copper,1337.0,美元/吨,2.0,2674.0,元/吨,本地 CSV (data/exchange_rates.csv)
1978-08,铜,copper,1426.0,美元/吨,2.0083,2863.84,元/吨,本地 CSV (data/exchange_rates.csv)
1978-09,铜,copper,1442.0,美元/吨,2.0167,2908.08,元/吨,本地 CSV (data/exchange_rates.csv)
1978-10,铜,copper,1506.0,美元/吨,2.025,3049.65,元/吨,本地 CSV (data/exchange_rates.csv)
1978-11,铜,copper,1481.0,美元/吨,2.0333,3011.32,元/吨,本地 CSV (data/exchange_rates.csv)
1978-12,铜,copper,1533.0,美元/吨,2.0417,3129.93,元/吨,本地 CSV (data/exchange_rates.csv)
1979-01,铜,copper,1659.0,美元/吨,2.05,3400.95,元/吨,本地 CSV (data/exchange_rates.csv)
1979-02,铜,copper,1944.0,美元/吨,2.0583,4001.34,元/吨,本地 CSV (data/exchange_rates.csv)
1979-03,铜,copper,2050.0,美元/吨,2.0667,4236.73,元/吨,本地 CSV (data/exchange_rates.csv)
1979-04,铜,copper,2100.0,美元/吨,2.075,4357.5,元/吨,本地 CSV (data/exchange_rates.csv)
1979-05,铜,copper,1926.0,美元/吨,2.0833,4012.44,元/吨,本地 CSV (data/exchange_rates.csv)
1979-06,铜,copper,1877.9,美元/吨,2.0917,3928.0,元/吨,本地 CSV (data/exchange_rates.csv)
1979-07,铜,copper,1814.0,美元/吨,2.1,3809.4,元/吨,本地 CSV (data/exchange_rates.csv)
1979-08,铜,copper,1976.4,美元/吨,2.1083,4166.84,元/吨,本地 CSV (data/exchange_rates.csv)
1979-09,铜,copper,2095.9,美元/吨,2.1167,4436.39,元/吨,本地 CSV (data/exchange_rates.csv)
1979-10,铜,copper,2075.9,美元/吨,2.125,4411.29,元/吨,本地 CSV (data/exchange_rates.csv)
1979-11,铜,copper,2090.0,美元/吨,2.1333,4458.6,元/吨,本地 CSV (data/exchange_rates.csv)
1979-12,铜,copper,2214.0,美元/吨,2.1417,4741.72,元/吨,本地 CSV (data/exchange_rates.csv)
1980-01,铜,copper,2601.0,美元/吨,2.15,5592.15,元/吨,本地 CSV (data/exchange_rates.csv)
1980-02,铜,copper,2918.0,美元/吨,2.1583,6297.92,元/吨,本地 CSV (data/exchange_rates.csv)
1980-03,铜,copper,2306.0,美元/吨,2.1667,4996.41,元/吨,本地 CSV (data/exchange_rates.csv)
1980-04,铜,copper,2070.0,美元/吨,2.175,4502.25,元/吨,本地 CSV (data/exchange_rates.csv)
1980-05,铜,copper,2037.0,美元/吨,2.1833,4447.38,元/吨,本地 CSV (data/exchange_rates.csv)
1980-06,铜,copper,2006.0,美元/吨,2.1917,4396.55,元/吨,本地 CSV (data/exchange_rates.csv)
1980-07,铜,copper,2176.0,美元/吨,2.2,4787.2,元/吨,本地 CSV (data/exchange_rates.csv)
1980-08,铜,copper,2082.1,美元/吨,1.705,3549.98,元/吨,本地 CSV (data/exchange_rates.csv)
1980-09,铜,copper,2060.0,美元/吨,1.705,3512.3,元/吨,本地 CSV (data/exchange_rates.csv)
1980-10,铜,copper,2040.0,美元/吨,1.705,3478.2,元/吨,本地 CSV (data/exchange_rates.csv)
1980-11,铜,copper,2010.0,美元/吨,1.705,3427.05,元/吨,本地 CSV (data/exchange_rates.csv)
1980-12,铜,copper,1879.0,美元/吨,1.705,3203.7,元/吨,本地 CSV (data/exchange_rates.csv)
1981-01,铜,copper,1869.1,美元/吨,1.705,3186.82,元/吨,本地 CSV (data/exchange_rates.csv)
1981-02,铜,copper,1801.0,美元/吨,2.025,3647.02,元/吨,本地 CSV (data/exchange_rates.csv)
1981-03,铜,copper,1818.0,美元/吨,2.05,3726.9,元/吨,本地 CSV (data/exchange_rates.csv)
1981-04,铜,copper,1821.0,美元/吨,2.075,3778.58,元/吨,本地 CSV (data/exchange_rates.csv)
1981-05,铜,copper,1742.0,美元/吨,2.1,3658.2,元/吨,本地 CSV (data/exchange_rates.csv)
1981-06,铜,copper,1700.0,美元/吨,2.125,3612.5,元/吨,本地 CSV (data/exchange_rates.csv)
1981-07,铜,copper,1681.9,美元/吨,2.15,3616.09,元/吨,本地 CSV (data/exchange_rates.csv)
1981-08,铜,copper,1787.0,美元/吨,2.175,3886.72,元/吨,本地 CSV (data/exchange_rates.csv)
1981-09,铜,copper,1710.4,美元/吨,2.2,3762.88,元/吨,本地 CSV (data/exchange_rates.csv)
1981-10,铜,copper,1666.3,美元/吨,2.225,3707.52,元/吨,本地 CSV (data/exchange_rates.csv)
1981-11,铜,copper,1651.4,美元/吨,2.25,3715.65,元/吨,本地 CSV (data/exchange_rates.csv)
1981-12,铜,copper,1655.3,美元/吨,2.275,3765.81,元/吨,本地 CSV (data/exchange_rates.csv)
1982-01,铜,copper,1610.6,美元/吨,2.3,3704.38,元/吨,本地 CSV (data/exchange_rates.csv)
1982-02,铜,copper,1598.0,美元/吨,2.325,3715.35,元/吨,本地 CSV (data/exchange_rates.csv)
1982-03,铜,copper,1510.4,美元/吨,2.35,3549.44,元/吨,本地 CSV (data/exchange_rates.csv)
1982-04,铜,copper,1521.7,美元/吨,2.375,3614.04,元/吨,本地 CSV (data/exchange_rates.csv)
1982-05,铜,copper,1527.7,美元/吨,2.4,3666.48,元/吨,本地 CSV (data/exchange_rates.csv)
1982-06,铜,copper,1300.0,美元/吨,2.425,3152.5,元/吨,本地 CSV (data/exchange_rates.csv)
1982-07,铜,copper,1440.9,美元/吨,2.45,3530.21,元/吨,本地 CSV (data/exchange_rates.csv)
1982-08,铜,copper,1451.5,美元/吨,2.475,3592.46,元/吨,本地 CSV (data/exchange_rates.csv)
1982-09,铜,copper,1426.5,美元/吨,2.5,3566.25,元/吨,本地 CSV (data/exchange_rates.csv)
1982-10,铜,copper,1461.0,美元/吨,2.525,3689.03,元/吨,本地 CSV (data/exchange_rates.csv)
1982-11,铜,copper,1443.8,美元/吨,2.55,3681.69,元/吨,本地 CSV (data/exchange_rates.csv)
1982-12,铜,copper,1473.2,美元/吨,2.575,3793.49,元/吨,本地 CSV (data/exchange_rates.csv)
1983-01,铜,copper,1571.9,美元/吨,2.6,4086.94,元/吨,本地 CSV (data/exchange_rates.csv)
1983-02,铜,copper,1647.4,美元/吨,2.625,4324.43,元/吨,本地 CSV (data/exchange_rates.csv)
1983-03,铜,copper,1597.7,美元/吨,2.65,4233.9,元/吨,本地 CSV (data/exchange_rates.csv)
1983-04,铜,copper,1674.9,美元/吨,2.675,4480.36,元/吨,本地 CSV (data/exchange_rates.csv)
1983-05,铜,copper,1765.7,美元/吨,2.7,4767.39,元/吨,本地 CSV (data/exchange_rates.csv)
1983-06,铜,copper,1701.2,美元/吨,2.725,4635.77,元/吨,本地 CSV (data/exchange_rates.csv)
1983-07,铜,copper,1704.3,美元/吨,2.75,4686.82,元/吨,本地 CSV (data/exchange_rates.csv)
1983-08,铜,copper,1639.8,美元/吨,2.775,4550.44,元/吨,本地 CSV (data/exchange_rates.csv)
1983-09,铜,copper,1560.7,美元/吨,2.8,4369.96,元/吨,本地 CSV (data/exchange_rates.csv)
1983-10,铜,copper,1435.2,美元/吨,2.825,4054.44,元/吨,本地 CSV (data/exchange_rates.csv)
1983-11,铜,copper,1389.1,美元/吨,2.85,3958.93,元/吨,本地 CSV (data/exchange_rates.csv)
1983-12,铜,copper,1415.2,美元/吨,2.875,4068.7,元/吨,本地 CSV (data/exchange_rates.csv)
1984-01,铜,copper,1375.7,美元/吨,2.9,3989.53,元/吨,本地 CSV (data/exchange_rates.csv)
1984-02,铜,copper,1429.8,美元/吨,2.925,4182.16,元/吨,本地 CSV (data/exchange_rates.csv)
1984-03,铜,copper,1501.2,美元/吨,2.95,4428.54,元/吨,本地 CSV (data/exchange_rates.csv)
1984-04,铜,copper,1532.6,美元/吨,2.975,4559.48,元/吨,本地 CSV (data/exchange_rates.csv)
1984-05,铜,copper,1420.9,美元/吨,3.0,4262.7,元/吨,本地 CSV (data/exchange_rates.csv)
1984-06,铜,copper,1366.5,美元/吨,3.025,4133.66,元/吨,本地 CSV (data/exchange_rates.csv)
1984-07,铜,copper,1330.8,美元/吨,3.05,4058.94,元/吨,本地 CSV (data/exchange_rates.csv)
1984-08,铜,copper,1337.5,美元/吨,2.9366,3927.7,元/吨,本地 CSV (data/exchange_rates.csv)
1984-09,铜,copper,1293.6,美元/吨,2.9366,3798.79,元/吨,本地 CSV (data/exchange_rates.csv)
1984-10,铜,copper,1273.0,美元/吨,2.9366,3738.29,元/吨,本地 CSV (data/exchange_rates.csv)
1984-11,铜,copper,1345.1,美元/吨,2.9366,3950.02,元/吨,本地 CSV (data/exchange_rates.csv)
1984-12,铜,copper,1321.1,美元/吨,2.9366,3879.54,元/吨,本地 CSV (data/exchange_rates.csv)
1985-01,铜,copper,1359.1,美元/吨,2.9366,3991.13,元/吨,本地 CSV (data/exchange_rates.csv)
1985-02,铜,copper,1388.5,美元/吨,2.9366,4077.47,元/吨,本地 CSV (data/exchange_rates.csv)
1985-03,铜,copper,1389.9,美元/吨,2.9366,4081.58,元/吨,本地 CSV (data/exchange_rates.csv)
1985-04,铜,copper,1501.8,美元/吨,2.9366,4410.19,元/吨,本地 CSV (data/exchange_rates.csv)
1985-05,铜,copper,1530.6,美元/吨,2.9366,4494.76,元/吨,本地 CSV (data/exchange_rates.csv)
1985-06,铜,copper,1432.4,美元/吨,2.9366,4206.39,元/吨,本地 CSV (data/exchange_rates.csv)
1985-07,铜,copper,1474.6,美元/吨,2.9366,4330.31,元/吨,本地 CSV (data/exchange_rates.csv)
1985-08,铜,copper,1420.2,美元/吨,3.45,4899.69,元/吨,本地 CSV (data/exchange_rates.csv)
1985-09,铜,copper,1366.4,美元/吨,3.45,4714.08,元/吨,本地 CSV (data/exchange_rates.csv)
1985-10,铜,copper,1384.7,美元/吨,3.45,4777.22,元/吨,本地 CSV (data/exchange_rates.csv)
1985-11,铜,copper,1369.5,美元/吨,3.45,4724.78,元/吨,本地 CSV (data/exchange_rates.csv)
1985-12,铜,copper,1390.9,美元/吨,3.45,4798.61,元/吨,本地 CSV (data/exchange_rates.csv)
1986-01,铜,copper,1418.3,美元/吨,3.45,4893.14,元/吨,本地 CSV (data/exchange_rates.csv)
1986-02,铜,copper,1405.5,美元/吨,3.45,4848.98,元/吨,本地 CSV (data/exchange_rates.csv)
1986-03,铜,copper,1445.1,美元/吨,3.45,4985.6,元/吨,本地 CSV (data/exchange_rates.csv)
1986-04,铜,copper,1434.6,美元/吨,3.45,4949.37,元/吨,本地 CSV (data/exchange_rates.csv)
1986-05,铜,copper,1418.74,美元/吨,3.45,4894.65,元/吨,本地 CSV (data/exchange_rates.csv)
1986-06,铜,copper,1413.14,美元/吨,3.45,4875.33,元/吨,本地 CSV (data/exchange_rates.csv)
1986-07,铜,copper,1344.3,美元/吨,3.45,4637.84,元/吨,本地 CSV (data/exchange_rates.csv)
1986-08,铜,copper,1303.1,美元/吨,3.72,4847.53,元/吨,本地 CSV (data/exchange_rates.csv)
1986-09,铜,copper,1347.0,美元/吨,3.72,5010.84,元/吨,本地 CSV (data/exchange_rates.csv)
1986-10,铜,copper,1316.8,美元/吨,3.72,4898.5,元/吨,本地 CSV (data/exchange_rates.csv)
1986-11,铜,copper,1303.2,美元/吨,3.72,4847.9,元/吨,本地 CSV (data/exchange_rates.csv)
1986-12,铜,copper,1335.6,美元/吨,3.72,4968.43,元/吨,本地 CSV (data/exchange_rates.csv)
1987-01,铜,copper,1346.0,美元/吨,3.72,5007.12,元/吨,本地 CSV (data/exchange_rates.csv)
1987-02,铜,copper,1379.83,美元/吨,3.72,5132.97,元/吨,本地 CSV (data/exchange_rates.csv)
1987-03,铜,copper,1465.72,美元/吨,3.72,5452.48,元/吨,本地 CSV (data/exchange_rates.csv)
1987-04,铜,copper,1484.24,美元/吨,3.72,5521.37,元/吨,本地 CSV (data/exchange_rates.csv)
1987-05,铜,copper,1520.44,美元/吨,3.72,5656.04,元/吨,本地 CSV (data/exchange_rates.csv)
1987-06,铜,copper,1571.87,美元/吨,3.72,5847.36,元/吨,本地 CSV (data/exchange_rates.csv)
1987-07,铜,copper,1694.62,美元/吨,3.72,6303.99,元/吨,本地 CSV (data/exchange_rates.csv)
1987-08,铜,copper,1756.31,美元/吨,3.72,6533.47,元/吨,本地 CSV (data/exchange_rates.csv)
1987-09,铜,copper,1811.01,美元/吨,3.72,6736.96,元/吨,本地 CSV (data/exchange_rates.csv)
1987-10,铜,copper,1967.2,美元/吨,3.72,7317.98,元/吨,本地 CSV (data/exchange_rates.csv)
1987-11,铜,copper,2523.9,美元/吨,3.72,9388.91,元/吨,本地 CSV (data/exchange_rates.csv)
1987-12,铜,copper,2868.9,美元/吨,3.72,10672.31,元/吨,本地 CSV (data/exchange_rates.csv)
1988-01,铜,copper,2663.2,美元/吨,3.72,9907.1,元/吨,本地 CSV (data/exchange_rates.csv)
1988-02,铜,copper,2330.2,美元/吨,3.72,8668.34,元/吨,本地 CSV (data/exchange_rates.csv)
1988-03,铜,copper,2359.3,美元/吨,3.72,8776.6,元/吨,本地 CSV (data/exchange_rates.csv)
1988-04,铜,copper,2286.3,美元/吨,3.72,8505.04,元/吨,本地 CSV (data/exchange_rates.csv)
1988-05,铜,copper,2447.99,美元/吨,3.72,9106.52,元/吨,本地 CSV (data/exchange_rates.csv)
1988-06,铜,copper,2540.27,美元/吨,3.72,9449.8,元/吨,本地 CSV (data/exchange_rates.csv)
1988-07,铜,copper,2213.51,美元/吨,3.72,8234.26,元/吨,本地 CSV (data/exchange_rates.csv)
1988-08,铜,copper,2200.68,美元/吨,3.72,8186.53,元/吨,本地 CSV (data/exchange_rates.csv)
1988-09,铜,copper,2435.53,美元/吨,3.72,9060.17,元/吨,本地 CSV (data/exchange_rates.csv)
1988-10,铜,copper,2939.51,美元/吨,3.72,10934.98,元/吨,本地 CSV (data/exchange_rates.csv)
1988-11,铜,copper,3304.66,美元/吨,3.72,12293.34,元/吨,本地 CSV (data/exchange_rates.csv)
1988-12,铜,copper,3498.91,美元/吨,3.72,13015.95,元/吨,本地 CSV (data/exchange_rates.csv)
1989-01,铜,copper,3394.06,美元/吨,3.72,12625.9,元/吨,本地 CSV (data/exchange_rates.csv)
1989-02,铜,copper,3096.92,美元/吨,3.72,11520.54,元/吨,本地 CSV (data/exchange_rates.csv)
1989-03,铜,copper,3264.14,美元/吨,3.72,12142.6,元/吨,本地 CSV (data/exchange_rates.csv)
1989-04,铜,copper,3117.91,美元/吨,3.72,11598.63,元/吨,本地 CSV (data/exchange_rates.csv)
1989-05,铜,copper,2738.98,美元/吨,3.72,10189.01,元/吨,本地 CSV (data/exchange_rates.csv)
1989-06,铜,copper,2546.01,美元/吨,3.72,9471.16,元/吨,本地 CSV (data/exchange_rates.csv)
1989-07,铜,copper,2505.0,美元/吨,3.72,9318.6,元/吨,本地 CSV (data/exchange_rates.csv)
1989-08,铜,copper,2762.2,美元/吨,4.78,13203.32,元/吨,本地 CSV (data/exchange_rates.csv)
1989-09,铜,copper,2884.4,美元/吨,4.78,13787.43,元/吨,本地 CSV (data/exchange_rates.csv)
1989-10,铜,copper,2861.4,美元/吨,4.78,13677.49,元/吨,本地 CSV (data/exchange_rates.csv)
1989-11,铜,copper,2591.3,美元/吨,4.78,12386.41,元/吨,本地 CSV (data/exchange_rates.csv)
1989-12,铜,copper,2418.6,美元/吨,4.78,11560.91,元/吨,本地 CSV (data/exchange_rates.csv)
1990-01,铜,copper,2366.64,美元/吨,4.78,11312.54,元/吨,本地 CSV (data/exchange_rates.csv)
1990-02,铜,copper,2360.16,美元/吨,4.78,11281.56,元/吨,本地 CSV (data/exchange_rates.csv)
1990-03,铜,copper,2625.61,美元/吨,4.78,12550.42,元/吨,本地 CSV (data/exchange_rates.csv)
1990-04,铜,copper,2686.15,美元/吨,4.78,12839.8,元/吨,本地 CSV (data/exchange_rates.csv)
1990-05,铜,copper,2741.95,美元/吨,4.78,13106.52,元/吨,本地 CSV (data/exchange_rates.csv)
1990-06,铜,copper,2584.56,美元/吨,4.78,12354.2,元/吨,本地 CSV (data/exchange_rates.csv)
1990-07,铜,copper,2769.49,美元/吨,4.78,13238.16,元/吨,本地 CSV (data/exchange_rates.csv)
1990-08,铜,copper,2957.03,美元/吨,5.32,15731.4,元/吨,本地 CSV (data/exchange_rates.csv)
1990-09,铜,copper,3031.37,美元/吨,5.32,16126.89,元/吨,本地 CSV (data/exchange_rates.csv)
1990-10,铜,copper,2743.56,美元/吨,5.32,14595.74,元/吨,本地 CSV (data/exchange_rates.csv)
1990-11,铜,copper,2585.89,美元/吨,5.32,13756.93,元/吨,本地 CSV (data/exchange_rates.csv)
1990-12,铜,copper,2485.38,美元/吨,5.32,13222.22,元/吨,本地 CSV (data/exchange_rates.csv)
1991-01,铜,copper,2448.52,美元/吨,5.32,13026.13,元/吨,本地 CSV (data/exchange_rates.csv)
1991-02,铜,copper,2449.38,美元/吨,5.32,13030.7,元/吨,本地 CSV (data/exchange_rates.csv)
1991-03,铜,copper,2409.63,美元/吨,5.32,12819.23,元/吨,本地 CSV (data/exchange_rates.csv)
1991-04,铜,copper,2472.04,美元/吨,5.32,13151.25,元/吨,本地 CSV (data/exchange_rates.csv)
1991-05,铜,copper,2305.88,美元/吨,5.32,12267.28,元/吨,本地 CSV (data/exchange_rates.csv)
1991-06,铜,copper,2219.28,美元/吨,5.32,11806.57,元/吨,本地 CSV (data/exchange_rates.csv)
1991-07,铜,copper,2236.28,美元/吨,5.32,11897.01,元/吨,本地 CSV (data/exchange_rates.csv)
1991-08,铜,copper,2233.19,美元/吨,5.51,12304.88,元/吨,本地 CSV (data/exchange_rates.csv)
1991-09,铜,copper,2324.57,美元/吨,5.51,12808.38,元/吨,本地 CSV (data/exchange_rates.csv)
1991-10,铜,copper,2363.64,美元/吨,5.51,13023.66,元/吨,本地 CSV (data/exchange_rates.csv)
1991-11,铜,copper,2379.84,美元/吨,5.51,13112.92,元/吨,本地 CSV (data/exchange_rates.csv)
1991-12,铜,copper,2223.14,美元/吨,5.51,12249.5,元/吨,本地 CSV (data/exchange_rates.csv)
1992-01,铜,copper,2139.23,美元/吨,5.51,11787.16,元/吨,本地 CSV (data/exchange_rates.csv)
1992-02,铜,copper,2205.97,美元/吨,5.51,12154.89,元/吨,本地 CSV (data/exchange_rates.csv)
1992-03,铜,copper,2227.33,美元/吨,5.51,12272.59,元/吨,本地 CSV (data/exchange_rates.csv)
1992-04,铜,copper,2215.33,美元/吨,5.51,12206.47,元/吨,本地 CSV (data/exchange_rates.csv)
1992-05,铜,copper,2216.52,美元/吨,5.51,12213.03,元/吨,本地 CSV (data/exchange_rates.csv)
1992-06,铜,copper,2299.2,美元/吨,5.51,12668.59,元/吨,本地 CSV (data/exchange_rates.csv)
1992-07,铜,copper,2520.32,美元/吨,5.51,13886.96,元/吨,本地 CSV (data/exchange_rates.csv)
1992-08,铜,copper,2521.64,美元/吨,5.76,14524.65,元/吨,本地 CSV (data/exchange_rates.csv)
1992-09,铜,copper,2414.06,美元/吨,5.76,13904.99,元/吨,本地 CSV (data/exchange_rates.csv)
1992-10,铜,copper,2249.15,美元/吨,5.76,12955.1,元/吨,本地 CSV (data/exchange_rates.csv)
1992-11,铜,copper,2158.32,美元/吨,5.76,12431.92,元/吨,本地 CSV (data/exchange_rates.csv)
1992-12,铜,copper,2206.82,美元/吨,5.76,12711.28,元/吨,本地 CSV (data/exchange_rates.csv)
1993-01,铜,copper,2256.85,美元/吨,5.76,12999.46,元/吨,本地 CSV (data/exchange_rates.csv)
1993-02,铜,copper,2212.6,美元/吨,5.76,12744.58,元/吨,本地 CSV (data/exchange_rates.csv)
1993-03,铜,copper,2152.59,美元/吨,5.76,12398.92,元/吨,本地 CSV (data/exchange_rates.csv)
1993-04,铜,copper,1949.88,美元/吨,5.76,11231.31,元/吨,本地 CSV (data/exchange_rates.csv)
1993-05,铜,copper,1794.5,美元/吨,5.76,10336.32,元/吨,本地 CSV (data/exchange_rates.csv)
1993-06,铜,copper,1853.42,美元/吨,5.76,10675.7,元/吨,本地 CSV (data/exchange_rates.csv)
1993-07,铜,copper,1927.16,美元/吨,5.76,11100.44,元/吨,本地 CSV (data/exchange_rates.csv)
1993-08,铜,copper,1947.45,美元/吨,5.8,11295.21,元/吨,本地 CSV (data/exchange_rates.csv)
1993-09,铜,copper,1861.86,美元/吨,5.8,10798.79,元/吨,本地 CSV (data/exchange_rates.csv)
1993-10,铜,copper,1646.4,美元/吨,5.8,9549.12,元/吨,本地 CSV (data/exchange_rates.csv)
1993-11,铜,copper,1630.02,美元/吨,5.8,9454.12,元/吨,本地 CSV (data/exchange_rates.csv)
1993-12,铜,copper,1724.19,美元/吨,8.0417,13865.42,元/吨,本地 CSV (data/exchange_rates.csv)
1994-01,铜,copper,1805.35,美元/吨,8.05,14533.07,元/吨,本地 CSV (data/exchange_rates.csv)
1994-02,铜,copper,1866.4,美元/吨,8.0583,15040.01,元/吨,本地 CSV (data/exchange_rates.csv)
1994-03,铜,copper,1914.87,美元/吨,8.0667,15446.68,元/吨,本地 CSV (data/exchange_rates.csv)
1994-04,铜,copper,1881.82,美元/吨,8.075,15195.7,元/吨,本地 CSV (data/exchange_rates.csv)
1994-05,铜,copper,2150.6,美元/吨,8.0833,17383.94,元/吨,本地 CSV (data/exchange_rates.csv)
1994-06,铜,copper,2364.2,美元/吨,8.0917,19130.4,元/吨,本地 CSV (data/exchange_rates.csv)
1994-07,铜,copper,2458.19,美元/吨,8.1,19911.34,元/吨,本地 CSV (data/exchange_rates.csv)
1994-08,铜,copper,2406.23,美元/吨,8.1083,19510.43,元/吨,本地 CSV (data/exchange_rates.csv)
1994-09,铜,copper,2505.93,美元/吨,8.1167,20339.88,元/吨,本地 CSV (data/exchange_rates.csv)
1994-10,铜,copper,2547.67,美元/吨,8.125,20699.82,元/吨,本地 CSV (data/exchange_rates.csv)
1994-11,铜,copper,2802.45,美元/吨,8.1333,22793.17,元/吨,本地 CSV (data/exchange_rates.csv)
1994-12,铜,copper,2985.3,美元/吨,8.1417,24305.42,元/吨,本地 CSV (data/exchange_rates.csv)
1995-01,铜,copper,3008.93,美元/吨,8.15,24522.78,元/吨,本地 CSV (data/exchange_rates.csv)
1995-02,铜,copper,2877.65,美元/吨,8.1583,23476.73,元/吨,本地 CSV (data/exchange_rates.csv)
1995-03,铜,copper,2924.04,美元/吨,8.1667,23879.76,元/吨,本地 CSV (data/exchange_rates.csv)
1995-04,铜,copper,2903.5,美元/吨,8.175,23736.11,元/吨,本地 CSV (data/exchange_rates.csv)
1995-05,铜,copper,2773.31,美元/吨,8.1833,22694.83,元/吨,本地 CSV (data/exchange_rates.csv)
1995-06,铜,copper,2994.64,美元/吨,8.1917,24531.19,元/吨,本地 CSV (data/exchange_rates.csv)
1995-07,铜,copper,3075.67,美元/吨,8.2,25220.49,元/吨,本地 CSV (data/exchange_rates.csv)
1995-08,铜,copper,3036.84,美元/吨,8.2083,24927.29,元/吨,本地 CSV (data/exchange_rates.csv)
1995-09,铜,copper,2915.52,美元/吨,8.2167,23955.95,元/吨,本地 CSV (data/exchange_rates.csv)
1995-10,铜,copper,2813.55,美元/吨,8.225,23141.45,元/吨,本地 CSV (data/exchange_rates.csv)
1995-11,铜,copper,2977.36,美元/吨,8.2333,24513.5,元/吨,本地 CSV (data/exchange_rates.csv)
1995-12,铜,copper,2926.26,美元/吨,8.2417,24117.36,元/吨,本地 CSV (data/exchange_rates.csv)
1996-01,铜,copper,2616.41,美元/吨,8.25,21585.38,元/吨,本地 CSV (data/exchange_rates.csv)
1996-02,铜,copper,2537.71,美元/吨,8.2583,20957.17,元/吨,本地 CSV (data/exchange_rates.csv)
1996-03,铜,copper,2561.02,美元/吨,8.2667,21171.18,元/吨,本地 CSV (data/exchange_rates.csv)
1996-04,铜,copper,2595.78,美元/吨,8.275,21480.08,元/吨,本地 CSV (data/exchange_rates.csv)
1996-05,铜,copper,2658.26,美元/吨,8.2833,22019.17,元/吨,本地 CSV (data/exchange_rates.csv)
1996-06,铜,copper,2173.4,美元/吨,8.2917,18021.18,元/吨,本地 CSV (data/exchange_rates.csv)
1996-07,铜,copper,1985.57,美元/吨,8.3,16480.23,元/吨,本地 CSV (data/exchange_rates.csv)
1996-08,铜,copper,2008.57,美元/吨,8.3083,16687.8,元/吨,本地 CSV (data/exchange_rates.csv)
1996-09,铜,copper,1941.45,美元/吨,8.3167,16146.46,元/吨,本地 CSV (data/exchange_rates.csv)
1996-10,铜,copper,1961.17,美元/吨,8.325,16326.74,元/吨,本地 CSV (data/exchange_rates.csv)
1996-11,铜,copper,2230.86,美元/吨,8.3333,18590.43,元/吨,本地 CSV (data/exchange_rates.csv)
1996-12,铜,copper,2268.08,美元/吨,8.3417,18919.64,元/吨,本地 CSV (data/exchange_rates.csv)
1997-01,铜,copper,2434.93,美元/吨,8.277,20153.92,元/吨,本地 CSV (data/exchange_rates.csv)
1997-02,铜,copper,2405.85,美元/吨,8.277,19913.22,元/吨,本地 CSV (data/exchange_rates.csv)
1997-03,铜,copper,2421.29,美元/吨,8.277,20041.02,元/吨,本地 CSV (data/exchange_rates.csv)
1997-04,铜,copper,2391.18,美元/吨,8.277,19791.8,元/吨,本地 CSV (data/exchange_rates.csv)
1997-05,铜,copper,2514.33,美元/吨,8.277,20811.11,元/吨,本地 CSV (data/exchange_rates.csv)
1997-06,铜,copper,2612.62,美元/吨,8.277,21624.66,元/吨,本地 CSV (data/exchange_rates.csv)
1997-07,铜,copper,2450.46,美元/吨,8.277,20282.46,元/吨,本地 CSV (data/exchange_rates.csv)
1997-08,铜,copper,2251.2,美元/吨,8.277,18633.18,元/吨,本地 CSV (data/exchange_rates.csv)
1997-09,铜,copper,2107.3,美元/吨,8.277,17442.12,元/吨,本地 CSV (data/exchange_rates.csv)
1997-10,铜,copper,2052.26,美元/吨,8.277,16986.56,元/吨,本地 CSV (data/exchange_rates.csv)
1997-11,铜,copper,1917.45,美元/吨,8.277,15870.73,元/吨,本地 CSV (data/exchange_rates.csv)
1997-12,铜,copper,1762.33,美元/吨,8.277,14586.81,元/吨,本地 CSV (data/exchange_rates.csv)
1998-01,铜,copper,1688.45,美元/吨,8.277,13975.3,元/吨,本地 CSV (data/exchange_rates.csv)
1998-02,铜,copper,1664.8,美元/吨,8.277,13779.55,元/吨,本地 CSV (data/exchange_rates.csv)
1998-03,铜,copper,1747.98,美元/吨,8.277,14468.03,元/吨,本地 CSV (data/exchange_rates.csv)
1998-04,铜,copper,1800.9,美元/吨,8.277,14906.05,元/吨,本地 CSV (data/exchange_rates.csv)
1998-05,铜,copper,1732.53,美元/吨,8.277,14340.15,元/吨,本地 CSV (data/exchange_rates.csv)
1998-06,铜,copper,1660.52,美元/吨,8.277,13744.12,元/吨,本地 CSV (data/exchange_rates.csv)
1998-07,铜,copper,1651.04,美元/吨,8.277,13665.66,元/吨,本地 CSV (data/exchange_rates.csv)
1998-08,铜,copper,1620.93,美元/吨,8.277,13416.44,元/吨,本地 CSV (data/exchange_rates.csv)
1998-09,铜,copper,1647.64,美元/吨,8.277,13637.52,元/吨,本地 CSV (data/exchange_rates.csv)
1998-10,铜,copper,1586.39,美元/吨,8.277,13130.55,元/吨,本地 CSV (data/exchange_rates.csv)
1998-11,铜,copper,1573.95,美元/吨,8.277,13027.58,元/吨,本地 CSV (data/exchange_rates.csv)
1998-12,铜,copper,1473.57,美元/吨,8.277,12196.74,元/吨,本地 CSV (data/exchange_rates.csv)
1999-01,铜,copper,1431.18,美元/吨,8.277,11845.88,元/吨,本地 CSV (data/exchange_rates.csv)
1999-02,铜,copper,1410.78,美元/吨,8.277,11677.03,元/吨,本地 CSV (data/exchange_rates.csv)
1999-03,铜,copper,1378.35,美元/吨,8.277,11408.6,元/吨,本地 CSV (data/exchange_rates.csv)
1999-04,铜,copper,1466.0,美元/吨,8.277,12134.08,元/吨,本地 CSV (data/exchange_rates.csv)
1999-05,铜,copper,1511.16,美元/吨,8.277,12507.87,元/吨,本地 CSV (data/exchange_rates.csv)
1999-06,铜,copper,1422.48,美元/吨,8.277,11773.87,元/吨,本地 CSV (data/exchange_rates.csv)
1999-07,铜,copper,1640.0,美元/吨,8.277,13574.28,元/吨,本地 CSV (data/exchange_rates.csv)
1999-08,铜,copper,1647.62,美元/吨,8.277,13637.35,元/吨,本地 CSV (data/exchange_rates.csv)
1999-09,铜,copper,1750.34,美元/吨,8.277,14487.56,元/吨,本地 CSV (data/exchange_rates.csv)
1999-10,铜,copper,1724.12,美元/吨,8.277,14270.54,元/吨,本地 CSV (data/exchange_rates.csv)
1999-11,铜,copper,1727.55,美元/吨,8.277,14298.93,元/吨,本地 CSV (data/exchange_rates.csv)
1999-12,铜,copper,1764.75,美元/吨,8.277,14606.84,元/吨,本地 CSV (data/exchange_rates.csv)
2000-01,铜,copper,1843.98,美元/吨,8.277,15262.62,元/吨,本地 CSV (data/exchange_rates.csv)
2000-02,铜,copper,1800.83,美元/吨,8.277,14905.47,元/吨,本地 CSV (data/exchange_rates.csv)
2000-03,铜,copper,1739.39,美元/吨,8.277,14396.93,元/吨,本地 CSV (data/exchange_rates.csv)
2000-04,铜,copper,1678.75,美元/吨,8.277,13895.01,元/吨,本地 CSV (data/exchange_rates.csv)
2000-05,铜,copper,1785.62,美元/吨,8.277,14779.58,元/吨,本地 CSV (data/exchange_rates.csv)
2000-06,铜,copper,1753.18,美元/吨,8.277,14511.07,元/吨,本地 CSV (data/exchange_rates.csv)
2000-07,铜,copper,1799.36,美元/吨,8.277,14893.3,元/吨,本地 CSV (data/exchange_rates.csv)
2000-08,铜,copper,1855.86,美元/吨,8.277,15360.95,元/吨,本地 CSV (data/exchange_rates.csv)
2000-09,铜,copper,1960.41,美元/吨,8.277,16226.31,元/吨,本地 CSV (data/exchange_rates.csv)
2000-10,铜,copper,1898.59,美元/吨,8.277,15714.63,元/吨,本地 CSV (data/exchange_rates.csv)
2000-11,铜,copper,1795.11,美元/吨,8.277,14858.13,元/吨,本地 CSV (data/exchange_rates.csv)
2000-12,铜,copper,1850.55,美元/吨,8.277,15317.0,元/吨,本地 CSV (data/exchange_rates.csv)
2001-01,铜,copper,1787.5,美元/吨,8.277,14795.14,元/吨,本地 CSV (data/exchange_rates.csv)
2001-02,铜,copper,1765.65,美元/吨,8.277,14614.29,元/吨,本地 CSV (data/exchange_rates.csv)
2001-03,铜,copper,1738.77,美元/吨,8.277,14391.8,元/吨,本地 CSV (data/exchange_rates.csv)
2001-04,铜,copper,1664.16,美元/吨,8.277,13774.25,元/吨,本地 CSV (data/exchange_rates.csv)
2001-05,铜,copper,1682.21,美元/吨,8.277,13923.65,元/吨,本地 CSV (data/exchange_rates.csv)
2001-06,铜,copper,1608.45,美元/吨,8.277,13313.14,元/吨,本地 CSV (data/exchange_rates.csv)
2001-07,铜,copper,1525.21,美元/吨,8.277,12624.16,元/吨,本地 CSV (data/exchange_rates.csv)
2001-08,铜,copper,1464.43,美元/吨,8.277,12121.09,元/吨,本地 CSV (data/exchange_rates.csv)
2001-09,铜,copper,1426.33,美元/吨,8.277,11805.73,元/吨,本地 CSV (data/exchange_rates.csv)
2001-10,铜,copper,1377.28,美元/吨,8.277,11399.75,元/吨,本地 CSV (data/exchange_rates.csv)
2001-11,铜,copper,1427.73,美元/吨,8.277,11817.32,元/吨,本地 CSV (data/exchange_rates.csv)
2001-12,铜,copper,1471.74,美元/吨,8.277,12181.59,元/吨,本地 CSV (data/exchange_rates.csv)
2002-01,铜,copper,1503.96,美元/吨,8.277,12448.28,元/吨,本地 CSV (data/exchange_rates.csv)
2002-02,铜,copper,1561.9,美元/吨,8.277,12927.85,元/吨,本地 CSV (data/exchange_rates.csv)
2002-03,铜,copper,1604.88,美元/吨,8.277,13283.59,元/吨,本地 CSV (data/exchange_rates.csv)
2002-04,铜,copper,1590.33,美元/吨,8.277,13163.16,元/吨,本地 CSV (data/exchange_rates.csv)
2002-05,铜,copper,1595.68,美元/吨,8.277,13207.44,元/吨,本地 CSV (data/exchange_rates.csv)
2002-06,铜,copper,1647.53,美元/吨,8.277,13636.61,元/吨,本地 CSV (data/exchange_rates.csv)
2002-07,铜,copper,1589.46,美元/吨,8.277,13155.96,元/吨,本地 CSV (data/exchange_rates.csv)
2002-08,铜,copper,1479.55,美元/吨,8.277,12246.24,元/吨,本地 CSV (data/exchange_rates.csv)
2002-09,铜,copper,1478.71,美元/吨,8.277,12239.28,元/吨,本地 CSV (data/exchange_rates.csv)
2002-10,铜,copper,1483.76,美元/吨,8.277,12281.08,元/吨,本地 CSV (data/exchange_rates.csv)
2002-11,铜,copper,1582.29,美元/吨,8.277,13096.61,元/吨,本地 CSV (data/exchange_rates.csv)
2002-12,铜,copper,1595.68,美元/吨,8.277,13207.44,元/吨,本地 CSV (data/exchange_rates.csv)
2003-01,铜,copper,1647.66,美元/吨,8.277,13637.68,元/吨,本地 CSV (data/exchange_rates.csv)
2003-02,铜,copper,1683.8,美元/吨,8.277,13936.81,元/吨,本地 CSV (data/exchange_rates.csv)
2003-03,铜,copper,1658.98,美元/吨,8.277,13731.38,元/吨,本地 CSV (data/exchange_rates.csv)
2003-04,铜,copper,1587.48,美元/吨,8.277,13139.57,元/吨,本地 CSV (data/exchange_rates.csv)
2003-05,铜,copper,1648.28,美元/吨,8.277,13642.81,元/吨,本地 CSV (data/exchange_rates.csv)
2003-06,铜,copper,1686.5,美元/吨,8.277,13959.16,元/吨,本地 CSV (data/exchange_rates.csv)
2003-07,铜,copper,1710.0,美元/吨,8.277,14153.67,元/吨,本地 CSV (data/exchange_rates.csv)
2003-08,铜,copper,1760.28,美元/吨,8.277,14569.84,元/吨,本地 CSV (data/exchange_rates.csv)
2003-09,铜,copper,1789.52,美元/吨,8.277,14811.86,元/吨,本地 CSV (data/exchange_rates.csv)
2003-10,铜,copper,1920.54,美元/吨,8.277,15896.31,元/吨,本地 CSV (data/exchange_rates.csv)
2003-11,铜,copper,2055.43,美元/吨,8.277,17012.79,元/吨,本地 CSV (data/exchange_rates.csv)
2003-12,铜,copper,2201.29,美元/吨,8.277,18220.08,元/吨,本地 CSV (data/exchange_rates.csv)
2004-01,铜,copper,2423.57,美元/吨,8.277,20059.89,元/吨,本地 CSV (data/exchange_rates.csv)
2004-02,铜,copper,2759.53,美元/吨,8.277,22840.63,元/吨,本地 CSV (data/exchange_rates.csv)
2004-03,铜,copper,3008.72,美元/吨,8.277,24903.18,元/吨,本地 CSV (data/exchange_rates.csv)
2004-04,铜,copper,2948.73,美元/吨,8.277,24406.64,元/吨,本地 CSV (data/exchange_rates.csv)
2004-05,铜,copper,2733.5,美元/吨,8.277,22625.18,元/吨,本地 CSV (data/exchange_rates.csv)
2004-06,铜,copper,2686.71,美元/吨,8.277,22237.9,元/吨,本地 CSV (data/exchange_rates.csv)
2004-07,铜,copper,2808.43,美元/吨,8.277,23245.38,元/吨,本地 CSV (data/exchange_rates.csv)
2004-08,铜,copper,2846.1,美元/吨,8.277,23557.17,元/吨,本地 CSV (data/exchange_rates.csv)
2004-09,铜,copper,2894.86,美元/吨,8.277,23960.76,元/吨,本地 CSV (data/exchange_rates.csv)
2004-10,铜,copper,3012.24,美元/吨,8.277,24932.31,元/吨,本地 CSV (data/exchange_rates.csv)
2004-11,铜,copper,3122.8,美元/吨,8.277,25847.42,元/吨,本地 CSV (data/exchange_rates.csv)
2004-12,铜,copper,3145.45,美元/吨,8.277,26034.89,元/吨,本地 CSV (data/exchange_rates.csv)
2005-01,铜,copper,3170.0,美元/吨,8.277,26238.09,元/吨,本地 CSV (data/exchange_rates.csv)
2005-02,铜,copper,3253.7,美元/吨,8.277,26930.87,元/吨,本地 CSV (data/exchange_rates.csv)
2005-03,铜,copper,3379.49,美元/吨,8.277,27972.04,元/吨,本地 CSV (data/exchange_rates.csv)
2005-04,铜,copper,3394.48,美元/吨,8.277,28096.11,元/吨,本地 CSV (data/exchange_rates.csv)
2005-05,铜,copper,3249.1,美元/吨,8.277,26892.8,元/吨,本地 CSV (data/exchange_rates.csv)
2005-06,铜,copper,3524.07,美元/吨,8.277,29168.73,元/吨,本地 CSV (data/exchange_rates.csv)
2005-07,铜,copper,3614.21,美元/吨,8.277,29914.82,元/吨,本地 CSV (data/exchange_rates.csv)
2005-08,铜,copper,3797.75,美元/吨,8.2628,31380.05,元/吨,本地 CSV (data/exchange_rates.csv)
2005-09,铜,copper,3857.84,美元/吨,8.2457,31810.59,元/吨,本地 CSV (data/exchange_rates.csv)
2005-10,铜,copper,4059.76,美元/吨,8.2285,33405.74,元/吨,本地 CSV (data/exchange_rates.csv)
2005-11,铜,copper,4269.34,美元/吨,8.2113,35056.83,元/吨,本地 CSV (data/exchange_rates.csv)
2005-12,铜,copper,4576.78,美元/吨,8.1942,37503.05,元/吨,本地 CSV (data/exchange_rates.csv)
2006-01,铜,copper,4734.33,美元/吨,8.177,38712.62,元/吨,本地 CSV (data/exchange_rates.csv)
2006-02,铜,copper,4982.4,美元/吨,8.1598,40655.39,元/吨,本地 CSV (data/exchange_rates.csv)
2006-03,铜,copper,5102.85,美元/吨,8.1427,41550.98,元/吨,本地 CSV (data/exchange_rates.csv)
2006-04,铜,copper,6387.78,美元/吨,8.1255,51903.91,元/吨,本地 CSV (data/exchange_rates.csv)
2006-05,铜,copper,8045.86,美元/吨,8.1083,65238.25,元/吨,本地 CSV (data/exchange_rates.csv)
2006-06,铜,copper,7197.61,美元/吨,8.0912,58237.3,元/吨,本地 CSV (data/exchange_rates.csv)
2006-07,铜,copper,7712.1,美元/吨,8.074,62267.5,元/吨,本地 CSV (data/exchange_rates.csv)
2006-08,铜,copper,7695.66,美元/吨,8.0568,62002.39,元/吨,本地 CSV (data/exchange_rates.csv)
2006-09,铜,copper,7602.36,美元/吨,8.0397,61120.69,元/吨,本地 CSV (data/exchange_rates.csv)
2006-10,铜,copper,7500.39,美元/吨,8.0225,60171.88,元/吨,本地 CSV (data/exchange_rates.csv)
2006-11,铜,copper,7029.18,美元/吨,8.0053,56270.69,元/吨,本地 CSV (data/exchange_rates.csv)
2006-12,铜,copper,6675.11,美元/吨,7.9882,53322.11,元/吨,本地 CSV (data/exchange_rates.csv)
2007-01,铜,copper,5669.66,美元/吨,7.971,45192.86,元/吨,本地 CSV (data/exchange_rates.csv)
2007-02,铜,copper,5676.45,美元/吨,7.9538,45149.35,元/吨,本地 CSV (data/exchange_rates.csv)
2007-03,铜,copper,6452.48,美元/吨,7.9367,51211.4,元/吨,本地 CSV (data/exchange_rates.csv)
2007-04,铜,copper,7766.47,美元/吨,7.9195,61506.56,元/吨,本地 CSV (data/exchange_rates.csv)
2007-05,铜,copper,7681.42,美元/吨,7.9023,60700.89,元/吨,本地 CSV (data/exchange_rates.csv)
2007-06,铜,copper,7474.38,美元/吨,7.8852,58936.98,元/吨,本地 CSV (data/exchange_rates.csv)
2007-07,铜,copper,7972.57,美元/吨,7.868,62728.18,元/吨,本地 CSV (data/exchange_rates.csv)
2007-08,铜,copper,7513.5,美元/吨,7.8508,58986.99,元/吨,本地 CSV (data/exchange_rates.csv)
2007-09,铜,copper,7648.98,美元/吨,7.8337,59919.81,元/吨,本地 CSV (data/exchange_rates.csv)
2007-10,铜,copper,8008.44,美元/吨,7.8165,62597.97,元/吨,本地 CSV (data/exchange_rates.csv)
2007-11,铜,copper,6966.71,美元/吨,7.7993,54335.46,元/吨,本地 CSV (data/exchange_rates.csv)
2007-12,铜,copper,6587.67,美元/吨,7.7822,51266.57,元/吨,本地 CSV (data/exchange_rates.csv)
2008-01,铜,copper,7061.02,美元/吨,7.765,54828.82,元/吨,本地 CSV (data/exchange_rates.csv)
2008-02,铜,copper,7887.69,美元/吨,7.7478,61112.24,元/吨,本地 CSV (data/exchange_rates.csv)
2008-03,铜,copper,8439.29,美元/吨,7.7307,65241.62,元/吨,本地 CSV (data/exchange_rates.csv)
2008-04,铜,copper,8684.93,美元/吨,7.7135,66991.21,元/吨,本地 CSV (data/exchange_rates.csv)
2008-05,铜,copper,8382.75,美元/吨,7.6963,64516.16,元/吨,本地 CSV (data/exchange_rates.csv)
2008-06,铜,copper,8260.6,美元/吨,7.6792,63434.8,元/吨,本地 CSV (data/exchange_rates.csv)
2008-07,铜,copper,8414.04,美元/吨,7.662,64468.37,元/吨,本地 CSV (data/exchange_rates.csv)
2008-08,铜,copper,7634.7,美元/吨,7.6448,58365.75,元/吨,本地 CSV (data/exchange_rates.csv)
2008-09,铜,copper,6990.86,美元/吨,7.6277,53324.18,元/吨,本地 CSV (data/exchange_rates.csv)
2008-10,铜,copper,4925.7,美元/吨,7.6105,37487.04,元/吨,本地 CSV (data/exchange_rates.csv)
2008-11,铜,copper,3717.0,美元/吨,7.5933,28224.3,元/吨,本地 CSV (data/exchange_rates.csv)
2008-12,铜,copper,3071.98,美元/吨,7.5762,23273.93,元/吨,本地 CSV (data/exchange_rates.csv)
2009-01,铜,copper,3220.69,美元/吨,7.559,24345.2,元/吨,本地 CSV (data/exchange_rates.csv)
2009-02,铜,copper,3314.73,美元/吨,7.5418,24999.03,元/吨,本地 CSV (data/exchange_rates.csv)
2009-03,铜,copper,3749.75,美元/吨,7.5247,28215.74,元/吨,本地 CSV (data/exchange_rates.csv)
2009-04,铜,copper,4406.55,美元/吨,7.5075,33082.17,元/吨,本地 CSV (data/exchange_rates.csv)
2009-05,铜,copper,4568.63,美元/吨,7.4903,34220.41,元/吨,本地 CSV (data/exchange_rates.csv)
2009-06,铜,copper,5013.96,美元/吨,7.4732,37470.33,元/吨,本地 CSV (data/exchange_rates.csv)
2009-07,铜,copper,5215.54,美元/吨,7.456,38887.07,元/吨,本地 CSV (data/exchange_rates.csv)
2009-08,铜,copper,6165.3,美元/吨,7.4388,45862.43,元/吨,本地 CSV (data/exchange_rates.csv)
2009-09,铜,copper,6196.43,美元/吨,7.4217,45988.04,元/吨,本地 CSV (data/exchange_rates.csv)
2009-10,铜,copper,6287.98,美元/吨,7.4045,46559.35,元/吨,本地 CSV (data/exchange_rates.csv)
2009-11,铜,copper,6675.6,美元/吨,7.3873,49314.66,元/吨,本地 CSV (data/exchange_rates.csv)
2009-12,铜,copper,6981.71,美元/吨,7.3702,51456.6,元/吨,本地 CSV (data/exchange_rates.csv)
2010-01,铜,copper,7386.25,美元/吨,7.353,54311.1,元/吨,本地 CSV (data/exchange_rates.csv)
2010-02,铜,copper,6848.18,美元/吨,7.3358,50236.88,元/吨,本地 CSV (data/exchange_rates.csv)
2010-03,铜,copper,7462.83,美元/吨,7.3187,54618.21,元/吨,本地 CSV (data/exchange_rates.csv)
2010-04,铜,copper,7745.08,美元/吨,7.3015,56550.7,元/吨,本地 CSV (data/exchange_rates.csv)
2010-05,铜,copper,6837.68,美元/吨,7.2843,49807.71,元/吨,本地 CSV (data/exchange_rates.csv)
2010-06,铜,copper,6499.3,美元/吨,7.2672,47231.71,元/吨,本地 CSV (data/exchange_rates.csv)
2010-07,铜,copper,6735.25,美元/吨,7.25,48830.56,元/吨,本地 CSV (data/exchange_rates.csv)
2010-08,铜,copper,7283.95,美元/吨,7.2328,52683.35,元/吨,本地 CSV (data/exchange_rates.csv)
2010-09,铜,copper,7709.3,美元/吨,7.2157,55628.0,元/吨,本地 CSV (data/exchange_rates.csv)
2010-10,铜,copper,8292.41,美元/吨,7.1985,59692.91,元/吨,本地 CSV (data/exchange_rates.csv)
2010-11,铜,copper,8469.89,美元/吨,7.1813,60824.82,元/吨,本地 CSV (data/exchange_rates.csv)
2010-12,铜,copper,9147.26,美元/吨,7.1642,65532.8,元/吨,本地 CSV (data/exchange_rates.csv)
2011-01,铜,copper,9555.7,美元/吨,7.147,68294.59,元/吨,本地 CSV (data/exchange_rates.csv)
2011-02,铜,copper,9867.6,美元/吨,7.1298,70354.01,元/吨,本地 CSV (data/exchange_rates.csv)
2011-03,铜,copper,9503.36,美元/吨,7.1127,67594.55,元/吨,本地 CSV (data/exchange_rates.csv)
2011-04,铜,copper,9492.79,美元/吨,7.0955,67356.09,元/吨,本地 CSV (data/exchange_rates.csv)
2011-05,铜,copper,8959.9,美元/吨,7.0783,63420.86,元/吨,本地 CSV (data/exchange_rates.csv)
2011-06,铜,copper,9066.85,美元/吨,7.0612,64022.84,元/吨,本地 CSV (data/exchange_rates.csv)
2011-07,铜,copper,9650.46,美元/吨,7.044,67977.84,元/吨,本地 CSV (data/exchange_rates.csv)
2011-08,铜,copper,9000.76,美元/吨,7.0268,63246.54,元/吨,本地 CSV (data/exchange_rates.csv)
2011-09,铜,copper,8300.14,美元/吨,7.0097,58181.49,元/吨,本地 CSV (data/exchange_rates.csv)
2011-10,铜,copper,7394.19,美元/吨,6.9925,51703.87,元/吨,本地 CSV (data/exchange_rates.csv)
2011-11,铜,copper,7581.02,美元/吨,6.9753,52879.89,元/吨,本地 CSV (data/exchange_rates.csv)
2011-12,铜,copper,7565.48,美元/吨,6.9582,52642.12,元/吨,本地 CSV (data/exchange_rates.csv)
2012-01,铜,copper,8040.47,美元/吨,6.941,55808.9,元/吨,本地 CSV (data/exchange_rates.csv)
2012-02,铜,copper,8441.49,美元/吨,6.9238,58447.19,元/吨,本地 CSV (data/exchange_rates.csv)
2012-03,铜,copper,8470.78,美元/吨,6.9067,58505.14,元/吨,本地 CSV (data/exchange_rates.csv)
2012-04,铜,copper,8289.48,美元/吨,6.8895,57110.37,元/吨,本地 CSV (data/exchange_rates.csv)
2012-05,铜,copper,7955.64,美元/吨,6.8723,54673.54,元/吨,本地 CSV (data/exchange_rates.csv)
2012-06,铜,copper,7423.02,美元/吨,6.8552,50886.29,元/吨,本地 CSV (data/exchange_rates.csv)
2012-07,铜,copper,7584.26,美元/吨,6.838,51861.17,元/吨,本地 CSV (data/exchange_rates.csv)
2012-08,铜,copper,7515.53,美元/吨,6.8208,51261.93,元/吨,本地 CSV (data/exchange_rates.csv)
2012-09,铜,copper,8087.74,美元/吨,6.8037,55026.56,元/吨,本地 CSV (data/exchange_rates.csv)
2012-10,铜,copper,8062.03,美元/吨,6.7865,54712.97,元/吨,本地 CSV (data/exchange_rates.csv)
2012-11,铜,copper,7711.23,美元/吨,6.7693,52199.63,元/吨,本地 CSV (data/exchange_rates.csv)
2012-12,铜,copper,7966.49,美元/吨,6.7522,53791.33,元/吨,本地 CSV (data/exchange_rates.csv)
2013-01,铜,copper,8047.36,美元/吨,6.735,54198.97,元/吨,本地 CSV (data/exchange_rates.csv)
2013-02,铜,copper,8060.93,美元/吨,6.7178,54151.72,元/吨,本地 CSV (data/exchange_rates.csv)
2013-03,铜,copper,7645.58,美元/吨,6.7007,51230.74,元/吨,本地 CSV (data/exchange_rates.csv)
2013-04,铜,copper,7234.28,美元/吨,6.6835,48350.31,元/吨,本地 CSV (data/exchange_rates.csv)
2013-05,铜,copper,7249.41,美元/吨,6.6663,48326.74,元/吨,本地 CSV (data/exchange_rates.csv)
2013-06,铜,copper,7000.24,美元/吨,6.6492,46546.0,元/吨,本地 CSV (data/exchange_rates.csv)
2013-07,铜,copper,6906.64,美元/吨,6.632,45804.84,元/吨,本地 CSV (data/exchange_rates.csv)
2013-08,铜,copper,7192.92,美元/吨,6.6148,47579.73,元/吨,本地 CSV (data/exchange_rates.csv)
2013-09,铜,copper,7159.27,美元/吨,6.5977,47234.72,元/吨,本地 CSV (data/exchange_rates.csv)
2013-10,铜,copper,7203.02,美元/吨,6.5805,47399.47,元/吨,本地 CSV (data/exchange_rates.csv)
2013-11,铜,copper,7070.65,美元/吨,6.5633,46406.8,元/吨,本地 CSV (data/exchange_rates.csv)
2013-12,铜,copper,7214.9,美元/吨,6.5462,47230.18,元/吨,本地 CSV (data/exchange_rates.csv)
2014-01,铜,copper,7291.47,美元/吨,6.529,47606.01,元/吨,本地 CSV (data/exchange_rates.csv)
2014-02,铜,copper,7149.21,美元/吨,6.5118,46554.23,元/吨,本地 CSV (data/exchange_rates.csv)
2014-03,铜,copper,6650.04,美元/吨,6.4947,43190.01,元/吨,本地 CSV (data/exchange_rates.csv)
2014-04,铜,copper,6673.56,美元/吨,6.4775,43227.98,元/吨,本地 CSV (data/exchange_rates.csv)
2014-05,铜,copper,6891.13,美元/吨,6.4603,44518.77,元/吨,本地 CSV (data/exchange_rates.csv)
2014-06,铜,copper,6821.14,美元/吨,6.4432,43949.97,元/吨,本地 CSV (data/exchange_rates.csv)
2014-07,铜,copper,7113.38,美元/吨,6.426,45710.58,元/吨,本地 CSV (data/exchange_rates.csv)
2014-08,铜,copper,7001.84,美元/吨,6.4088,44873.39,元/吨,本地 CSV (data/exchange_rates.csv)
2014-09,铜,copper,6872.22,美元/吨,6.3917,43925.17,元/吨,本地 CSV (data/exchange_rates.csv)
2014-10,铜,copper,6737.48,美元/吨,6.3745,42948.07,元/吨,本地 CSV (data/exchange_rates.csv)
2014-11,铜,copper,6712.85,美元/吨,6.3573,42675.6,元/吨,本地 CSV (data/exchange_rates.csv)
2014-12,铜,copper,6446.45,美元/吨,6.3402,40871.78,元/吨,本地 CSV (data/exchange_rates.csv)
2015-01,铜,copper,5830.54,美元/吨,6.323,36866.5,元/吨,本地 CSV (data/exchange_rates.csv)
2015-02,铜,copper,5729.27,美元/吨,6.3058,36127.63,元/吨,本地 CSV (data/exchange_rates.csv)
2015-03,铜,copper,5939.67,美元/吨,6.2887,37352.8,元/吨,本地 CSV (data/exchange_rates.csv)
2015-04,铜,copper,6042.09,美元/吨,6.2715,37892.97,元/吨,本地 CSV (data/exchange_rates.csv)
2015-05,铜,copper,6294.78,美元/吨,6.2543,39369.44,元/吨,本地 CSV (data/exchange_rates.csv)
2015-06,铜,copper,5833.01,美元/吨,6.2372,36381.65,元/吨,本地 CSV (data/exchange_rates.csv)
2015-07,铜,copper,5456.75,美元/吨,6.22,33940.99,元/吨,本地 CSV (data/exchange_rates.csv)
2015-08,铜,copper,5127.3,美元/吨,6.64,34045.27,元/吨,本地 CSV (data/exchange_rates.csv)
2015-09,铜,copper,5217.25,美元/吨,6.64,34642.54,元/吨,本地 CSV (data/exchange_rates.csv)
2015-10,铜,copper,5216.09,美元/吨,6.64,34634.84,元/吨,本地 CSV (data/exchange_rates.csv)
2015-11,铜,copper,4799.9,美元/吨,6.64,31871.34,元/吨,本地 CSV (data/exchange_rates.csv)
2015-12,铜,copper,4638.83,美元/吨,6.64,30801.83,元/吨,本地 CSV (data/exchange_rates.csv)
2016-01,铜,copper,4471.79,美元/吨,6.64,29692.69,元/吨,本地 CSV (data/exchange_rates.csv)
2016-02,铜,copper,4598.62,美元/吨,6.64,30534.84,元/吨,本地 CSV (data/exchange_rates.csv)
2016-03,铜,copper,4953.8,美元/吨,6.64,32893.23,元/吨,本地 CSV (data/exchange_rates.csv)
2016-04,铜,copper,4872.74,美元/吨,6.64,32354.99,元/吨,本地 CSV (data/exchange_rates.csv)
2016-05,铜,copper,4694.54,美元/吨,6.64,31171.75,元/吨,本地 CSV (data/exchange_rates.csv)
2016-06,铜,copper,4641.97,美元/吨,6.64,30822.68,元/吨,本地 CSV (data/exchange_rates.csv)
2016-07,铜,copper,4864.9,美元/吨,6.64,32302.94,元/吨,本地 CSV (data/exchange_rates.csv)
2016-08,铜,copper,4751.67,美元/吨,6.75,32073.77,元/吨,本地 CSV (data/exchange_rates.csv)
2016-09,铜,copper,4722.2,美元/吨,6.75,31874.85,元/吨,本地 CSV (data/exchange_rates.csv)
2016-10,铜,copper,4731.26,美元/吨,6.75,31936.01,元/吨,本地 CSV (data/exchange_rates.csv)
2016-11,铜,copper,5450.93,美元/吨,6.75,36793.78,元/吨,本地 CSV (data/exchange_rates.csv)
2016-12,铜,copper,5660.35,美元/吨,6.75,38207.36,元/吨,本地 CSV (data/exchange_rates.csv)
2017-01,铜,copper,5754.56,美元/吨,6.75,38843.28,元/吨,本地 CSV (data/exchange_rates.csv)
2017-02,铜,copper,5940.91,美元/吨,6.75,40101.14,元/吨,本地 CSV (data/exchange_rates.csv)
2017-03,铜,copper,5824.63,美元/吨,6.75,39316.25,元/吨,本地 CSV (data/exchange_rates.csv)
2017-04,铜,copper,5683.9,美元/吨,6.75,38366.32,元/吨,本地 CSV (data/exchange_rates.csv)
2017-05,铜,copper,5599.56,美元/吨,6.75,37797.03,元/吨,本地 CSV (data/exchange_rates.csv)
2017-06,铜,copper,5719.76,美元/吨,6.75,38608.38,元/吨,本地 CSV (data/exchange_rates.csv)
2017-07,铜,copper,5985.12,美元/吨,6.75,40399.56,元/吨,本地 CSV (data/exchange_rates.csv)
2017-08,铜,copper,6485.63,美元/吨,6.62,42934.87,元/吨,本地 CSV (data/exchange_rates.csv)
2017-09,铜,copper,6577.17,美元/吨,6.62,43540.87,元/吨,本地 CSV (data/exchange_rates.csv)
2017-10,铜,copper,6807.6,美元/吨,6.62,45066.31,元/吨,本地 CSV (data/exchange_rates.csv)
2017-11,铜,copper,6826.55,美元/吨,6.62,45191.76,元/吨,本地 CSV (data/exchange_rates.csv)
2017-12,铜,copper,6833.89,美元/吨,6.62,45240.35,元/吨,本地 CSV (data/exchange_rates.csv)
2018-01,铜,copper,7065.85,美元/吨,6.62,46775.93,元/吨,本地 CSV (data/exchange_rates.csv)
2018-02,铜,copper,7006.52,美元/吨,6.62,46383.16,元/吨,本地 CSV (data/exchange_rates.csv)
2018-03,铜,copper,6799.18,美元/吨,6.62,45010.57,元/吨,本地 CSV (data/exchange_rates.csv)
2018-04,铜,copper,6851.51,美元/吨,6.62,45357.0,元/吨,本地 CSV (data/exchange_rates.csv)
2018-05,铜,copper,6825.27,美元/吨,6.62,45183.29,元/吨,本地 CSV (data/exchange_rates.csv)
2018-06,铜,copper,6965.86,美元/吨,6.62,46113.99,元/吨,本地 CSV (data/exchange_rates.csv)
2018-07,铜,copper,6250.75,美元/吨,6.62,41379.97,元/吨,本地 CSV (data/exchange_rates.csv)
2018-08,铜,copper,6051.05,美元/吨,6.85,41449.69,元/吨,本地 CSV (data/exchange_rates.csv)
2018-09,铜,copper,6050.76,美元/吨,6.85,41447.71,元/吨,本地 CSV (data/exchange_rates.csv)
2018-10,铜,copper,6219.59,美元/吨,6.85,42604.19,元/吨,本地 CSV (data/exchange_rates.csv)
2018-11,铜,copper,6195.92,美元/吨,6.85,42442.05,元/吨,本地 CSV (data/exchange_rates.csv)
2018-12,铜,copper,6075.32,美元/吨,6.85,41615.94,元/吨,本地 CSV (data/exchange_rates.csv)
2019-01,铜,copper,5939.1,美元/吨,6.85,40682.83,元/吨,本地 CSV (data/exchange_rates.csv)
2019-02,铜,copper,6300.49,美元/吨,6.83,43032.35,元/吨,本地 CSV (data/exchange_rates.csv)
2019-03,铜,copper,6439.46,美元/吨,6.83,43981.51,元/吨,本地 CSV (data/exchange_rates.csv)
2019-04,铜,copper,6438.36,美元/吨,6.83,43974.0,元/吨,本地 CSV (data/exchange_rates.csv)
2019-05,铜,copper,6017.9,美元/吨,6.83,41102.26,元/吨,本地 CSV (data/exchange_rates.csv)
2019-06,铜,copper,5882.23,美元/吨,6.83,40175.63,元/吨,本地 CSV (data/exchange_rates.csv)
2019-07,铜,copper,5941.2,美元/吨,6.83,40578.4,元/吨,本地 CSV (data/exchange_rates.csv)
2019-08,铜,copper,5709.44,美元/吨,7.02,40080.27,元/吨,本地 CSV (data/exchange_rates.csv)
2019-09,铜,copper,5759.25,美元/吨,7.02,40429.93,元/吨,本地 CSV (data/exchange_rates.csv)
2019-10,铜,copper,5757.3,美元/吨,7.02,40416.25,元/吨,本地 CSV (data/exchange_rates.csv)
2019-11,铜,copper,5859.95,美元/吨,7.02,41136.85,元/吨,本地 CSV (data/exchange_rates.csv)
2019-12,铜,copper,6077.06,美元/吨,7.02,42660.96,元/吨,本地 CSV (data/exchange_rates.csv)
2020-01,铜,copper,6031.21,美元/吨,7.02,42339.09,元/吨,本地 CSV (data/exchange_rates.csv)
2020-02,铜,copper,5687.75,美元/吨,7.05,40098.64,元/吨,本地 CSV (data/exchange_rates.csv)
2020-03,铜,copper,5182.63,美元/吨,7.05,36537.54,元/吨,本地 CSV (data/exchange_rates.csv)
2020-04,铜,copper,5057.97,美元/吨,7.05,35658.69,元/吨,本地 CSV (data/exchange_rates.csv)
2020-05,铜,copper,5239.83,美元/吨,7.05,36940.8,元/吨,本地 CSV (data/exchange_rates.csv)
2020-06,铜,copper,5754.6,美元/吨,7.05,40569.93,元/吨,本地 CSV (data/exchange_rates.csv)
2020-07,铜,copper,6372.46,美元/吨,7.05,44925.84,元/吨,本地 CSV (data/exchange_rates.csv)
2020-08,铜,copper,6498.94,美元/吨,6.55,42568.06,元/吨,本地 CSV (data/exchange_rates.csv)
2020-09,铜,copper,6704.9,美元/吨,6.55,43917.09,元/吨,本地 CSV (data/exchange_rates.csv)
2020-10,铜,copper,6713.81,美元/吨,6.55,43975.46,元/吨,本地 CSV (data/exchange_rates.csv)
2020-11,铜,copper,7068.91,美元/吨,6.55,46301.36,元/吨,本地 CSV (data/exchange_rates.csv)
2020-12,铜,copper,7772.24,美元/吨,6.55,50908.17,元/吨,本地 CSV (data/exchange_rates.csv)
2021-01,铜,copper,7972.15,美元/吨,6.55,52217.58,元/吨,本地 CSV (data/exchange_rates.csv)
2021-02,铜,copper,8470.94,美元/吨,6.47,54806.98,元/吨,本地 CSV (data/exchange_rates.csv)
2021-03,铜,copper,8988.25,美元/吨,6.47,58153.98,元/吨,本地 CSV (data/exchange_rates.csv)
2021-04,铜,copper,9324.82,美元/吨,6.47,60331.59,元/吨,本地 CSV (data/exchange_rates.csv)
2021-05,铜,copper,10161.97,美元/吨,6.47,65747.95,元/吨,本地 CSV (data/exchange_rates.csv)
2021-06,铜,copper,9631.5,美元/吨,6.47,62315.81,元/吨,本地 CSV (data/exchange_rates.csv)
2021-07,铜,copper,9450.82,美元/吨,6.47,61146.81,元/吨,本地 CSV (data/exchange_rates.csv)
2021-08,铜,copper,9370.14,美元/吨,6.37,59687.79,元/吨,本地 CSV (data/exchange_rates.csv)
2021-09,铜,copper,9324.71,美元/吨,6.37,59398.4,元/吨,本地 CSV (data/exchange_rates.csv)
2021-10,铜,copper,9829.22,美元/吨,6.37,62612.13,元/吨,本地 CSV (data/exchange_rates.csv)
2021-11,铜,copper,9728.9,美元/吨,6.37,61973.09,元/吨,本地 CSV (data/exchange_rates.csv)
2021-12,铜,copper,9551.18,美元/吨,6.37,60841.02,元/吨,本地 CSV (data/exchange_rates.csv)
2022-01,铜,copper,9782.34,美元/吨,6.37,62313.51,元/吨,本地 CSV (data/exchange_rates.csv)
2022-02,铜,copper,9943.17,美元/吨,6.55,65127.76,元/吨,本地 CSV (data/exchange_rates.csv)
2022-03,铜,copper,10230.89,美元/吨,6.55,67012.33,元/吨,本地 CSV (data/exchange_rates.csv)
2022-04,铜,copper,10161.38,美元/吨,6.55,66557.04,元/吨,本地 CSV (data/exchange_rates.csv)
2022-05,铜,copper,9377.15,美元/吨,6.55,61420.33,元/吨,本地 CSV (data/exchange_rates.csv)
2022-06,铜,copper,9024.46,美元/吨,6.55,59110.21,元/吨,本地 CSV (data/exchange_rates.csv)
2022-07,铜,copper,7544.81,美元/吨,6.55,49418.51,元/吨,本地 CSV (data/exchange_rates.csv)
2022-08,铜,copper,7981.84,美元/吨,6.98,55713.24,元/吨,本地 CSV (data/exchange_rates.csv)
2022-09,铜,copper,7746.01,美元/吨,6.98,54067.15,元/吨,本地 CSV (data/exchange_rates.csv)
2022-10,铜,copper,7651.08,美元/吨,6.98,53404.54,元/吨,本地 CSV (data/exchange_rates.csv)
2022-11,铜,copper,8049.86,美元/吨,6.98,56188.02,元/吨,本地 CSV (data/exchange_rates.csv)
2022-12,铜,copper,8375.4,美元/吨,6.98,58460.29,元/吨,本地 CSV (data/exchange_rates.csv)
2023-01,铜,copper,9037.95,美元/吨,6.98,63084.89,元/吨,本地 CSV (data/exchange_rates.csv)
2023-02,铜,copper,8936.59,美元/吨,7.1,63449.79,元/吨,本地 CSV (data/exchange_rates.csv)
2023-03,铜,copper,8856.31,美元/吨,7.1,62879.8,元/吨,本地 CSV (data/exchange_rates.csv)
2023-04,铜,copper,8809.42,美元/吨,7.1,62546.88,元/吨,本地 CSV (data/exchange_rates.csv)
2023-05,铜,copper,8217.47,美元/吨,7.1,58344.04,元/吨,本地 CSV (data/exchange_rates.csv)
2023-06,铜,copper,8396.52,美元/吨,7.1,59615.29,元/吨,本地 CSV (data/exchange_rates.csv)
2023-07,铜,copper,8476.68,美元/吨,7.1,60184.43,元/吨,本地 CSV (data/exchange_rates.csv)
2023-08,铜,copper,8349.13,美元/吨,7.2,60113.74,元/吨,本地 CSV (data/exchange_rates.csv)
2023-09,铜,copper,8276.71,美元/吨,7.2,59592.31,元/吨,本地 CSV (data/exchange_rates.csv)
2023-10,铜,copper,7937.18,美元/吨,7.2,57147.7,元/吨,本地 CSV (data/exchange_rates.csv)
2023-11,铜,copper,8189.59,美元/吨,7.2,58965.05,元/吨,本地 CSV (data/exchange_rates.csv)
2023-12,铜,copper,8399.94,美元/吨,7.2,60479.57,元/吨,本地 CSV (data/exchange_rates.csv)
2024-01,铜,copper,8338.88,美元/吨,7.2,60039.94,元/吨,本地 CSV (data/exchange_rates.csv)
2024-02,铜,copper,8304.95,美元/吨,7.25,60210.89,元/吨,本地 CSV (data/exchange_rates.csv)
2024-03,铜,copper,8689.13,美元/吨,7.25,62996.19,元/吨,本地 CSV (data/exchange_rates.csv)
2024-04,铜,copper,9464.43,美元/吨,7.25,68617.12,元/吨,本地 CSV (data/exchange_rates.csv)
2024-05,铜,copper,10139.33,美元/吨,7.25,73510.14,元/吨,本地 CSV (data/exchange_rates.csv)
2024-06,铜,copper,9648.17,美元/吨,7.25,69949.23,元/吨,本地 CSV (data/exchange_rates.csv)
2024-07,铜,copper,9385.31,美元/吨,7.25,68043.5,元/吨,本地 CSV (data/exchange_rates.csv)
2024-08,铜,copper,8971.96,美元/吨,7.28,65315.87,元/吨,本地 CSV (data/exchange_rates.csv)
2024-09,铜,copper,9237.48,美元/吨,7.28,67248.85,元/吨,本地 CSV (data/exchange_rates.csv)
2024-10,铜,copper,9533.99,美元/吨,7.28,69407.45,元/吨,本地 CSV (data/exchange_rates.csv)
2024-11,铜,copper,9075.73,美元/吨,7.28,66071.31,元/吨,本地 CSV (data/exchange_rates.csv)
2024-12,铜,copper,8916.32,美元/吨,7.28,64910.81,元/吨,本地 CSV (data/exchange_rates.csv)
2025-01,铜,copper,8991.41,美元/吨,7.28,65457.46,元/吨,本地 CSV (data/exchange_rates.csv)
2025-02,铜,copper,9330.6,美元/吨,7.18,66993.71,元/吨,本地 CSV (data/exchange_rates.csv)
2025-03,铜,copper,9739.68,美元/吨,7.18,69930.9,元/吨,本地 CSV (data/exchange_rates.csv)
2025-04,铜,copper,9176.8,美元/吨,7.18,65889.42,元/吨,本地 CSV (data/exchange_rates.csv)
2025-05,铜,copper,9532.98,美元/吨,7.18,68446.8,元/吨,本地 CSV (data/exchange_rates.csv)
2025-06,铜,copper,9835.07,美元/吨,7.18,70615.8,元/吨,本地 CSV (data/exchange_rates.csv)
2025-07,铜,copper,9770.58,美元/吨,7.18,70152.76,元/吨,本地 CSV (data/exchange_rates.csv)
2025-08,铜,copper,9669.56,美元/吨,7.2,69620.83,元/吨,本地 CSV (data/exchange_rates.csv)
2025-09,铜,copper,9983.79,美元/吨,7.2,71883.29,元/吨,本地 CSV (data/exchange_rates.csv)
2025-10,铜,copper,10739.91,美元/吨,7.2,77327.35,元/吨,本地 CSV (data/exchange_rates.csv)
2025-11,铜,copper,10812.03,美元/吨,7.2,77846.62,元/吨,本地 CSV (data/exchange_rates.csv)
2025-12,铜,copper,11785.25,美元/吨,7.2,84853.8,元/吨,本地 CSV (data/exchange_rates.csv)
2026-01,铜,copper,13012.0,美元/吨,7.2,93686.4,元/吨,本地 CSV (data/exchange_rates.csv)
2026-02,铜,copper,12951.35,美元/吨,7.2,93249.72,元/吨,本地 CSV (data/exchange_rates.csv)
2026-03,铜,copper,12528.71,美元/吨,7.2,90206.71,元/吨,本地 CSV (data/exchange_rates.csv)
2026-04,铜,copper,12950.96,美元/吨,7.2,93246.91,元/吨,本地 CSV (data/exchange_rates.csv)
2026-05,铜,copper,13543.19,美元/吨,7.2,97510.97,元/吨,本地 CSV (data/exchange_rates.csv)
1960-01,黄金,gold,35.27,美元/盎司,2.4618,2.79,元/克,本地 CSV (data/exchange_rates.csv)
1960-02,黄金,gold,35.27,美元/盎司,2.4618,2.79,元/克,本地 CSV (data/exchange_rates.csv)
1960-03,黄金,gold,35.27,美元/盎司,2.4618,2.79,元/克,本地 CSV (data/exchange_rates.csv)
1960-04,黄金,gold,35.27,美元/盎司,2.4618,2.79,元/克,本地 CSV (data/exchange_rates.csv)
1960-05,黄金,gold,35.27,美元/盎司,2.4618,2.79,元/克,本地 CSV (data/exchange_rates.csv)
1960-06,黄金,gold,35.27,美元/盎司,2.4618,2.79,元/克,本地 CSV (data/exchange_rates.csv)
1960-07,黄金,gold,35.27,美元/盎司,2.4618,2.79,元/克,本地 CSV (data/exchange_rates.csv)
1960-08,黄金,gold,35.27,美元/盎司,2.4618,2.79,元/克,本地 CSV (data/exchange_rates.csv)
1960-09,黄金,gold,35.27,美元/盎司,2.4618,2.79,元/克,本地 CSV (data/exchange_rates.csv)
1960-10,黄金,gold,35.27,美元/盎司,2.4618,2.79,元/克,本地 CSV (data/exchange_rates.csv)
1960-11,黄金,gold,35.27,美元/盎司,2.4618,2.79,元/克,本地 CSV (data/exchange_rates.csv)
1960-12,黄金,gold,35.27,美元/盎司,2.4618,2.79,元/克,本地 CSV (data/exchange_rates.csv)
1961-01,黄金,gold,35.25,美元/盎司,2.4618,2.79,元/克,本地 CSV (data/exchange_rates.csv)
1961-02,黄金,gold,35.25,美元/盎司,2.4618,2.79,元/克,本地 CSV (data/exchange_rates.csv)
1961-03,黄金,gold,35.25,美元/盎司,2.4618,2.79,元/克,本地 CSV (data/exchange_rates.csv)
1961-04,黄金,gold,35.25,美元/盎司,2.4618,2.79,元/克,本地 CSV (data/exchange_rates.csv)
1961-05,黄金,gold,35.25,美元/盎司,2.4618,2.79,元/克,本地 CSV (data/exchange_rates.csv)
1961-06,黄金,gold,35.25,美元/盎司,2.4618,2.79,元/克,本地 CSV (data/exchange_rates.csv)
1961-07,黄金,gold,35.25,美元/盎司,2.4618,2.79,元/克,本地 CSV (data/exchange_rates.csv)
1961-08,黄金,gold,35.25,美元/盎司,2.4618,2.79,元/克,本地 CSV (data/exchange_rates.csv)
1961-09,黄金,gold,35.25,美元/盎司,2.4618,2.79,元/克,本地 CSV (data/exchange_rates.csv)
1961-10,黄金,gold,35.25,美元/盎司,2.4618,2.79,元/克,本地 CSV (data/exchange_rates.csv)
1961-11,黄金,gold,35.25,美元/盎司,2.4618,2.79,元/克,本地 CSV (data/exchange_rates.csv)
1961-12,黄金,gold,35.25,美元/盎司,2.4618,2.79,元/克,本地 CSV (data/exchange_rates.csv)
1962-01,黄金,gold,35.23,美元/盎司,2.4618,2.79,元/克,本地 CSV (data/exchange_rates.csv)
1962-02,黄金,gold,35.23,美元/盎司,2.4618,2.79,元/克,本地 CSV (data/exchange_rates.csv)
1962-03,黄金,gold,35.23,美元/盎司,2.4618,2.79,元/克,本地 CSV (data/exchange_rates.csv)
1962-04,黄金,gold,35.23,美元/盎司,2.4618,2.79,元/克,本地 CSV (data/exchange_rates.csv)
1962-05,黄金,gold,35.23,美元/盎司,2.4618,2.79,元/克,本地 CSV (data/exchange_rates.csv)
1962-06,黄金,gold,35.23,美元/盎司,2.4618,2.79,元/克,本地 CSV (data/exchange_rates.csv)
1962-07,黄金,gold,35.23,美元/盎司,2.4618,2.79,元/克,本地 CSV (data/exchange_rates.csv)
1962-08,黄金,gold,35.23,美元/盎司,2.4618,2.79,元/克,本地 CSV (data/exchange_rates.csv)
1962-09,黄金,gold,35.23,美元/盎司,2.4618,2.79,元/克,本地 CSV (data/exchange_rates.csv)
1962-10,黄金,gold,35.23,美元/盎司,2.4618,2.79,元/克,本地 CSV (data/exchange_rates.csv)
1962-11,黄金,gold,35.23,美元/盎司,2.4618,2.79,元/克,本地 CSV (data/exchange_rates.csv)
1962-12,黄金,gold,35.23,美元/盎司,2.4618,2.79,元/克,本地 CSV (data/exchange_rates.csv)
1963-01,黄金,gold,35.09,美元/盎司,2.4618,2.78,元/克,本地 CSV (data/exchange_rates.csv)
1963-02,黄金,gold,35.09,美元/盎司,2.4618,2.78,元/克,本地 CSV (data/exchange_rates.csv)
1963-03,黄金,gold,35.09,美元/盎司,2.4618,2.78,元/克,本地 CSV (data/exchange_rates.csv)
1963-04,黄金,gold,35.09,美元/盎司,2.4618,2.78,元/克,本地 CSV (data/exchange_rates.csv)
1963-05,黄金,gold,35.09,美元/盎司,2.4618,2.78,元/克,本地 CSV (data/exchange_rates.csv)
1963-06,黄金,gold,35.09,美元/盎司,2.4618,2.78,元/克,本地 CSV (data/exchange_rates.csv)
1963-07,黄金,gold,35.09,美元/盎司,2.4618,2.78,元/克,本地 CSV (data/exchange_rates.csv)
1963-08,黄金,gold,35.09,美元/盎司,2.4618,2.78,元/克,本地 CSV (data/exchange_rates.csv)
1963-09,黄金,gold,35.09,美元/盎司,2.4618,2.78,元/克,本地 CSV (data/exchange_rates.csv)
1963-10,黄金,gold,35.09,美元/盎司,2.4618,2.78,元/克,本地 CSV (data/exchange_rates.csv)
1963-11,黄金,gold,35.09,美元/盎司,2.4618,2.78,元/克,本地 CSV (data/exchange_rates.csv)
1963-12,黄金,gold,35.09,美元/盎司,2.4618,2.78,元/克,本地 CSV (data/exchange_rates.csv)
1964-01,黄金,gold,35.1,美元/盎司,2.4618,2.78,元/克,本地 CSV (data/exchange_rates.csv)
1964-02,黄金,gold,35.1,美元/盎司,2.4618,2.78,元/克,本地 CSV (data/exchange_rates.csv)
1964-03,黄金,gold,35.1,美元/盎司,2.4618,2.78,元/克,本地 CSV (data/exchange_rates.csv)
1964-04,黄金,gold,35.1,美元/盎司,2.4618,2.78,元/克,本地 CSV (data/exchange_rates.csv)
1964-05,黄金,gold,35.1,美元/盎司,2.4618,2.78,元/克,本地 CSV (data/exchange_rates.csv)
1964-06,黄金,gold,35.1,美元/盎司,2.4618,2.78,元/克,本地 CSV (data/exchange_rates.csv)
1964-07,黄金,gold,35.1,美元/盎司,2.4618,2.78,元/克,本地 CSV (data/exchange_rates.csv)
1964-08,黄金,gold,35.1,美元/盎司,2.4618,2.78,元/克,本地 CSV (data/exchange_rates.csv)
1964-09,黄金,gold,35.1,美元/盎司,2.4618,2.78,元/克,本地 CSV (data/exchange_rates.csv)
1964-10,黄金,gold,35.1,美元/盎司,2.4618,2.78,元/克,本地 CSV (data/exchange_rates.csv)
1964-11,黄金,gold,35.1,美元/盎司,2.4618,2.78,元/克,本地 CSV (data/exchange_rates.csv)
1964-12,黄金,gold,35.1,美元/盎司,2.4618,2.78,元/克,本地 CSV (data/exchange_rates.csv)
1965-01,黄金,gold,35.12,美元/盎司,2.4618,2.78,元/克,本地 CSV (data/exchange_rates.csv)
1965-02,黄金,gold,35.12,美元/盎司,2.4618,2.78,元/克,本地 CSV (data/exchange_rates.csv)
1965-03,黄金,gold,35.12,美元/盎司,2.4618,2.78,元/克,本地 CSV (data/exchange_rates.csv)
1965-04,黄金,gold,35.12,美元/盎司,2.4618,2.78,元/克,本地 CSV (data/exchange_rates.csv)
1965-05,黄金,gold,35.12,美元/盎司,2.4618,2.78,元/克,本地 CSV (data/exchange_rates.csv)
1965-06,黄金,gold,35.12,美元/盎司,2.4618,2.78,元/克,本地 CSV (data/exchange_rates.csv)
1965-07,黄金,gold,35.12,美元/盎司,2.4618,2.78,元/克,本地 CSV (data/exchange_rates.csv)
1965-08,黄金,gold,35.12,美元/盎司,2.4618,2.78,元/克,本地 CSV (data/exchange_rates.csv)
1965-09,黄金,gold,35.12,美元/盎司,2.4618,2.78,元/克,本地 CSV (data/exchange_rates.csv)
1965-10,黄金,gold,35.12,美元/盎司,2.4618,2.78,元/克,本地 CSV (data/exchange_rates.csv)
1965-11,黄金,gold,35.12,美元/盎司,2.4618,2.78,元/克,本地 CSV (data/exchange_rates.csv)
1965-12,黄金,gold,35.12,美元/盎司,2.4618,2.78,元/克,本地 CSV (data/exchange_rates.csv)
1966-01,黄金,gold,35.13,美元/盎司,2.4618,2.78,元/克,本地 CSV (data/exchange_rates.csv)
1966-02,黄金,gold,35.13,美元/盎司,2.4618,2.78,元/克,本地 CSV (data/exchange_rates.csv)
1966-03,黄金,gold,35.13,美元/盎司,2.4618,2.78,元/克,本地 CSV (data/exchange_rates.csv)
1966-04,黄金,gold,35.13,美元/盎司,2.4618,2.78,元/克,本地 CSV (data/exchange_rates.csv)
1966-05,黄金,gold,35.13,美元/盎司,2.4618,2.78,元/克,本地 CSV (data/exchange_rates.csv)
1966-06,黄金,gold,35.13,美元/盎司,2.4618,2.78,元/克,本地 CSV (data/exchange_rates.csv)
1966-07,黄金,gold,35.13,美元/盎司,2.4618,2.78,元/克,本地 CSV (data/exchange_rates.csv)
1966-08,黄金,gold,35.13,美元/盎司,2.4618,2.78,元/克,本地 CSV (data/exchange_rates.csv)
1966-09,黄金,gold,35.13,美元/盎司,2.4618,2.78,元/克,本地 CSV (data/exchange_rates.csv)
1966-10,黄金,gold,35.13,美元/盎司,2.4618,2.78,元/克,本地 CSV (data/exchange_rates.csv)
1966-11,黄金,gold,35.13,美元/盎司,2.4618,2.78,元/克,本地 CSV (data/exchange_rates.csv)
1966-12,黄金,gold,35.13,美元/盎司,2.4618,2.78,元/克,本地 CSV (data/exchange_rates.csv)
1967-01,黄金,gold,34.95,美元/盎司,2.4618,2.77,元/克,本地 CSV (data/exchange_rates.csv)
1967-02,黄金,gold,34.95,美元/盎司,2.4618,2.77,元/克,本地 CSV (data/exchange_rates.csv)
1967-03,黄金,gold,34.95,美元/盎司,2.4618,2.77,元/克,本地 CSV (data/exchange_rates.csv)
1967-04,黄金,gold,34.95,美元/盎司,2.4618,2.77,元/克,本地 CSV (data/exchange_rates.csv)
1967-05,黄金,gold,34.95,美元/盎司,2.4618,2.77,元/克,本地 CSV (data/exchange_rates.csv)
1967-06,黄金,gold,34.95,美元/盎司,2.4618,2.77,元/克,本地 CSV (data/exchange_rates.csv)
1967-07,黄金,gold,34.95,美元/盎司,2.4618,2.77,元/克,本地 CSV (data/exchange_rates.csv)
1967-08,黄金,gold,34.95,美元/盎司,2.4618,2.77,元/克,本地 CSV (data/exchange_rates.csv)
1967-09,黄金,gold,34.95,美元/盎司,2.4618,2.77,元/克,本地 CSV (data/exchange_rates.csv)
1967-10,黄金,gold,34.95,美元/盎司,2.4618,2.77,元/克,本地 CSV (data/exchange_rates.csv)
1967-11,黄金,gold,34.95,美元/盎司,2.4618,2.77,元/克,本地 CSV (data/exchange_rates.csv)
1967-12,黄金,gold,34.95,美元/盎司,2.4618,2.77,元/克,本地 CSV (data/exchange_rates.csv)
1968-01,黄金,gold,35.5,美元/盎司,2.4618,2.81,元/克,本地 CSV (data/exchange_rates.csv)
1968-02,黄金,gold,36.0,美元/盎司,2.4618,2.85,元/克,本地 CSV (data/exchange_rates.csv)
1968-03,黄金,gold,37.0,美元/盎司,2.4618,2.93,元/克,本地 CSV (data/exchange_rates.csv)
1968-04,黄金,gold,37.86,美元/盎司,2.4618,3.0,元/克,本地 CSV (data/exchange_rates.csv)
1968-05,黄金,gold,40.7,美元/盎司,2.4618,3.22,元/克,本地 CSV (data/exchange_rates.csv)
1968-06,黄金,gold,41.14,美元/盎司,2.4618,3.26,元/克,本地 CSV (data/exchange_rates.csv)
1968-07,黄金,gold,39.46,美元/盎司,2.4618,3.12,元/克,本地 CSV (data/exchange_rates.csv)
1968-08,黄金,gold,39.19,美元/盎司,2.4618,3.1,元/克,本地 CSV (data/exchange_rates.csv)
1968-09,黄金,gold,40.18,美元/盎司,2.4618,3.18,元/克,本地 CSV (data/exchange_rates.csv)
1968-10,黄金,gold,39.21,美元/盎司,2.4618,3.1,元/克,本地 CSV (data/exchange_rates.csv)
1968-11,黄金,gold,39.78,美元/盎司,2.4618,3.15,元/克,本地 CSV (data/exchange_rates.csv)
1968-12,黄金,gold,41.08,美元/盎司,2.4618,3.25,元/克,本地 CSV (data/exchange_rates.csv)
1969-01,黄金,gold,42.3,美元/盎司,2.4618,3.35,元/克,本地 CSV (data/exchange_rates.csv)
1969-02,黄金,gold,42.6,美元/盎司,2.4618,3.37,元/克,本地 CSV (data/exchange_rates.csv)
1969-03,黄金,gold,43.16,美元/盎司,2.4618,3.42,元/克,本地 CSV (data/exchange_rates.csv)
1969-04,黄金,gold,43.31,美元/盎司,2.4618,3.43,元/克,本地 CSV (data/exchange_rates.csv)
1969-05,黄金,gold,43.46,美元/盎司,2.4618,3.44,元/克,本地 CSV (data/exchange_rates.csv)
1969-06,黄金,gold,41.44,美元/盎司,2.4618,3.28,元/克,本地 CSV (data/exchange_rates.csv)
1969-07,黄金,gold,41.76,美元/盎司,2.4618,3.31,元/克,本地 CSV (data/exchange_rates.csv)
1969-08,黄金,gold,41.09,美元/盎司,2.4618,3.25,元/克,本地 CSV (data/exchange_rates.csv)
1969-09,黄金,gold,40.87,美元/盎司,2.4618,3.23,元/克,本地 CSV (data/exchange_rates.csv)
1969-10,黄金,gold,40.44,美元/盎司,2.4618,3.2,元/克,本地 CSV (data/exchange_rates.csv)
1969-11,黄金,gold,37.4,美元/盎司,2.4618,2.96,元/克,本地 CSV (data/exchange_rates.csv)
1969-12,黄金,gold,35.17,美元/盎司,2.4618,2.78,元/克,本地 CSV (data/exchange_rates.csv)
1970-01,黄金,gold,34.94,美元/盎司,2.4618,2.77,元/克,本地 CSV (data/exchange_rates.csv)
1970-02,黄金,gold,34.99,美元/盎司,2.4618,2.77,元/克,本地 CSV (data/exchange_rates.csv)
1970-03,黄金,gold,35.09,美元/盎司,2.4618,2.78,元/克,本地 CSV (data/exchange_rates.csv)
1970-04,黄金,gold,35.62,美元/盎司,2.4618,2.82,元/克,本地 CSV (data/exchange_rates.csv)
1970-05,黄金,gold,35.95,美元/盎司,2.4618,2.85,元/克,本地 CSV (data/exchange_rates.csv)
1970-06,黄金,gold,35.42,美元/盎司,2.4618,2.8,元/克,本地 CSV (data/exchange_rates.csv)
1970-07,黄金,gold,35.32,美元/盎司,2.4618,2.8,元/克,本地 CSV (data/exchange_rates.csv)
1970-08,黄金,gold,35.38,美元/盎司,2.4618,2.8,元/克,本地 CSV (data/exchange_rates.csv)
1970-09,黄金,gold,36.19,美元/盎司,2.4618,2.86,元/克,本地 CSV (data/exchange_rates.csv)
1970-10,黄金,gold,37.52,美元/盎司,2.4618,2.97,元/克,本地 CSV (data/exchange_rates.csv)
1970-11,黄金,gold,37.44,美元/盎司,2.4618,2.96,元/克,本地 CSV (data/exchange_rates.csv)
1970-12,黄金,gold,37.44,美元/盎司,2.4618,2.96,元/克,本地 CSV (data/exchange_rates.csv)
1971-01,黄金,gold,37.88,美元/盎司,2.4618,3.0,元/克,本地 CSV (data/exchange_rates.csv)
1971-02,黄金,gold,38.74,美元/盎司,2.4618,3.07,元/克,本地 CSV (data/exchange_rates.csv)
1971-03,黄金,gold,38.87,美元/盎司,2.4618,3.08,元/克,本地 CSV (data/exchange_rates.csv)
1971-04,黄金,gold,39.01,美元/盎司,2.4618,3.09,元/克,本地 CSV (data/exchange_rates.csv)
1971-05,黄金,gold,40.52,美元/盎司,2.4618,3.21,元/克,本地 CSV (data/exchange_rates.csv)
1971-06,黄金,gold,40.1,美元/盎司,2.4618,3.17,元/克,本地 CSV (data/exchange_rates.csv)
1971-07,黄金,gold,40.95,美元/盎司,2.4618,3.24,元/克,本地 CSV (data/exchange_rates.csv)
1971-08,黄金,gold,42.71,美元/盎司,2.2451,3.08,元/克,本地 CSV (data/exchange_rates.csv)
1971-09,黄金,gold,42.03,美元/盎司,2.2451,3.03,元/克,本地 CSV (data/exchange_rates.csv)
1971-10,黄金,gold,42.5,美元/盎司,2.2451,3.07,元/克,本地 CSV (data/exchange_rates.csv)
1971-11,黄金,gold,42.86,美元/盎司,2.2451,3.09,元/克,本地 CSV (data/exchange_rates.csv)
1971-12,黄金,gold,43.48,美元/盎司,2.2451,3.14,元/克,本地 CSV (data/exchange_rates.csv)
1972-01,黄金,gold,45.75,美元/盎司,2.2451,3.3,元/克,本地 CSV (data/exchange_rates.csv)
1972-02,黄金,gold,48.26,美元/盎司,2.2451,3.48,元/克,本地 CSV (data/exchange_rates.csv)
1972-03,黄金,gold,48.33,美元/盎司,2.2451,3.49,元/克,本地 CSV (data/exchange_rates.csv)
1972-04,黄金,gold,49.03,美元/盎司,2.2451,3.54,元/克,本地 CSV (data/exchange_rates.csv)
1972-05,黄金,gold,54.62,美元/盎司,2.2451,3.94,元/克,本地 CSV (data/exchange_rates.csv)
1972-06,黄金,gold,62.09,美元/盎司,2.2451,4.48,元/克,本地 CSV (data/exchange_rates.csv)
1972-07,黄金,gold,65.66,美元/盎司,2.2451,4.74,元/克,本地 CSV (data/exchange_rates.csv)
1972-08,黄金,gold,67.03,美元/盎司,1.989,4.29,元/克,本地 CSV (data/exchange_rates.csv)
1972-09,黄金,gold,65.46,美元/盎司,1.989,4.19,元/克,本地 CSV (data/exchange_rates.csv)
1972-10,黄金,gold,64.86,美元/盎司,1.989,4.15,元/克,本地 CSV (data/exchange_rates.csv)
1972-11,黄金,gold,62.91,美元/盎司,1.989,4.02,元/克,本地 CSV (data/exchange_rates.csv)
1972-12,黄金,gold,63.91,美元/盎司,1.989,4.09,元/克,本地 CSV (data/exchange_rates.csv)
1973-01,黄金,gold,65.14,美元/盎司,1.989,4.17,元/克,本地 CSV (data/exchange_rates.csv)
1973-02,黄金,gold,74.2,美元/盎司,1.989,4.74,元/克,本地 CSV (data/exchange_rates.csv)
1973-03,黄金,gold,84.37,美元/盎司,1.989,5.4,元/克,本地 CSV (data/exchange_rates.csv)
1973-04,黄金,gold,90.5,美元/盎司,1.989,5.79,元/克,本地 CSV (data/exchange_rates.csv)
1973-05,黄金,gold,101.96,美元/盎司,1.989,6.52,元/克,本地 CSV (data/exchange_rates.csv)
1973-06,黄金,gold,120.12,美元/盎司,1.989,7.68,元/克,本地 CSV (data/exchange_rates.csv)
1973-07,黄金,gold,120.17,美元/盎司,1.989,7.68,元/克,本地 CSV (data/exchange_rates.csv)
1973-08,黄金,gold,106.76,美元/盎司,1.5083,5.18,元/克,本地 CSV (data/exchange_rates.csv)
1973-09,黄金,gold,102.97,美元/盎司,1.5167,5.02,元/克,本地 CSV (data/exchange_rates.csv)
1973-10,黄金,gold,100.08,美元/盎司,1.525,4.91,元/克,本地 CSV (data/exchange_rates.csv)
1973-11,黄金,gold,94.92,美元/盎司,1.5333,4.68,元/克,本地 CSV (data/exchange_rates.csv)
1973-12,黄金,gold,106.72,美元/盎司,1.5417,5.29,元/克,本地 CSV (data/exchange_rates.csv)
1974-01,黄金,gold,129.19,美元/盎司,1.55,6.44,元/克,本地 CSV (data/exchange_rates.csv)
1974-02,黄金,gold,150.13,美元/盎司,1.5583,7.52,元/克,本地 CSV (data/exchange_rates.csv)
1974-03,黄金,gold,168.42,美元/盎司,1.5667,8.48,元/克,本地 CSV (data/exchange_rates.csv)
1974-04,黄金,gold,172.24,美元/盎司,1.575,8.72,元/克,本地 CSV (data/exchange_rates.csv)
1974-05,黄金,gold,163.27,美元/盎司,1.5833,8.31,元/克,本地 CSV (data/exchange_rates.csv)
1974-06,黄金,gold,154.1,美元/盎司,1.5917,7.89,元/克,本地 CSV (data/exchange_rates.csv)
1974-07,黄金,gold,142.98,美元/盎司,1.6,7.36,元/克,本地 CSV (data/exchange_rates.csv)
1974-08,黄金,gold,154.64,美元/盎司,1.6083,8.0,元/克,本地 CSV (data/exchange_rates.csv)
1974-09,黄金,gold,151.75,美元/盎司,1.6167,7.89,元/克,本地 CSV (data/exchange_rates.csv)
1974-10,黄金,gold,158.78,美元/盎司,1.625,8.3,元/克,本地 CSV (data/exchange_rates.csv)
1974-11,黄金,gold,181.66,美元/盎司,1.6333,9.54,元/克,本地 CSV (data/exchange_rates.csv)
1974-12,黄金,gold,183.78,美元/盎司,1.6417,9.7,元/克,本地 CSV (data/exchange_rates.csv)
1975-01,黄金,gold,176.27,美元/盎司,1.65,9.35,元/克,本地 CSV (data/exchange_rates.csv)
1975-02,黄金,gold,179.6,美元/盎司,1.6583,9.58,元/克,本地 CSV (data/exchange_rates.csv)
1975-03,黄金,gold,178.16,美元/盎司,1.6667,9.55,元/克,本地 CSV (data/exchange_rates.csv)
1975-04,黄金,gold,169.84,美元/盎司,1.675,9.15,元/克,本地 CSV (data/exchange_rates.csv)
1975-05,黄金,gold,167.39,美元/盎司,1.6833,9.06,元/克,本地 CSV (data/exchange_rates.csv)
1975-06,黄金,gold,164.24,美元/盎司,1.6917,8.93,元/克,本地 CSV (data/exchange_rates.csv)
1975-07,黄金,gold,165.17,美元/盎司,1.7,9.03,元/克,本地 CSV (data/exchange_rates.csv)
1975-08,黄金,gold,163.0,美元/盎司,1.7083,8.95,元/克,本地 CSV (data/exchange_rates.csv)
1975-09,黄金,gold,144.17,美元/盎司,1.7167,7.96,元/克,本地 CSV (data/exchange_rates.csv)
1975-10,黄金,gold,142.79,美元/盎司,1.725,7.92,元/克,本地 CSV (data/exchange_rates.csv)
1975-11,黄金,gold,142.42,美元/盎司,1.7333,7.94,元/克,本地 CSV (data/exchange_rates.csv)
1975-12,黄金,gold,139.3,美元/盎司,1.7417,7.8,元/克,本地 CSV (data/exchange_rates.csv)
1976-01,黄金,gold,131.05,美元/盎司,1.75,7.37,元/克,本地 CSV (data/exchange_rates.csv)
1976-02,黄金,gold,131.06,美元/盎司,1.7583,7.41,元/克,本地 CSV (data/exchange_rates.csv)
1976-03,黄金,gold,132.76,美元/盎司,1.7667,7.54,元/克,本地 CSV (data/exchange_rates.csv)
1976-04,黄金,gold,127.94,美元/盎司,1.775,7.3,元/克,本地 CSV (data/exchange_rates.csv)
1976-05,黄金,gold,126.92,美元/盎司,1.7833,7.28,元/克,本地 CSV (data/exchange_rates.csv)
1976-06,黄金,gold,125.71,美元/盎司,1.7917,7.24,元/克,本地 CSV (data/exchange_rates.csv)
1976-07,黄金,gold,117.73,美元/盎司,1.8,6.81,元/克,本地 CSV (data/exchange_rates.csv)
1976-08,黄金,gold,109.93,美元/盎司,1.8083,6.39,元/克,本地 CSV (data/exchange_rates.csv)
1976-09,黄金,gold,114.15,美元/盎司,1.8167,6.67,元/克,本地 CSV (data/exchange_rates.csv)
1976-10,黄金,gold,116.15,美元/盎司,1.825,6.82,元/克,本地 CSV (data/exchange_rates.csv)
1976-11,黄金,gold,130.46,美元/盎司,1.8333,7.69,元/克,本地 CSV (data/exchange_rates.csv)
1976-12,黄金,gold,133.93,美元/盎司,1.8417,7.93,元/克,本地 CSV (data/exchange_rates.csv)
1977-01,黄金,gold,132.26,美元/盎司,1.85,7.87,元/克,本地 CSV (data/exchange_rates.csv)
1977-02,黄金,gold,136.24,美元/盎司,1.8583,8.14,元/克,本地 CSV (data/exchange_rates.csv)
1977-03,黄金,gold,148.23,美元/盎司,1.8667,8.9,元/克,本地 CSV (data/exchange_rates.csv)
1977-04,黄金,gold,149.17,美元/盎司,1.875,8.99,元/克,本地 CSV (data/exchange_rates.csv)
1977-05,黄金,gold,146.61,美元/盎司,1.8833,8.88,元/克,本地 CSV (data/exchange_rates.csv)
1977-06,黄金,gold,140.78,美元/盎司,1.8917,8.56,元/克,本地 CSV (data/exchange_rates.csv)
1977-07,黄金,gold,143.39,美元/盎司,1.9,8.76,元/克,本地 CSV (data/exchange_rates.csv)
1977-08,黄金,gold,144.94,美元/盎司,1.9083,8.89,元/克,本地 CSV (data/exchange_rates.csv)
1977-09,黄金,gold,149.53,美元/盎司,1.9167,9.21,元/克,本地 CSV (data/exchange_rates.csv)
1977-10,黄金,gold,158.95,美元/盎司,1.925,9.84,元/克,本地 CSV (data/exchange_rates.csv)
1977-11,黄金,gold,162.1,美元/盎司,1.9333,10.08,元/克,本地 CSV (data/exchange_rates.csv)
1977-12,黄金,gold,160.45,美元/盎司,1.9417,10.02,元/克,本地 CSV (data/exchange_rates.csv)
1978-01,黄金,gold,173.18,美元/盎司,1.95,10.86,元/克,本地 CSV (data/exchange_rates.csv)
1978-02,黄金,gold,178.14,美元/盎司,1.9583,11.22,元/克,本地 CSV (data/exchange_rates.csv)
1978-03,黄金,gold,183.61,美元/盎司,1.9667,11.61,元/克,本地 CSV (data/exchange_rates.csv)
1978-04,黄金,gold,175.28,美元/盎司,1.975,11.13,元/克,本地 CSV (data/exchange_rates.csv)
1978-05,黄金,gold,176.31,美元/盎司,1.9833,11.24,元/克,本地 CSV (data/exchange_rates.csv)
1978-06,黄金,gold,183.75,美元/盎司,1.9917,11.77,元/克,本地 CSV (data/exchange_rates.csv)
1978-07,黄金,gold,188.73,美元/盎司,2.0,12.14,元/克,本地 CSV (data/exchange_rates.csv)
1978-08,黄金,gold,206.3,美元/盎司,2.0083,13.32,元/克,本地 CSV (data/exchange_rates.csv)
1978-09,黄金,gold,212.08,美元/盎司,2.0167,13.75,元/克,本地 CSV (data/exchange_rates.csv)
1978-10,黄金,gold,227.44,美元/盎司,2.025,14.81,元/克,本地 CSV (data/exchange_rates.csv)
1978-11,黄金,gold,206.2,美元/盎司,2.0333,13.48,元/克,本地 CSV (data/exchange_rates.csv)
1978-12,黄金,gold,207.85,美元/盎司,2.0417,13.64,元/克,本地 CSV (data/exchange_rates.csv)
1979-01,黄金,gold,227.28,美元/盎司,2.05,14.98,元/克,本地 CSV (data/exchange_rates.csv)
1979-02,黄金,gold,245.67,美元/盎司,2.0583,16.26,元/克,本地 CSV (data/exchange_rates.csv)
1979-03,黄金,gold,242.05,美元/盎司,2.0667,16.08,元/克,本地 CSV (data/exchange_rates.csv)
1979-04,黄金,gold,239.11,美元/盎司,2.075,15.95,元/克,本地 CSV (data/exchange_rates.csv)
1979-05,黄金,gold,257.59,美元/盎司,2.0833,17.25,元/克,本地 CSV (data/exchange_rates.csv)
1979-06,黄金,gold,279.07,美元/盎司,2.0917,18.77,元/克,本地 CSV (data/exchange_rates.csv)
1979-07,黄金,gold,294.74,美元/盎司,2.1,19.9,元/克,本地 CSV (data/exchange_rates.csv)
1979-08,黄金,gold,300.82,美元/盎司,2.1083,20.39,元/克,本地 CSV (data/exchange_rates.csv)
1979-09,黄金,gold,354.95,美元/盎司,2.1167,24.16,元/克,本地 CSV (data/exchange_rates.csv)
1979-10,黄金,gold,391.66,美元/盎司,2.125,26.76,元/克,本地 CSV (data/exchange_rates.csv)
1979-11,黄金,gold,391.99,美元/盎司,2.1333,26.89,元/克,本地 CSV (data/exchange_rates.csv)
1979-12,黄金,gold,455.08,美元/盎司,2.1417,31.34,元/克,本地 CSV (data/exchange_rates.csv)
1980-01,黄金,gold,675.31,美元/盎司,2.15,46.68,元/克,本地 CSV (data/exchange_rates.csv)
1980-02,黄金,gold,665.32,美元/盎司,2.1583,46.17,元/克,本地 CSV (data/exchange_rates.csv)
1980-03,黄金,gold,553.58,美元/盎司,2.1667,38.56,元/克,本地 CSV (data/exchange_rates.csv)
1980-04,黄金,gold,517.41,美元/盎司,2.175,36.18,元/克,本地 CSV (data/exchange_rates.csv)
1980-05,黄金,gold,513.8,美元/盎司,2.1833,36.07,元/克,本地 CSV (data/exchange_rates.csv)
1980-06,黄金,gold,600.72,美元/盎司,2.1917,42.33,元/克,本地 CSV (data/exchange_rates.csv)
1980-07,黄金,gold,643.27,美元/盎司,2.2,45.5,元/克,本地 CSV (data/exchange_rates.csv)
1980-08,黄金,gold,627.15,美元/盎司,1.705,34.38,元/克,本地 CSV (data/exchange_rates.csv)
1980-09,黄金,gold,673.63,美元/盎司,1.705,36.93,元/克,本地 CSV (data/exchange_rates.csv)
1980-10,黄金,gold,661.15,美元/盎司,1.705,36.24,元/克,本地 CSV (data/exchange_rates.csv)
1980-11,黄金,gold,624.77,美元/盎司,1.705,34.25,元/克,本地 CSV (data/exchange_rates.csv)
1980-12,黄金,gold,538.26,美元/盎司,1.705,29.51,元/克,本地 CSV (data/exchange_rates.csv)
1981-01,黄金,gold,557.39,美元/盎司,1.705,30.55,元/克,本地 CSV (data/exchange_rates.csv)
1981-02,黄金,gold,499.76,美元/盎司,2.025,32.54,元/克,本地 CSV (data/exchange_rates.csv)
1981-03,黄金,gold,499.11,美元/盎司,2.05,32.9,元/克,本地 CSV (data/exchange_rates.csv)
1981-04,黄金,gold,495.8,美元/盎司,2.075,33.08,元/克,本地 CSV (data/exchange_rates.csv)
1981-05,黄金,gold,479.7,美元/盎司,2.1,32.39,元/克,本地 CSV (data/exchange_rates.csv)
1981-06,黄金,gold,461.09,美元/盎司,2.125,31.5,元/克,本地 CSV (data/exchange_rates.csv)
1981-07,黄金,gold,409.07,美元/盎司,2.15,28.28,元/克,本地 CSV (data/exchange_rates.csv)
1981-08,黄金,gold,410.16,美元/盎司,2.175,28.68,元/克,本地 CSV (data/exchange_rates.csv)
1981-09,黄金,gold,443.75,美元/盎司,2.2,31.39,元/克,本地 CSV (data/exchange_rates.csv)
1981-10,黄金,gold,437.76,美元/盎司,2.225,31.32,元/克,本地 CSV (data/exchange_rates.csv)
1981-11,黄金,gold,413.37,美元/盎司,2.25,29.9,元/克,本地 CSV (data/exchange_rates.csv)
1981-12,黄金,gold,410.09,美元/盎司,2.275,30.0,元/克,本地 CSV (data/exchange_rates.csv)
1982-01,黄金,gold,384.14,美元/盎司,2.3,28.41,元/克,本地 CSV (data/exchange_rates.csv)
1982-02,黄金,gold,374.13,美元/盎司,2.325,27.97,元/克,本地 CSV (data/exchange_rates.csv)
1982-03,黄金,gold,330.25,美元/盎司,2.35,24.95,元/克,本地 CSV (data/exchange_rates.csv)
1982-04,黄金,gold,350.3,美元/盎司,2.375,26.75,元/克,本地 CSV (data/exchange_rates.csv)
1982-05,黄金,gold,333.71,美元/盎司,2.4,25.75,元/克,本地 CSV (data/exchange_rates.csv)
1982-06,黄金,gold,314.98,美元/盎司,2.425,24.56,元/克,本地 CSV (data/exchange_rates.csv)
1982-07,黄金,gold,338.97,美元/盎司,2.45,26.7,元/克,本地 CSV (data/exchange_rates.csv)
1982-08,黄金,gold,364.23,美元/盎司,2.475,28.98,元/克,本地 CSV (data/exchange_rates.csv)
1982-09,黄金,gold,437.31,美元/盎司,2.5,35.15,元/克,本地 CSV (data/exchange_rates.csv)
1982-10,黄金,gold,422.15,美元/盎司,2.525,34.27,元/克,本地 CSV (data/exchange_rates.csv)
1982-11,黄金,gold,414.89,美元/盎司,2.55,34.01,元/克,本地 CSV (data/exchange_rates.csv)
1982-12,黄金,gold,444.5,美元/盎司,2.575,36.8,元/克,本地 CSV (data/exchange_rates.csv)
1983-01,黄金,gold,481.29,美元/盎司,2.6,40.23,元/克,本地 CSV (data/exchange_rates.csv)
1983-02,黄金,gold,491.09,美元/盎司,2.625,41.45,元/克,本地 CSV (data/exchange_rates.csv)
1983-03,黄金,gold,419.7,美元/盎司,2.65,35.76,元/克,本地 CSV (data/exchange_rates.csv)
1983-04,黄金,gold,432.88,美元/盎司,2.675,37.23,元/克,本地 CSV (data/exchange_rates.csv)
1983-05,黄金,gold,438.01,美元/盎司,2.7,38.02,元/克,本地 CSV (data/exchange_rates.csv)
1983-06,黄金,gold,412.84,美元/盎司,2.725,36.17,元/克,本地 CSV (data/exchange_rates.csv)
1983-07,黄金,gold,402.91,美元/盎司,2.75,35.62,元/克,本地 CSV (data/exchange_rates.csv)
1983-08,黄金,gold,416.2,美元/盎司,2.775,37.13,元/克,本地 CSV (data/exchange_rates.csv)
1983-09,黄金,gold,411.8,美元/盎司,2.8,37.07,元/克,本地 CSV (data/exchange_rates.csv)
1983-10,黄金,gold,393.6,美元/盎司,2.825,35.75,元/克,本地 CSV (data/exchange_rates.csv)
1983-11,黄金,gold,381.7,美元/盎司,2.85,34.98,元/克,本地 CSV (data/exchange_rates.csv)
1983-12,黄金,gold,388.34,美元/盎司,2.875,35.9,元/克,本地 CSV (data/exchange_rates.csv)
1984-01,黄金,gold,370.89,美元/盎司,2.9,34.58,元/克,本地 CSV (data/exchange_rates.csv)
1984-02,黄金,gold,385.96,美元/盎司,2.925,36.3,元/克,本地 CSV (data/exchange_rates.csv)
1984-03,黄金,gold,394.26,美元/盎司,2.95,37.39,元/克,本地 CSV (data/exchange_rates.csv)
1984-04,黄金,gold,381.37,美元/盎司,2.975,36.48,元/克,本地 CSV (data/exchange_rates.csv)
1984-05,黄金,gold,377.4,美元/盎司,3.0,36.4,元/克,本地 CSV (data/exchange_rates.csv)
1984-06,黄金,gold,377.7,美元/盎司,3.025,36.73,元/克,本地 CSV (data/exchange_rates.csv)
1984-07,黄金,gold,347.71,美元/盎司,3.05,34.1,元/克,本地 CSV (data/exchange_rates.csv)
1984-08,黄金,gold,347.7,美元/盎司,2.9366,32.83,元/克,本地 CSV (data/exchange_rates.csv)
1984-09,黄金,gold,340.2,美元/盎司,2.9366,32.12,元/克,本地 CSV (data/exchange_rates.csv)
1984-10,黄金,gold,341.0,美元/盎司,2.9366,32.2,元/克,本地 CSV (data/exchange_rates.csv)
1984-11,黄金,gold,342.0,美元/盎司,2.9366,32.29,元/克,本地 CSV (data/exchange_rates.csv)
1984-12,黄金,gold,319.54,美元/盎司,2.9366,30.17,元/克,本地 CSV (data/exchange_rates.csv)
1985-01,黄金,gold,302.79,美元/盎司,2.9366,28.59,元/克,本地 CSV (data/exchange_rates.csv)
1985-02,黄金,gold,299.1,美元/盎司,2.9366,28.24,元/克,本地 CSV (data/exchange_rates.csv)
1985-03,黄金,gold,313.5,美元/盎司,2.9366,29.6,元/克,本地 CSV (data/exchange_rates.csv)
1985-04,黄金,gold,326.8,美元/盎司,2.9366,30.85,元/克,本地 CSV (data/exchange_rates.csv)
1985-05,黄金,gold,316.0,美元/盎司,2.9366,29.83,元/克,本地 CSV (data/exchange_rates.csv)
1985-06,黄金,gold,316.5,美元/盎司,2.9366,29.88,元/克,本地 CSV (data/exchange_rates.csv)
1985-07,黄金,gold,317.2,美元/盎司,2.9366,29.95,元/克,本地 CSV (data/exchange_rates.csv)
1985-08,黄金,gold,330.4,美元/盎司,3.45,36.65,元/克,本地 CSV (data/exchange_rates.csv)
1985-09,黄金,gold,323.35,美元/盎司,3.45,35.87,元/克,本地 CSV (data/exchange_rates.csv)
1985-10,黄金,gold,325.85,美元/盎司,3.45,36.14,元/克,本地 CSV (data/exchange_rates.csv)
1985-11,黄金,gold,321.5,美元/盎司,3.45,35.66,元/克,本地 CSV (data/exchange_rates.csv)
1985-12,黄金,gold,321.9,美元/盎司,3.45,35.71,元/克,本地 CSV (data/exchange_rates.csv)
1986-01,黄金,gold,347.48,美元/盎司,3.45,38.54,元/克,本地 CSV (data/exchange_rates.csv)
1986-02,黄金,gold,338.89,美元/盎司,3.45,37.59,元/克,本地 CSV (data/exchange_rates.csv)
1986-03,黄金,gold,345.7,美元/盎司,3.45,38.35,元/克,本地 CSV (data/exchange_rates.csv)
1986-04,黄金,gold,340.44,美元/盎司,3.45,37.76,元/克,本地 CSV (data/exchange_rates.csv)
1986-05,黄金,gold,342.4,美元/盎司,3.45,37.98,元/克,本地 CSV (data/exchange_rates.csv)
1986-06,黄金,gold,342.7,美元/盎司,3.45,38.01,元/克,本地 CSV (data/exchange_rates.csv)
1986-07,黄金,gold,348.34,美元/盎司,3.45,38.64,元/克,本地 CSV (data/exchange_rates.csv)
1986-08,黄金,gold,376.66,美元/盎司,3.72,45.05,元/克,本地 CSV (data/exchange_rates.csv)
1986-09,黄金,gold,417.73,美元/盎司,3.72,49.96,元/克,本地 CSV (data/exchange_rates.csv)
1986-10,黄金,gold,423.51,美元/盎司,3.72,50.65,元/克,本地 CSV (data/exchange_rates.csv)
1986-11,黄金,gold,397.56,美元/盎司,3.72,47.55,元/克,本地 CSV (data/exchange_rates.csv)
1986-12,黄金,gold,390.92,美元/盎司,3.72,46.75,元/克,本地 CSV (data/exchange_rates.csv)
1987-01,黄金,gold,408.26,美元/盎司,3.72,48.83,元/克,本地 CSV (data/exchange_rates.csv)
1987-02,黄金,gold,401.12,美元/盎司,3.72,47.97,元/克,本地 CSV (data/exchange_rates.csv)
1987-03,黄金,gold,408.91,美元/盎司,3.72,48.91,元/克,本地 CSV (data/exchange_rates.csv)
1987-04,黄金,gold,438.35,美元/盎司,3.72,52.43,元/克,本地 CSV (data/exchange_rates.csv)
1987-05,黄金,gold,460.23,美元/盎司,3.72,55.04,元/克,本地 CSV (data/exchange_rates.csv)
1987-06,黄金,gold,449.59,美元/盎司,3.72,53.77,元/克,本地 CSV (data/exchange_rates.csv)
1987-07,黄金,gold,450.52,美元/盎司,3.72,53.88,元/克,本地 CSV (data/exchange_rates.csv)
1987-08,黄金,gold,461.15,美元/盎司,3.72,55.15,元/克,本地 CSV (data/exchange_rates.csv)
1987-09,黄金,gold,460.38,美元/盎司,3.72,55.06,元/克,本地 CSV (data/exchange_rates.csv)
1987-10,黄金,gold,465.35,美元/盎司,3.72,55.66,元/克,本地 CSV (data/exchange_rates.csv)
1987-11,黄金,gold,467.57,美元/盎司,3.72,55.92,元/克,本地 CSV (data/exchange_rates.csv)
1987-12,黄金,gold,486.24,美元/盎司,3.72,58.15,元/克,本地 CSV (data/exchange_rates.csv)
1988-01,黄金,gold,476.58,美元/盎司,3.72,57.0,元/克,本地 CSV (data/exchange_rates.csv)
1988-02,黄金,gold,442.07,美元/盎司,3.72,52.87,元/克,本地 CSV (data/exchange_rates.csv)
1988-03,黄金,gold,443.61,美元/盎司,3.72,53.06,元/克,本地 CSV (data/exchange_rates.csv)
1988-04,黄金,gold,451.55,美元/盎司,3.72,54.01,元/克,本地 CSV (data/exchange_rates.csv)
1988-05,黄金,gold,451.07,美元/盎司,3.72,53.95,元/克,本地 CSV (data/exchange_rates.csv)
1988-06,黄金,gold,451.33,美元/盎司,3.72,53.98,元/克,本地 CSV (data/exchange_rates.csv)
1988-07,黄金,gold,437.63,美元/盎司,3.72,52.34,元/克,本地 CSV (data/exchange_rates.csv)
1988-08,黄金,gold,431.28,美元/盎司,3.72,51.58,元/克,本地 CSV (data/exchange_rates.csv)
1988-09,黄金,gold,413.46,美元/盎司,3.72,49.45,元/克,本地 CSV (data/exchange_rates.csv)
1988-10,黄金,gold,406.78,美元/盎司,3.72,48.65,元/克,本地 CSV (data/exchange_rates.csv)
1988-11,黄金,gold,420.17,美元/盎司,3.72,50.25,元/克,本地 CSV (data/exchange_rates.csv)
1988-12,黄金,gold,419.05,美元/盎司,3.72,50.12,元/克,本地 CSV (data/exchange_rates.csv)
1989-01,黄金,gold,404.01,美元/盎司,3.72,48.32,元/克,本地 CSV (data/exchange_rates.csv)
1989-02,黄金,gold,387.51,美元/盎司,3.72,46.35,元/克,本地 CSV (data/exchange_rates.csv)
1989-03,黄金,gold,390.15,美元/盎司,3.72,46.66,元/克,本地 CSV (data/exchange_rates.csv)
1989-04,黄金,gold,384.4,美元/盎司,3.72,45.97,元/克,本地 CSV (data/exchange_rates.csv)
1989-05,黄金,gold,371.05,美元/盎司,3.72,44.38,元/克,本地 CSV (data/exchange_rates.csv)
1989-06,黄金,gold,367.6,美元/盎司,3.72,43.97,元/克,本地 CSV (data/exchange_rates.csv)
1989-07,黄金,gold,375.04,美元/盎司,3.72,44.86,元/克,本地 CSV (data/exchange_rates.csv)
1989-08,黄金,gold,365.14,美元/盎司,4.78,56.11,元/克,本地 CSV (data/exchange_rates.csv)
1989-09,黄金,gold,361.75,美元/盎司,4.78,55.59,元/克,本地 CSV (data/exchange_rates.csv)
1989-10,黄金,gold,366.88,美元/盎司,4.78,56.38,元/克,本地 CSV (data/exchange_rates.csv)
1989-11,黄金,gold,394.26,美元/盎司,4.78,60.59,元/克,本地 CSV (data/exchange_rates.csv)
1989-12,黄金,gold,409.39,美元/盎司,4.78,62.92,元/克,本地 CSV (data/exchange_rates.csv)
1990-01,黄金,gold,410.11,美元/盎司,4.78,63.03,元/克,本地 CSV (data/exchange_rates.csv)
1990-02,黄金,gold,416.81,美元/盎司,4.78,64.06,元/克,本地 CSV (data/exchange_rates.csv)
1990-03,黄金,gold,393.06,美元/盎司,4.78,60.41,元/克,本地 CSV (data/exchange_rates.csv)
1990-04,黄金,gold,374.24,美元/盎司,4.78,57.51,元/克,本地 CSV (data/exchange_rates.csv)
1990-05,黄金,gold,369.05,美元/盎司,4.78,56.72,元/克,本地 CSV (data/exchange_rates.csv)
1990-06,黄金,gold,352.33,美元/盎司,4.78,54.15,元/克,本地 CSV (data/exchange_rates.csv)
1990-07,黄金,gold,362.53,美元/盎司,4.78,55.71,元/克,本地 CSV (data/exchange_rates.csv)
1990-08,黄金,gold,394.73,美元/盎司,5.32,67.52,元/克,本地 CSV (data/exchange_rates.csv)
1990-09,黄金,gold,389.32,美元/盎司,5.32,66.59,元/克,本地 CSV (data/exchange_rates.csv)
1990-10,黄金,gold,380.74,美元/盎司,5.32,65.12,元/克,本地 CSV (data/exchange_rates.csv)
1990-11,黄金,gold,381.73,美元/盎司,5.32,65.29,元/克,本地 CSV (data/exchange_rates.csv)
1990-12,黄金,gold,376.95,美元/盎司,5.32,64.47,元/克,本地 CSV (data/exchange_rates.csv)
1991-01,黄金,gold,383.64,美元/盎司,5.32,65.62,元/克,本地 CSV (data/exchange_rates.csv)
1991-02,黄金,gold,363.83,美元/盎司,5.32,62.23,元/克,本地 CSV (data/exchange_rates.csv)
1991-03,黄金,gold,363.34,美元/盎司,5.32,62.15,元/克,本地 CSV (data/exchange_rates.csv)
1991-04,黄金,gold,358.38,美元/盎司,5.32,61.3,元/克,本地 CSV (data/exchange_rates.csv)
1991-05,黄金,gold,356.95,美元/盎司,5.32,61.05,元/克,本地 CSV (data/exchange_rates.csv)
1991-06,黄金,gold,366.72,美元/盎司,5.32,62.72,元/克,本地 CSV (data/exchange_rates.csv)
1991-07,黄金,gold,367.69,美元/盎司,5.32,62.89,元/克,本地 CSV (data/exchange_rates.csv)
1991-08,黄金,gold,356.31,美元/盎司,5.51,63.12,元/克,本地 CSV (data/exchange_rates.csv)
1991-09,黄金,gold,348.74,美元/盎司,5.51,61.78,元/克,本地 CSV (data/exchange_rates.csv)
1991-10,黄金,gold,358.69,美元/盎司,5.51,63.54,元/克,本地 CSV (data/exchange_rates.csv)
1991-11,黄金,gold,360.17,美元/盎司,5.51,63.8,元/克,本地 CSV (data/exchange_rates.csv)
1991-12,黄金,gold,361.73,美元/盎司,5.51,64.08,元/克,本地 CSV (data/exchange_rates.csv)
1992-01,黄金,gold,354.45,美元/盎司,5.51,62.79,元/克,本地 CSV (data/exchange_rates.csv)
1992-02,黄金,gold,353.91,美元/盎司,5.51,62.7,元/克,本地 CSV (data/exchange_rates.csv)
1992-03,黄金,gold,344.34,美元/盎司,5.51,61.0,元/克,本地 CSV (data/exchange_rates.csv)
1992-04,黄金,gold,338.62,美元/盎司,5.51,59.99,元/克,本地 CSV (data/exchange_rates.csv)
1992-05,黄金,gold,337.24,美元/盎司,5.51,59.74,元/克,本地 CSV (data/exchange_rates.csv)
1992-06,黄金,gold,340.81,美元/盎司,5.51,60.37,元/克,本地 CSV (data/exchange_rates.csv)
1992-07,黄金,gold,352.72,美元/盎司,5.51,62.48,元/克,本地 CSV (data/exchange_rates.csv)
1992-08,黄金,gold,343.06,美元/盎司,5.76,63.53,元/克,本地 CSV (data/exchange_rates.csv)
1992-09,黄金,gold,345.43,美元/盎司,5.76,63.97,元/克,本地 CSV (data/exchange_rates.csv)
1992-10,黄金,gold,344.38,美元/盎司,5.76,63.78,元/克,本地 CSV (data/exchange_rates.csv)
1992-11,黄金,gold,335.02,美元/盎司,5.76,62.04,元/克,本地 CSV (data/exchange_rates.csv)
1992-12,黄金,gold,334.82,美元/盎司,5.76,62.0,元/克,本地 CSV (data/exchange_rates.csv)
1993-01,黄金,gold,329.01,美元/盎司,5.76,60.93,元/克,本地 CSV (data/exchange_rates.csv)
1993-02,黄金,gold,329.31,美元/盎司,5.76,60.98,元/克,本地 CSV (data/exchange_rates.csv)
1993-03,黄金,gold,330.08,美元/盎司,5.76,61.13,元/克,本地 CSV (data/exchange_rates.csv)
1993-04,黄金,gold,342.15,美元/盎司,5.76,63.36,元/克,本地 CSV (data/exchange_rates.csv)
1993-05,黄金,gold,367.18,美元/盎司,5.76,68.0,元/克,本地 CSV (data/exchange_rates.csv)
1993-06,黄金,gold,371.89,美元/盎司,5.76,68.87,元/克,本地 CSV (data/exchange_rates.csv)
1993-07,黄金,gold,392.19,美元/盎司,5.76,72.63,元/克,本地 CSV (data/exchange_rates.csv)
1993-08,黄金,gold,378.84,美元/盎司,5.8,70.64,元/克,本地 CSV (data/exchange_rates.csv)
1993-09,黄金,gold,355.28,美元/盎司,5.8,66.25,元/克,本地 CSV (data/exchange_rates.csv)
1993-10,黄金,gold,364.18,美元/盎司,5.8,67.91,元/克,本地 CSV (data/exchange_rates.csv)
1993-11,黄金,gold,373.83,美元/盎司,5.8,69.71,元/克,本地 CSV (data/exchange_rates.csv)
1993-12,黄金,gold,383.3,美元/盎司,8.0417,99.1,元/克,本地 CSV (data/exchange_rates.csv)
1994-01,黄金,gold,386.88,美元/盎司,8.05,100.13,元/克,本地 CSV (data/exchange_rates.csv)
1994-02,黄金,gold,381.91,美元/盎司,8.0583,98.95,元/克,本地 CSV (data/exchange_rates.csv)
1994-03,黄金,gold,384.13,美元/盎司,8.0667,99.62,元/克,本地 CSV (data/exchange_rates.csv)
1994-04,黄金,gold,377.27,美元/盎司,8.075,97.95,元/克,本地 CSV (data/exchange_rates.csv)
1994-05,黄金,gold,381.43,美元/盎司,8.0833,99.13,元/克,本地 CSV (data/exchange_rates.csv)
1994-06,黄金,gold,385.64,美元/盎司,8.0917,100.33,元/克,本地 CSV (data/exchange_rates.csv)
1994-07,黄金,gold,385.49,美元/盎司,8.1,100.39,元/克,本地 CSV (data/exchange_rates.csv)
1994-08,黄金,gold,380.36,美元/盎司,8.1083,99.16,元/克,本地 CSV (data/exchange_rates.csv)
1994-09,黄金,gold,391.58,美元/盎司,8.1167,102.19,元/克,本地 CSV (data/exchange_rates.csv)
1994-10,黄金,gold,389.77,美元/盎司,8.125,101.82,元/克,本地 CSV (data/exchange_rates.csv)
1994-11,黄金,gold,384.39,美元/盎司,8.1333,100.51,元/克,本地 CSV (data/exchange_rates.csv)
1994-12,黄金,gold,379.29,美元/盎司,8.1417,99.28,元/克,本地 CSV (data/exchange_rates.csv)
1995-01,黄金,gold,378.55,美元/盎司,8.15,99.19,元/克,本地 CSV (data/exchange_rates.csv)
1995-02,黄金,gold,376.64,美元/盎司,8.1583,98.79,元/克,本地 CSV (data/exchange_rates.csv)
1995-03,黄金,gold,382.12,美元/盎司,8.1667,100.33,元/克,本地 CSV (data/exchange_rates.csv)
1995-04,黄金,gold,391.03,美元/盎司,8.175,102.78,元/克,本地 CSV (data/exchange_rates.csv)
1995-05,黄金,gold,385.22,美元/盎司,8.1833,101.35,元/克,本地 CSV (data/exchange_rates.csv)
1995-06,黄金,gold,387.56,美元/盎司,8.1917,102.07,元/克,本地 CSV (data/exchange_rates.csv)
1995-07,黄金,gold,386.23,美元/盎司,8.2,101.82,元/克,本地 CSV (data/exchange_rates.csv)
1995-08,黄金,gold,383.67,美元/盎司,8.2083,101.25,元/克,本地 CSV (data/exchange_rates.csv)
1995-09,黄金,gold,383.06,美元/盎司,8.2167,101.19,元/克,本地 CSV (data/exchange_rates.csv)
1995-10,黄金,gold,383.14,美元/盎司,8.225,101.32,元/克,本地 CSV (data/exchange_rates.csv)
1995-11,黄金,gold,385.31,美元/盎司,8.2333,101.99,元/克,本地 CSV (data/exchange_rates.csv)
1995-12,黄金,gold,387.44,美元/盎司,8.2417,102.66,元/克,本地 CSV (data/exchange_rates.csv)
1996-01,黄金,gold,399.45,美元/盎司,8.25,105.95,元/克,本地 CSV (data/exchange_rates.csv)
1996-02,黄金,gold,404.76,美元/盎司,8.2583,107.47,元/克,本地 CSV (data/exchange_rates.csv)
1996-03,黄金,gold,396.21,美元/盎司,8.2667,105.3,元/克,本地 CSV (data/exchange_rates.csv)
1996-04,黄金,gold,392.85,美元/盎司,8.275,104.52,元/克,本地 CSV (data/exchange_rates.csv)
1996-05,黄金,gold,391.93,美元/盎司,8.2833,104.38,元/克,本地 CSV (data/exchange_rates.csv)
1996-06,黄金,gold,385.27,美元/盎司,8.2917,102.71,元/克,本地 CSV (data/exchange_rates.csv)
1996-07,黄金,gold,383.47,美元/盎司,8.3,102.33,元/克,本地 CSV (data/exchange_rates.csv)
1996-08,黄金,gold,387.35,美元/盎司,8.3083,103.47,元/克,本地 CSV (data/exchange_rates.csv)
1996-09,黄金,gold,383.14,美元/盎司,8.3167,102.45,元/克,本地 CSV (data/exchange_rates.csv)
1996-10,黄金,gold,381.07,美元/盎司,8.325,102.0,元/克,本地 CSV (data/exchange_rates.csv)
1996-11,黄金,gold,377.85,美元/盎司,8.3333,101.23,元/克,本地 CSV (data/exchange_rates.csv)
1996-12,黄金,gold,369.0,美元/盎司,8.3417,98.96,元/克,本地 CSV (data/exchange_rates.csv)
1997-01,黄金,gold,355.11,美元/盎司,8.277,94.5,元/克,本地 CSV (data/exchange_rates.csv)
1997-02,黄金,gold,346.58,美元/盎司,8.277,92.23,元/克,本地 CSV (data/exchange_rates.csv)
1997-03,黄金,gold,351.81,美元/盎司,8.277,93.62,元/克,本地 CSV (data/exchange_rates.csv)
1997-04,黄金,gold,344.47,美元/盎司,8.277,91.67,元/克,本地 CSV (data/exchange_rates.csv)
1997-05,黄金,gold,343.84,美元/盎司,8.277,91.5,元/克,本地 CSV (data/exchange_rates.csv)
1997-06,黄金,gold,340.76,美元/盎司,8.277,90.68,元/克,本地 CSV (data/exchange_rates.csv)
1997-07,黄金,gold,324.1,美元/盎司,8.277,86.25,元/克,本地 CSV (data/exchange_rates.csv)
1997-08,黄金,gold,324.01,美元/盎司,8.277,86.22,元/克,本地 CSV (data/exchange_rates.csv)
1997-09,黄金,gold,322.82,美元/盎司,8.277,85.91,元/克,本地 CSV (data/exchange_rates.csv)
1997-10,黄金,gold,324.87,美元/盎司,8.277,86.45,元/克,本地 CSV (data/exchange_rates.csv)
1997-11,黄金,gold,306.04,美元/盎司,8.277,81.44,元/克,本地 CSV (data/exchange_rates.csv)
1997-12,黄金,gold,288.74,美元/盎司,8.277,76.84,元/克,本地 CSV (data/exchange_rates.csv)
1998-01,黄金,gold,289.1,美元/盎司,8.277,76.93,元/克,本地 CSV (data/exchange_rates.csv)
1998-02,黄金,gold,297.49,美元/盎司,8.277,79.17,元/克,本地 CSV (data/exchange_rates.csv)
1998-03,黄金,gold,295.94,美元/盎司,8.277,78.75,元/克,本地 CSV (data/exchange_rates.csv)
1998-04,黄金,gold,308.29,美元/盎司,8.277,82.04,元/克,本地 CSV (data/exchange_rates.csv)
1998-05,黄金,gold,299.1,美元/盎司,8.277,79.59,元/克,本地 CSV (data/exchange_rates.csv)
1998-06,黄金,gold,292.32,美元/盎司,8.277,77.79,元/克,本地 CSV (data/exchange_rates.csv)
1998-07,黄金,gold,292.87,美元/盎司,8.277,77.94,元/克,本地 CSV (data/exchange_rates.csv)
1998-08,黄金,gold,284.11,美元/盎司,8.277,75.6,元/克,本地 CSV (data/exchange_rates.csv)
1998-09,黄金,gold,288.98,美元/盎司,8.277,76.9,元/克,本地 CSV (data/exchange_rates.csv)
1998-10,黄金,gold,295.93,美元/盎司,8.277,78.75,元/克,本地 CSV (data/exchange_rates.csv)
1998-11,黄金,gold,294.12,美元/盎司,8.277,78.27,元/克,本地 CSV (data/exchange_rates.csv)
1998-12,黄金,gold,291.68,美元/盎司,8.277,77.62,元/克,本地 CSV (data/exchange_rates.csv)
1999-01,黄金,gold,287.08,美元/盎司,8.277,76.4,元/克,本地 CSV (data/exchange_rates.csv)
1999-02,黄金,gold,287.33,美元/盎司,8.277,76.46,元/克,本地 CSV (data/exchange_rates.csv)
1999-03,黄金,gold,285.96,美元/盎司,8.277,76.1,元/克,本地 CSV (data/exchange_rates.csv)
1999-04,黄金,gold,282.62,美元/盎司,8.277,75.21,元/克,本地 CSV (data/exchange_rates.csv)
1999-05,黄金,gold,276.44,美元/盎司,8.277,73.56,元/克,本地 CSV (data/exchange_rates.csv)
1999-06,黄金,gold,261.31,美元/盎司,8.277,69.54,元/克,本地 CSV (data/exchange_rates.csv)
1999-07,黄金,gold,256.08,美元/盎司,8.277,68.15,元/克,本地 CSV (data/exchange_rates.csv)
1999-08,黄金,gold,256.69,美元/盎司,8.277,68.31,元/克,本地 CSV (data/exchange_rates.csv)
1999-09,黄金,gold,264.74,美元/盎司,8.277,70.45,元/克,本地 CSV (data/exchange_rates.csv)
1999-10,黄金,gold,310.72,美元/盎司,8.277,82.69,元/克,本地 CSV (data/exchange_rates.csv)
1999-11,黄金,gold,293.18,美元/盎司,8.277,78.02,元/克,本地 CSV (data/exchange_rates.csv)
1999-12,黄金,gold,283.07,美元/盎司,8.277,75.33,元/克,本地 CSV (data/exchange_rates.csv)
2000-01,黄金,gold,284.32,美元/盎司,8.277,75.66,元/克,本地 CSV (data/exchange_rates.csv)
2000-02,黄金,gold,299.86,美元/盎司,8.277,79.8,元/克,本地 CSV (data/exchange_rates.csv)
2000-03,黄金,gold,286.39,美元/盎司,8.277,76.21,元/克,本地 CSV (data/exchange_rates.csv)
2000-04,黄金,gold,279.69,美元/盎司,8.277,74.43,元/克,本地 CSV (data/exchange_rates.csv)
2000-05,黄金,gold,275.19,美元/盎司,8.277,73.23,元/克,本地 CSV (data/exchange_rates.csv)
2000-06,黄金,gold,285.73,美元/盎司,8.277,76.04,元/克,本地 CSV (data/exchange_rates.csv)
2000-07,黄金,gold,281.59,美元/盎司,8.277,74.93,元/克,本地 CSV (data/exchange_rates.csv)
2000-08,黄金,gold,274.47,美元/盎司,8.277,73.04,元/克,本地 CSV (data/exchange_rates.csv)
2000-09,黄金,gold,273.68,美元/盎司,8.277,72.83,元/克,本地 CSV (data/exchange_rates.csv)
2000-10,黄金,gold,270.0,美元/盎司,8.277,71.85,元/克,本地 CSV (data/exchange_rates.csv)
2000-11,黄金,gold,266.01,美元/盎司,8.277,70.79,元/克,本地 CSV (data/exchange_rates.csv)
2000-12,黄金,gold,271.45,美元/盎司,8.277,72.24,元/克,本地 CSV (data/exchange_rates.csv)
2001-01,黄金,gold,265.49,美元/盎司,8.277,70.65,元/克,本地 CSV (data/exchange_rates.csv)
2001-02,黄金,gold,261.87,美元/盎司,8.277,69.69,元/克,本地 CSV (data/exchange_rates.csv)
2001-03,黄金,gold,263.03,美元/盎司,8.277,70.0,元/克,本地 CSV (data/exchange_rates.csv)
2001-04,黄金,gold,260.48,美元/盎司,8.277,69.32,元/克,本地 CSV (data/exchange_rates.csv)
2001-05,黄金,gold,272.36,美元/盎司,8.277,72.48,元/克,本地 CSV (data/exchange_rates.csv)
2001-06,黄金,gold,270.23,美元/盎司,8.277,71.91,元/克,本地 CSV (data/exchange_rates.csv)
2001-07,黄金,gold,267.53,美元/盎司,8.277,71.19,元/克,本地 CSV (data/exchange_rates.csv)
2001-08,黄金,gold,272.39,美元/盎司,8.277,72.49,元/克,本地 CSV (data/exchange_rates.csv)
2001-09,黄金,gold,283.42,美元/盎司,8.277,75.42,元/克,本地 CSV (data/exchange_rates.csv)
2001-10,黄金,gold,283.06,美元/盎司,8.277,75.33,元/克,本地 CSV (data/exchange_rates.csv)
2001-11,黄金,gold,276.16,美元/盎司,8.277,73.49,元/克,本地 CSV (data/exchange_rates.csv)
2001-12,黄金,gold,275.85,美元/盎司,8.277,73.41,元/克,本地 CSV (data/exchange_rates.csv)
2002-01,黄金,gold,281.51,美元/盎司,8.277,74.91,元/克,本地 CSV (data/exchange_rates.csv)
2002-02,黄金,gold,295.5,美元/盎司,8.277,78.64,元/克,本地 CSV (data/exchange_rates.csv)
2002-03,黄金,gold,294.06,美元/盎司,8.277,78.25,元/克,本地 CSV (data/exchange_rates.csv)
2002-04,黄金,gold,302.68,美元/盎司,8.277,80.55,元/克,本地 CSV (data/exchange_rates.csv)
2002-05,黄金,gold,314.49,美元/盎司,8.277,83.69,元/克,本地 CSV (data/exchange_rates.csv)
2002-06,黄金,gold,321.18,美元/盎司,8.277,85.47,元/克,本地 CSV (data/exchange_rates.csv)
2002-07,黄金,gold,313.29,美元/盎司,8.277,83.37,元/克,本地 CSV (data/exchange_rates.csv)
2002-08,黄金,gold,310.26,美元/盎司,8.277,82.56,元/克,本地 CSV (data/exchange_rates.csv)
2002-09,黄金,gold,319.14,美元/盎司,8.277,84.93,元/克,本地 CSV (data/exchange_rates.csv)
2002-10,黄金,gold,316.56,美元/盎司,8.277,84.24,元/克,本地 CSV (data/exchange_rates.csv)
2002-11,黄金,gold,319.07,美元/盎司,8.277,84.91,元/克,本地 CSV (data/exchange_rates.csv)
2002-12,黄金,gold,331.92,美元/盎司,8.277,88.33,元/克,本地 CSV (data/exchange_rates.csv)
2003-01,黄金,gold,356.86,美元/盎司,8.277,94.96,元/克,本地 CSV (data/exchange_rates.csv)
2003-02,黄金,gold,358.97,美元/盎司,8.277,95.53,元/克,本地 CSV (data/exchange_rates.csv)
2003-03,黄金,gold,340.55,美元/盎司,8.277,90.62,元/克,本地 CSV (data/exchange_rates.csv)
2003-04,黄金,gold,328.18,美元/盎司,8.277,87.33,元/克,本地 CSV (data/exchange_rates.csv)
2003-05,黄金,gold,355.68,美元/盎司,8.277,94.65,元/克,本地 CSV (data/exchange_rates.csv)
2003-06,黄金,gold,356.35,美元/盎司,8.277,94.83,元/克,本地 CSV (data/exchange_rates.csv)
2003-07,黄金,gold,351.02,美元/盎司,8.277,93.41,元/克,本地 CSV (data/exchange_rates.csv)
2003-08,黄金,gold,359.77,美元/盎司,8.277,95.74,元/克,本地 CSV (data/exchange_rates.csv)
2003-09,黄金,gold,378.95,美元/盎司,8.277,100.84,元/克,本地 CSV (data/exchange_rates.csv)
2003-10,黄金,gold,378.92,美元/盎司,8.277,100.83,元/克,本地 CSV (data/exchange_rates.csv)
2003-11,黄金,gold,389.91,美元/盎司,8.277,103.76,元/克,本地 CSV (data/exchange_rates.csv)
2003-12,黄金,gold,406.95,美元/盎司,8.277,108.29,元/克,本地 CSV (data/exchange_rates.csv)
2004-01,黄金,gold,413.79,美元/盎司,8.277,110.11,元/克,本地 CSV (data/exchange_rates.csv)
2004-02,黄金,gold,404.88,美元/盎司,8.277,107.74,元/克,本地 CSV (data/exchange_rates.csv)
2004-03,黄金,gold,406.67,美元/盎司,8.277,108.22,元/克,本地 CSV (data/exchange_rates.csv)
2004-04,黄金,gold,403.26,美元/盎司,8.277,107.31,元/克,本地 CSV (data/exchange_rates.csv)
2004-05,黄金,gold,383.78,美元/盎司,8.277,102.13,元/克,本地 CSV (data/exchange_rates.csv)
2004-06,黄金,gold,392.37,美元/盎司,8.277,104.41,元/克,本地 CSV (data/exchange_rates.csv)
2004-07,黄金,gold,398.09,美元/盎司,8.277,105.94,元/克,本地 CSV (data/exchange_rates.csv)
2004-08,黄金,gold,400.51,美元/盎司,8.277,106.58,元/克,本地 CSV (data/exchange_rates.csv)
2004-09,黄金,gold,405.28,美元/盎司,8.277,107.85,元/克,本地 CSV (data/exchange_rates.csv)
2004-10,黄金,gold,420.46,美元/盎司,8.277,111.89,元/克,本地 CSV (data/exchange_rates.csv)
2004-11,黄金,gold,439.38,美元/盎司,8.277,116.92,元/克,本地 CSV (data/exchange_rates.csv)
2004-12,黄金,gold,442.08,美元/盎司,8.277,117.64,元/克,本地 CSV (data/exchange_rates.csv)
2005-01,黄金,gold,424.03,美元/盎司,8.277,112.84,元/克,本地 CSV (data/exchange_rates.csv)
2005-02,黄金,gold,423.35,美元/盎司,8.277,112.66,元/克,本地 CSV (data/exchange_rates.csv)
2005-03,黄金,gold,433.85,美元/盎司,8.277,115.45,元/克,本地 CSV (data/exchange_rates.csv)
2005-04,黄金,gold,429.23,美元/盎司,8.277,114.22,元/克,本地 CSV (data/exchange_rates.csv)
2005-05,黄金,gold,421.87,美元/盎司,8.277,112.26,元/克,本地 CSV (data/exchange_rates.csv)
2005-06,黄金,gold,430.66,美元/盎司,8.277,114.6,元/克,本地 CSV (data/exchange_rates.csv)
2005-07,黄金,gold,424.48,美元/盎司,8.277,112.96,元/克,本地 CSV (data/exchange_rates.csv)
2005-08,黄金,gold,437.93,美元/盎司,8.2628,116.34,元/克,本地 CSV (data/exchange_rates.csv)
2005-09,黄金,gold,456.05,美元/盎司,8.2457,120.9,元/克,本地 CSV (data/exchange_rates.csv)
2005-10,黄金,gold,469.9,美元/盎司,8.2285,124.31,元/克,本地 CSV (data/exchange_rates.csv)
2005-11,黄金,gold,476.67,美元/盎司,8.2113,125.84,元/克,本地 CSV (data/exchange_rates.csv)
2005-12,黄金,gold,510.1,美元/盎司,8.1942,134.39,元/克,本地 CSV (data/exchange_rates.csv)
2006-01,黄金,gold,549.86,美元/盎司,8.177,144.56,元/克,本地 CSV (data/exchange_rates.csv)
2006-02,黄金,gold,555.0,美元/盎司,8.1598,145.6,元/克,本地 CSV (data/exchange_rates.csv)
2006-03,黄金,gold,557.09,美元/盎司,8.1427,145.84,元/克,本地 CSV (data/exchange_rates.csv)
2006-04,黄金,gold,610.65,美元/盎司,8.1255,159.53,元/克,本地 CSV (data/exchange_rates.csv)
2006-05,黄金,gold,675.39,美元/盎司,8.1083,176.07,元/克,本地 CSV (data/exchange_rates.csv)
2006-06,黄金,gold,596.15,美元/盎司,8.0912,155.08,元/克,本地 CSV (data/exchange_rates.csv)
2006-07,黄金,gold,633.71,美元/盎司,8.074,164.5,元/克,本地 CSV (data/exchange_rates.csv)
2006-08,黄金,gold,632.59,美元/盎司,8.0568,163.86,元/克,本地 CSV (data/exchange_rates.csv)
2006-09,黄金,gold,598.19,美元/盎司,8.0397,154.62,元/克,本地 CSV (data/exchange_rates.csv)
2006-10,黄金,gold,585.78,美元/盎司,8.0225,151.09,元/克,本地 CSV (data/exchange_rates.csv)
2006-11,黄金,gold,627.83,美元/盎司,8.0053,161.59,元/克,本地 CSV (data/exchange_rates.csv)
2006-12,黄金,gold,629.79,美元/盎司,7.9882,161.75,元/克,本地 CSV (data/exchange_rates.csv)
2007-01,黄金,gold,631.17,美元/盎司,7.971,161.75,元/克,本地 CSV (data/exchange_rates.csv)
2007-02,黄金,gold,664.75,美元/盎司,7.9538,169.99,元/克,本地 CSV (data/exchange_rates.csv)
2007-03,黄金,gold,654.9,美元/盎司,7.9367,167.11,元/克,本地 CSV (data/exchange_rates.csv)
2007-04,黄金,gold,679.37,美元/盎司,7.9195,172.98,元/克,本地 CSV (data/exchange_rates.csv)
2007-05,黄金,gold,667.31,美元/盎司,7.9023,169.54,元/克,本地 CSV (data/exchange_rates.csv)
2007-06,黄金,gold,655.66,美元/盎司,7.8852,166.22,元/克,本地 CSV (data/exchange_rates.csv)
2007-07,黄金,gold,665.38,美元/盎司,7.868,168.32,元/克,本地 CSV (data/exchange_rates.csv)
2007-08,黄金,gold,665.41,美元/盎司,7.8508,167.96,元/克,本地 CSV (data/exchange_rates.csv)
2007-09,黄金,gold,712.65,美元/盎司,7.8337,179.49,元/克,本地 CSV (data/exchange_rates.csv)
2007-10,黄金,gold,754.6,美元/盎司,7.8165,189.64,元/克,本地 CSV (data/exchange_rates.csv)
2007-11,黄金,gold,806.25,美元/盎司,7.7993,202.17,元/克,本地 CSV (data/exchange_rates.csv)
2007-12,黄金,gold,803.2,美元/盎司,7.7822,200.96,元/克,本地 CSV (data/exchange_rates.csv)
2008-01,黄金,gold,889.6,美元/盎司,7.765,222.09,元/克,本地 CSV (data/exchange_rates.csv)
2008-02,黄金,gold,922.3,美元/盎司,7.7478,229.74,元/克,本地 CSV (data/exchange_rates.csv)
2008-03,黄金,gold,968.43,美元/盎司,7.7307,240.7,元/克,本地 CSV (data/exchange_rates.csv)
2008-04,黄金,gold,909.71,美元/盎司,7.7135,225.6,元/克,本地 CSV (data/exchange_rates.csv)
2008-05,黄金,gold,888.66,美元/盎司,7.6963,219.89,元/克,本地 CSV (data/exchange_rates.csv)
2008-06,黄金,gold,889.49,美元/盎司,7.6792,219.61,元/克,本地 CSV (data/exchange_rates.csv)
2008-07,黄金,gold,939.77,美元/盎司,7.662,231.5,元/克,本地 CSV (data/exchange_rates.csv)
2008-08,黄金,gold,839.03,美元/盎司,7.6448,206.22,元/克,本地 CSV (data/exchange_rates.csv)
2008-09,黄金,gold,829.93,美元/盎司,7.6277,203.53,元/克,本地 CSV (data/exchange_rates.csv)
2008-10,黄金,gold,806.62,美元/盎司,7.6105,197.37,元/克,本地 CSV (data/exchange_rates.csv)
2008-11,黄金,gold,760.86,美元/盎司,7.5933,185.75,元/克,本地 CSV (data/exchange_rates.csv)
2008-12,黄金,gold,816.09,美元/盎司,7.5762,198.78,元/克,本地 CSV (data/exchange_rates.csv)
2009-01,黄金,gold,858.69,美元/盎司,7.559,208.69,元/克,本地 CSV (data/exchange_rates.csv)
2009-02,黄金,gold,943.0,美元/盎司,7.5418,228.65,元/克,本地 CSV (data/exchange_rates.csv)
2009-03,黄金,gold,924.27,美元/盎司,7.5247,223.6,元/克,本地 CSV (data/exchange_rates.csv)
2009-04,黄金,gold,890.2,美元/盎司,7.5075,214.87,元/克,本地 CSV (data/exchange_rates.csv)
2009-05,黄金,gold,928.65,美元/盎司,7.4903,223.64,元/克,本地 CSV (data/exchange_rates.csv)
2009-06,黄金,gold,945.67,美元/盎司,7.4732,227.21,元/克,本地 CSV (data/exchange_rates.csv)
2009-07,黄金,gold,934.23,美元/盎司,7.456,223.95,元/克,本地 CSV (data/exchange_rates.csv)
2009-08,黄金,gold,949.38,美元/盎司,7.4388,227.06,元/克,本地 CSV (data/exchange_rates.csv)
2009-09,黄金,gold,996.59,美元/盎司,7.4217,237.8,元/克,本地 CSV (data/exchange_rates.csv)
2009-10,黄金,gold,1043.16,美元/盎司,7.4045,248.33,元/克,本地 CSV (data/exchange_rates.csv)
2009-11,黄金,gold,1127.04,美元/盎司,7.3873,267.68,元/克,本地 CSV (data/exchange_rates.csv)
2009-12,黄金,gold,1134.72,美元/盎司,7.3702,268.88,元/克,本地 CSV (data/exchange_rates.csv)
2010-01,黄金,gold,1117.96,美元/盎司,7.353,264.29,元/克,本地 CSV (data/exchange_rates.csv)
2010-02,黄金,gold,1095.41,美元/盎司,7.3358,258.35,元/克,本地 CSV (data/exchange_rates.csv)
2010-03,黄金,gold,1113.34,美元/盎司,7.3187,261.97,元/克,本地 CSV (data/exchange_rates.csv)
2010-04,黄金,gold,1148.69,美元/盎司,7.3015,269.65,元/克,本地 CSV (data/exchange_rates.csv)
2010-05,黄金,gold,1205.43,美元/盎司,7.2843,282.31,元/克,本地 CSV (data/exchange_rates.csv)
2010-06,黄金,gold,1232.92,美元/盎司,7.2672,288.07,元/克,本地 CSV (data/exchange_rates.csv)
2010-07,黄金,gold,1192.97,美元/盎司,7.25,278.07,元/克,本地 CSV (data/exchange_rates.csv)
2010-08,黄金,gold,1215.81,美元/盎司,7.2328,282.72,元/克,本地 CSV (data/exchange_rates.csv)
2010-09,黄金,gold,1270.98,美元/盎司,7.2157,294.85,元/克,本地 CSV (data/exchange_rates.csv)
2010-10,黄金,gold,1342.02,美元/盎司,7.1985,310.59,元/克,本地 CSV (data/exchange_rates.csv)
2010-11,黄金,gold,1369.89,美元/盎司,7.1813,316.29,元/克,本地 CSV (data/exchange_rates.csv)
2010-12,黄金,gold,1390.55,美元/盎司,7.1642,320.29,元/克,本地 CSV (data/exchange_rates.csv)
2011-01,黄金,gold,1360.46,美元/盎司,7.147,312.61,元/克,本地 CSV (data/exchange_rates.csv)
2011-02,黄金,gold,1374.68,美元/盎司,7.1298,315.12,元/克,本地 CSV (data/exchange_rates.csv)
2011-03,黄金,gold,1423.26,美元/盎司,7.1127,325.47,元/克,本地 CSV (data/exchange_rates.csv)
2011-04,黄金,gold,1480.89,美元/盎司,7.0955,337.83,元/克,本地 CSV (data/exchange_rates.csv)
2011-05,黄金,gold,1512.58,美元/盎司,7.0783,344.22,元/克,本地 CSV (data/exchange_rates.csv)
2011-06,黄金,gold,1529.36,美元/盎司,7.0612,347.2,元/克,本地 CSV (data/exchange_rates.csv)
2011-07,黄金,gold,1572.75,美元/盎司,7.044,356.18,元/克,本地 CSV (data/exchange_rates.csv)
2011-08,黄金,gold,1759.01,美元/盎司,7.0268,397.39,元/克,本地 CSV (data/exchange_rates.csv)
2011-09,黄金,gold,1772.14,美元/盎司,7.0097,399.38,元/克,本地 CSV (data/exchange_rates.csv)
2011-10,黄金,gold,1666.43,美元/盎司,6.9925,374.64,元/克,本地 CSV (data/exchange_rates.csv)
2011-11,黄金,gold,1739.0,美元/盎司,6.9753,389.99,元/克,本地 CSV (data/exchange_rates.csv)
2011-12,黄金,gold,1639.97,美元/盎司,6.9582,366.88,元/克,本地 CSV (data/exchange_rates.csv)
2012-01,黄金,gold,1654.05,美元/盎司,6.941,369.11,元/克,本地 CSV (data/exchange_rates.csv)
2012-02,黄金,gold,1744.82,美元/盎司,6.9238,388.41,元/克,本地 CSV (data/exchange_rates.csv)
2012-03,黄金,gold,1675.95,美元/盎司,6.9067,372.15,元/克,本地 CSV (data/exchange_rates.csv)
2012-04,黄金,gold,1649.2,美元/盎司,6.8895,365.3,元/克,本地 CSV (data/exchange_rates.csv)
2012-05,黄金,gold,1589.04,美元/盎司,6.8723,351.1,元/克,本地 CSV (data/exchange_rates.csv)
2012-06,黄金,gold,1598.76,美元/盎司,6.8552,352.37,元/克,本地 CSV (data/exchange_rates.csv)
2012-07,黄金,gold,1594.29,美元/盎司,6.838,350.5,元/克,本地 CSV (data/exchange_rates.csv)
2012-08,黄金,gold,1630.31,美元/盎司,6.8208,357.52,元/克,本地 CSV (data/exchange_rates.csv)
2012-09,黄金,gold,1744.81,美元/盎司,6.8037,381.67,元/克,本地 CSV (data/exchange_rates.csv)
2012-10,黄金,gold,1746.58,美元/盎司,6.7865,381.09,元/克,本地 CSV (data/exchange_rates.csv)
2012-11,黄金,gold,1721.64,美元/盎司,6.7693,374.69,元/克,本地 CSV (data/exchange_rates.csv)
2012-12,黄金,gold,1684.76,美元/盎司,6.7522,365.74,元/克,本地 CSV (data/exchange_rates.csv)
2013-01,黄金,gold,1671.85,美元/盎司,6.735,362.01,元/克,本地 CSV (data/exchange_rates.csv)
2013-02,黄金,gold,1627.57,美元/盎司,6.7178,351.53,元/克,本地 CSV (data/exchange_rates.csv)
2013-03,黄金,gold,1593.09,美元/盎司,6.7007,343.2,元/克,本地 CSV (data/exchange_rates.csv)
2013-04,黄金,gold,1487.86,美元/盎司,6.6835,319.71,元/克,本地 CSV (data/exchange_rates.csv)
2013-05,黄金,gold,1414.03,美元/盎司,6.6663,303.06,元/克,本地 CSV (data/exchange_rates.csv)
2013-06,黄金,gold,1343.35,美元/盎司,6.6492,287.18,元/克,本地 CSV (data/exchange_rates.csv)
2013-07,黄金,gold,1285.52,美元/盎司,6.632,274.1,元/克,本地 CSV (data/exchange_rates.csv)
2013-08,黄金,gold,1351.74,美元/盎司,6.6148,287.48,元/克,本地 CSV (data/exchange_rates.csv)
2013-09,黄金,gold,1348.6,美元/盎司,6.5977,286.07,元/克,本地 CSV (data/exchange_rates.csv)
2013-10,黄金,gold,1316.58,美元/盎司,6.5805,278.55,元/克,本地 CSV (data/exchange_rates.csv)
2013-11,黄金,gold,1275.86,美元/盎司,6.5633,269.23,元/克,本地 CSV (data/exchange_rates.csv)
2013-12,黄金,gold,1221.51,美元/盎司,6.5462,257.09,元/克,本地 CSV (data/exchange_rates.csv)
2014-01,黄金,gold,1244.27,美元/盎司,6.529,261.19,元/克,本地 CSV (data/exchange_rates.csv)
2014-02,黄金,gold,1299.58,美元/盎司,6.5118,272.08,元/克,本地 CSV (data/exchange_rates.csv)
2014-03,黄金,gold,1336.08,美元/盎司,6.4947,278.99,元/克,本地 CSV (data/exchange_rates.csv)
2014-04,黄金,gold,1298.45,美元/盎司,6.4775,270.41,元/克,本地 CSV (data/exchange_rates.csv)
2014-05,黄金,gold,1288.74,美元/盎司,6.4603,267.68,元/克,本地 CSV (data/exchange_rates.csv)
2014-06,黄金,gold,1279.1,美元/盎司,6.4432,264.97,元/克,本地 CSV (data/exchange_rates.csv)
2014-07,黄金,gold,1310.59,美元/盎司,6.426,270.77,元/克,本地 CSV (data/exchange_rates.csv)
2014-08,黄金,gold,1295.13,美元/盎司,6.4088,266.86,元/克,本地 CSV (data/exchange_rates.csv)
2014-09,黄金,gold,1236.55,美元/盎司,6.3917,254.11,元/克,本地 CSV (data/exchange_rates.csv)
2014-10,黄金,gold,1222.49,美元/盎司,6.3745,250.54,元/克,本地 CSV (data/exchange_rates.csv)
2014-11,黄金,gold,1175.33,美元/盎司,6.3573,240.23,元/克,本地 CSV (data/exchange_rates.csv)
2014-12,黄金,gold,1200.62,美元/盎司,6.3402,244.74,元/克,本地 CSV (data/exchange_rates.csv)
2015-01,黄金,gold,1250.75,美元/盎司,6.323,254.26,元/克,本地 CSV (data/exchange_rates.csv)
2015-02,黄金,gold,1227.08,美元/盎司,6.3058,248.77,元/克,本地 CSV (data/exchange_rates.csv)
2015-03,黄金,gold,1178.63,美元/盎司,6.2887,238.3,元/克,本地 CSV (data/exchange_rates.csv)
2015-04,黄金,gold,1198.93,美元/盎司,6.2715,241.74,元/克,本地 CSV (data/exchange_rates.csv)
2015-05,黄金,gold,1198.63,美元/盎司,6.2543,241.02,元/克,本地 CSV (data/exchange_rates.csv)
2015-06,黄金,gold,1181.5,美元/盎司,6.2372,236.93,元/克,本地 CSV (data/exchange_rates.csv)
2015-07,黄金,gold,1128.31,美元/盎司,6.22,225.64,元/克,本地 CSV (data/exchange_rates.csv)
2015-08,黄金,gold,1117.93,美元/盎司,6.64,238.66,元/克,本地 CSV (data/exchange_rates.csv)
2015-09,黄金,gold,1124.77,美元/盎司,6.64,240.12,元/克,本地 CSV (data/exchange_rates.csv)
2015-10,黄金,gold,1159.25,美元/盎司,6.64,247.48,元/克,本地 CSV (data/exchange_rates.csv)
2015-11,黄金,gold,1086.44,美元/盎司,6.64,231.93,元/克,本地 CSV (data/exchange_rates.csv)
2015-12,黄金,gold,1075.74,美元/盎司,6.64,229.65,元/克,本地 CSV (data/exchange_rates.csv)
2016-01,黄金,gold,1097.91,美元/盎司,6.64,234.38,元/克,本地 CSV (data/exchange_rates.csv)
2016-02,黄金,gold,1199.5,美元/盎司,6.64,256.07,元/克,本地 CSV (data/exchange_rates.csv)
2016-03,黄金,gold,1245.14,美元/盎司,6.64,265.81,元/克,本地 CSV (data/exchange_rates.csv)
2016-04,黄金,gold,1242.26,美元/盎司,6.64,265.2,元/克,本地 CSV (data/exchange_rates.csv)
2016-05,黄金,gold,1260.95,美元/盎司,6.64,269.19,元/克,本地 CSV (data/exchange_rates.csv)
2016-06,黄金,gold,1276.4,美元/盎司,6.64,272.49,元/克,本地 CSV (data/exchange_rates.csv)
2016-07,黄金,gold,1336.66,美元/盎司,6.64,285.35,元/克,本地 CSV (data/exchange_rates.csv)
2016-08,黄金,gold,1340.17,美元/盎司,6.75,290.84,元/克,本地 CSV (data/exchange_rates.csv)
2016-09,黄金,gold,1326.61,美元/盎司,6.75,287.9,元/克,本地 CSV (data/exchange_rates.csv)
2016-10,黄金,gold,1266.55,美元/盎司,6.75,274.86,元/克,本地 CSV (data/exchange_rates.csv)
2016-11,黄金,gold,1238.35,美元/盎司,6.75,268.74,元/克,本地 CSV (data/exchange_rates.csv)
2016-12,黄金,gold,1157.36,美元/盎司,6.75,251.17,元/克,本地 CSV (data/exchange_rates.csv)
2017-01,黄金,gold,1192.1,美元/盎司,6.75,258.71,元/克,本地 CSV (data/exchange_rates.csv)
2017-02,黄金,gold,1234.2,美元/盎司,6.75,267.84,元/克,本地 CSV (data/exchange_rates.csv)
2017-03,黄金,gold,1231.42,美元/盎司,6.75,267.24,元/克,本地 CSV (data/exchange_rates.csv)
2017-04,黄金,gold,1266.88,美元/盎司,6.75,274.93,元/克,本地 CSV (data/exchange_rates.csv)
2017-05,黄金,gold,1246.04,美元/盎司,6.75,270.41,元/克,本地 CSV (data/exchange_rates.csv)
2017-06,黄金,gold,1260.26,美元/盎司,6.75,273.5,元/克,本地 CSV (data/exchange_rates.csv)
2017-07,黄金,gold,1236.84,美元/盎司,6.75,268.42,元/克,本地 CSV (data/exchange_rates.csv)
2017-08,黄金,gold,1283.04,美元/盎司,6.62,273.08,元/克,本地 CSV (data/exchange_rates.csv)
2017-09,黄金,gold,1314.07,美元/盎司,6.62,279.68,元/克,本地 CSV (data/exchange_rates.csv)
2017-10,黄金,gold,1279.51,美元/盎司,6.62,272.33,元/克,本地 CSV (data/exchange_rates.csv)
2017-11,黄金,gold,1281.9,美元/盎司,6.62,272.84,元/克,本地 CSV (data/exchange_rates.csv)
2017-12,黄金,gold,1264.45,美元/盎司,6.62,269.12,元/克,本地 CSV (data/exchange_rates.csv)
2018-01,黄金,gold,1331.3,美元/盎司,6.62,283.35,元/克,本地 CSV (data/exchange_rates.csv)
2018-02,黄金,gold,1330.73,美元/盎司,6.62,283.23,元/克,本地 CSV (data/exchange_rates.csv)
2018-03,黄金,gold,1324.66,美元/盎司,6.62,281.94,元/克,本地 CSV (data/exchange_rates.csv)
2018-04,黄金,gold,1334.76,美元/盎司,6.62,284.09,元/克,本地 CSV (data/exchange_rates.csv)
2018-05,黄金,gold,1303.45,美元/盎司,6.62,277.42,元/克,本地 CSV (data/exchange_rates.csv)
2018-06,黄金,gold,1281.57,美元/盎司,6.62,272.77,元/克,本地 CSV (data/exchange_rates.csv)
2018-07,黄金,gold,1237.71,美元/盎司,6.62,263.43,元/克,本地 CSV (data/exchange_rates.csv)
2018-08,黄金,gold,1201.71,美元/盎司,6.85,264.66,元/克,本地 CSV (data/exchange_rates.csv)
2018-09,黄金,gold,1198.39,美元/盎司,6.85,263.92,元/克,本地 CSV (data/exchange_rates.csv)
2018-10,黄金,gold,1215.39,美元/盎司,6.85,267.67,元/克,本地 CSV (data/exchange_rates.csv)
2018-11,黄金,gold,1220.65,美元/盎司,6.85,268.83,元/克,本地 CSV (data/exchange_rates.csv)
2018-12,黄金,gold,1250.4,美元/盎司,6.85,275.38,元/克,本地 CSV (data/exchange_rates.csv)
2019-01,黄金,gold,1291.75,美元/盎司,6.85,284.49,元/克,本地 CSV (data/exchange_rates.csv)
2019-02,黄金,gold,1320.07,美元/盎司,6.83,289.87,元/克,本地 CSV (data/exchange_rates.csv)
2019-03,黄金,gold,1300.9,美元/盎司,6.83,285.66,元/克,本地 CSV (data/exchange_rates.csv)
2019-04,黄金,gold,1285.91,美元/盎司,6.83,282.37,元/克,本地 CSV (data/exchange_rates.csv)
2019-05,黄金,gold,1283.7,美元/盎司,6.83,281.89,元/克,本地 CSV (data/exchange_rates.csv)
2019-06,黄金,gold,1359.04,美元/盎司,6.83,298.43,元/克,本地 CSV (data/exchange_rates.csv)
2019-07,黄金,gold,1412.89,美元/盎司,6.83,310.26,元/克,本地 CSV (data/exchange_rates.csv)
2019-08,黄金,gold,1500.41,美元/盎司,7.02,338.64,元/克,本地 CSV (data/exchange_rates.csv)
2019-09,黄金,gold,1510.58,美元/盎司,7.02,340.93,元/克,本地 CSV (data/exchange_rates.csv)
2019-10,黄金,gold,1494.81,美元/盎司,7.02,337.38,元/克,本地 CSV (data/exchange_rates.csv)
2019-11,黄金,gold,1470.79,美元/盎司,7.02,331.95,元/克,本地 CSV (data/exchange_rates.csv)
2019-12,黄金,gold,1479.13,美元/盎司,7.02,333.84,元/克,本地 CSV (data/exchange_rates.csv)
2020-01,黄金,gold,1560.67,美元/盎司,7.02,352.24,元/克,本地 CSV (data/exchange_rates.csv)
2020-02,黄金,gold,1597.1,美元/盎司,7.05,362.0,元/克,本地 CSV (data/exchange_rates.csv)
2020-03,黄金,gold,1591.93,美元/盎司,7.05,360.83,元/克,本地 CSV (data/exchange_rates.csv)
2020-04,黄金,gold,1683.17,美元/盎司,7.05,381.51,元/克,本地 CSV (data/exchange_rates.csv)
2020-05,黄金,gold,1715.91,美元/盎司,7.05,388.93,元/克,本地 CSV (data/exchange_rates.csv)
2020-06,黄金,gold,1732.22,美元/盎司,7.05,392.63,元/克,本地 CSV (data/exchange_rates.csv)
2020-07,黄金,gold,1846.51,美元/盎司,7.05,418.53,元/克,本地 CSV (data/exchange_rates.csv)
2020-08,黄金,gold,1968.63,美元/盎司,6.55,414.57,元/克,本地 CSV (data/exchange_rates.csv)
2020-09,黄金,gold,1921.92,美元/盎司,6.55,404.73,元/克,本地 CSV (data/exchange_rates.csv)
2020-10,黄金,gold,1900.27,美元/盎司,6.55,400.17,元/克,本地 CSV (data/exchange_rates.csv)
2020-11,黄金,gold,1866.3,美元/盎司,6.55,393.02,元/克,本地 CSV (data/exchange_rates.csv)
2020-12,黄金,gold,1858.42,美元/盎司,6.55,391.36,元/克,本地 CSV (data/exchange_rates.csv)
2021-01,黄金,gold,1866.98,美元/盎司,6.55,393.16,元/克,本地 CSV (data/exchange_rates.csv)
2021-02,黄金,gold,1808.17,美元/盎司,6.47,376.13,元/克,本地 CSV (data/exchange_rates.csv)
2021-03,黄金,gold,1718.23,美元/盎司,6.47,357.42,元/克,本地 CSV (data/exchange_rates.csv)
2021-04,黄金,gold,1760.04,美元/盎司,6.47,366.12,元/克,本地 CSV (data/exchange_rates.csv)
2021-05,黄金,gold,1850.26,美元/盎司,6.47,384.88,元/克,本地 CSV (data/exchange_rates.csv)
2021-06,黄金,gold,1834.57,美元/盎司,6.47,381.62,元/克,本地 CSV (data/exchange_rates.csv)
2021-07,黄金,gold,1807.84,美元/盎司,6.47,376.06,元/克,本地 CSV (data/exchange_rates.csv)
2021-08,黄金,gold,1785.28,美元/盎司,6.37,365.63,元/克,本地 CSV (data/exchange_rates.csv)
2021-09,黄金,gold,1775.14,美元/盎司,6.37,363.55,元/克,本地 CSV (data/exchange_rates.csv)
2021-10,黄金,gold,1776.85,美元/盎司,6.37,363.9,元/克,本地 CSV (data/exchange_rates.csv)
2021-11,黄金,gold,1821.76,美元/盎司,6.37,373.1,元/克,本地 CSV (data/exchange_rates.csv)
2021-12,黄金,gold,1790.43,美元/盎司,6.37,366.68,元/克,本地 CSV (data/exchange_rates.csv)
2022-01,黄金,gold,1816.02,美元/盎司,6.37,371.92,元/克,本地 CSV (data/exchange_rates.csv)
2022-02,黄金,gold,1856.3,美元/盎司,6.55,390.91,元/克,本地 CSV (data/exchange_rates.csv)
2022-03,黄金,gold,1947.83,美元/盎司,6.55,410.19,元/克,本地 CSV (data/exchange_rates.csv)
2022-04,黄金,gold,1936.86,美元/盎司,6.55,407.88,元/克,本地 CSV (data/exchange_rates.csv)
2022-05,黄金,gold,1848.5,美元/盎司,6.55,389.27,元/克,本地 CSV (data/exchange_rates.csv)
2022-06,黄金,gold,1836.57,美元/盎司,6.55,386.76,元/克,本地 CSV (data/exchange_rates.csv)
2022-07,黄金,gold,1732.74,美元/盎司,6.55,364.89,元/克,本地 CSV (data/exchange_rates.csv)
2022-08,黄金,gold,1764.56,美元/盎司,6.98,395.99,元/克,本地 CSV (data/exchange_rates.csv)
2022-09,黄金,gold,1680.78,美元/盎司,6.98,377.19,元/克,本地 CSV (data/exchange_rates.csv)
2022-10,黄金,gold,1664.45,美元/盎司,6.98,373.52,元/克,本地 CSV (data/exchange_rates.csv)
2022-11,黄金,gold,1725.07,美元/盎司,6.98,387.13,元/克,本地 CSV (data/exchange_rates.csv)
2022-12,黄金,gold,1797.55,美元/盎司,6.98,403.39,元/克,本地 CSV (data/exchange_rates.csv)
2023-01,黄金,gold,1897.71,美元/盎司,6.98,425.87,元/克,本地 CSV (data/exchange_rates.csv)
2023-02,黄金,gold,1854.54,美元/盎司,7.1,423.34,元/克,本地 CSV (data/exchange_rates.csv)
2023-03,黄金,gold,1912.73,美元/盎司,7.1,436.62,元/克,本地 CSV (data/exchange_rates.csv)
2023-04,黄金,gold,1999.77,美元/盎司,7.1,456.49,元/克,本地 CSV (data/exchange_rates.csv)
2023-05,黄金,gold,1992.13,美元/盎司,7.1,454.74,元/克,本地 CSV (data/exchange_rates.csv)
2023-06,黄金,gold,1942.9,美元/盎司,7.1,443.51,元/克,本地 CSV (data/exchange_rates.csv)
2023-07,黄金,gold,1951.02,美元/盎司,7.1,445.36,元/克,本地 CSV (data/exchange_rates.csv)
2023-08,黄金,gold,1918.7,美元/盎司,7.2,444.15,元/克,本地 CSV (data/exchange_rates.csv)
2023-09,黄金,gold,1915.95,美元/盎司,7.2,443.51,元/克,本地 CSV (data/exchange_rates.csv)
2023-10,黄金,gold,1916.25,美元/盎司,7.2,443.58,元/克,本地 CSV (data/exchange_rates.csv)
2023-11,黄金,gold,1984.11,美元/盎司,7.2,459.29,元/克,本地 CSV (data/exchange_rates.csv)
2023-12,黄金,gold,2026.18,美元/盎司,7.2,469.03,元/克,本地 CSV (data/exchange_rates.csv)
2024-01,黄金,gold,2034.04,美元/盎司,7.2,470.85,元/克,本地 CSV (data/exchange_rates.csv)
2024-02,黄金,gold,2023.24,美元/盎司,7.25,471.6,元/克,本地 CSV (data/exchange_rates.csv)
2024-03,黄金,gold,2158.01,美元/盎司,7.25,503.02,元/克,本地 CSV (data/exchange_rates.csv)
2024-04,黄金,gold,2331.45,美元/盎司,7.25,543.44,元/克,本地 CSV (data/exchange_rates.csv)
2024-05,黄金,gold,2351.13,美元/盎司,7.25,548.03,元/克,本地 CSV (data/exchange_rates.csv)
2024-06,黄金,gold,2326.44,美元/盎司,7.25,542.28,元/克,本地 CSV (data/exchange_rates.csv)
2024-07,黄金,gold,2398.2,美元/盎司,7.25,559.0,元/克,本地 CSV (data/exchange_rates.csv)
2024-08,黄金,gold,2470.15,美元/盎司,7.28,578.16,元/克,本地 CSV (data/exchange_rates.csv)
2024-09,黄金,gold,2570.55,美元/盎司,7.28,601.66,元/克,本地 CSV (data/exchange_rates.csv)
2024-10,黄金,gold,2690.08,美元/盎司,7.28,629.63,元/克,本地 CSV (data/exchange_rates.csv)
2024-11,黄金,gold,2651.13,美元/盎司,7.28,620.52,元/克,本地 CSV (data/exchange_rates.csv)
2024-12,黄金,gold,2648.01,美元/盎司,7.28,619.79,元/克,本地 CSV (data/exchange_rates.csv)
2025-01,黄金,gold,2709.69,美元/盎司,7.28,634.22,元/克,本地 CSV (data/exchange_rates.csv)
2025-02,黄金,gold,2894.73,美元/盎司,7.18,668.23,元/克,本地 CSV (data/exchange_rates.csv)
2025-03,黄金,gold,2983.25,美元/盎司,7.18,688.66,元/克,本地 CSV (data/exchange_rates.csv)
2025-04,黄金,gold,3217.64,美元/盎司,7.18,742.77,元/克,本地 CSV (data/exchange_rates.csv)
2025-05,黄金,gold,3309.49,美元/盎司,7.18,763.97,元/克,本地 CSV (data/exchange_rates.csv)
2025-06,黄金,gold,3352.66,美元/盎司,7.18,773.94,元/克,本地 CSV (data/exchange_rates.csv)
2025-07,黄金,gold,3340.15,美元/盎司,7.18,771.05,元/克,本地 CSV (data/exchange_rates.csv)
2025-08,黄金,gold,3368.03,美元/盎司,7.2,779.65,元/克,本地 CSV (data/exchange_rates.csv)
2025-09,黄金,gold,3667.68,美元/盎司,7.2,849.01,元/克,本地 CSV (data/exchange_rates.csv)
2025-10,黄金,gold,4058.33,美元/盎司,7.2,939.44,元/克,本地 CSV (data/exchange_rates.csv)
2025-11,黄金,gold,4087.19,美元/盎司,7.2,946.12,元/克,本地 CSV (data/exchange_rates.csv)
2025-12,黄金,gold,4309.23,美元/盎司,7.2,997.52,元/克,本地 CSV (data/exchange_rates.csv)
2026-01,黄金,gold,4752.75,美元/盎司,7.2,1100.19,元/克,本地 CSV (data/exchange_rates.csv)
2026-02,黄金,gold,5019.97,美元/盎司,7.2,1162.05,元/克,本地 CSV (data/exchange_rates.csv)
2026-03,黄金,gold,4855.54,美元/盎司,7.2,1123.99,元/克,本地 CSV (data/exchange_rates.csv)
2026-04,黄金,gold,4721.42,美元/盎司,7.2,1092.94,元/克,本地 CSV (data/exchange_rates.csv)
2026-05,黄金,gold,4587.21,美元/盎司,7.2,1061.87,元/克,本地 CSV (data/exchange_rates.csv)
1960-01,白银,silver,0.91,美元/盎司,2.4618,0.07,元/克,本地 CSV (data/exchange_rates.csv)
1960-02,白银,silver,0.91,美元/盎司,2.4618,0.07,元/克,本地 CSV (data/exchange_rates.csv)
1960-03,白银,silver,0.91,美元/盎司,2.4618,0.07,元/克,本地 CSV (data/exchange_rates.csv)
1960-04,白银,silver,0.91,美元/盎司,2.4618,0.07,元/克,本地 CSV (data/exchange_rates.csv)
1960-05,白银,silver,0.91,美元/盎司,2.4618,0.07,元/克,本地 CSV (data/exchange_rates.csv)
1960-06,白银,silver,0.91,美元/盎司,2.4618,0.07,元/克,本地 CSV (data/exchange_rates.csv)
1960-07,白银,silver,0.91,美元/盎司,2.4618,0.07,元/克,本地 CSV (data/exchange_rates.csv)
1960-08,白银,silver,0.91,美元/盎司,2.4618,0.07,元/克,本地 CSV (data/exchange_rates.csv)
1960-09,白银,silver,0.91,美元/盎司,2.4618,0.07,元/克,本地 CSV (data/exchange_rates.csv)
1960-10,白银,silver,0.91,美元/盎司,2.4618,0.07,元/克,本地 CSV (data/exchange_rates.csv)
1960-11,白银,silver,0.91,美元/盎司,2.4618,0.07,元/克,本地 CSV (data/exchange_rates.csv)
1960-12,白银,silver,0.91,美元/盎司,2.4618,0.07,元/克,本地 CSV (data/exchange_rates.csv)
1961-01,白银,silver,0.91,美元/盎司,2.4618,0.07,元/克,本地 CSV (data/exchange_rates.csv)
1961-02,白银,silver,0.91,美元/盎司,2.4618,0.07,元/克,本地 CSV (data/exchange_rates.csv)
1961-03,白银,silver,0.91,美元/盎司,2.4618,0.07,元/克,本地 CSV (data/exchange_rates.csv)
1961-04,白银,silver,0.91,美元/盎司,2.4618,0.07,元/克,本地 CSV (data/exchange_rates.csv)
1961-05,白银,silver,0.91,美元/盎司,2.4618,0.07,元/克,本地 CSV (data/exchange_rates.csv)
1961-06,白银,silver,0.91,美元/盎司,2.4618,0.07,元/克,本地 CSV (data/exchange_rates.csv)
1961-07,白银,silver,0.91,美元/盎司,2.4618,0.07,元/克,本地 CSV (data/exchange_rates.csv)
1961-08,白银,silver,0.91,美元/盎司,2.4618,0.07,元/克,本地 CSV (data/exchange_rates.csv)
1961-09,白银,silver,0.91,美元/盎司,2.4618,0.07,元/克,本地 CSV (data/exchange_rates.csv)
1961-10,白银,silver,0.91,美元/盎司,2.4618,0.07,元/克,本地 CSV (data/exchange_rates.csv)
1961-11,白银,silver,0.92,美元/盎司,2.4618,0.07,元/克,本地 CSV (data/exchange_rates.csv)
1961-12,白银,silver,1.03,美元/盎司,2.4618,0.08,元/克,本地 CSV (data/exchange_rates.csv)
1962-01,白银,silver,1.04,美元/盎司,2.4618,0.08,元/克,本地 CSV (data/exchange_rates.csv)
1962-02,白银,silver,1.02,美元/盎司,2.4618,0.08,元/克,本地 CSV (data/exchange_rates.csv)
1962-03,白银,silver,1.02,美元/盎司,2.4618,0.08,元/克,本地 CSV (data/exchange_rates.csv)
1962-04,白银,silver,1.02,美元/盎司,2.4618,0.08,元/克,本地 CSV (data/exchange_rates.csv)
1962-05,白银,silver,1.02,美元/盎司,2.4618,0.08,元/克,本地 CSV (data/exchange_rates.csv)
1962-06,白银,silver,1.02,美元/盎司,2.4618,0.08,元/克,本地 CSV (data/exchange_rates.csv)
1962-07,白银,silver,1.04,美元/盎司,2.4618,0.08,元/克,本地 CSV (data/exchange_rates.csv)
1962-08,白银,silver,1.08,美元/盎司,2.4618,0.09,元/克,本地 CSV (data/exchange_rates.csv)
1962-09,白银,silver,1.15,美元/盎司,2.4618,0.09,元/克,本地 CSV (data/exchange_rates.csv)
1962-10,白银,silver,1.21,美元/盎司,2.4618,0.1,元/克,本地 CSV (data/exchange_rates.csv)
1962-11,白银,silver,1.19,美元/盎司,2.4618,0.09,元/克,本地 CSV (data/exchange_rates.csv)
1962-12,白银,silver,1.2,美元/盎司,2.4618,0.09,元/克,本地 CSV (data/exchange_rates.csv)
1963-01,白银,silver,1.24,美元/盎司,2.4618,0.1,元/克,本地 CSV (data/exchange_rates.csv)
1963-02,白银,silver,1.26,美元/盎司,2.4618,0.1,元/克,本地 CSV (data/exchange_rates.csv)
1963-03,白银,silver,1.27,美元/盎司,2.4618,0.1,元/克,本地 CSV (data/exchange_rates.csv)
1963-04,白银,silver,1.27,美元/盎司,2.4618,0.1,元/克,本地 CSV (data/exchange_rates.csv)
1963-05,白银,silver,1.28,美元/盎司,2.4618,0.1,元/克,本地 CSV (data/exchange_rates.csv)
1963-06,白银,silver,1.28,美元/盎司,2.4618,0.1,元/克,本地 CSV (data/exchange_rates.csv)
1963-07,白银,silver,1.29,美元/盎司,2.4618,0.1,元/克,本地 CSV (data/exchange_rates.csv)
1963-08,白银,silver,1.29,美元/盎司,2.4618,0.1,元/克,本地 CSV (data/exchange_rates.csv)
1963-09,白银,silver,1.29,美元/盎司,2.4618,0.1,元/克,本地 CSV (data/exchange_rates.csv)
1963-10,白银,silver,1.29,美元/盎司,2.4618,0.1,元/克,本地 CSV (data/exchange_rates.csv)
1963-11,白银,silver,1.29,美元/盎司,2.4618,0.1,元/克,本地 CSV (data/exchange_rates.csv)
1963-12,白银,silver,1.29,美元/盎司,2.4618,0.1,元/克,本地 CSV (data/exchange_rates.csv)
1964-01,白银,silver,1.29,美元/盎司,2.4618,0.1,元/克,本地 CSV (data/exchange_rates.csv)
1964-02,白银,silver,1.29,美元/盎司,2.4618,0.1,元/克,本地 CSV (data/exchange_rates.csv)
1964-03,白银,silver,1.29,美元/盎司,2.4618,0.1,元/克,本地 CSV (data/exchange_rates.csv)
1964-04,白银,silver,1.29,美元/盎司,2.4618,0.1,元/克,本地 CSV (data/exchange_rates.csv)
1964-05,白银,silver,1.29,美元/盎司,2.4618,0.1,元/克,本地 CSV (data/exchange_rates.csv)
1964-06,白银,silver,1.29,美元/盎司,2.4618,0.1,元/克,本地 CSV (data/exchange_rates.csv)
1964-07,白银,silver,1.29,美元/盎司,2.4618,0.1,元/克,本地 CSV (data/exchange_rates.csv)
1964-08,白银,silver,1.29,美元/盎司,2.4618,0.1,元/克,本地 CSV (data/exchange_rates.csv)
1964-09,白银,silver,1.29,美元/盎司,2.4618,0.1,元/克,本地 CSV (data/exchange_rates.csv)
1964-10,白银,silver,1.29,美元/盎司,2.4618,0.1,元/克,本地 CSV (data/exchange_rates.csv)
1964-11,白银,silver,1.29,美元/盎司,2.4618,0.1,元/克,本地 CSV (data/exchange_rates.csv)
1964-12,白银,silver,1.29,美元/盎司,2.4618,0.1,元/克,本地 CSV (data/exchange_rates.csv)
1965-01,白银,silver,1.29,美元/盎司,2.4618,0.1,元/克,本地 CSV (data/exchange_rates.csv)
1965-02,白银,silver,1.29,美元/盎司,2.4618,0.1,元/克,本地 CSV (data/exchange_rates.csv)
1965-03,白银,silver,1.29,美元/盎司,2.4618,0.1,元/克,本地 CSV (data/exchange_rates.csv)
1965-04,白银,silver,1.29,美元/盎司,2.4618,0.1,元/克,本地 CSV (data/exchange_rates.csv)
1965-05,白银,silver,1.29,美元/盎司,2.4618,0.1,元/克,本地 CSV (data/exchange_rates.csv)
1965-06,白银,silver,1.29,美元/盎司,2.4618,0.1,元/克,本地 CSV (data/exchange_rates.csv)
1965-07,白银,silver,1.29,美元/盎司,2.4618,0.1,元/克,本地 CSV (data/exchange_rates.csv)
1965-08,白银,silver,1.29,美元/盎司,2.4618,0.1,元/克,本地 CSV (data/exchange_rates.csv)
1965-09,白银,silver,1.29,美元/盎司,2.4618,0.1,元/克,本地 CSV (data/exchange_rates.csv)
1965-10,白银,silver,1.29,美元/盎司,2.4618,0.1,元/克,本地 CSV (data/exchange_rates.csv)
1965-11,白银,silver,1.29,美元/盎司,2.4618,0.1,元/克,本地 CSV (data/exchange_rates.csv)
1965-12,白银,silver,1.29,美元/盎司,2.4618,0.1,元/克,本地 CSV (data/exchange_rates.csv)
1966-01,白银,silver,1.29,美元/盎司,2.4618,0.1,元/克,本地 CSV (data/exchange_rates.csv)
1966-02,白银,silver,1.29,美元/盎司,2.4618,0.1,元/克,本地 CSV (data/exchange_rates.csv)
1966-03,白银,silver,1.29,美元/盎司,2.4618,0.1,元/克,本地 CSV (data/exchange_rates.csv)
1966-04,白银,silver,1.29,美元/盎司,2.4618,0.1,元/克,本地 CSV (data/exchange_rates.csv)
1966-05,白银,silver,1.29,美元/盎司,2.4618,0.1,元/克,本地 CSV (data/exchange_rates.csv)
1966-06,白银,silver,1.29,美元/盎司,2.4618,0.1,元/克,本地 CSV (data/exchange_rates.csv)
1966-07,白银,silver,1.29,美元/盎司,2.4618,0.1,元/克,本地 CSV (data/exchange_rates.csv)
1966-08,白银,silver,1.29,美元/盎司,2.4618,0.1,元/克,本地 CSV (data/exchange_rates.csv)
1966-09,白银,silver,1.29,美元/盎司,2.4618,0.1,元/克,本地 CSV (data/exchange_rates.csv)
1966-10,白银,silver,1.29,美元/盎司,2.4618,0.1,元/克,本地 CSV (data/exchange_rates.csv)
1966-11,白银,silver,1.29,美元/盎司,2.4618,0.1,元/克,本地 CSV (data/exchange_rates.csv)
1966-12,白银,silver,1.29,美元/盎司,2.4618,0.1,元/克,本地 CSV (data/exchange_rates.csv)
1967-01,白银,silver,1.29,美元/盎司,2.4618,0.1,元/克,本地 CSV (data/exchange_rates.csv)
1967-02,白银,silver,1.29,美元/盎司,2.4618,0.1,元/克,本地 CSV (data/exchange_rates.csv)
1967-03,白银,silver,1.29,美元/盎司,2.4618,0.1,元/克,本地 CSV (data/exchange_rates.csv)
1967-04,白银,silver,1.29,美元/盎司,2.4618,0.1,元/克,本地 CSV (data/exchange_rates.csv)
1967-05,白银,silver,1.3,美元/盎司,2.4618,0.1,元/克,本地 CSV (data/exchange_rates.csv)
1967-06,白银,silver,1.3,美元/盎司,2.4618,0.1,元/克,本地 CSV (data/exchange_rates.csv)
1967-07,白银,silver,1.59,美元/盎司,2.4618,0.13,元/克,本地 CSV (data/exchange_rates.csv)
1967-08,白银,silver,1.75,美元/盎司,2.4618,0.14,元/克,本地 CSV (data/exchange_rates.csv)
1967-09,白银,silver,1.68,美元/盎司,2.4618,0.13,元/克,本地 CSV (data/exchange_rates.csv)
1967-10,白银,silver,1.79,美元/盎司,2.4618,0.14,元/克,本地 CSV (data/exchange_rates.csv)
1967-11,白银,silver,1.95,美元/盎司,2.4618,0.15,元/克,本地 CSV (data/exchange_rates.csv)
1967-12,白银,silver,2.06,美元/盎司,2.4618,0.16,元/克,本地 CSV (data/exchange_rates.csv)
1968-01,白银,silver,1.99,美元/盎司,2.4618,0.16,元/克,本地 CSV (data/exchange_rates.csv)
1968-02,白银,silver,1.85,美元/盎司,2.4618,0.15,元/克,本地 CSV (data/exchange_rates.csv)
1968-03,白银,silver,2.18,美元/盎司,2.4618,0.17,元/克,本地 CSV (data/exchange_rates.csv)
1968-04,白银,silver,2.2,美元/盎司,2.4618,0.17,元/克,本地 CSV (data/exchange_rates.csv)
1968-05,白银,silver,2.38,美元/盎司,2.4618,0.19,元/克,本地 CSV (data/exchange_rates.csv)
1968-06,白银,silver,2.46,美元/盎司,2.4618,0.19,元/克,本地 CSV (data/exchange_rates.csv)
1968-07,白银,silver,2.31,美元/盎司,2.4618,0.18,元/克,本地 CSV (data/exchange_rates.csv)
1968-08,白银,silver,2.19,美元/盎司,2.4618,0.17,元/克,本地 CSV (data/exchange_rates.csv)
1968-09,白银,silver,2.21,美元/盎司,2.4618,0.17,元/克,本地 CSV (data/exchange_rates.csv)
1968-10,白银,silver,1.97,美元/盎司,2.4618,0.16,元/克,本地 CSV (data/exchange_rates.csv)
1968-11,白银,silver,2.02,美元/盎司,2.4618,0.16,元/克,本地 CSV (data/exchange_rates.csv)
1968-12,白银,silver,1.96,美元/盎司,2.4618,0.16,元/克,本地 CSV (data/exchange_rates.csv)
1969-01,白银,silver,1.98,美元/盎司,2.4618,0.16,元/克,本地 CSV (data/exchange_rates.csv)
1969-02,白银,silver,1.84,美元/盎司,2.4618,0.15,元/克,本地 CSV (data/exchange_rates.csv)
1969-03,白银,silver,1.83,美元/盎司,2.4618,0.14,元/克,本地 CSV (data/exchange_rates.csv)
1969-04,白银,silver,1.78,美元/盎司,2.4618,0.14,元/克,本地 CSV (data/exchange_rates.csv)
1969-05,白银,silver,1.76,美元/盎司,2.4618,0.14,元/克,本地 CSV (data/exchange_rates.csv)
1969-06,白银,silver,1.65,美元/盎司,2.4618,0.13,元/克,本地 CSV (data/exchange_rates.csv)
1969-07,白银,silver,1.62,美元/盎司,2.4618,0.13,元/克,本地 CSV (data/exchange_rates.csv)
1969-08,白银,silver,1.65,美元/盎司,2.4618,0.13,元/克,本地 CSV (data/exchange_rates.csv)
1969-09,白银,silver,1.79,美元/盎司,2.4618,0.14,元/克,本地 CSV (data/exchange_rates.csv)
1969-10,白银,silver,1.87,美元/盎司,2.4618,0.15,元/克,本地 CSV (data/exchange_rates.csv)
1969-11,白银,silver,1.92,美元/盎司,2.4618,0.15,元/克,本地 CSV (data/exchange_rates.csv)
1969-12,白银,silver,1.81,美元/盎司,2.4618,0.14,元/克,本地 CSV (data/exchange_rates.csv)
1970-01,白银,silver,1.88,美元/盎司,2.4618,0.15,元/克,本地 CSV (data/exchange_rates.csv)
1970-02,白银,silver,1.9,美元/盎司,2.4618,0.15,元/克,本地 CSV (data/exchange_rates.csv)
1970-03,白银,silver,1.89,美元/盎司,2.4618,0.15,元/克,本地 CSV (data/exchange_rates.csv)
1970-04,白银,silver,1.85,美元/盎司,2.4618,0.15,元/克,本地 CSV (data/exchange_rates.csv)
1970-05,白银,silver,1.67,美元/盎司,2.4618,0.13,元/克,本地 CSV (data/exchange_rates.csv)
1970-06,白银,silver,1.64,美元/盎司,2.4618,0.13,元/克,本地 CSV (data/exchange_rates.csv)
1970-07,白银,silver,1.69,美元/盎司,2.4618,0.13,元/克,本地 CSV (data/exchange_rates.csv)
1970-08,白银,silver,1.8,美元/盎司,2.4618,0.14,元/克,本地 CSV (data/exchange_rates.csv)
1970-09,白银,silver,1.8,美元/盎司,2.4618,0.14,元/克,本地 CSV (data/exchange_rates.csv)
1970-10,白银,silver,1.75,美元/盎司,2.4618,0.14,元/克,本地 CSV (data/exchange_rates.csv)
1970-11,白银,silver,1.76,美元/盎司,2.4618,0.14,元/克,本地 CSV (data/exchange_rates.csv)
1970-12,白银,silver,1.63,美元/盎司,2.4618,0.13,元/克,本地 CSV (data/exchange_rates.csv)
1971-01,白银,silver,1.64,美元/盎司,2.4618,0.13,元/克,本地 CSV (data/exchange_rates.csv)
1971-02,白银,silver,1.6,美元/盎司,2.4618,0.13,元/克,本地 CSV (data/exchange_rates.csv)
1971-03,白银,silver,1.67,美元/盎司,2.4618,0.13,元/克,本地 CSV (data/exchange_rates.csv)
1971-04,白银,silver,1.73,美元/盎司,2.4618,0.14,元/克,本地 CSV (data/exchange_rates.csv)
1971-05,白银,silver,1.67,美元/盎司,2.4618,0.13,元/克,本地 CSV (data/exchange_rates.csv)
1971-06,白银,silver,1.61,美元/盎司,2.4618,0.13,元/克,本地 CSV (data/exchange_rates.csv)
1971-07,白银,silver,1.58,美元/盎司,2.4618,0.13,元/克,本地 CSV (data/exchange_rates.csv)
1971-08,白银,silver,1.59,美元/盎司,2.2451,0.11,元/克,本地 CSV (data/exchange_rates.csv)
1971-09,白银,silver,1.42,美元/盎司,2.2451,0.1,元/克,本地 CSV (data/exchange_rates.csv)
1971-10,白银,silver,1.34,美元/盎司,2.2451,0.1,元/克,本地 CSV (data/exchange_rates.csv)
1971-11,白银,silver,1.32,美元/盎司,2.2451,0.1,元/克,本地 CSV (data/exchange_rates.csv)
1971-12,白银,silver,1.39,美元/盎司,2.2451,0.1,元/克,本地 CSV (data/exchange_rates.csv)
1972-01,白银,silver,1.47,美元/盎司,2.2451,0.11,元/克,本地 CSV (data/exchange_rates.csv)
1972-02,白银,silver,1.5,美元/盎司,2.2451,0.11,元/克,本地 CSV (data/exchange_rates.csv)
1972-03,白银,silver,1.54,美元/盎司,2.2451,0.11,元/克,本地 CSV (data/exchange_rates.csv)
1972-04,白银,silver,1.57,美元/盎司,2.2451,0.11,元/克,本地 CSV (data/exchange_rates.csv)
1972-05,白银,silver,1.58,美元/盎司,2.2451,0.11,元/克,本地 CSV (data/exchange_rates.csv)
1972-06,白银,silver,1.57,美元/盎司,2.2451,0.11,元/克,本地 CSV (data/exchange_rates.csv)
1972-07,白银,silver,1.74,美元/盎司,2.2451,0.13,元/克,本地 CSV (data/exchange_rates.csv)
1972-08,白银,silver,1.85,美元/盎司,1.989,0.12,元/克,本地 CSV (data/exchange_rates.csv)
1972-09,白银,silver,1.78,美元/盎司,1.989,0.11,元/克,本地 CSV (data/exchange_rates.csv)
1972-10,白银,silver,1.81,美元/盎司,1.989,0.12,元/克,本地 CSV (data/exchange_rates.csv)
1972-11,白银,silver,1.83,美元/盎司,1.989,0.12,元/克,本地 CSV (data/exchange_rates.csv)
1972-12,白银,silver,1.98,美元/盎司,1.989,0.13,元/克,本地 CSV (data/exchange_rates.csv)
1973-01,白银,silver,2.02,美元/盎司,1.989,0.13,元/克,本地 CSV (data/exchange_rates.csv)
1973-02,白银,silver,2.24,美元/盎司,1.989,0.14,元/克,本地 CSV (data/exchange_rates.csv)
1973-03,白银,silver,2.31,美元/盎司,1.989,0.15,元/克,本地 CSV (data/exchange_rates.csv)
1973-04,白银,silver,2.21,美元/盎司,1.989,0.14,元/克,本地 CSV (data/exchange_rates.csv)
1973-05,白银,silver,2.4,美元/盎司,1.989,0.15,元/克,本地 CSV (data/exchange_rates.csv)
1973-06,白银,silver,2.62,美元/盎司,1.989,0.17,元/克,本地 CSV (data/exchange_rates.csv)
1973-07,白银,silver,2.71,美元/盎司,1.989,0.17,元/克,本地 CSV (data/exchange_rates.csv)
1973-08,白银,silver,2.64,美元/盎司,1.5083,0.13,元/克,本地 CSV (data/exchange_rates.csv)
1973-09,白银,silver,2.68,美元/盎司,1.5167,0.13,元/克,本地 CSV (data/exchange_rates.csv)
1973-10,白银,silver,2.89,美元/盎司,1.525,0.14,元/克,本地 CSV (data/exchange_rates.csv)
1973-11,白银,silver,2.86,美元/盎司,1.5333,0.14,元/克,本地 CSV (data/exchange_rates.csv)
1973-12,白银,silver,3.14,美元/盎司,1.5417,0.16,元/克,本地 CSV (data/exchange_rates.csv)
1974-01,白银,silver,3.64,美元/盎司,1.55,0.18,元/克,本地 CSV (data/exchange_rates.csv)
1974-02,白银,silver,5.36,美元/盎司,1.5583,0.27,元/克,本地 CSV (data/exchange_rates.csv)
1974-03,白银,silver,5.33,美元/盎司,1.5667,0.27,元/克,本地 CSV (data/exchange_rates.csv)
1974-04,白银,silver,5.04,美元/盎司,1.575,0.26,元/克,本地 CSV (data/exchange_rates.csv)
1974-05,白银,silver,5.43,美元/盎司,1.5833,0.28,元/克,本地 CSV (data/exchange_rates.csv)
1974-06,白银,silver,4.9,美元/盎司,1.5917,0.25,元/克,本地 CSV (data/exchange_rates.csv)
1974-07,白银,silver,4.42,美元/盎司,1.6,0.23,元/克,本地 CSV (data/exchange_rates.csv)
1974-08,白银,silver,4.43,美元/盎司,1.6083,0.23,元/克,本地 CSV (data/exchange_rates.csv)
1974-09,白银,silver,4.05,美元/盎司,1.6167,0.21,元/克,本地 CSV (data/exchange_rates.csv)
1974-10,白银,silver,4.83,美元/盎司,1.625,0.25,元/克,本地 CSV (data/exchange_rates.csv)
1974-11,白银,silver,4.69,美元/盎司,1.6333,0.25,元/克,本地 CSV (data/exchange_rates.csv)
1974-12,白银,silver,4.39,美元/盎司,1.6417,0.23,元/克,本地 CSV (data/exchange_rates.csv)
1975-01,白银,silver,4.19,美元/盎司,1.65,0.22,元/克,本地 CSV (data/exchange_rates.csv)
1975-02,白银,silver,4.37,美元/盎司,1.6583,0.23,元/克,本地 CSV (data/exchange_rates.csv)
1975-03,白银,silver,4.33,美元/盎司,1.6667,0.23,元/克,本地 CSV (data/exchange_rates.csv)
1975-04,白银,silver,4.21,美元/盎司,1.675,0.23,元/克,本地 CSV (data/exchange_rates.csv)
1975-05,白银,silver,4.54,美元/盎司,1.6833,0.25,元/克,本地 CSV (data/exchange_rates.csv)
1975-06,白银,silver,4.49,美元/盎司,1.6917,0.24,元/克,本地 CSV (data/exchange_rates.csv)
1975-07,白银,silver,4.7,美元/盎司,1.7,0.26,元/克,本地 CSV (data/exchange_rates.csv)
1975-08,白银,silver,4.93,美元/盎司,1.7083,0.27,元/克,本地 CSV (data/exchange_rates.csv)
1975-09,白银,silver,4.52,美元/盎司,1.7167,0.25,元/克,本地 CSV (data/exchange_rates.csv)
1975-10,白银,silver,4.33,美元/盎司,1.725,0.24,元/克,本地 CSV (data/exchange_rates.csv)
1975-11,白银,silver,4.33,美元/盎司,1.7333,0.24,元/克,本地 CSV (data/exchange_rates.csv)
1975-12,白银,silver,4.08,美元/盎司,1.7417,0.23,元/克,本地 CSV (data/exchange_rates.csv)
1976-01,白银,silver,4.06,美元/盎司,1.75,0.23,元/克,本地 CSV (data/exchange_rates.csv)
1976-02,白银,silver,4.09,美元/盎司,1.7583,0.23,元/克,本地 CSV (data/exchange_rates.csv)
1976-03,白银,silver,4.19,美元/盎司,1.7667,0.24,元/克,本地 CSV (data/exchange_rates.csv)
1976-04,白银,silver,4.36,美元/盎司,1.775,0.25,元/克,本地 CSV (data/exchange_rates.csv)
1976-05,白银,silver,4.49,美元/盎司,1.7833,0.26,元/克,本地 CSV (data/exchange_rates.csv)
1976-06,白银,silver,4.81,美元/盎司,1.7917,0.28,元/克,本地 CSV (data/exchange_rates.csv)
1976-07,白银,silver,4.76,美元/盎司,1.8,0.28,元/克,本地 CSV (data/exchange_rates.csv)
1976-08,白银,silver,4.28,美元/盎司,1.8083,0.25,元/克,本地 CSV (data/exchange_rates.csv)
1976-09,白银,silver,4.3,美元/盎司,1.8167,0.25,元/克,本地 CSV (data/exchange_rates.csv)
1976-10,白银,silver,4.22,美元/盎司,1.825,0.25,元/克,本地 CSV (data/exchange_rates.csv)
1976-11,白银,silver,4.35,美元/盎司,1.8333,0.26,元/克,本地 CSV (data/exchange_rates.csv)
1976-12,白银,silver,4.36,美元/盎司,1.8417,0.26,元/克,本地 CSV (data/exchange_rates.csv)
1977-01,白银,silver,4.42,美元/盎司,1.85,0.26,元/克,本地 CSV (data/exchange_rates.csv)
1977-02,白银,silver,4.53,美元/盎司,1.8583,0.27,元/克,本地 CSV (data/exchange_rates.csv)
1977-03,白银,silver,4.87,美元/盎司,1.8667,0.29,元/克,本地 CSV (data/exchange_rates.csv)
1977-04,白银,silver,4.79,美元/盎司,1.875,0.29,元/克,本地 CSV (data/exchange_rates.csv)
1977-05,白银,silver,4.7,美元/盎司,1.8833,0.28,元/克,本地 CSV (data/exchange_rates.csv)
1977-06,白银,silver,4.48,美元/盎司,1.8917,0.27,元/克,本地 CSV (data/exchange_rates.csv)
1977-07,白银,silver,4.53,美元/盎司,1.9,0.28,元/克,本地 CSV (data/exchange_rates.csv)
1977-08,白银,silver,4.47,美元/盎司,1.9083,0.27,元/克,本地 CSV (data/exchange_rates.csv)
1977-09,白银,silver,4.54,美元/盎司,1.9167,0.28,元/克,本地 CSV (data/exchange_rates.csv)
1977-10,白银,silver,4.76,美元/盎司,1.925,0.29,元/克,本地 CSV (data/exchange_rates.csv)
1977-11,白银,silver,4.83,美元/盎司,1.9333,0.3,元/克,本地 CSV (data/exchange_rates.csv)
1977-12,白银,silver,4.72,美元/盎司,1.9417,0.29,元/克,本地 CSV (data/exchange_rates.csv)
1978-01,白银,silver,4.92,美元/盎司,1.95,0.31,元/克,本地 CSV (data/exchange_rates.csv)
1978-02,白银,silver,4.96,美元/盎司,1.9583,0.31,元/克,本地 CSV (data/exchange_rates.csv)
1978-03,白银,silver,5.27,美元/盎司,1.9667,0.33,元/克,本地 CSV (data/exchange_rates.csv)
1978-04,白银,silver,5.17,美元/盎司,1.975,0.33,元/克,本地 CSV (data/exchange_rates.csv)
1978-05,白银,silver,5.13,美元/盎司,1.9833,0.33,元/克,本地 CSV (data/exchange_rates.csv)
1978-06,白银,silver,5.33,美元/盎司,1.9917,0.34,元/克,本地 CSV (data/exchange_rates.csv)
1978-07,白银,silver,5.36,美元/盎司,2.0,0.34,元/克,本地 CSV (data/exchange_rates.csv)
1978-08,白银,silver,5.54,美元/盎司,2.0083,0.36,元/克,本地 CSV (data/exchange_rates.csv)
1978-09,白银,silver,5.59,美元/盎司,2.0167,0.36,元/克,本地 CSV (data/exchange_rates.csv)
1978-10,白银,silver,5.94,美元/盎司,2.025,0.39,元/克,本地 CSV (data/exchange_rates.csv)
1978-11,白银,silver,5.87,美元/盎司,2.0333,0.38,元/克,本地 CSV (data/exchange_rates.csv)
1978-12,白银,silver,5.94,美元/盎司,2.0417,0.39,元/克,本地 CSV (data/exchange_rates.csv)
1979-01,白银,silver,6.2,美元/盎司,2.05,0.41,元/克,本地 CSV (data/exchange_rates.csv)
1979-02,白银,silver,7.35,美元/盎司,2.0583,0.49,元/克,本地 CSV (data/exchange_rates.csv)
1979-03,白银,silver,7.42,美元/盎司,2.0667,0.49,元/克,本地 CSV (data/exchange_rates.csv)
1979-04,白银,silver,7.44,美元/盎司,2.075,0.5,元/克,本地 CSV (data/exchange_rates.csv)
1979-05,白银,silver,8.38,美元/盎司,2.0833,0.56,元/克,本地 CSV (data/exchange_rates.csv)
1979-06,白银,silver,8.56,美元/盎司,2.0917,0.58,元/克,本地 CSV (data/exchange_rates.csv)
1979-07,白银,silver,9.05,美元/盎司,2.1,0.61,元/克,本地 CSV (data/exchange_rates.csv)
1979-08,白银,silver,9.31,美元/盎司,2.1083,0.63,元/克,本地 CSV (data/exchange_rates.csv)
1979-09,白银,silver,13.76,美元/盎司,2.1167,0.94,元/克,本地 CSV (data/exchange_rates.csv)
1979-10,白银,silver,16.63,美元/盎司,2.125,1.14,元/克,本地 CSV (data/exchange_rates.csv)
1979-11,白银,silver,16.65,美元/盎司,2.1333,1.14,元/克,本地 CSV (data/exchange_rates.csv)
1979-12,白银,silver,22.45,美元/盎司,2.1417,1.55,元/克,本地 CSV (data/exchange_rates.csv)
1980-01,白银,silver,38.88,美元/盎司,2.15,2.69,元/克,本地 CSV (data/exchange_rates.csv)
1980-02,白银,silver,35.24,美元/盎司,2.1583,2.45,元/克,本地 CSV (data/exchange_rates.csv)
1980-03,白银,silver,24.73,美元/盎司,2.1667,1.72,元/克,本地 CSV (data/exchange_rates.csv)
1980-04,白银,silver,14.95,美元/盎司,2.175,1.05,元/克,本地 CSV (data/exchange_rates.csv)
1980-05,白银,silver,12.68,美元/盎司,2.1833,0.89,元/克,本地 CSV (data/exchange_rates.csv)
1980-06,白银,silver,15.78,美元/盎司,2.1917,1.11,元/克,本地 CSV (data/exchange_rates.csv)
1980-07,白银,silver,16.32,美元/盎司,2.2,1.15,元/克,本地 CSV (data/exchange_rates.csv)
1980-08,白银,silver,15.94,美元/盎司,1.705,0.87,元/克,本地 CSV (data/exchange_rates.csv)
1980-09,白银,silver,19.89,美元/盎司,1.705,1.09,元/克,本地 CSV (data/exchange_rates.csv)
1980-10,白银,silver,20.2,美元/盎司,1.705,1.11,元/克,本地 CSV (data/exchange_rates.csv)
1980-11,白银,silver,18.58,美元/盎司,1.705,1.02,元/克,本地 CSV (data/exchange_rates.csv)
1980-12,白银,silver,16.46,美元/盎司,1.705,0.9,元/克,本地 CSV (data/exchange_rates.csv)
1981-01,白银,silver,14.79,美元/盎司,1.705,0.81,元/克,本地 CSV (data/exchange_rates.csv)
1981-02,白银,silver,13.06,美元/盎司,2.025,0.85,元/克,本地 CSV (data/exchange_rates.csv)
1981-03,白银,silver,12.34,美元/盎司,2.05,0.81,元/克,本地 CSV (data/exchange_rates.csv)
1981-04,白银,silver,11.47,美元/盎司,2.075,0.77,元/克,本地 CSV (data/exchange_rates.csv)
1981-05,白银,silver,10.85,美元/盎司,2.1,0.73,元/克,本地 CSV (data/exchange_rates.csv)
1981-06,白银,silver,10.0,美元/盎司,2.125,0.68,元/克,本地 CSV (data/exchange_rates.csv)
1981-07,白银,silver,8.58,美元/盎司,2.15,0.59,元/克,本地 CSV (data/exchange_rates.csv)
1981-08,白银,silver,8.92,美元/盎司,2.175,0.62,元/克,本地 CSV (data/exchange_rates.csv)
1981-09,白银,silver,10.05,美元/盎司,2.2,0.71,元/克,本地 CSV (data/exchange_rates.csv)
1981-10,白银,silver,9.23,美元/盎司,2.225,0.66,元/克,本地 CSV (data/exchange_rates.csv)
1981-11,白银,silver,8.54,美元/盎司,2.25,0.62,元/克,本地 CSV (data/exchange_rates.csv)
1981-12,白银,silver,8.45,美元/盎司,2.275,0.62,元/克,本地 CSV (data/exchange_rates.csv)
1982-01,白银,silver,7.99,美元/盎司,2.3,0.59,元/克,本地 CSV (data/exchange_rates.csv)
1982-02,白银,silver,8.28,美元/盎司,2.325,0.62,元/克,本地 CSV (data/exchange_rates.csv)
1982-03,白银,silver,7.23,美元/盎司,2.35,0.55,元/克,本地 CSV (data/exchange_rates.csv)
1982-04,白银,silver,7.31,美元/盎司,2.375,0.56,元/克,本地 CSV (data/exchange_rates.csv)
1982-05,白银,silver,6.68,美元/盎司,2.4,0.52,元/克,本地 CSV (data/exchange_rates.csv)
1982-06,白银,silver,5.56,美元/盎司,2.425,0.43,元/克,本地 CSV (data/exchange_rates.csv)
1982-07,白银,silver,6.46,美元/盎司,2.45,0.51,元/克,本地 CSV (data/exchange_rates.csv)
1982-08,白银,silver,7.11,美元/盎司,2.475,0.57,元/克,本地 CSV (data/exchange_rates.csv)
1982-09,白银,silver,8.78,美元/盎司,2.5,0.71,元/克,本地 CSV (data/exchange_rates.csv)
1982-10,白银,silver,9.39,美元/盎司,2.525,0.76,元/克,本地 CSV (data/exchange_rates.csv)
1982-11,白银,silver,9.79,美元/盎司,2.55,0.8,元/克,本地 CSV (data/exchange_rates.csv)
1982-12,白银,silver,10.57,美元/盎司,2.575,0.88,元/克,本地 CSV (data/exchange_rates.csv)
1983-01,白银,silver,12.34,美元/盎司,2.6,1.03,元/克,本地 CSV (data/exchange_rates.csv)
1983-02,白银,silver,13.98,美元/盎司,2.625,1.18,元/克,本地 CSV (data/exchange_rates.csv)
1983-03,白银,silver,10.64,美元/盎司,2.65,0.91,元/克,本地 CSV (data/exchange_rates.csv)
1983-04,白银,silver,11.61,美元/盎司,2.675,1.0,元/克,本地 CSV (data/exchange_rates.csv)
1983-05,白银,silver,12.92,美元/盎司,2.7,1.12,元/克,本地 CSV (data/exchange_rates.csv)
1983-06,白银,silver,11.74,美元/盎司,2.725,1.03,元/克,本地 CSV (data/exchange_rates.csv)
1983-07,白银,silver,12.03,美元/盎司,2.75,1.06,元/克,本地 CSV (data/exchange_rates.csv)
1983-08,白银,silver,12.06,美元/盎司,2.775,1.08,元/克,本地 CSV (data/exchange_rates.csv)
1983-09,白银,silver,11.96,美元/盎司,2.8,1.08,元/克,本地 CSV (data/exchange_rates.csv)
1983-10,白银,silver,9.89,美元/盎司,2.825,0.9,元/克,本地 CSV (data/exchange_rates.csv)
1983-11,白银,silver,8.81,美元/盎司,2.85,0.81,元/克,本地 CSV (data/exchange_rates.csv)
1983-12,白银,silver,9.15,美元/盎司,2.875,0.85,元/克,本地 CSV (data/exchange_rates.csv)
1984-01,白银,silver,8.25,美元/盎司,2.9,0.77,元/克,本地 CSV (data/exchange_rates.csv)
1984-02,白银,silver,9.12,美元/盎司,2.925,0.86,元/克,本地 CSV (data/exchange_rates.csv)
1984-03,白银,silver,9.65,美元/盎司,2.95,0.92,元/克,本地 CSV (data/exchange_rates.csv)
1984-04,白银,silver,9.25,美元/盎司,2.975,0.88,元/克,本地 CSV (data/exchange_rates.csv)
1984-05,白银,silver,8.97,美元/盎司,3.0,0.87,元/克,本地 CSV (data/exchange_rates.csv)
1984-06,白银,silver,8.77,美元/盎司,3.025,0.85,元/克,本地 CSV (data/exchange_rates.csv)
1984-07,白银,silver,7.46,美元/盎司,3.05,0.73,元/克,本地 CSV (data/exchange_rates.csv)
1984-08,白银,silver,7.6,美元/盎司,2.9366,0.72,元/克,本地 CSV (data/exchange_rates.csv)
1984-09,白银,silver,7.25,美元/盎司,2.9366,0.68,元/克,本地 CSV (data/exchange_rates.csv)
1984-10,白银,silver,7.29,美元/盎司,2.9366,0.69,元/克,本地 CSV (data/exchange_rates.csv)
1984-11,白银,silver,7.49,美元/盎司,2.9366,0.71,元/克,本地 CSV (data/exchange_rates.csv)
1984-12,白银,silver,6.64,美元/盎司,2.9366,0.63,元/克,本地 CSV (data/exchange_rates.csv)
1985-01,白银,silver,6.1,美元/盎司,2.9366,0.58,元/克,本地 CSV (data/exchange_rates.csv)
1985-02,白银,silver,6.06,美元/盎司,2.9366,0.57,元/克,本地 CSV (data/exchange_rates.csv)
1985-03,白银,silver,5.99,美元/盎司,2.9366,0.57,元/克,本地 CSV (data/exchange_rates.csv)
1985-04,白银,silver,6.44,美元/盎司,2.9366,0.61,元/克,本地 CSV (data/exchange_rates.csv)
1985-05,白银,silver,6.27,美元/盎司,2.9366,0.59,元/克,本地 CSV (data/exchange_rates.csv)
1985-06,白银,silver,6.18,美元/盎司,2.9366,0.58,元/克,本地 CSV (data/exchange_rates.csv)
1985-07,白银,silver,6.0,美元/盎司,2.9366,0.57,元/克,本地 CSV (data/exchange_rates.csv)
1985-08,白银,silver,6.15,美元/盎司,3.45,0.68,元/克,本地 CSV (data/exchange_rates.csv)
1985-09,白银,silver,6.05,美元/盎司,3.45,0.67,元/克,本地 CSV (data/exchange_rates.csv)
1985-10,白银,silver,6.18,美元/盎司,3.45,0.69,元/克,本地 CSV (data/exchange_rates.csv)
1985-11,白银,silver,6.1,美元/盎司,3.45,0.68,元/克,本地 CSV (data/exchange_rates.csv)
1985-12,白银,silver,5.85,美元/盎司,3.45,0.65,元/克,本地 CSV (data/exchange_rates.csv)
1986-01,白银,silver,6.02,美元/盎司,3.45,0.67,元/克,本地 CSV (data/exchange_rates.csv)
1986-02,白银,silver,5.86,美元/盎司,3.45,0.65,元/克,本地 CSV (data/exchange_rates.csv)
1986-03,白银,silver,5.62,美元/盎司,3.45,0.62,元/克,本地 CSV (data/exchange_rates.csv)
1986-04,白银,silver,5.19,美元/盎司,3.45,0.58,元/克,本地 CSV (data/exchange_rates.csv)
1986-05,白银,silver,5.07,美元/盎司,3.45,0.56,元/克,本地 CSV (data/exchange_rates.csv)
1986-06,白银,silver,5.13,美元/盎司,3.45,0.57,元/克,本地 CSV (data/exchange_rates.csv)
1986-07,白银,silver,5.03,美元/盎司,3.45,0.56,元/克,本地 CSV (data/exchange_rates.csv)
1986-08,白银,silver,5.18,美元/盎司,3.72,0.62,元/克,本地 CSV (data/exchange_rates.csv)
1986-09,白银,silver,5.63,美元/盎司,3.72,0.67,元/克,本地 CSV (data/exchange_rates.csv)
1986-10,白银,silver,5.64,美元/盎司,3.72,0.67,元/克,本地 CSV (data/exchange_rates.csv)
1986-11,白银,silver,5.55,美元/盎司,3.72,0.66,元/克,本地 CSV (data/exchange_rates.csv)
1986-12,白银,silver,5.35,美元/盎司,3.72,0.64,元/克,本地 CSV (data/exchange_rates.csv)
1987-01,白银,silver,5.51,美元/盎司,3.72,0.66,元/克,本地 CSV (data/exchange_rates.csv)
1987-02,白银,silver,5.48,美元/盎司,3.72,0.66,元/克,本地 CSV (data/exchange_rates.csv)
1987-03,白银,silver,5.66,美元/盎司,3.72,0.68,元/克,本地 CSV (data/exchange_rates.csv)
1987-04,白银,silver,7.35,美元/盎司,3.72,0.88,元/克,本地 CSV (data/exchange_rates.csv)
1987-05,白银,silver,8.46,美元/盎司,3.72,1.01,元/克,本地 CSV (data/exchange_rates.csv)
1987-06,白银,silver,7.42,美元/盎司,3.72,0.89,元/克,本地 CSV (data/exchange_rates.csv)
1987-07,白银,silver,7.61,美元/盎司,3.72,0.91,元/克,本地 CSV (data/exchange_rates.csv)
1987-08,白银,silver,7.84,美元/盎司,3.72,0.94,元/克,本地 CSV (data/exchange_rates.csv)
1987-09,白银,silver,7.61,美元/盎司,3.72,0.91,元/克,本地 CSV (data/exchange_rates.csv)
1987-10,白银,silver,7.61,美元/盎司,3.72,0.91,元/克,本地 CSV (data/exchange_rates.csv)
1987-11,白银,silver,6.76,美元/盎司,3.72,0.81,元/克,本地 CSV (data/exchange_rates.csv)
1987-12,白银,silver,6.81,美元/盎司,3.72,0.81,元/克,本地 CSV (data/exchange_rates.csv)
1988-01,白银,silver,6.74,美元/盎司,3.72,0.81,元/克,本地 CSV (data/exchange_rates.csv)
1988-02,白银,silver,6.34,美元/盎司,3.72,0.76,元/克,本地 CSV (data/exchange_rates.csv)
1988-03,白银,silver,6.41,美元/盎司,3.72,0.77,元/克,本地 CSV (data/exchange_rates.csv)
1988-04,白银,silver,6.48,美元/盎司,3.72,0.78,元/克,本地 CSV (data/exchange_rates.csv)
1988-05,白银,silver,6.54,美元/盎司,3.72,0.78,元/克,本地 CSV (data/exchange_rates.csv)
1988-06,白银,silver,7.02,美元/盎司,3.72,0.84,元/克,本地 CSV (data/exchange_rates.csv)
1988-07,白银,silver,7.04,美元/盎司,3.72,0.84,元/克,本地 CSV (data/exchange_rates.csv)
1988-08,白银,silver,6.71,美元/盎司,3.72,0.8,元/克,本地 CSV (data/exchange_rates.csv)
1988-09,白银,silver,6.38,美元/盎司,3.72,0.76,元/克,本地 CSV (data/exchange_rates.csv)
1988-10,白银,silver,6.28,美元/盎司,3.72,0.75,元/克,本地 CSV (data/exchange_rates.csv)
1988-11,白银,silver,6.29,美元/盎司,3.72,0.75,元/克,本地 CSV (data/exchange_rates.csv)
1988-12,白银,silver,6.12,美元/盎司,3.72,0.73,元/克,本地 CSV (data/exchange_rates.csv)
1989-01,白银,silver,6.0,美元/盎司,3.72,0.72,元/克,本地 CSV (data/exchange_rates.csv)
1989-02,白银,silver,5.88,美元/盎司,3.72,0.7,元/克,本地 CSV (data/exchange_rates.csv)
1989-03,白银,silver,5.96,美元/盎司,3.72,0.71,元/克,本地 CSV (data/exchange_rates.csv)
1989-04,白银,silver,5.79,美元/盎司,3.72,0.69,元/克,本地 CSV (data/exchange_rates.csv)
1989-05,白银,silver,5.45,美元/盎司,3.72,0.65,元/克,本地 CSV (data/exchange_rates.csv)
1989-06,白银,silver,5.27,美元/盎司,3.72,0.63,元/克,本地 CSV (data/exchange_rates.csv)
1989-07,白银,silver,5.22,美元/盎司,3.72,0.62,元/克,本地 CSV (data/exchange_rates.csv)
1989-08,白银,silver,5.18,美元/盎司,4.78,0.8,元/克,本地 CSV (data/exchange_rates.csv)
1989-09,白银,silver,5.13,美元/盎司,4.78,0.79,元/克,本地 CSV (data/exchange_rates.csv)
1989-10,白银,silver,5.14,美元/盎司,4.78,0.79,元/克,本地 CSV (data/exchange_rates.csv)
1989-11,白银,silver,5.48,美元/盎司,4.78,0.84,元/克,本地 CSV (data/exchange_rates.csv)
1989-12,白银,silver,5.57,美元/盎司,4.78,0.86,元/克,本地 CSV (data/exchange_rates.csv)
1990-01,白银,silver,5.25,美元/盎司,4.78,0.81,元/克,本地 CSV (data/exchange_rates.csv)
1990-02,白银,silver,5.29,美元/盎司,4.78,0.81,元/克,本地 CSV (data/exchange_rates.csv)
1990-03,白银,silver,5.08,美元/盎司,4.78,0.78,元/克,本地 CSV (data/exchange_rates.csv)
1990-04,白银,silver,5.07,美元/盎司,4.78,0.78,元/克,本地 CSV (data/exchange_rates.csv)
1990-05,白银,silver,5.08,美元/盎司,4.78,0.78,元/克,本地 CSV (data/exchange_rates.csv)
1990-06,白银,silver,4.92,美元/盎司,4.78,0.76,元/克,本地 CSV (data/exchange_rates.csv)
1990-07,白银,silver,4.87,美元/盎司,4.78,0.75,元/克,本地 CSV (data/exchange_rates.csv)
1990-08,白银,silver,5.01,美元/盎司,5.32,0.86,元/克,本地 CSV (data/exchange_rates.csv)
1990-09,白银,silver,4.8,美元/盎司,5.32,0.82,元/克,本地 CSV (data/exchange_rates.csv)
1990-10,白银,silver,4.39,美元/盎司,5.32,0.75,元/克,本地 CSV (data/exchange_rates.csv)
1990-11,白银,silver,4.17,美元/盎司,5.32,0.71,元/克,本地 CSV (data/exchange_rates.csv)
1990-12,白银,silver,4.08,美元/盎司,5.32,0.7,元/克,本地 CSV (data/exchange_rates.csv)
1991-01,白银,silver,4.05,美元/盎司,5.32,0.69,元/克,本地 CSV (data/exchange_rates.csv)
1991-02,白银,silver,3.74,美元/盎司,5.32,0.64,元/克,本地 CSV (data/exchange_rates.csv)
1991-03,白银,silver,3.94,美元/盎司,5.32,0.67,元/克,本地 CSV (data/exchange_rates.csv)
1991-04,白银,silver,3.98,美元/盎司,5.32,0.68,元/克,本地 CSV (data/exchange_rates.csv)
1991-05,白银,silver,4.05,美元/盎司,5.32,0.69,元/克,本地 CSV (data/exchange_rates.csv)
1991-06,白银,silver,4.39,美元/盎司,5.32,0.75,元/克,本地 CSV (data/exchange_rates.csv)
1991-07,白银,silver,4.35,美元/盎司,5.32,0.74,元/克,本地 CSV (data/exchange_rates.csv)
1991-08,白银,silver,3.96,美元/盎司,5.51,0.7,元/克,本地 CSV (data/exchange_rates.csv)
1991-09,白银,silver,4.04,美元/盎司,5.51,0.72,元/克,本地 CSV (data/exchange_rates.csv)
1991-10,白银,silver,4.12,美元/盎司,5.51,0.73,元/克,本地 CSV (data/exchange_rates.csv)
1991-11,白银,silver,4.07,美元/盎司,5.51,0.72,元/克,本地 CSV (data/exchange_rates.csv)
1991-12,白银,silver,3.94,美元/盎司,5.51,0.7,元/克,本地 CSV (data/exchange_rates.csv)
1992-01,白银,silver,4.11,美元/盎司,5.51,0.73,元/克,本地 CSV (data/exchange_rates.csv)
1992-02,白银,silver,4.15,美元/盎司,5.51,0.74,元/克,本地 CSV (data/exchange_rates.csv)
1992-03,白银,silver,4.11,美元/盎司,5.51,0.73,元/克,本地 CSV (data/exchange_rates.csv)
1992-04,白银,silver,4.05,美元/盎司,5.51,0.72,元/克,本地 CSV (data/exchange_rates.csv)
1992-05,白银,silver,4.07,美元/盎司,5.51,0.72,元/克,本地 CSV (data/exchange_rates.csv)
1992-06,白银,silver,4.06,美元/盎司,5.51,0.72,元/克,本地 CSV (data/exchange_rates.csv)
1992-07,白银,silver,3.97,美元/盎司,5.51,0.7,元/克,本地 CSV (data/exchange_rates.csv)
1992-08,白银,silver,3.81,美元/盎司,5.76,0.71,元/克,本地 CSV (data/exchange_rates.csv)
1992-09,白银,silver,3.77,美元/盎司,5.76,0.7,元/克,本地 CSV (data/exchange_rates.csv)
1992-10,白银,silver,3.75,美元/盎司,5.76,0.69,元/克,本地 CSV (data/exchange_rates.csv)
1992-11,白银,silver,3.77,美元/盎司,5.76,0.7,元/克,本地 CSV (data/exchange_rates.csv)
1992-12,白银,silver,3.73,美元/盎司,5.76,0.69,元/克,本地 CSV (data/exchange_rates.csv)
1993-01,白银,silver,3.68,美元/盎司,5.76,0.68,元/克,本地 CSV (data/exchange_rates.csv)
1993-02,白银,silver,3.66,美元/盎司,5.76,0.68,元/克,本地 CSV (data/exchange_rates.csv)
1993-03,白银,silver,3.65,美元/盎司,5.76,0.68,元/克,本地 CSV (data/exchange_rates.csv)
1993-04,白银,silver,3.95,美元/盎司,5.76,0.73,元/克,本地 CSV (data/exchange_rates.csv)
1993-05,白银,silver,4.46,美元/盎司,5.76,0.83,元/克,本地 CSV (data/exchange_rates.csv)
1993-06,白银,silver,4.38,美元/盎司,5.76,0.81,元/克,本地 CSV (data/exchange_rates.csv)
1993-07,白银,silver,5.02,美元/盎司,5.76,0.93,元/克,本地 CSV (data/exchange_rates.csv)
1993-08,白银,silver,4.84,美元/盎司,5.8,0.9,元/克,本地 CSV (data/exchange_rates.csv)
1993-09,白银,silver,4.22,美元/盎司,5.8,0.79,元/克,本地 CSV (data/exchange_rates.csv)
1993-10,白银,silver,4.34,美元/盎司,5.8,0.81,元/克,本地 CSV (data/exchange_rates.csv)
1993-11,白银,silver,4.53,美元/盎司,5.8,0.84,元/克,本地 CSV (data/exchange_rates.csv)
1993-12,白银,silver,4.97,美元/盎司,8.0417,1.28,元/克,本地 CSV (data/exchange_rates.csv)
1994-01,白银,silver,5.15,美元/盎司,8.05,1.33,元/克,本地 CSV (data/exchange_rates.csv)
1994-02,白银,silver,5.25,美元/盎司,8.0583,1.36,元/克,本地 CSV (data/exchange_rates.csv)
1994-03,白银,silver,5.44,美元/盎司,8.0667,1.41,元/克,本地 CSV (data/exchange_rates.csv)
1994-04,白银,silver,5.35,美元/盎司,8.075,1.39,元/克,本地 CSV (data/exchange_rates.csv)
1994-05,白银,silver,5.42,美元/盎司,8.0833,1.41,元/克,本地 CSV (data/exchange_rates.csv)
1994-06,白银,silver,5.39,美元/盎司,8.0917,1.4,元/克,本地 CSV (data/exchange_rates.csv)
1994-07,白银,silver,5.28,美元/盎司,8.1,1.38,元/克,本地 CSV (data/exchange_rates.csv)
1994-08,白银,silver,5.2,美元/盎司,8.1083,1.36,元/克,本地 CSV (data/exchange_rates.csv)
1994-09,白银,silver,5.52,美元/盎司,8.1167,1.44,元/克,本地 CSV (data/exchange_rates.csv)
1994-10,白银,silver,5.45,美元/盎司,8.125,1.42,元/克,本地 CSV (data/exchange_rates.csv)
1994-11,白银,silver,5.19,美元/盎司,8.1333,1.36,元/克,本地 CSV (data/exchange_rates.csv)
1994-12,白银,silver,4.78,美元/盎司,8.1417,1.25,元/克,本地 CSV (data/exchange_rates.csv)
1995-01,白银,silver,4.77,美元/盎司,8.15,1.25,元/克,本地 CSV (data/exchange_rates.csv)
1995-02,白银,silver,4.72,美元/盎司,8.1583,1.24,元/克,本地 CSV (data/exchange_rates.csv)
1995-03,白银,silver,4.65,美元/盎司,8.1667,1.22,元/克,本地 CSV (data/exchange_rates.csv)
1995-04,白银,silver,5.48,美元/盎司,8.175,1.44,元/克,本地 CSV (data/exchange_rates.csv)
1995-05,白银,silver,5.56,美元/盎司,8.1833,1.46,元/克,本地 CSV (data/exchange_rates.csv)
1995-06,白银,silver,5.36,美元/盎司,8.1917,1.41,元/克,本地 CSV (data/exchange_rates.csv)
1995-07,白银,silver,5.16,美元/盎司,8.2,1.36,元/克,本地 CSV (data/exchange_rates.csv)
1995-08,白银,silver,5.4,美元/盎司,8.2083,1.43,元/克,本地 CSV (data/exchange_rates.csv)
1995-09,白银,silver,5.43,美元/盎司,8.2167,1.43,元/克,本地 CSV (data/exchange_rates.csv)
1995-10,白银,silver,5.37,美元/盎司,8.225,1.42,元/克,本地 CSV (data/exchange_rates.csv)
1995-11,白银,silver,5.32,美元/盎司,8.2333,1.41,元/克,本地 CSV (data/exchange_rates.csv)
1995-12,白银,silver,5.18,美元/盎司,8.2417,1.37,元/克,本地 CSV (data/exchange_rates.csv)
1996-01,白银,silver,5.46,美元/盎司,8.25,1.45,元/克,本地 CSV (data/exchange_rates.csv)
1996-02,白银,silver,5.66,美元/盎司,8.2583,1.5,元/克,本地 CSV (data/exchange_rates.csv)
1996-03,白银,silver,5.52,美元/盎司,8.2667,1.47,元/克,本地 CSV (data/exchange_rates.csv)
1996-04,白银,silver,5.42,美元/盎司,8.275,1.44,元/克,本地 CSV (data/exchange_rates.csv)
1996-05,白银,silver,5.37,美元/盎司,8.2833,1.43,元/克,本地 CSV (data/exchange_rates.csv)
1996-06,白银,silver,5.16,美元/盎司,8.2917,1.38,元/克,本地 CSV (data/exchange_rates.csv)
1996-07,白银,silver,5.07,美元/盎司,8.3,1.35,元/克,本地 CSV (data/exchange_rates.csv)
1996-08,白银,silver,5.14,美元/盎司,8.3083,1.37,元/克,本地 CSV (data/exchange_rates.csv)
1996-09,白银,silver,5.04,美元/盎司,8.3167,1.35,元/克,本地 CSV (data/exchange_rates.csv)
1996-10,白银,silver,4.93,美元/盎司,8.325,1.32,元/克,本地 CSV (data/exchange_rates.csv)
1996-11,白银,silver,4.83,美元/盎司,8.3333,1.29,元/克,本地 CSV (data/exchange_rates.csv)
1996-12,白银,silver,4.83,美元/盎司,8.3417,1.3,元/克,本地 CSV (data/exchange_rates.csv)
1997-01,白银,silver,4.77,美元/盎司,8.277,1.27,元/克,本地 CSV (data/exchange_rates.csv)
1997-02,白银,silver,5.07,美元/盎司,8.277,1.35,元/克,本地 CSV (data/exchange_rates.csv)
1997-03,白银,silver,5.2,美元/盎司,8.277,1.38,元/克,本地 CSV (data/exchange_rates.csv)
1997-04,白银,silver,4.77,美元/盎司,8.277,1.27,元/克,本地 CSV (data/exchange_rates.csv)
1997-05,白银,silver,4.75,美元/盎司,8.277,1.26,元/克,本地 CSV (data/exchange_rates.csv)
1997-06,白银,silver,4.76,美元/盎司,8.277,1.27,元/克,本地 CSV (data/exchange_rates.csv)
1997-07,白银,silver,4.37,美元/盎司,8.277,1.16,元/克,本地 CSV (data/exchange_rates.csv)
1997-08,白银,silver,4.5,美元/盎司,8.277,1.2,元/克,本地 CSV (data/exchange_rates.csv)
1997-09,白银,silver,4.73,美元/盎司,8.277,1.26,元/克,本地 CSV (data/exchange_rates.csv)
1997-10,白银,silver,5.03,美元/盎司,8.277,1.34,元/克,本地 CSV (data/exchange_rates.csv)
1997-11,白银,silver,5.08,美元/盎司,8.277,1.35,元/克,本地 CSV (data/exchange_rates.csv)
1997-12,白银,silver,5.84,美元/盎司,8.277,1.55,元/克,本地 CSV (data/exchange_rates.csv)
1998-01,白银,silver,5.89,美元/盎司,8.277,1.57,元/克,本地 CSV (data/exchange_rates.csv)
1998-02,白银,silver,6.81,美元/盎司,8.277,1.81,元/克,本地 CSV (data/exchange_rates.csv)
1998-03,白银,silver,6.24,美元/盎司,8.277,1.66,元/克,本地 CSV (data/exchange_rates.csv)
1998-04,白银,silver,6.34,美元/盎司,8.277,1.69,元/克,本地 CSV (data/exchange_rates.csv)
1998-05,白银,silver,5.58,美元/盎司,8.277,1.48,元/克,本地 CSV (data/exchange_rates.csv)
1998-06,白银,silver,5.26,美元/盎司,8.277,1.4,元/克,本地 CSV (data/exchange_rates.csv)
1998-07,白银,silver,5.46,美元/盎司,8.277,1.45,元/克,本地 CSV (data/exchange_rates.csv)
1998-08,白银,silver,5.18,美元/盎司,8.277,1.38,元/克,本地 CSV (data/exchange_rates.csv)
1998-09,白银,silver,5.0,美元/盎司,8.277,1.33,元/克,本地 CSV (data/exchange_rates.csv)
1998-10,白银,silver,5.01,美元/盎司,8.277,1.33,元/克,本地 CSV (data/exchange_rates.csv)
1998-11,白银,silver,4.97,美元/盎司,8.277,1.32,元/克,本地 CSV (data/exchange_rates.csv)
1998-12,白银,silver,4.88,美元/盎司,8.277,1.3,元/克,本地 CSV (data/exchange_rates.csv)
1999-01,白银,silver,5.14,美元/盎司,8.277,1.37,元/克,本地 CSV (data/exchange_rates.csv)
1999-02,白银,silver,5.53,美元/盎司,8.277,1.47,元/克,本地 CSV (data/exchange_rates.csv)
1999-03,白银,silver,5.19,美元/盎司,8.277,1.38,元/克,本地 CSV (data/exchange_rates.csv)
1999-04,白银,silver,5.06,美元/盎司,8.277,1.35,元/克,本地 CSV (data/exchange_rates.csv)
1999-05,白银,silver,5.26,美元/盎司,8.277,1.4,元/克,本地 CSV (data/exchange_rates.csv)
1999-06,白银,silver,5.03,美元/盎司,8.277,1.34,元/克,本地 CSV (data/exchange_rates.csv)
1999-07,白银,silver,5.18,美元/盎司,8.277,1.38,元/克,本地 CSV (data/exchange_rates.csv)
1999-08,白银,silver,5.26,美元/盎司,8.277,1.4,元/克,本地 CSV (data/exchange_rates.csv)
1999-09,白银,silver,5.21,美元/盎司,8.277,1.39,元/克,本地 CSV (data/exchange_rates.csv)
1999-10,白银,silver,5.41,美元/盎司,8.277,1.44,元/克,本地 CSV (data/exchange_rates.csv)
1999-11,白银,silver,5.15,美元/盎司,8.277,1.37,元/克,本地 CSV (data/exchange_rates.csv)
1999-12,白银,silver,5.16,美元/盎司,8.277,1.37,元/克,本地 CSV (data/exchange_rates.csv)
2000-01,白银,silver,5.19,美元/盎司,8.277,1.38,元/克,本地 CSV (data/exchange_rates.csv)
2000-02,白银,silver,5.25,美元/盎司,8.277,1.4,元/克,本地 CSV (data/exchange_rates.csv)
2000-03,白银,silver,5.06,美元/盎司,8.277,1.35,元/克,本地 CSV (data/exchange_rates.csv)
2000-04,白银,silver,5.06,美元/盎司,8.277,1.35,元/克,本地 CSV (data/exchange_rates.csv)
2000-05,白银,silver,4.98,美元/盎司,8.277,1.33,元/克,本地 CSV (data/exchange_rates.csv)
2000-06,白银,silver,5.0,美元/盎司,8.277,1.33,元/克,本地 CSV (data/exchange_rates.csv)
2000-07,白银,silver,4.97,美元/盎司,8.277,1.32,元/克,本地 CSV (data/exchange_rates.csv)
2000-08,白银,silver,4.89,美元/盎司,8.277,1.3,元/克,本地 CSV (data/exchange_rates.csv)
2000-09,白银,silver,4.89,美元/盎司,8.277,1.3,元/克,本地 CSV (data/exchange_rates.csv)
2000-10,白银,silver,4.83,美元/盎司,8.277,1.29,元/克,本地 CSV (data/exchange_rates.csv)
2000-11,白银,silver,4.68,美元/盎司,8.277,1.25,元/克,本地 CSV (data/exchange_rates.csv)
2000-12,白银,silver,4.64,美元/盎司,8.277,1.23,元/克,本地 CSV (data/exchange_rates.csv)
2001-01,白银,silver,4.66,美元/盎司,8.277,1.24,元/克,本地 CSV (data/exchange_rates.csv)
2001-02,白银,silver,4.56,美元/盎司,8.277,1.21,元/克,本地 CSV (data/exchange_rates.csv)
2001-03,白银,silver,4.4,美元/盎司,8.277,1.17,元/克,本地 CSV (data/exchange_rates.csv)
2001-04,白银,silver,4.37,美元/盎司,8.277,1.16,元/克,本地 CSV (data/exchange_rates.csv)
2001-05,白银,silver,4.43,美元/盎司,8.277,1.18,元/克,本地 CSV (data/exchange_rates.csv)
2001-06,白银,silver,4.37,美元/盎司,8.277,1.16,元/克,本地 CSV (data/exchange_rates.csv)
2001-07,白银,silver,4.25,美元/盎司,8.277,1.13,元/克,本地 CSV (data/exchange_rates.csv)
2001-08,白银,silver,4.22,美元/盎司,8.277,1.12,元/克,本地 CSV (data/exchange_rates.csv)
2001-09,白银,silver,4.35,美元/盎司,8.277,1.16,元/克,本地 CSV (data/exchange_rates.csv)
2001-10,白银,silver,4.4,美元/盎司,8.277,1.17,元/克,本地 CSV (data/exchange_rates.csv)
2001-11,白银,silver,4.12,美元/盎司,8.277,1.1,元/克,本地 CSV (data/exchange_rates.csv)
2001-12,白银,silver,4.37,美元/盎司,8.277,1.16,元/克,本地 CSV (data/exchange_rates.csv)
2002-01,白银,silver,4.51,美元/盎司,8.277,1.2,元/克,本地 CSV (data/exchange_rates.csv)
2002-02,白银,silver,4.42,美元/盎司,8.277,1.18,元/克,本地 CSV (data/exchange_rates.csv)
2002-03,白银,silver,4.54,美元/盎司,8.277,1.21,元/克,本地 CSV (data/exchange_rates.csv)
2002-04,白银,silver,4.58,美元/盎司,8.277,1.22,元/克,本地 CSV (data/exchange_rates.csv)
2002-05,白银,silver,4.7,美元/盎司,8.277,1.25,元/克,本地 CSV (data/exchange_rates.csv)
2002-06,白银,silver,4.9,美元/盎司,8.277,1.3,元/克,本地 CSV (data/exchange_rates.csv)
2002-07,白银,silver,4.92,美元/盎司,8.277,1.31,元/克,本地 CSV (data/exchange_rates.csv)
2002-08,白银,silver,4.54,美元/盎司,8.277,1.21,元/克,本地 CSV (data/exchange_rates.csv)
2002-09,白银,silver,4.55,美元/盎司,8.277,1.21,元/克,本地 CSV (data/exchange_rates.csv)
2002-10,白银,silver,4.4,美元/盎司,8.277,1.17,元/克,本地 CSV (data/exchange_rates.csv)
2002-11,白银,silver,4.51,美元/盎司,8.277,1.2,元/克,本地 CSV (data/exchange_rates.csv)
2002-12,白银,silver,4.63,美元/盎司,8.277,1.23,元/克,本地 CSV (data/exchange_rates.csv)
2003-01,白银,silver,4.81,美元/盎司,8.277,1.28,元/克,本地 CSV (data/exchange_rates.csv)
2003-02,白银,silver,4.66,美元/盎司,8.277,1.24,元/克,本地 CSV (data/exchange_rates.csv)
2003-03,白银,silver,4.53,美元/盎司,8.277,1.21,元/克,本地 CSV (data/exchange_rates.csv)
2003-04,白银,silver,4.49,美元/盎司,8.277,1.19,元/克,本地 CSV (data/exchange_rates.csv)
2003-05,白银,silver,4.74,美元/盎司,8.277,1.26,元/克,本地 CSV (data/exchange_rates.csv)
2003-06,白银,silver,4.53,美元/盎司,8.277,1.21,元/克,本地 CSV (data/exchange_rates.csv)
2003-07,白银,silver,4.8,美元/盎司,8.277,1.28,元/克,本地 CSV (data/exchange_rates.csv)
2003-08,白银,silver,4.99,美元/盎司,8.277,1.33,元/克,本地 CSV (data/exchange_rates.csv)
2003-09,白银,silver,5.17,美元/盎司,8.277,1.38,元/克,本地 CSV (data/exchange_rates.csv)
2003-10,白银,silver,5.0,美元/盎司,8.277,1.33,元/克,本地 CSV (data/exchange_rates.csv)
2003-11,白银,silver,5.18,美元/盎司,8.277,1.38,元/克,本地 CSV (data/exchange_rates.csv)
2003-12,白银,silver,5.63,美元/盎司,8.277,1.5,元/克,本地 CSV (data/exchange_rates.csv)
2004-01,白银,silver,6.3,美元/盎司,8.277,1.68,元/克,本地 CSV (data/exchange_rates.csv)
2004-02,白银,silver,6.44,美元/盎司,8.277,1.71,元/克,本地 CSV (data/exchange_rates.csv)
2004-03,白银,silver,7.23,美元/盎司,8.277,1.92,元/克,本地 CSV (data/exchange_rates.csv)
2004-04,白银,silver,7.15,美元/盎司,8.277,1.9,元/克,本地 CSV (data/exchange_rates.csv)
2004-05,白银,silver,5.87,美元/盎司,8.277,1.56,元/克,本地 CSV (data/exchange_rates.csv)
2004-06,白银,silver,5.86,美元/盎司,8.277,1.56,元/克,本地 CSV (data/exchange_rates.csv)
2004-07,白银,silver,6.31,美元/盎司,8.277,1.68,元/克,本地 CSV (data/exchange_rates.csv)
2004-08,白银,silver,6.66,美元/盎司,8.277,1.77,元/克,本地 CSV (data/exchange_rates.csv)
2004-09,白银,silver,6.4,美元/盎司,8.277,1.7,元/克,本地 CSV (data/exchange_rates.csv)
2004-10,白银,silver,7.1,美元/盎司,8.277,1.89,元/克,本地 CSV (data/exchange_rates.csv)
2004-11,白银,silver,7.49,美元/盎司,8.277,1.99,元/克,本地 CSV (data/exchange_rates.csv)
2004-12,白银,silver,7.09,美元/盎司,8.277,1.89,元/克,本地 CSV (data/exchange_rates.csv)
2005-01,白银,silver,6.62,美元/盎司,8.277,1.76,元/克,本地 CSV (data/exchange_rates.csv)
2005-02,白银,silver,7.03,美元/盎司,8.277,1.87,元/克,本地 CSV (data/exchange_rates.csv)
2005-03,白银,silver,7.23,美元/盎司,8.277,1.92,元/克,本地 CSV (data/exchange_rates.csv)
2005-04,白银,silver,7.12,美元/盎司,8.277,1.89,元/克,本地 CSV (data/exchange_rates.csv)
2005-05,白银,silver,7.02,美元/盎司,8.277,1.87,元/克,本地 CSV (data/exchange_rates.csv)
2005-06,白银,silver,7.31,美元/盎司,8.277,1.95,元/克,本地 CSV (data/exchange_rates.csv)
2005-07,白银,silver,7.01,美元/盎司,8.277,1.87,元/克,本地 CSV (data/exchange_rates.csv)
2005-08,白银,silver,7.03,美元/盎司,8.2628,1.87,元/克,本地 CSV (data/exchange_rates.csv)
2005-09,白银,silver,7.15,美元/盎司,8.2457,1.9,元/克,本地 CSV (data/exchange_rates.csv)
2005-10,白银,silver,7.67,美元/盎司,8.2285,2.03,元/克,本地 CSV (data/exchange_rates.csv)
2005-11,白银,silver,7.87,美元/盎司,8.2113,2.08,元/克,本地 CSV (data/exchange_rates.csv)
2005-12,白银,silver,8.63,美元/盎司,8.1942,2.27,元/克,本地 CSV (data/exchange_rates.csv)
2006-01,白银,silver,9.14,美元/盎司,8.177,2.4,元/克,本地 CSV (data/exchange_rates.csv)
2006-02,白银,silver,9.53,美元/盎司,8.1598,2.5,元/克,本地 CSV (data/exchange_rates.csv)
2006-03,白银,silver,10.38,美元/盎司,8.1427,2.72,元/克,本地 CSV (data/exchange_rates.csv)
2006-04,白银,silver,12.61,美元/盎司,8.1255,3.29,元/克,本地 CSV (data/exchange_rates.csv)
2006-05,白银,silver,13.38,美元/盎司,8.1083,3.49,元/克,本地 CSV (data/exchange_rates.csv)
2006-06,白银,silver,10.8,美元/盎司,8.0912,2.81,元/克,本地 CSV (data/exchange_rates.csv)
2006-07,白银,silver,11.23,美元/盎司,8.074,2.92,元/克,本地 CSV (data/exchange_rates.csv)
2006-08,白银,silver,12.19,美元/盎司,8.0568,3.16,元/克,本地 CSV (data/exchange_rates.csv)
2006-09,白银,silver,11.68,美元/盎司,8.0397,3.02,元/克,本地 CSV (data/exchange_rates.csv)
2006-10,白银,silver,11.56,美元/盎司,8.0225,2.98,元/克,本地 CSV (data/exchange_rates.csv)
2006-11,白银,silver,12.93,美元/盎司,8.0053,3.33,元/克,本地 CSV (data/exchange_rates.csv)
2006-12,白银,silver,13.28,美元/盎司,7.9882,3.41,元/克,本地 CSV (data/exchange_rates.csv)
2007-01,白银,silver,12.84,美元/盎司,7.971,3.29,元/克,本地 CSV (data/exchange_rates.csv)
2007-02,白银,silver,13.91,美元/盎司,7.9538,3.56,元/克,本地 CSV (data/exchange_rates.csv)
2007-03,白银,silver,13.18,美元/盎司,7.9367,3.36,元/克,本地 CSV (data/exchange_rates.csv)
2007-04,白银,silver,13.72,美元/盎司,7.9195,3.49,元/克,本地 CSV (data/exchange_rates.csv)
2007-05,白银,silver,13.15,美元/盎司,7.9023,3.34,元/克,本地 CSV (data/exchange_rates.csv)
2007-06,白银,silver,13.14,美元/盎司,7.8852,3.33,元/克,本地 CSV (data/exchange_rates.csv)
2007-07,白银,silver,12.91,美元/盎司,7.868,3.27,元/克,本地 CSV (data/exchange_rates.csv)
2007-08,白银,silver,12.33,美元/盎司,7.8508,3.11,元/克,本地 CSV (data/exchange_rates.csv)
2007-09,白银,silver,12.83,美元/盎司,7.8337,3.23,元/克,本地 CSV (data/exchange_rates.csv)
2007-10,白银,silver,13.67,美元/盎司,7.8165,3.44,元/克,本地 CSV (data/exchange_rates.csv)
2007-11,白银,silver,14.7,美元/盎司,7.7993,3.69,元/克,本地 CSV (data/exchange_rates.csv)
2007-12,白银,silver,14.3,美元/盎司,7.7822,3.58,元/克,本地 CSV (data/exchange_rates.csv)
2008-01,白银,silver,15.91,美元/盎司,7.765,3.97,元/克,本地 CSV (data/exchange_rates.csv)
2008-02,白银,silver,17.57,美元/盎司,7.7478,4.38,元/克,本地 CSV (data/exchange_rates.csv)
2008-03,白银,silver,19.32,美元/盎司,7.7307,4.8,元/克,本地 CSV (data/exchange_rates.csv)
2008-04,白银,silver,17.5,美元/盎司,7.7135,4.34,元/克,本地 CSV (data/exchange_rates.csv)
2008-05,白银,silver,17.06,美元/盎司,7.6963,4.22,元/克,本地 CSV (data/exchange_rates.csv)
2008-06,白银,silver,16.97,美元/盎司,7.6792,4.19,元/克,本地 CSV (data/exchange_rates.csv)
2008-07,白银,silver,18.03,美元/盎司,7.662,4.44,元/克,本地 CSV (data/exchange_rates.csv)
2008-08,白银,silver,14.64,美元/盎司,7.6448,3.6,元/克,本地 CSV (data/exchange_rates.csv)
2008-09,白银,silver,12.37,美元/盎司,7.6277,3.03,元/克,本地 CSV (data/exchange_rates.csv)
2008-10,白银,silver,10.44,美元/盎司,7.6105,2.55,元/克,本地 CSV (data/exchange_rates.csv)
2008-11,白银,silver,9.87,美元/盎司,7.5933,2.41,元/克,本地 CSV (data/exchange_rates.csv)
2008-12,白银,silver,10.29,美元/盎司,7.5762,2.51,元/克,本地 CSV (data/exchange_rates.csv)
2009-01,白银,silver,11.27,美元/盎司,7.559,2.74,元/克,本地 CSV (data/exchange_rates.csv)
2009-02,白银,silver,13.41,美元/盎司,7.5418,3.25,元/克,本地 CSV (data/exchange_rates.csv)
2009-03,白银,silver,13.12,美元/盎司,7.5247,3.17,元/克,本地 CSV (data/exchange_rates.csv)
2009-04,白银,silver,12.48,美元/盎司,7.5075,3.01,元/克,本地 CSV (data/exchange_rates.csv)
2009-05,白银,silver,13.98,美元/盎司,7.4903,3.37,元/克,本地 CSV (data/exchange_rates.csv)
2009-06,白银,silver,14.65,美元/盎司,7.4732,3.52,元/克,本地 CSV (data/exchange_rates.csv)
2009-07,白银,silver,13.36,美元/盎司,7.456,3.2,元/克,本地 CSV (data/exchange_rates.csv)
2009-08,白银,silver,14.36,美元/盎司,7.4388,3.43,元/克,本地 CSV (data/exchange_rates.csv)
2009-09,白银,silver,16.39,美元/盎司,7.4217,3.91,元/克,本地 CSV (data/exchange_rates.csv)
2009-10,白银,silver,17.24,美元/盎司,7.4045,4.1,元/克,本地 CSV (data/exchange_rates.csv)
2009-11,白银,silver,17.82,美元/盎司,7.3873,4.23,元/克,本地 CSV (data/exchange_rates.csv)
2009-12,白银,silver,17.64,美元/盎司,7.3702,4.18,元/克,本地 CSV (data/exchange_rates.csv)
2010-01,白银,silver,17.75,美元/盎司,7.353,4.2,元/克,本地 CSV (data/exchange_rates.csv)
2010-02,白银,silver,15.87,美元/盎司,7.3358,3.74,元/克,本地 CSV (data/exchange_rates.csv)
2010-03,白银,silver,17.11,美元/盎司,7.3187,4.03,元/克,本地 CSV (data/exchange_rates.csv)
2010-04,白银,silver,18.06,美元/盎司,7.3015,4.24,元/克,本地 CSV (data/exchange_rates.csv)
2010-05,白银,silver,18.43,美元/盎司,7.2843,4.32,元/克,本地 CSV (data/exchange_rates.csv)
2010-06,白银,silver,18.45,美元/盎司,7.2672,4.31,元/克,本地 CSV (data/exchange_rates.csv)
2010-07,白银,silver,17.96,美元/盎司,7.25,4.19,元/克,本地 CSV (data/exchange_rates.csv)
2010-08,白银,silver,18.39,美元/盎司,7.2328,4.28,元/克,本地 CSV (data/exchange_rates.csv)
2010-09,白银,silver,20.55,美元/盎司,7.2157,4.77,元/克,本地 CSV (data/exchange_rates.csv)
2010-10,白银,silver,23.39,美元/盎司,7.1985,5.41,元/克,本地 CSV (data/exchange_rates.csv)
2010-11,白银,silver,26.54,美元/盎司,7.1813,6.13,元/克,本地 CSV (data/exchange_rates.csv)
2010-12,白银,silver,29.32,美元/盎司,7.1642,6.75,元/克,本地 CSV (data/exchange_rates.csv)
2011-01,白银,silver,28.51,美元/盎司,7.147,6.55,元/克,本地 CSV (data/exchange_rates.csv)
2011-02,白银,silver,30.78,美元/盎司,7.1298,7.06,元/克,本地 CSV (data/exchange_rates.csv)
2011-03,白银,silver,35.81,美元/盎司,7.1127,8.19,元/克,本地 CSV (data/exchange_rates.csv)
2011-04,白银,silver,42.7,美元/盎司,7.0955,9.74,元/克,本地 CSV (data/exchange_rates.csv)
2011-05,白银,silver,37.34,美元/盎司,7.0783,8.5,元/克,本地 CSV (data/exchange_rates.csv)
2011-06,白银,silver,35.8,美元/盎司,7.0612,8.13,元/克,本地 CSV (data/exchange_rates.csv)
2011-07,白银,silver,37.92,美元/盎司,7.044,8.59,元/克,本地 CSV (data/exchange_rates.csv)
2011-08,白银,silver,40.33,美元/盎司,7.0268,9.11,元/克,本地 CSV (data/exchange_rates.csv)
2011-09,白银,silver,38.15,美元/盎司,7.0097,8.6,元/克,本地 CSV (data/exchange_rates.csv)
2011-10,白银,silver,31.97,美元/盎司,6.9925,7.19,元/克,本地 CSV (data/exchange_rates.csv)
2011-11,白银,silver,33.08,美元/盎司,6.9753,7.42,元/克,本地 CSV (data/exchange_rates.csv)
2011-12,白银,silver,30.3,美元/盎司,6.9582,6.78,元/克,本地 CSV (data/exchange_rates.csv)
2012-01,白银,silver,30.65,美元/盎司,6.941,6.84,元/克,本地 CSV (data/exchange_rates.csv)
2012-02,白银,silver,34.14,美元/盎司,6.9238,7.6,元/克,本地 CSV (data/exchange_rates.csv)
2012-03,白银,silver,32.95,美元/盎司,6.9067,7.32,元/克,本地 CSV (data/exchange_rates.csv)
2012-04,白银,silver,31.53,美元/盎司,6.8895,6.98,元/克,本地 CSV (data/exchange_rates.csv)
2012-05,白银,silver,28.72,美元/盎司,6.8723,6.35,元/克,本地 CSV (data/exchange_rates.csv)
2012-06,白银,silver,27.98,美元/盎司,6.8552,6.17,元/克,本地 CSV (data/exchange_rates.csv)
2012-07,白银,silver,27.43,美元/盎司,6.838,6.03,元/克,本地 CSV (data/exchange_rates.csv)
2012-08,白银,silver,28.8,美元/盎司,6.8208,6.32,元/克,本地 CSV (data/exchange_rates.csv)
2012-09,白银,silver,33.61,美元/盎司,6.8037,7.35,元/克,本地 CSV (data/exchange_rates.csv)
2012-10,白银,silver,33.19,美元/盎司,6.7865,7.24,元/克,本地 CSV (data/exchange_rates.csv)
2012-11,白银,silver,32.77,美元/盎司,6.7693,7.13,元/克,本地 CSV (data/exchange_rates.csv)
2012-12,白银,silver,31.87,美元/盎司,6.7522,6.92,元/克,本地 CSV (data/exchange_rates.csv)
2013-01,白银,silver,31.06,美元/盎司,6.735,6.73,元/克,本地 CSV (data/exchange_rates.csv)
2013-02,白银,silver,30.33,美元/盎司,6.7178,6.55,元/克,本地 CSV (data/exchange_rates.csv)
2013-03,白银,silver,28.79,美元/盎司,6.7007,6.2,元/克,本地 CSV (data/exchange_rates.csv)
2013-04,白银,silver,25.36,美元/盎司,6.6835,5.45,元/克,本地 CSV (data/exchange_rates.csv)
2013-05,白银,silver,23.04,美元/盎司,6.6663,4.94,元/克,本地 CSV (data/exchange_rates.csv)
2013-06,白银,silver,21.11,美元/盎司,6.6492,4.51,元/克,本地 CSV (data/exchange_rates.csv)
2013-07,白银,silver,19.71,美元/盎司,6.632,4.2,元/克,本地 CSV (data/exchange_rates.csv)
2013-08,白银,silver,21.89,美元/盎司,6.6148,4.66,元/克,本地 CSV (data/exchange_rates.csv)
2013-09,白银,silver,22.56,美元/盎司,6.5977,4.79,元/克,本地 CSV (data/exchange_rates.csv)
2013-10,白银,silver,21.92,美元/盎司,6.5805,4.64,元/克,本地 CSV (data/exchange_rates.csv)
2013-11,白银,silver,20.76,美元/盎司,6.5633,4.38,元/克,本地 CSV (data/exchange_rates.csv)
2013-12,白银,silver,19.67,美元/盎司,6.5462,4.14,元/克,本地 CSV (data/exchange_rates.csv)
2014-01,白银,silver,19.88,美元/盎司,6.529,4.17,元/克,本地 CSV (data/exchange_rates.csv)
2014-02,白银,silver,20.85,美元/盎司,6.5118,4.37,元/克,本地 CSV (data/exchange_rates.csv)
2014-03,白银,silver,20.72,美元/盎司,6.4947,4.33,元/克,本地 CSV (data/exchange_rates.csv)
2014-04,白银,silver,19.74,美元/盎司,6.4775,4.11,元/克,本地 CSV (data/exchange_rates.csv)
2014-05,白银,silver,19.34,美元/盎司,6.4603,4.02,元/克,本地 CSV (data/exchange_rates.csv)
2014-06,白银,silver,19.89,美元/盎司,6.4432,4.12,元/克,本地 CSV (data/exchange_rates.csv)
2014-07,白银,silver,20.92,美元/盎司,6.426,4.32,元/克,本地 CSV (data/exchange_rates.csv)
2014-08,白银,silver,19.74,美元/盎司,6.4088,4.07,元/克,本地 CSV (data/exchange_rates.csv)
2014-09,白银,silver,18.37,美元/盎司,6.3917,3.77,元/克,本地 CSV (data/exchange_rates.csv)
2014-10,白银,silver,17.16,美元/盎司,6.3745,3.52,元/克,本地 CSV (data/exchange_rates.csv)
2014-11,白银,silver,15.97,美元/盎司,6.3573,3.26,元/克,本地 CSV (data/exchange_rates.csv)
2014-12,白银,silver,16.3,美元/盎司,6.3402,3.32,元/克,本地 CSV (data/exchange_rates.csv)
2015-01,白银,silver,17.24,美元/盎司,6.323,3.5,元/克,本地 CSV (data/exchange_rates.csv)
2015-02,白银,silver,16.79,美元/盎司,6.3058,3.4,元/克,本地 CSV (data/exchange_rates.csv)
2015-03,白银,silver,16.24,美元/盎司,6.2887,3.28,元/克,本地 CSV (data/exchange_rates.csv)
2015-04,白银,silver,16.34,美元/盎司,6.2715,3.29,元/克,本地 CSV (data/exchange_rates.csv)
2015-05,白银,silver,16.83,美元/盎司,6.2543,3.38,元/克,本地 CSV (data/exchange_rates.csv)
2015-06,白银,silver,16.08,美元/盎司,6.2372,3.22,元/克,本地 CSV (data/exchange_rates.csv)
2015-07,白银,silver,15.05,美元/盎司,6.22,3.01,元/克,本地 CSV (data/exchange_rates.csv)
2015-08,白银,silver,14.94,美元/盎司,6.64,3.19,元/克,本地 CSV (data/exchange_rates.csv)
2015-09,白银,silver,14.75,美元/盎司,6.64,3.15,元/克,本地 CSV (data/exchange_rates.csv)
2015-10,白银,silver,15.81,美元/盎司,6.64,3.38,元/克,本地 CSV (data/exchange_rates.csv)
2015-11,白银,silver,14.45,美元/盎司,6.64,3.08,元/克,本地 CSV (data/exchange_rates.csv)
2015-12,白银,silver,14.13,美元/盎司,6.64,3.02,元/克,本地 CSV (data/exchange_rates.csv)
2016-01,白银,silver,14.11,美元/盎司,6.64,3.01,元/克,本地 CSV (data/exchange_rates.csv)
2016-02,白银,silver,15.17,美元/盎司,6.64,3.24,元/克,本地 CSV (data/exchange_rates.csv)
2016-03,白银,silver,15.47,美元/盎司,6.64,3.3,元/克,本地 CSV (data/exchange_rates.csv)
2016-04,白银,silver,16.36,美元/盎司,6.64,3.49,元/克,本地 CSV (data/exchange_rates.csv)
2016-05,白银,silver,16.95,美元/盎司,6.64,3.62,元/克,本地 CSV (data/exchange_rates.csv)
2016-06,白银,silver,17.29,美元/盎司,6.64,3.69,元/克,本地 CSV (data/exchange_rates.csv)
2016-07,白银,silver,19.99,美元/盎司,6.64,4.27,元/克,本地 CSV (data/exchange_rates.csv)
2016-08,白银,silver,19.59,美元/盎司,6.75,4.25,元/克,本地 CSV (data/exchange_rates.csv)
2016-09,白银,silver,19.36,美元/盎司,6.75,4.2,元/克,本地 CSV (data/exchange_rates.csv)
2016-10,白银,silver,17.66,美元/盎司,6.75,3.83,元/克,本地 CSV (data/exchange_rates.csv)
2016-11,白银,silver,17.41,美元/盎司,6.75,3.78,元/克,本地 CSV (data/exchange_rates.csv)
2016-12,白银,silver,16.43,美元/盎司,6.75,3.57,元/克,本地 CSV (data/exchange_rates.csv)
2017-01,白银,silver,16.9,美元/盎司,6.75,3.67,元/克,本地 CSV (data/exchange_rates.csv)
2017-02,白银,silver,17.93,美元/盎司,6.75,3.89,元/克,本地 CSV (data/exchange_rates.csv)
2017-03,白银,silver,17.63,美元/盎司,6.75,3.83,元/克,本地 CSV (data/exchange_rates.csv)
2017-04,白银,silver,18.03,美元/盎司,6.75,3.91,元/克,本地 CSV (data/exchange_rates.csv)
2017-05,白银,silver,16.75,美元/盎司,6.75,3.64,元/克,本地 CSV (data/exchange_rates.csv)
2017-06,白银,silver,16.93,美元/盎司,6.75,3.67,元/克,本地 CSV (data/exchange_rates.csv)
2017-07,白银,silver,16.15,美元/盎司,6.75,3.5,元/克,本地 CSV (data/exchange_rates.csv)
2017-08,白银,silver,16.95,美元/盎司,6.62,3.61,元/克,本地 CSV (data/exchange_rates.csv)
2017-09,白银,silver,17.43,美元/盎司,6.62,3.71,元/克,本地 CSV (data/exchange_rates.csv)
2017-10,白银,silver,16.94,美元/盎司,6.62,3.61,元/克,本地 CSV (data/exchange_rates.csv)
2017-11,白银,silver,16.98,美元/盎司,6.62,3.61,元/克,本地 CSV (data/exchange_rates.csv)
2017-12,白银,silver,16.17,美元/盎司,6.62,3.44,元/克,本地 CSV (data/exchange_rates.csv)
2018-01,白银,silver,17.13,美元/盎司,6.62,3.65,元/克,本地 CSV (data/exchange_rates.csv)
2018-02,白银,silver,16.58,美元/盎司,6.62,3.53,元/克,本地 CSV (data/exchange_rates.csv)
2018-03,白银,silver,16.47,美元/盎司,6.62,3.51,元/克,本地 CSV (data/exchange_rates.csv)
2018-04,白银,silver,16.65,美元/盎司,6.62,3.54,元/克,本地 CSV (data/exchange_rates.csv)
2018-05,白银,silver,16.49,美元/盎司,6.62,3.51,元/克,本地 CSV (data/exchange_rates.csv)
2018-06,白银,silver,16.54,美元/盎司,6.62,3.52,元/克,本地 CSV (data/exchange_rates.csv)
2018-07,白银,silver,15.72,美元/盎司,6.62,3.35,元/克,本地 CSV (data/exchange_rates.csv)
2018-08,白银,silver,14.99,美元/盎司,6.85,3.3,元/克,本地 CSV (data/exchange_rates.csv)
2018-09,白银,silver,14.27,美元/盎司,6.85,3.14,元/克,本地 CSV (data/exchange_rates.csv)
2018-10,白银,silver,14.6,美元/盎司,6.85,3.22,元/克,本地 CSV (data/exchange_rates.csv)
2018-11,白银,silver,14.35,美元/盎司,6.85,3.16,元/克,本地 CSV (data/exchange_rates.csv)
2018-12,白银,silver,14.77,美元/盎司,6.85,3.25,元/克,本地 CSV (data/exchange_rates.csv)
2019-01,白银,silver,15.62,美元/盎司,6.85,3.44,元/克,本地 CSV (data/exchange_rates.csv)
2019-02,白银,silver,15.82,美元/盎司,6.83,3.47,元/克,本地 CSV (data/exchange_rates.csv)
2019-03,白银,silver,15.3,美元/盎司,6.83,3.36,元/克,本地 CSV (data/exchange_rates.csv)
2019-04,白银,silver,15.06,美元/盎司,6.83,3.31,元/克,本地 CSV (data/exchange_rates.csv)
2019-05,白银,silver,14.66,美元/盎司,6.83,3.22,元/克,本地 CSV (data/exchange_rates.csv)
2019-06,白银,silver,15.04,美元/盎司,6.83,3.3,元/克,本地 CSV (data/exchange_rates.csv)
2019-07,白银,silver,15.79,美元/盎司,6.83,3.47,元/克,本地 CSV (data/exchange_rates.csv)
2019-08,白银,silver,17.22,美元/盎司,7.02,3.89,元/克,本地 CSV (data/exchange_rates.csv)
2019-09,白银,silver,18.16,美元/盎司,7.02,4.1,元/克,本地 CSV (data/exchange_rates.csv)
2019-10,白银,silver,17.65,美元/盎司,7.02,3.98,元/克,本地 CSV (data/exchange_rates.csv)
2019-11,白银,silver,17.17,美元/盎司,7.02,3.88,元/克,本地 CSV (data/exchange_rates.csv)
2019-12,白银,silver,17.14,美元/盎司,7.02,3.87,元/克,本地 CSV (data/exchange_rates.csv)
2020-01,白银,silver,17.97,美元/盎司,7.02,4.06,元/克,本地 CSV (data/exchange_rates.csv)
2020-02,白银,silver,17.88,美元/盎司,7.05,4.05,元/克,本地 CSV (data/exchange_rates.csv)
2020-03,白银,silver,14.88,美元/盎司,7.05,3.37,元/克,本地 CSV (data/exchange_rates.csv)
2020-04,白银,silver,15.07,美元/盎司,7.05,3.42,元/克,本地 CSV (data/exchange_rates.csv)
2020-05,白银,silver,16.26,美元/盎司,7.05,3.69,元/克,本地 CSV (data/exchange_rates.csv)
2020-06,白银,silver,17.71,美元/盎司,7.05,4.01,元/克,本地 CSV (data/exchange_rates.csv)
2020-07,白银,silver,20.65,美元/盎司,7.05,4.68,元/克,本地 CSV (data/exchange_rates.csv)
2020-08,白银,silver,27.0,美元/盎司,6.55,5.69,元/克,本地 CSV (data/exchange_rates.csv)
2020-09,白银,silver,25.74,美元/盎司,6.55,5.42,元/克,本地 CSV (data/exchange_rates.csv)
2020-10,白银,silver,24.23,美元/盎司,6.55,5.1,元/克,本地 CSV (data/exchange_rates.csv)
2020-11,白银,silver,24.08,美元/盎司,6.55,5.07,元/克,本地 CSV (data/exchange_rates.csv)
2020-12,白银,silver,24.97,美元/盎司,6.55,5.26,元/克,本地 CSV (data/exchange_rates.csv)
2021-01,白银,silver,25.88,美元/盎司,6.55,5.45,元/克,本地 CSV (data/exchange_rates.csv)
2021-02,白银,silver,27.29,美元/盎司,6.47,5.68,元/克,本地 CSV (data/exchange_rates.csv)
2021-03,白银,silver,25.65,美元/盎司,6.47,5.34,元/克,本地 CSV (data/exchange_rates.csv)
2021-04,白银,silver,25.69,美元/盎司,6.47,5.34,元/克,本地 CSV (data/exchange_rates.csv)
2021-05,白银,silver,27.5,美元/盎司,6.47,5.72,元/克,本地 CSV (data/exchange_rates.csv)
2021-06,白银,silver,27.0,美元/盎司,6.47,5.62,元/克,本地 CSV (data/exchange_rates.csv)
2021-07,白银,silver,25.68,美元/盎司,6.47,5.34,元/克,本地 CSV (data/exchange_rates.csv)
2021-08,白银,silver,23.99,美元/盎司,6.37,4.91,元/克,本地 CSV (data/exchange_rates.csv)
2021-09,白银,silver,23.19,美元/盎司,6.37,4.75,元/克,本地 CSV (data/exchange_rates.csv)
2021-10,白银,silver,23.41,美元/盎司,6.37,4.79,元/克,本地 CSV (data/exchange_rates.csv)
2021-11,白银,silver,24.18,美元/盎司,6.37,4.95,元/克,本地 CSV (data/exchange_rates.csv)
2021-12,白银,silver,22.53,美元/盎司,6.37,4.61,元/克,本地 CSV (data/exchange_rates.csv)
2022-01,白银,silver,23.16,美元/盎司,6.37,4.74,元/克,本地 CSV (data/exchange_rates.csv)
2022-02,白银,silver,23.54,美元/盎司,6.55,4.96,元/克,本地 CSV (data/exchange_rates.csv)
2022-03,白银,silver,25.31,美元/盎司,6.55,5.33,元/克,本地 CSV (data/exchange_rates.csv)
2022-04,白银,silver,24.55,美元/盎司,6.55,5.17,元/克,本地 CSV (data/exchange_rates.csv)
2022-05,白银,silver,21.91,美元/盎司,6.55,4.61,元/克,本地 CSV (data/exchange_rates.csv)
2022-06,白银,silver,21.56,美元/盎司,6.55,4.54,元/克,本地 CSV (data/exchange_rates.csv)
2022-07,白银,silver,19.08,美元/盎司,6.55,4.02,元/克,本地 CSV (data/exchange_rates.csv)
2022-08,白银,silver,19.72,美元/盎司,6.98,4.43,元/克,本地 CSV (data/exchange_rates.csv)
2022-09,白银,silver,18.94,美元/盎司,6.98,4.25,元/克,本地 CSV (data/exchange_rates.csv)
2022-10,白银,silver,19.43,美元/盎司,6.98,4.36,元/克,本地 CSV (data/exchange_rates.csv)
2022-11,白银,silver,21.02,美元/盎司,6.98,4.72,元/克,本地 CSV (data/exchange_rates.csv)
2022-12,白银,silver,23.33,美元/盎司,6.98,5.24,元/克,本地 CSV (data/exchange_rates.csv)
2023-01,白银,silver,23.65,美元/盎司,6.98,5.31,元/克,本地 CSV (data/exchange_rates.csv)
2023-02,白银,silver,21.92,美元/盎司,7.1,5.0,元/克,本地 CSV (data/exchange_rates.csv)
2023-03,白银,silver,21.98,美元/盎司,7.1,5.02,元/克,本地 CSV (data/exchange_rates.csv)
2023-04,白银,silver,25.01,美元/盎司,7.1,5.71,元/克,本地 CSV (data/exchange_rates.csv)
2023-05,白银,silver,24.27,美元/盎司,7.1,5.54,元/克,本地 CSV (data/exchange_rates.csv)
2023-06,白银,silver,23.42,美元/盎司,7.1,5.35,元/克,本地 CSV (data/exchange_rates.csv)
2023-07,白银,silver,24.26,美元/盎司,7.1,5.54,元/克,本地 CSV (data/exchange_rates.csv)
2023-08,白银,silver,23.44,美元/盎司,7.2,5.43,元/克,本地 CSV (data/exchange_rates.csv)
2023-09,白银,silver,23.1,美元/盎司,7.2,5.35,元/克,本地 CSV (data/exchange_rates.csv)
2023-10,白银,silver,22.38,美元/盎司,7.2,5.18,元/克,本地 CSV (data/exchange_rates.csv)
2023-11,白银,silver,23.49,美元/盎司,7.2,5.44,元/克,本地 CSV (data/exchange_rates.csv)
2023-12,白银,silver,23.88,美元/盎司,7.2,5.53,元/克,本地 CSV (data/exchange_rates.csv)
2024-01,白银,silver,22.92,美元/盎司,7.2,5.31,元/克,本地 CSV (data/exchange_rates.csv)
2024-02,白银,silver,22.66,美元/盎司,7.25,5.28,元/克,本地 CSV (data/exchange_rates.csv)
2024-03,白银,silver,24.52,美元/盎司,7.25,5.72,元/克,本地 CSV (data/exchange_rates.csv)
2024-04,白银,silver,27.49,美元/盎司,7.25,6.41,元/克,本地 CSV (data/exchange_rates.csv)
2024-05,白银,silver,29.36,美元/盎司,7.25,6.84,元/克,本地 CSV (data/exchange_rates.csv)
2024-06,白银,silver,29.58,美元/盎司,7.25,6.89,元/克,本地 CSV (data/exchange_rates.csv)
2024-07,白银,silver,29.77,美元/盎司,7.25,6.94,元/克,本地 CSV (data/exchange_rates.csv)
2024-08,白银,silver,28.53,美元/盎司,7.28,6.68,元/克,本地 CSV (data/exchange_rates.csv)
2024-09,白银,silver,30.13,美元/盎司,7.28,7.05,元/克,本地 CSV (data/exchange_rates.csv)
2024-10,白银,silver,32.42,美元/盎司,7.28,7.59,元/克,本地 CSV (data/exchange_rates.csv)
2024-11,白银,silver,31.09,美元/盎司,7.28,7.28,元/克,本地 CSV (data/exchange_rates.csv)
2024-12,白银,silver,30.76,美元/盎司,7.28,7.2,元/克,本地 CSV (data/exchange_rates.csv)
2025-01,白银,silver,30.41,美元/盎司,7.28,7.12,元/克,本地 CSV (data/exchange_rates.csv)
2025-02,白银,silver,32.15,美元/盎司,7.18,7.42,元/克,本地 CSV (data/exchange_rates.csv)
2025-03,白银,silver,33.19,美元/盎司,7.18,7.66,元/克,本地 CSV (data/exchange_rates.csv)
2025-04,白银,silver,32.23,美元/盎司,7.18,7.44,元/克,本地 CSV (data/exchange_rates.csv)
2025-05,白银,silver,32.76,美元/盎司,7.18,7.56,元/克,本地 CSV (data/exchange_rates.csv)
2025-06,白银,silver,36.01,美元/盎司,7.18,8.31,元/克,本地 CSV (data/exchange_rates.csv)
2025-07,白银,silver,37.7,美元/盎司,7.18,8.7,元/克,本地 CSV (data/exchange_rates.csv)
2025-08,白银,silver,38.19,美元/盎司,7.2,8.84,元/克,本地 CSV (data/exchange_rates.csv)
2025-09,白银,silver,42.82,美元/盎司,7.2,9.91,元/克,本地 CSV (data/exchange_rates.csv)
2025-10,白银,silver,49.44,美元/盎司,7.2,11.44,元/克,本地 CSV (data/exchange_rates.csv)
2025-11,白银,silver,50.43,美元/盎司,7.2,11.67,元/克,本地 CSV (data/exchange_rates.csv)
2025-12,白银,silver,62.34,美元/盎司,7.2,14.43,元/克,本地 CSV (data/exchange_rates.csv)
2026-01,白银,silver,92.06,美元/盎司,7.2,21.31,元/克,本地 CSV (data/exchange_rates.csv)
2026-02,白银,silver,81.95,美元/盎司,7.2,18.97,元/克,本地 CSV (data/exchange_rates.csv)
2026-03,白银,silver,77.88,美元/盎司,7.2,18.03,元/克,本地 CSV (data/exchange_rates.csv)
2026-04,白银,silver,75.86,美元/盎司,7.2,17.56,元/克,本地 CSV (data/exchange_rates.csv)
2026-05,白银,silver,78.01,美元/盎司,7.2,18.06,元/克,本地 CSV (data/exchange_rates.csv)
1960-01,锡,tin,2180.4,美元/吨,2.4618,5367.71,元/吨,本地 CSV (data/exchange_rates.csv)
1960-02,锡,tin,2180.4,美元/吨,2.4618,5367.71,元/吨,本地 CSV (data/exchange_rates.csv)
1960-03,锡,tin,2173.8,美元/吨,2.4618,5351.46,元/吨,本地 CSV (data/exchange_rates.csv)
1960-04,锡,tin,2178.2,美元/吨,2.4618,5362.29,元/吨,本地 CSV (data/exchange_rates.csv)
1960-05,锡,tin,2162.7,美元/吨,2.4618,5324.13,元/吨,本地 CSV (data/exchange_rates.csv)
1960-06,锡,tin,2184.8,美元/吨,2.4618,5378.54,元/吨,本地 CSV (data/exchange_rates.csv)
1960-07,锡,tin,2248.7,美元/吨,2.4618,5535.85,元/吨,本地 CSV (data/exchange_rates.csv)
1960-08,锡,tin,2204.6,美元/吨,2.4618,5427.28,元/吨,本地 CSV (data/exchange_rates.csv)
1960-09,锡,tin,2226.7,美元/吨,2.4618,5481.69,元/吨,本地 CSV (data/exchange_rates.csv)
1960-10,锡,tin,2226.7,美元/吨,2.4618,5481.69,元/吨,本地 CSV (data/exchange_rates.csv)
1960-11,锡,tin,2204.6,美元/吨,2.4618,5427.28,元/吨,本地 CSV (data/exchange_rates.csv)
1960-12,锡,tin,2189.2,美元/吨,2.4618,5389.37,元/吨,本地 CSV (data/exchange_rates.csv)
1961-01,锡,tin,2162.7,美元/吨,2.4618,5324.13,元/吨,本地 CSV (data/exchange_rates.csv)
1961-02,锡,tin,2187.0,美元/吨,2.4618,5383.96,元/吨,本地 CSV (data/exchange_rates.csv)
1961-03,锡,tin,2248.7,美元/吨,2.4618,5535.85,元/吨,本地 CSV (data/exchange_rates.csv)
1961-04,锡,tin,2308.2,美元/吨,2.4618,5682.33,元/吨,本地 CSV (data/exchange_rates.csv)
1961-05,锡,tin,2376.6,美元/吨,2.4618,5850.71,元/吨,本地 CSV (data/exchange_rates.csv)
1961-06,锡,tin,2467.0,美元/吨,2.4618,6073.26,元/吨,本地 CSV (data/exchange_rates.csv)
1961-07,锡,tin,2519.9,美元/吨,2.4618,6203.49,元/吨,本地 CSV (data/exchange_rates.csv)
1961-08,锡,tin,2605.9,美元/吨,2.4618,6415.2,元/吨,本地 CSV (data/exchange_rates.csv)
1961-09,锡,tin,2630.1,美元/吨,2.4618,6474.78,元/吨,本地 CSV (data/exchange_rates.csv)
1961-10,锡,tin,2605.9,美元/吨,2.4618,6415.2,元/吨,本地 CSV (data/exchange_rates.csv)
1961-11,锡,tin,2667.6,美元/吨,2.4618,6567.1,元/吨,本地 CSV (data/exchange_rates.csv)
1961-12,锡,tin,2619.1,美元/吨,2.4618,6447.7,元/吨,本地 CSV (data/exchange_rates.csv)
1962-01,锡,tin,2610.3,美元/吨,2.4618,6426.04,元/吨,本地 CSV (data/exchange_rates.csv)
1962-02,锡,tin,2623.5,美元/吨,2.4618,6458.53,元/吨,本地 CSV (data/exchange_rates.csv)
1962-03,锡,tin,2652.2,美元/吨,2.4618,6529.19,元/吨,本地 CSV (data/exchange_rates.csv)
1962-04,锡,tin,2614.7,美元/吨,2.4618,6436.87,元/吨,本地 CSV (data/exchange_rates.csv)
1962-05,锡,tin,2533.1,美元/吨,2.4618,6235.99,元/吨,本地 CSV (data/exchange_rates.csv)
1962-06,锡,tin,2414.1,美元/吨,2.4618,5943.03,元/吨,本地 CSV (data/exchange_rates.csv)
1962-07,锡,tin,2376.6,美元/吨,2.4618,5850.71,元/吨,本地 CSV (data/exchange_rates.csv)
1962-08,锡,tin,2350.1,美元/吨,2.4618,5785.48,元/吨,本地 CSV (data/exchange_rates.csv)
1962-09,锡,tin,2350.1,美元/吨,2.4618,5785.48,元/吨,本地 CSV (data/exchange_rates.csv)
1962-10,锡,tin,2358.9,美元/吨,2.4618,5807.14,元/吨,本地 CSV (data/exchange_rates.csv)
1962-11,锡,tin,2407.4,美元/吨,2.4618,5926.54,元/吨,本地 CSV (data/exchange_rates.csv)
1962-12,锡,tin,2365.6,美元/吨,2.4618,5823.63,元/吨,本地 CSV (data/exchange_rates.csv)
1963-01,锡,tin,2350.1,美元/吨,2.4618,5785.48,元/吨,本地 CSV (data/exchange_rates.csv)
1963-02,锡,tin,2350.1,美元/吨,2.4618,5785.48,元/吨,本地 CSV (data/exchange_rates.csv)
1963-03,锡,tin,2358.9,美元/吨,2.4618,5807.14,元/吨,本地 CSV (data/exchange_rates.csv)
1963-04,锡,tin,2427.3,美元/吨,2.4618,5975.53,元/吨,本地 CSV (data/exchange_rates.csv)
1963-05,锡,tin,2495.6,美元/吨,2.4618,6143.67,元/吨,本地 CSV (data/exchange_rates.csv)
1963-06,锡,tin,2500.0,美元/吨,2.4618,6154.5,元/吨,本地 CSV (data/exchange_rates.csv)
1963-07,锡,tin,2482.4,美元/吨,2.4618,6111.17,元/吨,本地 CSV (data/exchange_rates.csv)
1963-08,锡,tin,2495.6,美元/吨,2.4618,6143.67,元/吨,本地 CSV (data/exchange_rates.csv)
1963-09,锡,tin,2572.8,美元/吨,2.4618,6333.72,元/吨,本地 CSV (data/exchange_rates.csv)
1963-10,锡,tin,2590.4,美元/吨,2.4618,6377.05,元/吨,本地 CSV (data/exchange_rates.csv)
1963-11,锡,tin,2687.4,美元/吨,2.4618,6615.84,元/吨,本地 CSV (data/exchange_rates.csv)
1963-12,锡,tin,2782.2,美元/吨,2.4618,6849.22,元/吨,本地 CSV (data/exchange_rates.csv)
1964-01,锡,tin,2872.6,美元/吨,2.4618,7071.77,元/吨,本地 CSV (data/exchange_rates.csv)
1964-02,锡,tin,3060.0,美元/吨,2.4618,7533.11,元/吨,本地 CSV (data/exchange_rates.csv)
1964-03,锡,tin,2958.6,美元/吨,2.4618,7283.48,元/吨,本地 CSV (data/exchange_rates.csv)
1964-04,锡,tin,2879.2,美元/吨,2.4618,7088.01,元/吨,本地 CSV (data/exchange_rates.csv)
1964-05,锡,tin,2910.1,美元/吨,2.4618,7164.08,元/吨,本地 CSV (data/exchange_rates.csv)
1964-06,锡,tin,3265.0,美元/吨,2.4618,8037.78,元/吨,本地 CSV (data/exchange_rates.csv)
1964-07,锡,tin,3452.4,美元/吨,2.4618,8499.12,元/吨,本地 CSV (data/exchange_rates.csv)
1964-08,锡,tin,3512.0,美元/吨,2.4618,8645.84,元/吨,本地 CSV (data/exchange_rates.csv)
1964-09,锡,tin,3933.0,美元/吨,2.4618,9682.26,元/吨,本地 CSV (data/exchange_rates.csv)
1964-10,锡,tin,4371.8,美元/吨,2.4618,10762.5,元/吨,本地 CSV (data/exchange_rates.csv)
1964-11,锡,tin,4105.0,美元/吨,2.4618,10105.69,元/吨,本地 CSV (data/exchange_rates.csv)
1964-12,锡,tin,3633.2,美元/吨,2.4618,8944.21,元/吨,本地 CSV (data/exchange_rates.csv)
1965-01,锡,tin,3456.8,美元/吨,2.4618,8509.95,元/吨,本地 CSV (data/exchange_rates.csv)
1965-02,锡,tin,3390.7,美元/吨,2.4618,8347.23,元/吨,本地 CSV (data/exchange_rates.csv)
1965-03,锡,tin,3584.7,美元/吨,2.4618,8824.81,元/吨,本地 CSV (data/exchange_rates.csv)
1965-04,锡,tin,3944.1,美元/吨,2.4618,9709.59,元/吨,本地 CSV (data/exchange_rates.csv)
1965-05,锡,tin,4215.2,美元/吨,2.4618,10376.98,元/吨,本地 CSV (data/exchange_rates.csv)
1965-06,锡,tin,4131.5,美元/吨,2.4618,10170.93,元/吨,本地 CSV (data/exchange_rates.csv)
1965-07,锡,tin,3966.1,美元/吨,2.4618,9763.74,元/吨,本地 CSV (data/exchange_rates.csv)
1965-08,锡,tin,4091.8,美元/吨,2.4618,10073.19,元/吨,本地 CSV (data/exchange_rates.csv)
1965-09,锡,tin,4208.6,美元/吨,2.4618,10360.73,元/吨,本地 CSV (data/exchange_rates.csv)
1965-10,锡,tin,4010.2,美元/吨,2.4618,9872.31,元/吨,本地 CSV (data/exchange_rates.csv)
1965-11,锡,tin,3820.6,美元/吨,2.4618,9405.55,元/吨,本地 CSV (data/exchange_rates.csv)
1965-12,锡,tin,3869.1,美元/吨,2.4618,9524.95,元/吨,本地 CSV (data/exchange_rates.csv)
1966-01,锡,tin,3926.4,美元/吨,2.4618,9666.01,元/吨,本地 CSV (data/exchange_rates.csv)
1966-02,锡,tin,3877.9,美元/吨,2.4618,9546.61,元/吨,本地 CSV (data/exchange_rates.csv)
1966-03,锡,tin,3772.1,美元/吨,2.4618,9286.16,元/吨,本地 CSV (data/exchange_rates.csv)
1966-04,锡,tin,3763.3,美元/吨,2.4618,9264.49,元/吨,本地 CSV (data/exchange_rates.csv)
1966-05,锡,tin,3688.3,美元/吨,2.4618,9079.86,元/吨,本地 CSV (data/exchange_rates.csv)
1966-06,锡,tin,3516.4,美元/吨,2.4618,8656.67,元/吨,本地 CSV (data/exchange_rates.csv)
1966-07,锡,tin,3514.2,美元/吨,2.4618,8651.26,元/吨,本地 CSV (data/exchange_rates.csv)
1966-08,锡,tin,3428.2,美元/吨,2.4618,8439.54,元/吨,本地 CSV (data/exchange_rates.csv)
1966-09,锡,tin,3377.5,美元/吨,2.4618,8314.73,元/吨,本地 CSV (data/exchange_rates.csv)
1966-10,锡,tin,3362.0,美元/吨,2.4618,8276.57,元/吨,本地 CSV (data/exchange_rates.csv)
1966-11,锡,tin,3320.2,美元/吨,2.4618,8173.67,元/吨,本地 CSV (data/exchange_rates.csv)
1966-12,锡,tin,3335.6,美元/吨,2.4618,8211.58,元/吨,本地 CSV (data/exchange_rates.csv)
1967-01,锡,tin,3302.5,美元/吨,2.4618,8130.09,元/吨,本地 CSV (data/exchange_rates.csv)
1967-02,锡,tin,3309.1,美元/吨,2.4618,8146.34,元/吨,本地 CSV (data/exchange_rates.csv)
1967-03,锡,tin,3318.0,美元/吨,2.4618,8168.25,元/吨,本地 CSV (data/exchange_rates.csv)
1967-04,锡,tin,3351.0,美元/吨,2.4618,8249.49,元/吨,本地 CSV (data/exchange_rates.csv)
1967-05,锡,tin,3357.6,美元/吨,2.4618,8265.74,元/吨,本地 CSV (data/exchange_rates.csv)
1967-06,锡,tin,3366.5,美元/吨,2.4618,8287.65,元/吨,本地 CSV (data/exchange_rates.csv)
1967-07,锡,tin,3362.0,美元/吨,2.4618,8276.57,元/吨,本地 CSV (data/exchange_rates.csv)
1967-08,锡,tin,3291.5,美元/吨,2.4618,8103.01,元/吨,本地 CSV (data/exchange_rates.csv)
1967-09,锡,tin,3267.2,美元/吨,2.4618,8043.19,元/吨,本地 CSV (data/exchange_rates.csv)
1967-10,锡,tin,3280.5,美元/吨,2.4618,8075.93,元/吨,本地 CSV (data/exchange_rates.csv)
1967-11,锡,tin,3298.1,美元/吨,2.4618,8119.26,元/吨,本地 CSV (data/exchange_rates.csv)
1967-12,锡,tin,3192.3,美元/吨,2.4618,7858.8,元/吨,本地 CSV (data/exchange_rates.csv)
1968-01,锡,tin,3126.2,美元/吨,2.4618,7696.08,元/吨,本地 CSV (data/exchange_rates.csv)
1968-02,锡,tin,3110.7,美元/吨,2.4618,7657.92,元/吨,本地 CSV (data/exchange_rates.csv)
1968-03,锡,tin,3112.9,美元/吨,2.4618,7663.34,元/吨,本地 CSV (data/exchange_rates.csv)
1968-04,锡,tin,3106.3,美元/吨,2.4618,7647.09,元/吨,本地 CSV (data/exchange_rates.csv)
1968-05,锡,tin,3084.3,美元/吨,2.4618,7592.93,元/吨,本地 CSV (data/exchange_rates.csv)
1968-06,锡,tin,3084.3,美元/吨,2.4618,7592.93,元/吨,本地 CSV (data/exchange_rates.csv)
1968-07,锡,tin,3075.4,美元/吨,2.4618,7571.02,元/吨,本地 CSV (data/exchange_rates.csv)
1968-08,锡,tin,3062.2,美元/吨,2.4618,7538.52,元/吨,本地 CSV (data/exchange_rates.csv)
1968-09,锡,tin,3071.0,美元/吨,2.4618,7560.19,元/吨,本地 CSV (data/exchange_rates.csv)
1968-10,锡,tin,3110.7,美元/吨,2.4618,7657.92,元/吨,本地 CSV (data/exchange_rates.csv)
1968-11,锡,tin,3320.2,美元/吨,2.4618,8173.67,元/吨,本地 CSV (data/exchange_rates.csv)
1968-12,锡,tin,3258.4,美元/吨,2.4618,8021.53,元/吨,本地 CSV (data/exchange_rates.csv)
1969-01,锡,tin,3227.6,美元/吨,2.4618,7945.71,元/吨,本地 CSV (data/exchange_rates.csv)
1969-02,锡,tin,3245.2,美元/吨,2.4618,7989.03,元/吨,本地 CSV (data/exchange_rates.csv)
1969-03,锡,tin,3243.0,美元/吨,2.4618,7983.62,元/吨,本地 CSV (data/exchange_rates.csv)
1969-04,锡,tin,3304.7,美元/吨,2.4618,8135.51,元/吨,本地 CSV (data/exchange_rates.csv)
1969-05,锡,tin,3355.4,美元/吨,2.4618,8260.32,元/吨,本地 CSV (data/exchange_rates.csv)
1969-06,锡,tin,3379.7,美元/吨,2.4618,8320.15,元/吨,本地 CSV (data/exchange_rates.csv)
1969-07,锡,tin,3439.2,美元/吨,2.4618,8466.62,元/吨,本地 CSV (data/exchange_rates.csv)
1969-08,锡,tin,3470.1,美元/吨,2.4618,8542.69,元/吨,本地 CSV (data/exchange_rates.csv)
1969-09,锡,tin,3470.1,美元/吨,2.4618,8542.69,元/吨,本地 CSV (data/exchange_rates.csv)
1969-10,锡,tin,3534.0,美元/吨,2.4618,8700.0,元/吨,本地 CSV (data/exchange_rates.csv)
1969-11,锡,tin,3642.0,美元/吨,2.4618,8965.88,元/吨,本地 CSV (data/exchange_rates.csv)
1969-12,锡,tin,3818.4,美元/吨,2.4618,9400.14,元/吨,本地 CSV (data/exchange_rates.csv)
1970-01,锡,tin,3842.7,美元/吨,2.4618,9459.96,元/吨,本地 CSV (data/exchange_rates.csv)
1970-02,锡,tin,3767.7,美元/吨,2.4618,9275.32,元/吨,本地 CSV (data/exchange_rates.csv)
1970-03,锡,tin,3796.4,美元/吨,2.4618,9345.98,元/吨,本地 CSV (data/exchange_rates.csv)
1970-04,锡,tin,3849.3,美元/吨,2.4618,9476.21,元/吨,本地 CSV (data/exchange_rates.csv)
1970-05,锡,tin,3736.8,美元/吨,2.4618,9199.25,元/吨,本地 CSV (data/exchange_rates.csv)
1970-06,锡,tin,3542.8,美元/吨,2.4618,8721.67,元/吨,本地 CSV (data/exchange_rates.csv)
1970-07,锡,tin,3498.7,美元/吨,2.4618,8613.1,元/吨,本地 CSV (data/exchange_rates.csv)
1970-08,锡,tin,3620.0,美元/吨,2.4618,8911.72,元/吨,本地 CSV (data/exchange_rates.csv)
1970-09,锡,tin,3646.4,美元/吨,2.4618,8976.71,元/吨,本地 CSV (data/exchange_rates.csv)
1970-10,锡,tin,3668.5,美元/吨,2.4618,9031.11,元/吨,本地 CSV (data/exchange_rates.csv)
1970-11,锡,tin,3615.6,美元/吨,2.4618,8900.88,元/吨,本地 CSV (data/exchange_rates.csv)
1970-12,锡,tin,3496.5,美元/吨,2.4618,8607.68,元/吨,本地 CSV (data/exchange_rates.csv)
1971-01,锡,tin,3465.7,美元/吨,2.4618,8531.86,元/吨,本地 CSV (data/exchange_rates.csv)
1971-02,锡,tin,3463.5,美元/吨,2.4618,8526.44,元/吨,本地 CSV (data/exchange_rates.csv)
1971-03,锡,tin,3527.4,美元/吨,2.4618,8683.75,元/吨,本地 CSV (data/exchange_rates.csv)
1971-04,锡,tin,3562.7,美元/吨,2.4618,8770.65,元/吨,本地 CSV (data/exchange_rates.csv)
1971-05,锡,tin,3520.8,美元/吨,2.4618,8667.51,元/吨,本地 CSV (data/exchange_rates.csv)
1971-06,锡,tin,3448.0,美元/吨,2.4618,8488.29,元/吨,本地 CSV (data/exchange_rates.csv)
1971-07,锡,tin,3456.8,美元/吨,2.4618,8509.95,元/吨,本地 CSV (data/exchange_rates.csv)
1971-08,锡,tin,3478.9,美元/吨,2.2451,7810.48,元/吨,本地 CSV (data/exchange_rates.csv)
1971-09,锡,tin,3525.2,美元/吨,2.2451,7914.43,元/吨,本地 CSV (data/exchange_rates.csv)
1971-10,锡,tin,3489.9,美元/吨,2.2451,7835.17,元/吨,本地 CSV (data/exchange_rates.csv)
1971-11,锡,tin,3534.0,美元/吨,2.2451,7934.18,元/吨,本地 CSV (data/exchange_rates.csv)
1971-12,锡,tin,3670.7,美元/吨,2.2451,8241.09,元/吨,本地 CSV (data/exchange_rates.csv)
1972-01,锡,tin,3626.6,美元/吨,2.2451,8142.08,元/吨,本地 CSV (data/exchange_rates.csv)
1972-02,锡,tin,3631.0,美元/吨,2.2451,8151.96,元/吨,本地 CSV (data/exchange_rates.csv)
1972-03,锡,tin,3789.7,美元/吨,2.2451,8508.26,元/吨,本地 CSV (data/exchange_rates.csv)
1972-04,锡,tin,3844.9,美元/吨,2.2451,8632.18,元/吨,本地 CSV (data/exchange_rates.csv)
1972-05,锡,tin,3765.5,美元/吨,2.2451,8453.92,元/吨,本地 CSV (data/exchange_rates.csv)
1972-06,锡,tin,3741.2,美元/吨,2.2451,8399.37,元/吨,本地 CSV (data/exchange_rates.csv)
1972-07,锡,tin,3732.4,美元/吨,2.2451,8379.61,元/吨,本地 CSV (data/exchange_rates.csv)
1972-08,锡,tin,3754.5,美元/吨,1.989,7467.7,元/吨,本地 CSV (data/exchange_rates.csv)
1972-09,锡,tin,3803.0,美元/吨,1.989,7564.17,元/吨,本地 CSV (data/exchange_rates.csv)
1972-10,锡,tin,3758.9,美元/吨,1.989,7476.45,元/吨,本地 CSV (data/exchange_rates.csv)
1972-11,锡,tin,3701.6,美元/吨,1.989,7362.48,元/吨,本地 CSV (data/exchange_rates.csv)
1972-12,锡,tin,3730.2,美元/吨,1.989,7419.37,元/吨,本地 CSV (data/exchange_rates.csv)
1973-01,锡,tin,3789.7,美元/吨,1.989,7537.71,元/吨,本地 CSV (data/exchange_rates.csv)
1973-02,锡,tin,4027.8,美元/吨,1.989,8011.29,元/吨,本地 CSV (data/exchange_rates.csv)
1973-03,锡,tin,4288.0,美元/吨,1.989,8528.83,元/吨,本地 CSV (data/exchange_rates.csv)
1973-04,锡,tin,4270.3,美元/吨,1.989,8493.63,元/吨,本地 CSV (data/exchange_rates.csv)
1973-05,锡,tin,4347.5,美元/吨,1.989,8647.18,元/吨,本地 CSV (data/exchange_rates.csv)
1973-06,锡,tin,4530.5,美元/吨,1.989,9011.16,元/吨,本地 CSV (data/exchange_rates.csv)
1973-07,锡,tin,4962.6,美元/吨,1.989,9870.61,元/吨,本地 CSV (data/exchange_rates.csv)
1973-08,锡,tin,5004.5,美元/吨,1.5083,7548.29,元/吨,本地 CSV (data/exchange_rates.csv)
1973-09,锡,tin,5011.1,美元/吨,1.5167,7600.34,元/吨,本地 CSV (data/exchange_rates.csv)
1973-10,锡,tin,5359.4,美元/吨,1.525,8173.08,元/吨,本地 CSV (data/exchange_rates.csv)
1973-11,锡,tin,5573.3,美元/吨,1.5333,8545.54,元/吨,本地 CSV (data/exchange_rates.csv)
1973-12,锡,tin,6461.7,美元/吨,1.5417,9962.0,元/吨,本地 CSV (data/exchange_rates.csv)
1974-01,锡,tin,6503.6,美元/吨,1.55,10080.58,元/吨,本地 CSV (data/exchange_rates.csv)
1974-02,锡,tin,7418.5,美元/吨,1.5583,11560.25,元/吨,本地 CSV (data/exchange_rates.csv)
1974-03,锡,tin,8218.8,美元/吨,1.5667,12876.39,元/吨,本地 CSV (data/exchange_rates.csv)
1974-04,锡,tin,9206.5,美元/吨,1.575,14500.24,元/吨,本地 CSV (data/exchange_rates.csv)
1974-05,锡,tin,9305.7,美元/吨,1.5833,14733.71,元/吨,本地 CSV (data/exchange_rates.csv)
1974-06,锡,tin,9041.1,美元/吨,1.5917,14390.72,元/吨,本地 CSV (data/exchange_rates.csv)
1974-07,锡,tin,8547.3,美元/吨,1.6,13675.68,元/吨,本地 CSV (data/exchange_rates.csv)
1974-08,锡,tin,8787.6,美元/吨,1.6083,14133.1,元/吨,本地 CSV (data/exchange_rates.csv)
1974-09,锡,tin,9166.8,美元/吨,1.6167,14819.97,元/吨,本地 CSV (data/exchange_rates.csv)
1974-10,锡,tin,7409.7,美元/吨,1.625,12040.76,元/吨,本地 CSV (data/exchange_rates.csv)
1974-11,锡,tin,7403.1,美元/吨,1.6333,12091.48,元/吨,本地 CSV (data/exchange_rates.csv)
1974-12,锡,tin,7202.5,美元/吨,1.6417,11824.34,元/吨,本地 CSV (data/exchange_rates.csv)
1975-01,锡,tin,7676.5,美元/吨,1.65,12666.22,元/吨,本地 CSV (data/exchange_rates.csv)
1975-02,锡,tin,7557.4,美元/吨,1.6583,12532.44,元/吨,本地 CSV (data/exchange_rates.csv)
1975-03,锡,tin,7383.3,美元/吨,1.6667,12305.75,元/吨,本地 CSV (data/exchange_rates.csv)
1975-04,锡,tin,7129.7,美元/吨,1.675,11942.25,元/吨,本地 CSV (data/exchange_rates.csv)
1975-05,锡,tin,6898.3,美元/吨,1.6833,11611.91,元/吨,本地 CSV (data/exchange_rates.csv)
1975-06,锡,tin,6926.9,美元/吨,1.6917,11718.24,元/吨,本地 CSV (data/exchange_rates.csv)
1975-07,锡,tin,6810.1,美元/吨,1.7,11577.17,元/吨,本地 CSV (data/exchange_rates.csv)
1975-08,锡,tin,6774.8,美元/吨,1.7083,11573.39,元/吨,本地 CSV (data/exchange_rates.csv)
1975-09,锡,tin,6558.7,美元/吨,1.7167,11259.32,元/吨,本地 CSV (data/exchange_rates.csv)
1975-10,锡,tin,6347.1,美元/吨,1.725,10948.75,元/吨,本地 CSV (data/exchange_rates.csv)
1975-11,锡,tin,6281.0,美元/吨,1.7333,10886.86,元/吨,本地 CSV (data/exchange_rates.csv)
1975-12,锡,tin,6175.1,美元/吨,1.7417,10755.17,元/吨,本地 CSV (data/exchange_rates.csv)
1976-01,锡,tin,6241.3,美元/吨,1.75,10922.27,元/吨,本地 CSV (data/exchange_rates.csv)
1976-02,锡,tin,6508.0,美元/吨,1.7583,11443.02,元/吨,本地 CSV (data/exchange_rates.csv)
1976-03,锡,tin,6902.7,美元/吨,1.7667,12195.0,元/吨,本地 CSV (data/exchange_rates.csv)
1976-04,锡,tin,7123.1,美元/吨,1.775,12643.5,元/吨,本地 CSV (data/exchange_rates.csv)
1976-05,锡,tin,7449.4,美元/吨,1.7833,13284.52,元/吨,本地 CSV (data/exchange_rates.csv)
1976-06,锡,tin,7766.9,美元/吨,1.7917,13915.95,元/吨,本地 CSV (data/exchange_rates.csv)
1976-07,锡,tin,8496.6,美元/吨,1.8,15293.88,元/吨,本地 CSV (data/exchange_rates.csv)
1976-08,锡,tin,8084.3,美元/吨,1.8083,14618.84,元/吨,本地 CSV (data/exchange_rates.csv)
1976-09,锡,tin,7960.9,美元/吨,1.8167,14462.57,元/吨,本地 CSV (data/exchange_rates.csv)
1976-10,锡,tin,7971.9,美元/吨,1.825,14548.72,元/吨,本地 CSV (data/exchange_rates.csv)
1976-11,锡,tin,8121.8,美元/吨,1.8333,14889.7,元/吨,本地 CSV (data/exchange_rates.csv)
1976-12,锡,tin,8399.6,美元/吨,1.8417,15469.54,元/吨,本地 CSV (data/exchange_rates.csv)
1977-01,锡,tin,9486.5,美元/吨,1.85,17550.03,元/吨,本地 CSV (data/exchange_rates.csv)
1977-02,锡,tin,10227.2,美元/吨,1.8583,19005.21,元/吨,本地 CSV (data/exchange_rates.csv)
1977-03,锡,tin,10372.7,美元/吨,1.8667,19362.72,元/吨,本地 CSV (data/exchange_rates.csv)
1977-04,锡,tin,9596.7,美元/吨,1.875,17993.81,元/吨,本地 CSV (data/exchange_rates.csv)
1977-05,锡,tin,9843.6,美元/吨,1.8833,18538.45,元/吨,本地 CSV (data/exchange_rates.csv)
1977-06,锡,tin,9627.6,美元/吨,1.8917,18212.53,元/吨,本地 CSV (data/exchange_rates.csv)
1977-07,锡,tin,10416.8,美元/吨,1.9,19791.92,元/吨,本地 CSV (data/exchange_rates.csv)
1977-08,锡,tin,11309.7,美元/吨,1.9083,21582.3,元/吨,本地 CSV (data/exchange_rates.csv)
1977-09,锡,tin,11157.6,美元/吨,1.9167,21385.77,元/吨,本地 CSV (data/exchange_rates.csv)
1977-10,锡,tin,12153.8,美元/吨,1.925,23396.06,元/吨,本地 CSV (data/exchange_rates.csv)
1977-11,锡,tin,12676.6,美元/吨,1.9333,24507.67,元/吨,本地 CSV (data/exchange_rates.csv)
1977-12,锡,tin,12784.6,美元/吨,1.9417,24823.86,元/吨,本地 CSV (data/exchange_rates.csv)
1978-01,锡,tin,12121.0,美元/吨,1.95,23635.95,元/吨,本地 CSV (data/exchange_rates.csv)
1978-02,锡,tin,12149.7,美元/吨,1.9583,23792.76,元/吨,本地 CSV (data/exchange_rates.csv)
1978-03,锡,tin,11422.1,美元/吨,1.9667,22463.84,元/吨,本地 CSV (data/exchange_rates.csv)
1978-04,锡,tin,11005.5,美元/吨,1.975,21735.86,元/吨,本地 CSV (data/exchange_rates.csv)
1978-05,锡,tin,11704.3,美元/吨,1.9833,23213.14,元/吨,本地 CSV (data/exchange_rates.csv)
1978-06,锡,tin,12356.9,美元/吨,1.9917,24611.24,元/吨,本地 CSV (data/exchange_rates.csv)
1978-07,锡,tin,12414.2,美元/吨,2.0,24828.4,元/吨,本地 CSV (data/exchange_rates.csv)
1978-08,锡,tin,12994.5,美元/吨,2.0083,26096.85,元/吨,本地 CSV (data/exchange_rates.csv)
1978-09,锡,tin,13889.1,美元/吨,2.0167,28010.15,元/吨,本地 CSV (data/exchange_rates.csv)
1978-10,锡,tin,15256.0,美元/吨,2.025,30893.4,元/吨,本地 CSV (data/exchange_rates.csv)
1978-11,锡,tin,15035.5,美元/吨,2.0333,30571.68,元/吨,本地 CSV (data/exchange_rates.csv)
1978-12,锡,tin,14153.7,美元/吨,2.0417,28897.61,元/吨,本地 CSV (data/exchange_rates.csv)
1979-01,锡,tin,13853.8,美元/吨,2.05,28400.29,元/吨,本地 CSV (data/exchange_rates.csv)
1979-02,锡,tin,14526.2,美元/吨,2.0583,29899.28,元/吨,本地 CSV (data/exchange_rates.csv)
1979-03,锡,tin,15022.3,美元/吨,2.0667,31046.59,元/吨,本地 CSV (data/exchange_rates.csv)
1979-04,锡,tin,15136.9,美元/吨,2.075,31409.07,元/吨,本地 CSV (data/exchange_rates.csv)
1979-05,锡,tin,15361.8,美元/吨,2.0833,32003.24,元/吨,本地 CSV (data/exchange_rates.csv)
1979-06,锡,tin,16135.6,美元/吨,2.0917,33750.83,元/吨,本地 CSV (data/exchange_rates.csv)
1979-07,锡,tin,15780.7,美元/吨,2.1,33139.47,元/吨,本地 CSV (data/exchange_rates.csv)
1979-08,锡,tin,14793.0,美元/吨,2.1083,31188.08,元/吨,本地 CSV (data/exchange_rates.csv)
1979-09,锡,tin,15399.3,美元/吨,2.1167,32595.7,元/吨,本地 CSV (data/exchange_rates.csv)
1979-10,锡,tin,16012.2,美元/吨,2.125,34025.93,元/吨,本地 CSV (data/exchange_rates.csv)
1979-11,锡,tin,16360.5,美元/吨,2.1333,34901.85,元/吨,本地 CSV (data/exchange_rates.csv)
1979-12,锡,tin,16986.6,美元/吨,2.1417,36380.2,元/吨,本地 CSV (data/exchange_rates.csv)
1980-01,锡,tin,17013.0,美元/吨,2.15,36577.95,元/吨,本地 CSV (data/exchange_rates.csv)
1980-02,锡,tin,17100.4,美元/吨,2.1583,36907.79,元/吨,本地 CSV (data/exchange_rates.csv)
1980-03,锡,tin,17470.3,美元/吨,2.1667,37852.9,元/吨,本地 CSV (data/exchange_rates.csv)
1980-04,锡,tin,17017.2,美元/吨,2.175,37012.41,元/吨,本地 CSV (data/exchange_rates.csv)
1980-05,锡,tin,17041.7,美元/吨,2.1833,37207.14,元/吨,本地 CSV (data/exchange_rates.csv)
1980-06,锡,tin,17223.9,美元/吨,2.1917,37749.62,元/吨,本地 CSV (data/exchange_rates.csv)
1980-07,锡,tin,17090.8,美元/吨,2.2,37599.76,元/吨,本地 CSV (data/exchange_rates.csv)
1980-08,锡,tin,17018.4,美元/吨,1.705,29016.37,元/吨,本地 CSV (data/exchange_rates.csv)
1980-09,锡,tin,17308.3,美元/吨,1.705,29510.65,元/吨,本地 CSV (data/exchange_rates.csv)
1980-10,锡,tin,16692.1,美元/吨,1.705,28460.03,元/吨,本地 CSV (data/exchange_rates.csv)
1980-11,锡,tin,15615.5,美元/吨,1.705,26624.43,元/吨,本地 CSV (data/exchange_rates.csv)
1980-12,锡,tin,14707.0,美元/吨,1.705,25075.44,元/吨,本地 CSV (data/exchange_rates.csv)
1981-01,锡,tin,14332.7,美元/吨,1.705,24437.25,元/吨,本地 CSV (data/exchange_rates.csv)
1981-02,锡,tin,13633.4,美元/吨,2.025,27607.63,元/吨,本地 CSV (data/exchange_rates.csv)
1981-03,锡,tin,13633.0,美元/吨,2.05,27947.65,元/吨,本地 CSV (data/exchange_rates.csv)
1981-04,锡,tin,13365.0,美元/吨,2.075,27732.38,元/吨,本地 CSV (data/exchange_rates.csv)
1981-05,锡,tin,12663.5,美元/吨,2.1,26593.35,元/吨,本地 CSV (data/exchange_rates.csv)
1981-06,锡,tin,12603.5,美元/吨,2.125,26782.44,元/吨,本地 CSV (data/exchange_rates.csv)
1981-07,锡,tin,13358.0,美元/吨,2.15,28719.7,元/吨,本地 CSV (data/exchange_rates.csv)
1981-08,锡,tin,14485.0,美元/吨,2.175,31504.87,元/吨,本地 CSV (data/exchange_rates.csv)
1981-09,锡,tin,14935.1,美元/吨,2.2,32857.22,元/吨,本地 CSV (data/exchange_rates.csv)
1981-10,锡,tin,15112.6,美元/吨,2.225,33625.54,元/吨,本地 CSV (data/exchange_rates.csv)
1981-11,锡,tin,15836.2,美元/吨,2.25,35631.45,元/吨,本地 CSV (data/exchange_rates.csv)
1981-12,锡,tin,15951.5,美元/吨,2.275,36289.66,元/吨,本地 CSV (data/exchange_rates.csv)
1982-01,锡,tin,16133.1,美元/吨,2.3,37106.13,元/吨,本地 CSV (data/exchange_rates.csv)
1982-02,锡,tin,15992.6,美元/吨,2.325,37182.8,元/吨,本地 CSV (data/exchange_rates.csv)
1982-03,锡,tin,12766.3,美元/吨,2.35,30000.81,元/吨,本地 CSV (data/exchange_rates.csv)
1982-04,锡,tin,12618.1,美元/吨,2.375,29967.99,元/吨,本地 CSV (data/exchange_rates.csv)
1982-05,锡,tin,12735.9,美元/吨,2.4,30566.16,元/吨,本地 CSV (data/exchange_rates.csv)
1982-06,锡,tin,11087.0,美元/吨,2.425,26885.97,元/吨,本地 CSV (data/exchange_rates.csv)
1982-07,锡,tin,11316.6,美元/吨,2.45,27725.67,元/吨,本地 CSV (data/exchange_rates.csv)
1982-08,锡,tin,12195.7,美元/吨,2.475,30184.36,元/吨,本地 CSV (data/exchange_rates.csv)
1982-09,锡,tin,12675.7,美元/吨,2.5,31689.25,元/吨,本地 CSV (data/exchange_rates.csv)
1982-10,锡,tin,12413.8,美元/吨,2.525,31344.84,元/吨,本地 CSV (data/exchange_rates.csv)
1982-11,锡,tin,11981.9,美元/吨,2.55,30553.84,元/吨,本地 CSV (data/exchange_rates.csv)
1982-12,锡,tin,11992.9,美元/吨,2.575,30881.72,元/吨,本地 CSV (data/exchange_rates.csv)
1983-01,锡,tin,12082.6,美元/吨,2.6,31414.76,元/吨,本地 CSV (data/exchange_rates.csv)
1983-02,锡,tin,13034.2,美元/吨,2.625,34214.78,元/吨,本地 CSV (data/exchange_rates.csv)
1983-03,锡,tin,13426.0,美元/吨,2.65,35578.9,元/吨,本地 CSV (data/exchange_rates.csv)
1983-04,锡,tin,13792.8,美元/吨,2.675,36895.74,元/吨,本地 CSV (data/exchange_rates.csv)
1983-05,锡,tin,13522.9,美元/吨,2.7,36511.83,元/吨,本地 CSV (data/exchange_rates.csv)
1983-06,锡,tin,13354.0,美元/吨,2.725,36389.65,元/吨,本地 CSV (data/exchange_rates.csv)
1983-07,锡,tin,13193.0,美元/吨,2.75,36280.75,元/吨,本地 CSV (data/exchange_rates.csv)
1983-08,锡,tin,12826.0,美元/吨,2.775,35592.15,元/吨,本地 CSV (data/exchange_rates.csv)
1983-09,锡,tin,12755.3,美元/吨,2.8,35714.84,元/吨,本地 CSV (data/exchange_rates.csv)
1983-10,锡,tin,12750.8,美元/吨,2.825,36021.01,元/吨,本地 CSV (data/exchange_rates.csv)
1983-11,锡,tin,12772.5,美元/吨,2.85,36401.62,元/吨,本地 CSV (data/exchange_rates.csv)
1983-12,锡,tin,12345.5,美元/吨,2.875,35493.31,元/吨,本地 CSV (data/exchange_rates.csv)
1984-01,锡,tin,12117.8,美元/吨,2.9,35141.62,元/吨,本地 CSV (data/exchange_rates.csv)
1984-02,锡,tin,12297.7,美元/吨,2.925,35970.77,元/吨,本地 CSV (data/exchange_rates.csv)
1984-03,锡,tin,12406.1,美元/吨,2.95,36598.0,元/吨,本地 CSV (data/exchange_rates.csv)
1984-04,锡,tin,12445.0,美元/吨,2.975,37023.88,元/吨,本地 CSV (data/exchange_rates.csv)
1984-05,锡,tin,12582.8,美元/吨,3.0,37748.4,元/吨,本地 CSV (data/exchange_rates.csv)
1984-06,锡,tin,12662.2,美元/吨,3.025,38303.15,元/吨,本地 CSV (data/exchange_rates.csv)
1984-07,锡,tin,12438.7,美元/吨,3.05,37938.04,元/吨,本地 CSV (data/exchange_rates.csv)
1984-08,锡,tin,12302.2,美元/吨,2.9366,36126.64,元/吨,本地 CSV (data/exchange_rates.csv)
1984-09,锡,tin,12091.1,美元/吨,2.9366,35506.72,元/吨,本地 CSV (data/exchange_rates.csv)
1984-10,锡,tin,11744.9,美元/吨,2.9366,34490.07,元/吨,本地 CSV (data/exchange_rates.csv)
1984-11,锡,tin,11991.2,美元/吨,2.9366,35213.36,元/吨,本地 CSV (data/exchange_rates.csv)
1984-12,锡,tin,11722.2,美元/吨,2.9366,34423.41,元/吨,本地 CSV (data/exchange_rates.csv)
1985-01,锡,tin,11073.4,美元/吨,2.9366,32518.15,元/吨,本地 CSV (data/exchange_rates.csv)
1985-02,锡,tin,10946.0,美元/吨,2.9366,32144.02,元/吨,本地 CSV (data/exchange_rates.csv)
1985-03,锡,tin,11210.6,美元/吨,2.9366,32921.05,元/吨,本地 CSV (data/exchange_rates.csv)
1985-04,锡,tin,11806.4,美元/吨,2.9366,34670.67,元/吨,本地 CSV (data/exchange_rates.csv)
1985-05,锡,tin,11909.8,美元/吨,2.9366,34974.32,元/吨,本地 CSV (data/exchange_rates.csv)
1985-06,锡,tin,12385.8,美元/吨,2.9366,36372.14,元/吨,本地 CSV (data/exchange_rates.csv)
1985-07,锡,tin,12755.8,美元/吨,2.9366,37458.68,元/吨,本地 CSV (data/exchange_rates.csv)
1985-08,锡,tin,12647.2,美元/吨,3.45,43632.84,元/吨,本地 CSV (data/exchange_rates.csv)
1985-09,锡,tin,12325.2,美元/吨,3.45,42521.94,元/吨,本地 CSV (data/exchange_rates.csv)
1985-10,锡,tin,12391.1,美元/吨,3.45,42749.3,元/吨,本地 CSV (data/exchange_rates.csv)
1985-11,锡,tin,9903.2,美元/吨,3.45,34166.04,元/吨,本地 CSV (data/exchange_rates.csv)
1985-12,锡,tin,9114.0,美元/吨,3.45,31443.3,元/吨,本地 CSV (data/exchange_rates.csv)
1986-01,锡,tin,7910.0,美元/吨,3.45,27289.5,元/吨,本地 CSV (data/exchange_rates.csv)
1986-02,锡,tin,7922.9,美元/吨,3.45,27334.01,元/吨,本地 CSV (data/exchange_rates.csv)
1986-03,锡,tin,7313.6,美元/吨,3.45,25231.92,元/吨,本地 CSV (data/exchange_rates.csv)
1986-04,锡,tin,5686.1,美元/吨,3.45,19617.05,元/吨,本地 CSV (data/exchange_rates.csv)
1986-05,锡,tin,5474.2,美元/吨,3.45,18885.99,元/吨,本地 CSV (data/exchange_rates.csv)
1986-06,锡,tin,5378.3,美元/吨,3.45,18555.14,元/吨,本地 CSV (data/exchange_rates.csv)
1986-07,锡,tin,5386.6,美元/吨,3.45,18583.77,元/吨,本地 CSV (data/exchange_rates.csv)
1986-08,锡,tin,5404.3,美元/吨,3.72,20104.0,元/吨,本地 CSV (data/exchange_rates.csv)
1986-09,锡,tin,5397.2,美元/吨,3.72,20077.58,元/吨,本地 CSV (data/exchange_rates.csv)
1986-10,锡,tin,5542.8,美元/吨,3.72,20619.22,元/吨,本地 CSV (data/exchange_rates.csv)
1986-11,锡,tin,6092.3,美元/吨,3.72,22663.36,元/吨,本地 CSV (data/exchange_rates.csv)
1986-12,锡,tin,6428.1,美元/吨,3.72,23912.53,元/吨,本地 CSV (data/exchange_rates.csv)
1987-01,锡,tin,6712.7,美元/吨,3.72,24971.24,元/吨,本地 CSV (data/exchange_rates.csv)
1987-02,锡,tin,6688.4,美元/吨,3.72,24880.85,元/吨,本地 CSV (data/exchange_rates.csv)
1987-03,锡,tin,6631.5,美元/吨,3.72,24669.18,元/吨,本地 CSV (data/exchange_rates.csv)
1987-04,锡,tin,6699.8,美元/吨,3.72,24923.26,元/吨,本地 CSV (data/exchange_rates.csv)
1987-05,锡,tin,6747.4,美元/吨,3.72,25100.33,元/吨,本地 CSV (data/exchange_rates.csv)
1987-06,锡,tin,6610.4,美元/吨,3.72,24590.69,元/吨,本地 CSV (data/exchange_rates.csv)
1987-07,锡,tin,6404.9,美元/吨,3.72,23826.23,元/吨,本地 CSV (data/exchange_rates.csv)
1987-08,锡,tin,6556.1,美元/吨,3.72,24388.69,元/吨,本地 CSV (data/exchange_rates.csv)
1987-09,锡,tin,6406.3,美元/吨,3.72,23831.44,元/吨,本地 CSV (data/exchange_rates.csv)
1987-10,锡,tin,6763.8,美元/吨,3.72,25161.34,元/吨,本地 CSV (data/exchange_rates.csv)
1987-11,锡,tin,6927.3,美元/吨,3.72,25769.56,元/吨,本地 CSV (data/exchange_rates.csv)
1987-12,锡,tin,6829.4,美元/吨,3.72,25405.37,元/吨,本地 CSV (data/exchange_rates.csv)
1988-01,锡,tin,6808.1,美元/吨,3.72,25326.13,元/吨,本地 CSV (data/exchange_rates.csv)
1988-02,锡,tin,6690.1,美元/吨,3.72,24887.17,元/吨,本地 CSV (data/exchange_rates.csv)
1988-03,锡,tin,6772.9,美元/吨,3.72,25195.19,元/吨,本地 CSV (data/exchange_rates.csv)
1988-04,锡,tin,6752.6,美元/吨,3.72,25119.67,元/吨,本地 CSV (data/exchange_rates.csv)
1988-05,锡,tin,6777.6,美元/吨,3.72,25212.67,元/吨,本地 CSV (data/exchange_rates.csv)
1988-06,锡,tin,7035.8,美元/吨,3.72,26173.18,元/吨,本地 CSV (data/exchange_rates.csv)
1988-07,锡,tin,7148.8,美元/吨,3.72,26593.54,元/吨,本地 CSV (data/exchange_rates.csv)
1988-08,锡,tin,7322.7,美元/吨,3.72,27240.44,元/吨,本地 CSV (data/exchange_rates.csv)
1988-09,锡,tin,7408.5,美元/吨,3.72,27559.62,元/吨,本地 CSV (data/exchange_rates.csv)
1988-10,锡,tin,7252.7,美元/吨,3.72,26980.04,元/吨,本地 CSV (data/exchange_rates.csv)
1988-11,锡,tin,7312.4,美元/吨,3.72,27202.13,元/吨,本地 CSV (data/exchange_rates.csv)
1988-12,锡,tin,7337.4,美元/吨,3.72,27295.13,元/吨,本地 CSV (data/exchange_rates.csv)
1989-01,锡,tin,7409.6,美元/吨,3.72,27563.71,元/吨,本地 CSV (data/exchange_rates.csv)
1989-02,锡,tin,7873.7,美元/吨,3.72,29290.16,元/吨,本地 CSV (data/exchange_rates.csv)
1989-03,锡,tin,8760.5,美元/吨,3.72,32589.06,元/吨,本地 CSV (data/exchange_rates.csv)
1989-04,锡,tin,10195.9,美元/吨,3.72,37928.75,元/吨,本地 CSV (data/exchange_rates.csv)
1989-05,锡,tin,10143.7,美元/吨,3.72,37734.56,元/吨,本地 CSV (data/exchange_rates.csv)
1989-06,锡,tin,9935.5,美元/吨,3.72,36960.06,元/吨,本地 CSV (data/exchange_rates.csv)
1989-07,锡,tin,9605.2,美元/吨,3.72,35731.34,元/吨,本地 CSV (data/exchange_rates.csv)
1989-08,锡,tin,8715.6,美元/吨,4.78,41660.57,元/吨,本地 CSV (data/exchange_rates.csv)
1989-09,锡,tin,8269.7,美元/吨,4.78,39529.17,元/吨,本地 CSV (data/exchange_rates.csv)
1989-10,锡,tin,7922.4,美元/吨,4.78,37869.07,元/吨,本地 CSV (data/exchange_rates.csv)
1989-11,锡,tin,6837.3,美元/吨,4.78,32682.29,元/吨,本地 CSV (data/exchange_rates.csv)
1989-12,锡,tin,6744.1,美元/吨,4.78,32236.8,元/吨,本地 CSV (data/exchange_rates.csv)
1990-01,锡,tin,6592.0,美元/吨,4.78,31509.76,元/吨,本地 CSV (data/exchange_rates.csv)
1990-02,锡,tin,6156.1,美元/吨,4.78,29426.16,元/吨,本地 CSV (data/exchange_rates.csv)
1990-03,锡,tin,6270.5,美元/吨,4.78,29972.99,元/吨,本地 CSV (data/exchange_rates.csv)
1990-04,锡,tin,6390.9,美元/吨,4.78,30548.5,元/吨,本地 CSV (data/exchange_rates.csv)
1990-05,锡,tin,6324.6,美元/吨,4.78,30231.59,元/吨,本地 CSV (data/exchange_rates.csv)
1990-06,锡,tin,6096.0,美元/吨,4.78,29138.88,元/吨,本地 CSV (data/exchange_rates.csv)
1990-07,锡,tin,5924.4,美元/吨,4.78,28318.63,元/吨,本地 CSV (data/exchange_rates.csv)
1990-08,锡,tin,5905.2,美元/吨,5.32,31415.66,元/吨,本地 CSV (data/exchange_rates.csv)
1990-09,锡,tin,5707.0,美元/吨,5.32,30361.24,元/吨,本地 CSV (data/exchange_rates.csv)
1990-10,锡,tin,6061.4,美元/吨,5.32,32246.65,元/吨,本地 CSV (data/exchange_rates.csv)
1990-11,锡,tin,5981.3,美元/吨,5.32,31820.52,元/吨,本地 CSV (data/exchange_rates.csv)
1990-12,锡,tin,5615.2,美元/吨,5.32,29872.86,元/吨,本地 CSV (data/exchange_rates.csv)
1991-01,锡,tin,5623.2,美元/吨,5.32,29915.42,元/吨,本地 CSV (data/exchange_rates.csv)
1991-02,锡,tin,5583.7,美元/吨,5.32,29705.28,元/吨,本地 CSV (data/exchange_rates.csv)
1991-03,锡,tin,5517.4,美元/吨,5.32,29352.57,元/吨,本地 CSV (data/exchange_rates.csv)
1991-04,锡,tin,5560.0,美元/吨,5.32,29579.2,元/吨,本地 CSV (data/exchange_rates.csv)
1991-05,锡,tin,5701.7,美元/吨,5.32,30333.04,元/吨,本地 CSV (data/exchange_rates.csv)
1991-06,锡,tin,5710.6,美元/吨,5.32,30380.39,元/吨,本地 CSV (data/exchange_rates.csv)
1991-07,锡,tin,5669.6,美元/吨,5.32,30162.27,元/吨,本地 CSV (data/exchange_rates.csv)
1991-08,锡,tin,5638.8,美元/吨,5.51,31069.79,元/吨,本地 CSV (data/exchange_rates.csv)
1991-09,锡,tin,5570.3,美元/吨,5.51,30692.35,元/吨,本地 CSV (data/exchange_rates.csv)
1991-10,锡,tin,5549.6,美元/吨,5.51,30578.3,元/吨,本地 CSV (data/exchange_rates.csv)
1991-11,锡,tin,5505.5,美元/吨,5.51,30335.31,元/吨,本地 CSV (data/exchange_rates.csv)
1991-12,锡,tin,5510.1,美元/吨,5.51,30360.65,元/吨,本地 CSV (data/exchange_rates.csv)
1992-01,锡,tin,5476.9,美元/吨,5.51,30177.72,元/吨,本地 CSV (data/exchange_rates.csv)
1992-02,锡,tin,5615.7,美元/吨,5.51,30942.51,元/吨,本地 CSV (data/exchange_rates.csv)
1992-03,锡,tin,5632.0,美元/吨,5.51,31032.32,元/吨,本地 CSV (data/exchange_rates.csv)
1992-04,锡,tin,5838.9,美元/吨,5.51,32172.34,元/吨,本地 CSV (data/exchange_rates.csv)
1992-05,锡,tin,6121.1,美元/吨,5.51,33727.26,元/吨,本地 CSV (data/exchange_rates.csv)
1992-06,锡,tin,6618.8,美元/吨,5.51,36469.59,元/吨,本地 CSV (data/exchange_rates.csv)
1992-07,锡,tin,6989.4,美元/吨,5.51,38511.59,元/吨,本地 CSV (data/exchange_rates.csv)
1992-08,锡,tin,6780.4,美元/吨,5.76,39055.1,元/吨,本地 CSV (data/exchange_rates.csv)
1992-09,锡,tin,6643.2,美元/吨,5.76,38264.83,元/吨,本地 CSV (data/exchange_rates.csv)
1992-10,锡,tin,6016.7,美元/吨,5.76,34656.19,元/吨,本地 CSV (data/exchange_rates.csv)
1992-11,锡,tin,5723.0,美元/吨,5.76,32964.48,元/吨,本地 CSV (data/exchange_rates.csv)
1992-12,锡,tin,5756.2,美元/吨,5.76,33155.71,元/吨,本地 CSV (data/exchange_rates.csv)
1993-01,锡,tin,5900.9,美元/吨,5.76,33989.18,元/吨,本地 CSV (data/exchange_rates.csv)
1993-02,锡,tin,5790.9,美元/吨,5.76,33355.58,元/吨,本地 CSV (data/exchange_rates.csv)
1993-03,锡,tin,5659.4,美元/吨,5.76,32598.14,元/吨,本地 CSV (data/exchange_rates.csv)
1993-04,锡,tin,5590.9,美元/吨,5.76,32203.58,元/吨,本地 CSV (data/exchange_rates.csv)
1993-05,锡,tin,5503.5,美元/吨,5.76,31700.16,元/吨,本地 CSV (data/exchange_rates.csv)
1993-06,锡,tin,5112.7,美元/吨,5.76,29449.15,元/吨,本地 CSV (data/exchange_rates.csv)
1993-07,锡,tin,4972.6,美元/吨,5.76,28642.18,元/吨,本地 CSV (data/exchange_rates.csv)
1993-08,锡,tin,4809.3,美元/吨,5.8,27893.94,元/吨,本地 CSV (data/exchange_rates.csv)
1993-09,锡,tin,4493.6,美元/吨,5.8,26062.88,元/吨,本地 CSV (data/exchange_rates.csv)
1993-10,锡,tin,4681.1,美元/吨,5.8,27150.38,元/吨,本地 CSV (data/exchange_rates.csv)
1993-11,锡,tin,4640.9,美元/吨,5.8,26917.22,元/吨,本地 CSV (data/exchange_rates.csv)
1993-12,锡,tin,4777.9,美元/吨,8.0417,38422.44,元/吨,本地 CSV (data/exchange_rates.csv)
1994-01,锡,tin,4942.8,美元/吨,8.05,39789.54,元/吨,本地 CSV (data/exchange_rates.csv)
1994-02,锡,tin,5443.4,美元/吨,8.0583,43864.55,元/吨,本地 CSV (data/exchange_rates.csv)
1994-03,锡,tin,5405.4,美元/吨,8.0667,43603.74,元/吨,本地 CSV (data/exchange_rates.csv)
1994-04,锡,tin,5385.7,美元/吨,8.075,43489.53,元/吨,本地 CSV (data/exchange_rates.csv)
1994-05,锡,tin,5504.4,美元/吨,8.0833,44493.72,元/吨,本地 CSV (data/exchange_rates.csv)
1994-06,锡,tin,5509.2,美元/吨,8.0917,44578.79,元/吨,本地 CSV (data/exchange_rates.csv)
1994-07,锡,tin,5311.2,美元/吨,8.1,43020.72,元/吨,本地 CSV (data/exchange_rates.csv)
1994-08,锡,tin,5161.5,美元/吨,8.1083,41850.99,元/吨,本地 CSV (data/exchange_rates.csv)
1994-09,锡,tin,5321.1,美元/吨,8.1167,43189.77,元/吨,本地 CSV (data/exchange_rates.csv)
1994-10,锡,tin,5473.6,美元/吨,8.125,44473.0,元/吨,本地 CSV (data/exchange_rates.csv)
1994-11,锡,tin,6161.1,美元/吨,8.1333,50110.07,元/吨,本地 CSV (data/exchange_rates.csv)
1994-12,锡,tin,5946.8,美元/吨,8.1417,48417.06,元/吨,本地 CSV (data/exchange_rates.csv)
1995-01,锡,tin,6199.3,美元/吨,8.15,50524.3,元/吨,本地 CSV (data/exchange_rates.csv)
1995-02,锡,tin,5478.3,美元/吨,8.1583,44693.61,元/吨,本地 CSV (data/exchange_rates.csv)
1995-03,锡,tin,5532.4,美元/吨,8.1667,45181.45,元/吨,本地 CSV (data/exchange_rates.csv)
1995-04,锡,tin,5872.1,美元/吨,8.175,48004.42,元/吨,本地 CSV (data/exchange_rates.csv)
1995-05,锡,tin,5926.5,美元/吨,8.1833,48498.33,元/吨,本地 CSV (data/exchange_rates.csv)
1995-06,锡,tin,6670.7,美元/吨,8.1917,54644.37,元/吨,本地 CSV (data/exchange_rates.csv)
1995-07,锡,tin,6668.9,美元/吨,8.2,54684.98,元/吨,本地 CSV (data/exchange_rates.csv)
1995-08,锡,tin,6992.3,美元/吨,8.2083,57394.9,元/吨,本地 CSV (data/exchange_rates.csv)
1995-09,锡,tin,6328.1,美元/吨,8.2167,51996.1,元/吨,本地 CSV (data/exchange_rates.csv)
1995-10,锡,tin,6220.7,美元/吨,8.225,51165.26,元/吨,本地 CSV (data/exchange_rates.csv)
1995-11,锡,tin,6386.9,美元/吨,8.2333,52585.26,元/吨,本地 CSV (data/exchange_rates.csv)
1995-12,锡,tin,6289.5,美元/吨,8.2417,51836.17,元/吨,本地 CSV (data/exchange_rates.csv)
1996-01,锡,tin,6271.6,美元/吨,8.25,51740.7,元/吨,本地 CSV (data/exchange_rates.csv)
1996-02,锡,tin,6195.5,美元/吨,8.2583,51164.3,元/吨,本地 CSV (data/exchange_rates.csv)
1996-03,锡,tin,6196.4,美元/吨,8.2667,51223.78,元/吨,本地 CSV (data/exchange_rates.csv)
1996-04,锡,tin,6480.9,美元/吨,8.275,53629.45,元/吨,本地 CSV (data/exchange_rates.csv)
1996-05,锡,tin,6412.4,美元/吨,8.2833,53115.83,元/吨,本地 CSV (data/exchange_rates.csv)
1996-06,锡,tin,6191.9,美元/吨,8.2917,51341.38,元/吨,本地 CSV (data/exchange_rates.csv)
1996-07,锡,tin,6250.2,美元/吨,8.3,51876.66,元/吨,本地 CSV (data/exchange_rates.csv)
1996-08,锡,tin,6110.2,美元/吨,8.3083,50765.37,元/吨,本地 CSV (data/exchange_rates.csv)
1996-09,锡,tin,6101.9,美元/吨,8.3167,50747.67,元/吨,本地 CSV (data/exchange_rates.csv)
1996-10,锡,tin,5941.9,美元/吨,8.325,49466.32,元/吨,本地 CSV (data/exchange_rates.csv)
1996-11,锡,tin,5991.7,美元/吨,8.3333,49930.63,元/吨,本地 CSV (data/exchange_rates.csv)
1996-12,锡,tin,5836.3,美元/吨,8.3417,48684.66,元/吨,本地 CSV (data/exchange_rates.csv)
1997-01,锡,tin,5877.7,美元/吨,8.277,48649.72,元/吨,本地 CSV (data/exchange_rates.csv)
1997-02,锡,tin,5883.2,美元/吨,8.277,48695.25,元/吨,本地 CSV (data/exchange_rates.csv)
1997-03,锡,tin,5909.2,美元/吨,8.277,48910.45,元/吨,本地 CSV (data/exchange_rates.csv)
1997-04,锡,tin,5713.3,美元/吨,8.277,47288.98,元/吨,本地 CSV (data/exchange_rates.csv)
1997-05,锡,tin,5711.2,美元/吨,8.277,47271.6,元/吨,本地 CSV (data/exchange_rates.csv)
1997-06,锡,tin,5566.1,美元/吨,8.277,46070.61,元/吨,本地 CSV (data/exchange_rates.csv)
1997-07,锡,tin,5442.7,美元/吨,8.277,45049.23,元/吨,本地 CSV (data/exchange_rates.csv)
1997-08,锡,tin,5428.4,美元/吨,8.277,44930.87,元/吨,本地 CSV (data/exchange_rates.csv)
1997-09,锡,tin,5496.3,美元/吨,8.277,45492.88,元/吨,本地 CSV (data/exchange_rates.csv)
1997-10,锡,tin,5561.3,美元/吨,8.277,46030.88,元/吨,本地 CSV (data/exchange_rates.csv)
1997-11,锡,tin,5658.0,美元/吨,8.277,46831.27,元/吨,本地 CSV (data/exchange_rates.csv)
1997-12,锡,tin,5513.8,美元/吨,8.277,45637.72,元/吨,本地 CSV (data/exchange_rates.csv)
1998-01,锡,tin,5206.3,美元/吨,8.277,43092.55,元/吨,本地 CSV (data/exchange_rates.csv)
1998-02,锡,tin,5242.5,美元/吨,8.277,43392.17,元/吨,本地 CSV (data/exchange_rates.csv)
1998-03,锡,tin,5476.8,美元/吨,8.277,45331.47,元/吨,本地 CSV (data/exchange_rates.csv)
1998-04,锡,tin,5714.8,美元/吨,8.277,47301.4,元/吨,本地 CSV (data/exchange_rates.csv)
1998-05,锡,tin,5874.7,美元/吨,8.277,48624.89,元/吨,本地 CSV (data/exchange_rates.csv)
1998-06,锡,tin,5970.0,美元/吨,8.277,49413.69,元/吨,本地 CSV (data/exchange_rates.csv)
1998-07,锡,tin,5653.7,美元/吨,8.277,46795.67,元/吨,本地 CSV (data/exchange_rates.csv)
1998-08,锡,tin,5691.5,美元/吨,8.277,47108.55,元/吨,本地 CSV (data/exchange_rates.csv)
1998-09,锡,tin,5485.7,美元/吨,8.277,45405.14,元/吨,本地 CSV (data/exchange_rates.csv)
1998-10,锡,tin,5432.1,美元/吨,8.277,44961.49,元/吨,本地 CSV (data/exchange_rates.csv)
1998-11,锡,tin,5478.3,美元/吨,8.277,45343.89,元/吨,本地 CSV (data/exchange_rates.csv)
1998-12,锡,tin,5257.6,美元/吨,8.277,43517.16,元/吨,本地 CSV (data/exchange_rates.csv)
1999-01,锡,tin,5109.8,美元/吨,8.277,42293.81,元/吨,本地 CSV (data/exchange_rates.csv)
1999-02,锡,tin,5268.5,美元/吨,8.277,43607.37,元/吨,本地 CSV (data/exchange_rates.csv)
1999-03,锡,tin,5360.2,美元/吨,8.277,44366.38,元/吨,本地 CSV (data/exchange_rates.csv)
1999-04,锡,tin,5393.0,美元/吨,8.277,44637.86,元/吨,本地 CSV (data/exchange_rates.csv)
1999-05,锡,tin,5649.2,美元/吨,8.277,46758.43,元/吨,本地 CSV (data/exchange_rates.csv)
1999-06,锡,tin,5265.9,美元/吨,8.277,43585.85,元/吨,本地 CSV (data/exchange_rates.csv)
1999-07,锡,tin,5230.0,美元/吨,8.277,43288.71,元/吨,本地 CSV (data/exchange_rates.csv)
1999-08,锡,tin,5230.2,美元/吨,8.277,43290.37,元/吨,本地 CSV (data/exchange_rates.csv)
1999-09,锡,tin,5342.5,美元/吨,8.277,44219.87,元/吨,本地 CSV (data/exchange_rates.csv)
1999-10,锡,tin,5430.7,美元/吨,8.277,44949.9,元/吨,本地 CSV (data/exchange_rates.csv)
1999-11,锡,tin,5842.1,美元/吨,8.277,48355.06,元/吨,本地 CSV (data/exchange_rates.csv)
1999-12,锡,tin,5721.3,美元/吨,8.277,47355.2,元/吨,本地 CSV (data/exchange_rates.csv)
2000-01,锡,tin,5927.8,美元/吨,8.277,49064.4,元/吨,本地 CSV (data/exchange_rates.csv)
2000-02,锡,tin,5642.1,美元/吨,8.277,46699.66,元/吨,本地 CSV (data/exchange_rates.csv)
2000-03,锡,tin,5457.8,美元/吨,8.277,45174.21,元/吨,本地 CSV (data/exchange_rates.csv)
2000-04,锡,tin,5384.4,美元/吨,8.277,44566.68,元/吨,本地 CSV (data/exchange_rates.csv)
2000-05,锡,tin,5451.2,美元/吨,8.277,45119.58,元/吨,本地 CSV (data/exchange_rates.csv)
2000-06,锡,tin,5456.8,美元/吨,8.277,45165.93,元/吨,本地 CSV (data/exchange_rates.csv)
2000-07,锡,tin,5343.8,美元/吨,8.277,44230.63,元/吨,本地 CSV (data/exchange_rates.csv)
2000-08,锡,tin,5304.8,美元/吨,8.277,43907.83,元/吨,本地 CSV (data/exchange_rates.csv)
2000-09,锡,tin,5474.3,美元/吨,8.277,45310.78,元/吨,本地 CSV (data/exchange_rates.csv)
2000-10,锡,tin,5282.3,美元/吨,8.277,43721.6,元/吨,本地 CSV (data/exchange_rates.csv)
2000-11,锡,tin,5269.5,美元/吨,8.277,43615.65,元/吨,本地 CSV (data/exchange_rates.csv)
2000-12,锡,tin,5233.7,美元/吨,8.277,43319.33,元/吨,本地 CSV (data/exchange_rates.csv)
2001-01,锡,tin,5170.5,美元/吨,8.277,42796.23,元/吨,本地 CSV (data/exchange_rates.csv)
2001-02,锡,tin,5121.8,美元/吨,8.277,42393.14,元/吨,本地 CSV (data/exchange_rates.csv)
2001-03,锡,tin,5046.4,美元/吨,8.277,41769.05,元/吨,本地 CSV (data/exchange_rates.csv)
2001-04,锡,tin,4949.2,美元/吨,8.277,40964.53,元/吨,本地 CSV (data/exchange_rates.csv)
2001-05,锡,tin,4945.0,美元/吨,8.277,40929.76,元/吨,本地 CSV (data/exchange_rates.csv)
2001-06,锡,tin,4828.3,美元/吨,8.277,39963.84,元/吨,本地 CSV (data/exchange_rates.csv)
2001-07,锡,tin,4350.9,美元/吨,8.277,36012.4,元/吨,本地 CSV (data/exchange_rates.csv)
2001-08,锡,tin,3895.7,美元/吨,8.277,32244.71,元/吨,本地 CSV (data/exchange_rates.csv)
2001-09,锡,tin,3694.5,美元/吨,8.277,30579.38,元/吨,本地 CSV (data/exchange_rates.csv)
2001-10,锡,tin,3750.7,美元/吨,8.277,31044.54,元/吨,本地 CSV (data/exchange_rates.csv)
2001-11,锡,tin,4041.8,美元/吨,8.277,33453.98,元/吨,本地 CSV (data/exchange_rates.csv)
2001-12,锡,tin,4018.5,美元/吨,8.277,33261.12,元/吨,本地 CSV (data/exchange_rates.csv)
2002-01,锡,tin,3861.9,美元/吨,8.277,31964.95,元/吨,本地 CSV (data/exchange_rates.csv)
2002-02,锡,tin,3730.8,美元/吨,8.277,30879.83,元/吨,本地 CSV (data/exchange_rates.csv)
2002-03,锡,tin,3842.8,美元/吨,8.277,31806.86,元/吨,本地 CSV (data/exchange_rates.csv)
2002-04,锡,tin,4023.6,美元/吨,8.277,33303.34,元/吨,本地 CSV (data/exchange_rates.csv)
2002-05,锡,tin,4149.8,美元/吨,8.277,34347.89,元/吨,本地 CSV (data/exchange_rates.csv)
2002-06,锡,tin,4286.1,美元/吨,8.277,35476.05,元/吨,本地 CSV (data/exchange_rates.csv)
2002-07,锡,tin,4331.3,美元/吨,8.277,35850.17,元/吨,本地 CSV (data/exchange_rates.csv)
2002-08,锡,tin,3834.0,美元/吨,8.277,31734.02,元/吨,本地 CSV (data/exchange_rates.csv)
2002-09,锡,tin,3957.4,美元/吨,8.277,32755.4,元/吨,本地 CSV (data/exchange_rates.csv)
2002-10,锡,tin,4241.5,美元/吨,8.277,35106.9,元/吨,本地 CSV (data/exchange_rates.csv)
2002-11,锡,tin,4230.0,美元/吨,8.277,35011.71,元/吨,本地 CSV (data/exchange_rates.csv)
2002-12,锡,tin,4236.8,美元/吨,8.277,35067.99,元/吨,本地 CSV (data/exchange_rates.csv)
2003-01,锡,tin,4435.68,美元/吨,8.277,36714.12,元/吨,本地 CSV (data/exchange_rates.csv)
2003-02,锡,tin,4570.75,美元/吨,8.277,37832.1,元/吨,本地 CSV (data/exchange_rates.csv)
2003-03,锡,tin,4604.52,美元/吨,8.277,38111.61,元/吨,本地 CSV (data/exchange_rates.csv)
2003-04,锡,tin,4565.75,美元/吨,8.277,37790.71,元/吨,本地 CSV (data/exchange_rates.csv)
2003-05,锡,tin,4736.75,美元/吨,8.277,39206.08,元/吨,本地 CSV (data/exchange_rates.csv)
2003-06,锡,tin,4694.76,美元/吨,8.277,38858.53,元/吨,本地 CSV (data/exchange_rates.csv)
2003-07,锡,tin,4739.35,美元/吨,8.277,39227.6,元/吨,本地 CSV (data/exchange_rates.csv)
2003-08,锡,tin,4822.5,美元/吨,8.277,39915.83,元/吨,本地 CSV (data/exchange_rates.csv)
2003-09,锡,tin,4911.59,美元/吨,8.277,40653.23,元/吨,本地 CSV (data/exchange_rates.csv)
2003-10,锡,tin,5236.74,美元/吨,8.277,43344.5,元/吨,本地 CSV (data/exchange_rates.csv)
2003-11,锡,tin,5362.75,美元/吨,8.277,44387.48,元/吨,本地 CSV (data/exchange_rates.csv)
2003-12,锡,tin,6057.62,美元/吨,8.277,50138.92,元/吨,本地 CSV (data/exchange_rates.csv)
2004-01,锡,tin,6485.0,美元/吨,8.277,53676.34,元/吨,本地 CSV (data/exchange_rates.csv)
2004-02,锡,tin,6672.75,美元/吨,8.277,55230.35,元/吨,本地 CSV (data/exchange_rates.csv)
2004-03,锡,tin,7619.78,美元/吨,8.277,63068.92,元/吨,本地 CSV (data/exchange_rates.csv)
2004-04,锡,tin,8955.75,美元/吨,8.277,74126.74,元/吨,本地 CSV (data/exchange_rates.csv)
2004-05,锡,tin,9459.47,美元/吨,8.277,78296.03,元/吨,本地 CSV (data/exchange_rates.csv)
2004-06,锡,tin,9204.77,美元/吨,8.277,76187.88,元/吨,本地 CSV (data/exchange_rates.csv)
2004-07,锡,tin,9044.32,美元/吨,8.277,74859.84,元/吨,本地 CSV (data/exchange_rates.csv)
2004-08,锡,tin,9021.91,美元/吨,8.277,74674.35,元/吨,本地 CSV (data/exchange_rates.csv)
2004-09,锡,tin,9019.55,美元/吨,8.277,74654.82,元/吨,本地 CSV (data/exchange_rates.csv)
2004-10,锡,tin,9045.24,美元/吨,8.277,74867.45,元/吨,本地 CSV (data/exchange_rates.csv)
2004-11,锡,tin,9070.46,美元/吨,8.277,75076.2,元/吨,本地 CSV (data/exchange_rates.csv)
2004-12,锡,tin,8553.81,美元/吨,8.277,70799.89,元/吨,本地 CSV (data/exchange_rates.csv)
2005-01,锡,tin,7735.75,美元/吨,8.277,64028.8,元/吨,本地 CSV (data/exchange_rates.csv)
2005-02,锡,tin,8088.75,美元/吨,8.277,66950.58,元/吨,本地 CSV (data/exchange_rates.csv)
2005-03,锡,tin,8407.39,美元/吨,8.277,69587.97,元/吨,本地 CSV (data/exchange_rates.csv)
2005-04,锡,tin,8143.81,美元/吨,8.277,67406.32,元/吨,本地 CSV (data/exchange_rates.csv)
2005-05,锡,tin,8125.0,美元/吨,8.277,67250.62,元/吨,本地 CSV (data/exchange_rates.csv)
2005-06,锡,tin,7618.86,美元/吨,8.277,63061.3,元/吨,本地 CSV (data/exchange_rates.csv)
2005-07,锡,tin,7169.29,美元/吨,8.277,59340.21,元/吨,本地 CSV (data/exchange_rates.csv)
2005-08,锡,tin,7188.86,美元/吨,8.2628,59400.11,元/吨,本地 CSV (data/exchange_rates.csv)
2005-09,锡,tin,6783.86,美元/吨,8.2457,55937.67,元/吨,本地 CSV (data/exchange_rates.csv)
2005-10,锡,tin,6422.86,美元/吨,8.2285,52850.5,元/吨,本地 CSV (data/exchange_rates.csv)
2005-11,锡,tin,6160.0,美元/吨,8.2113,50581.61,元/吨,本地 CSV (data/exchange_rates.csv)
2005-12,锡,tin,6713.5,美元/吨,8.1942,55011.76,元/吨,本地 CSV (data/exchange_rates.csv)
2006-01,锡,tin,7051.43,美元/吨,8.177,57659.54,元/吨,本地 CSV (data/exchange_rates.csv)
2006-02,锡,tin,7826.25,美元/吨,8.1598,63860.63,元/吨,本地 CSV (data/exchange_rates.csv)
2006-03,锡,tin,7939.57,美元/吨,8.1427,64649.54,元/吨,本地 CSV (data/exchange_rates.csv)
2006-04,锡,tin,8853.06,美元/吨,8.1255,71935.54,元/吨,本地 CSV (data/exchange_rates.csv)
2006-05,锡,tin,8837.38,美元/吨,8.1083,71656.13,元/吨,本地 CSV (data/exchange_rates.csv)
2006-06,锡,tin,7896.36,美元/吨,8.0912,63891.03,元/吨,本地 CSV (data/exchange_rates.csv)
2006-07,锡,tin,8418.57,美元/吨,8.074,67971.53,元/吨,本地 CSV (data/exchange_rates.csv)
2006-08,锡,tin,8502.05,美元/吨,8.0568,68499.32,元/吨,本地 CSV (data/exchange_rates.csv)
2006-09,锡,tin,9039.29,美元/吨,8.0397,72673.18,元/吨,本地 CSV (data/exchange_rates.csv)
2006-10,锡,tin,9768.18,美元/吨,8.0225,78365.22,元/吨,本地 CSV (data/exchange_rates.csv)
2006-11,锡,tin,10079.09,美元/吨,8.0053,80686.14,元/吨,本地 CSV (data/exchange_rates.csv)
2006-12,锡,tin,11158.68,美元/吨,7.9882,89137.77,元/吨,本地 CSV (data/exchange_rates.csv)
2007-01,锡,tin,11361.82,美元/吨,7.971,90565.07,元/吨,本地 CSV (data/exchange_rates.csv)
2007-02,锡,tin,12933.25,美元/吨,7.9538,102868.48,元/吨,本地 CSV (data/exchange_rates.csv)
2007-03,锡,tin,13892.96,美元/吨,7.9367,110264.26,元/吨,本地 CSV (data/exchange_rates.csv)
2007-04,锡,tin,14052.9,美元/吨,7.9195,111291.94,元/吨,本地 CSV (data/exchange_rates.csv)
2007-05,锡,tin,14140.0,美元/吨,7.9023,111738.52,元/吨,本地 CSV (data/exchange_rates.csv)
2007-06,锡,tin,14099.76,美元/吨,7.8852,111179.43,元/吨,本地 CSV (data/exchange_rates.csv)
2007-07,锡,tin,14737.84,美元/吨,7.868,115957.33,元/吨,本地 CSV (data/exchange_rates.csv)
2007-08,锡,tin,15174.32,美元/吨,7.8508,119130.55,元/吨,本地 CSV (data/exchange_rates.csv)
2007-09,锡,tin,15023.0,美元/吨,7.8337,117685.68,元/吨,本地 CSV (data/exchange_rates.csv)
2007-10,锡,tin,16071.3,美元/吨,7.8165,125621.32,元/吨,本地 CSV (data/exchange_rates.csv)
2007-11,锡,tin,16691.82,美元/吨,7.7993,130184.51,元/吨,本地 CSV (data/exchange_rates.csv)
2007-12,锡,tin,16263.06,美元/吨,7.7822,126562.39,元/吨,本地 CSV (data/exchange_rates.csv)
2008-01,锡,tin,16337.27,美元/吨,7.765,126858.9,元/吨,本地 CSV (data/exchange_rates.csv)
2008-02,锡,tin,17210.0,美元/吨,7.7478,133339.64,元/吨,本地 CSV (data/exchange_rates.csv)
2008-03,锡,tin,19803.95,美元/吨,7.7307,153098.4,元/吨,本地 CSV (data/exchange_rates.csv)
2008-04,锡,tin,21658.64,美元/吨,7.7135,167063.92,元/吨,本地 CSV (data/exchange_rates.csv)
2008-05,锡,tin,24062.25,美元/吨,7.6963,185190.29,元/吨,本地 CSV (data/exchange_rates.csv)
2008-06,锡,tin,22229.29,美元/吨,7.6792,170703.16,元/吨,本地 CSV (data/exchange_rates.csv)
2008-07,锡,tin,23139.35,美元/吨,7.662,177293.7,元/吨,本地 CSV (data/exchange_rates.csv)
2008-08,锡,tin,20026.25,美元/吨,7.6448,153096.68,元/吨,本地 CSV (data/exchange_rates.csv)
2008-09,锡,tin,18368.86,美元/吨,7.6277,140112.15,元/吨,本地 CSV (data/exchange_rates.csv)
2008-10,锡,tin,14401.74,美元/吨,7.6105,109604.44,元/吨,本地 CSV (data/exchange_rates.csv)
2008-11,锡,tin,13643.5,美元/吨,7.5933,103599.19,元/吨,本地 CSV (data/exchange_rates.csv)
2008-12,锡,tin,11240.0,美元/吨,7.5762,85156.49,元/吨,本地 CSV (data/exchange_rates.csv)
2009-01,锡,tin,11372.86,美元/吨,7.559,85967.45,元/吨,本地 CSV (data/exchange_rates.csv)
2009-02,锡,tin,11039.25,美元/吨,7.5418,83255.82,元/吨,本地 CSV (data/exchange_rates.csv)
2009-03,锡,tin,10675.91,美元/吨,7.5247,80333.02,元/吨,本地 CSV (data/exchange_rates.csv)
2009-04,锡,tin,11743.5,美元/吨,7.5075,88164.33,元/吨,本地 CSV (data/exchange_rates.csv)
2009-05,锡,tin,13793.42,美元/吨,7.4903,103316.85,元/吨,本地 CSV (data/exchange_rates.csv)
2009-06,锡,tin,14985.68,美元/吨,7.4732,111990.98,元/吨,本地 CSV (data/exchange_rates.csv)
2009-07,锡,tin,14038.91,美元/吨,7.456,104674.11,元/吨,本地 CSV (data/exchange_rates.csv)
2009-08,锡,tin,14869.75,美元/吨,7.4388,110613.1,元/吨,本地 CSV (data/exchange_rates.csv)
2009-09,锡,tin,14869.09,美元/吨,7.4217,110353.93,元/吨,本地 CSV (data/exchange_rates.csv)
2009-10,锡,tin,15008.86,美元/吨,7.4045,111133.1,元/吨,本地 CSV (data/exchange_rates.csv)
2009-11,锡,tin,14942.38,美元/吨,7.3873,110383.84,元/吨,本地 CSV (data/exchange_rates.csv)
2009-12,锡,tin,15546.91,美元/吨,7.3702,114583.84,元/吨,本地 CSV (data/exchange_rates.csv)
2010-01,锡,tin,17714.75,美元/吨,7.353,130256.56,元/吨,本地 CSV (data/exchange_rates.csv)
2010-02,锡,tin,16361.75,美元/吨,7.3358,120026.53,元/吨,本地 CSV (data/exchange_rates.csv)
2010-03,锡,tin,17549.35,美元/吨,7.3187,128438.43,元/吨,本地 CSV (data/exchange_rates.csv)
2010-04,锡,tin,18683.5,美元/吨,7.3015,136417.58,元/吨,本地 CSV (data/exchange_rates.csv)
2010-05,锡,tin,17566.05,美元/吨,7.2843,127956.38,元/吨,本地 CSV (data/exchange_rates.csv)
2010-06,锡,tin,17319.77,美元/吨,7.2672,125866.23,元/吨,本地 CSV (data/exchange_rates.csv)
2010-07,锡,tin,18191.36,美元/吨,7.25,131887.36,元/吨,本地 CSV (data/exchange_rates.csv)
2010-08,锡,tin,20754.76,美元/吨,7.2328,150115.03,元/吨,本地 CSV (data/exchange_rates.csv)
2010-09,锡,tin,22701.14,美元/吨,7.2157,163804.62,元/吨,本地 CSV (data/exchange_rates.csv)
2010-10,锡,tin,26342.62,美元/吨,7.1985,189627.35,元/吨,本地 CSV (data/exchange_rates.csv)
2010-11,锡,tin,25519.09,美元/吨,7.1813,183260.24,元/吨,本地 CSV (data/exchange_rates.csv)
2010-12,锡,tin,26163.33,美元/吨,7.1642,187439.33,元/吨,本地 CSV (data/exchange_rates.csv)
2011-01,锡,tin,27465.25,美元/吨,7.147,196294.14,元/吨,本地 CSV (data/exchange_rates.csv)
2011-02,锡,tin,31526.0,美元/吨,7.1298,224774.07,元/吨,本地 CSV (data/exchange_rates.csv)
2011-03,锡,tin,30590.93,美元/吨,7.1127,217584.11,元/吨,本地 CSV (data/exchange_rates.csv)
2011-04,锡,tin,32363.31,美元/吨,7.0955,229633.87,元/吨,本地 CSV (data/exchange_rates.csv)
2011-05,锡,tin,28676.45,美元/吨,7.0783,202980.52,元/吨,本地 CSV (data/exchange_rates.csv)
2011-06,锡,tin,25519.68,美元/吨,7.0612,180199.56,元/吨,本地 CSV (data/exchange_rates.csv)
2011-07,锡,tin,27398.1,美元/吨,7.044,192992.22,元/吨,本地 CSV (data/exchange_rates.csv)
2011-08,锡,tin,24042.43,美元/吨,7.0268,168941.35,元/吨,本地 CSV (data/exchange_rates.csv)
2011-09,锡,tin,22526.6,美元/吨,7.0097,157904.71,元/吨,本地 CSV (data/exchange_rates.csv)
2011-10,锡,tin,21868.64,美元/吨,6.9925,152916.47,元/吨,本地 CSV (data/exchange_rates.csv)
2011-11,锡,tin,21291.7,美元/吨,6.9753,148516.0,元/吨,本地 CSV (data/exchange_rates.csv)
2011-12,锡,tin,19375.01,美元/吨,6.9582,134815.19,元/吨,本地 CSV (data/exchange_rates.csv)
2012-01,锡,tin,21438.63,美元/吨,6.941,148805.53,元/吨,本地 CSV (data/exchange_rates.csv)
2012-02,锡,tin,24293.31,美元/吨,6.9238,168202.02,元/吨,本地 CSV (data/exchange_rates.csv)
2012-03,锡,tin,22985.43,美元/吨,6.9067,158753.47,元/吨,本地 CSV (data/exchange_rates.csv)
2012-04,锡,tin,22200.62,美元/吨,6.8895,152951.17,元/吨,本地 CSV (data/exchange_rates.csv)
2012-05,锡,tin,20405.24,美元/吨,6.8723,140230.93,元/吨,本地 CSV (data/exchange_rates.csv)
2012-06,锡,tin,19271.07,美元/吨,6.8552,132107.04,元/吨,本地 CSV (data/exchange_rates.csv)
2012-07,锡,tin,18546.09,美元/吨,6.838,126818.16,元/吨,本地 CSV (data/exchange_rates.csv)
2012-08,锡,tin,18772.62,美元/吨,6.8208,128044.29,元/吨,本地 CSV (data/exchange_rates.csv)
2012-09,锡,tin,20771.26,美元/吨,6.8037,141321.42,元/吨,本地 CSV (data/exchange_rates.csv)
2012-10,锡,tin,21233.7,美元/吨,6.7865,144102.51,元/吨,本地 CSV (data/exchange_rates.csv)
2012-11,锡,tin,20713.07,美元/吨,6.7693,140212.98,元/吨,本地 CSV (data/exchange_rates.csv)
2012-12,锡,tin,22880.89,美元/吨,6.7522,154496.35,元/吨,本地 CSV (data/exchange_rates.csv)
2013-01,锡,tin,24545.9,美元/吨,6.735,165316.64,元/吨,本地 CSV (data/exchange_rates.csv)
2013-02,锡,tin,24211.74,美元/吨,6.7178,162649.63,元/吨,本地 CSV (data/exchange_rates.csv)
2013-03,锡,tin,23296.52,美元/吨,6.7007,156102.99,元/吨,本地 CSV (data/exchange_rates.csv)
2013-04,锡,tin,21662.25,美元/吨,6.6835,144779.65,元/吨,本地 CSV (data/exchange_rates.csv)
2013-05,锡,tin,20775.83,美元/吨,6.6663,138497.92,元/吨,本地 CSV (data/exchange_rates.csv)
2013-06,锡,tin,20267.4,美元/吨,6.6492,134762.0,元/吨,本地 CSV (data/exchange_rates.csv)
2013-07,锡,tin,19563.83,美元/吨,6.632,129747.32,元/吨,本地 CSV (data/exchange_rates.csv)
2013-08,锡,tin,21644.43,美元/吨,6.6148,143173.58,元/吨,本地 CSV (data/exchange_rates.csv)
2013-09,锡,tin,22735.07,美元/吨,6.5977,149999.17,元/吨,本地 CSV (data/exchange_rates.csv)
2013-10,锡,tin,23101.59,美元/吨,6.5805,152020.01,元/吨,本地 CSV (data/exchange_rates.csv)
2013-11,锡,tin,22826.88,美元/吨,6.5633,149819.66,元/吨,本地 CSV (data/exchange_rates.csv)
2013-12,锡,tin,22762.13,美元/吨,6.5462,149005.46,元/吨,本地 CSV (data/exchange_rates.csv)
2014-01,锡,tin,22063.86,美元/吨,6.529,144054.94,元/吨,本地 CSV (data/exchange_rates.csv)
2014-02,锡,tin,22820.67,美元/吨,6.5118,148603.64,元/吨,本地 CSV (data/exchange_rates.csv)
2014-03,锡,tin,23024.31,美元/吨,6.4947,149535.99,元/吨,本地 CSV (data/exchange_rates.csv)
2014-04,锡,tin,23405.2,美元/吨,6.4775,151607.18,元/吨,本地 CSV (data/exchange_rates.csv)
2014-05,锡,tin,23271.25,美元/吨,6.4603,150339.26,元/吨,本地 CSV (data/exchange_rates.csv)
2014-06,锡,tin,22762.0,美元/吨,6.4432,146660.12,元/吨,本地 CSV (data/exchange_rates.csv)
2014-07,锡,tin,22424.01,美元/吨,6.426,144096.69,元/吨,本地 CSV (data/exchange_rates.csv)
2014-08,锡,tin,22231.05,美元/吨,6.4088,142474.35,元/吨,本地 CSV (data/exchange_rates.csv)
2014-09,锡,tin,21090.52,美元/吨,6.3917,134804.28,元/吨,本地 CSV (data/exchange_rates.csv)
2014-10,锡,tin,19830.41,美元/吨,6.3745,126408.95,元/吨,本地 CSV (data/exchange_rates.csv)
2014-11,锡,tin,20033.47,美元/吨,6.3573,127358.78,元/吨,本地 CSV (data/exchange_rates.csv)
2014-12,锡,tin,19829.71,美元/吨,6.3402,125724.33,元/吨,本地 CSV (data/exchange_rates.csv)
2015-01,锡,tin,19454.12,美元/吨,6.323,123008.4,元/吨,本地 CSV (data/exchange_rates.csv)
2015-02,锡,tin,18233.91,美元/吨,6.3058,114979.39,元/吨,本地 CSV (data/exchange_rates.csv)
2015-03,锡,tin,17421.91,美元/吨,6.2887,109561.17,元/吨,本地 CSV (data/exchange_rates.csv)
2015-04,锡,tin,15900.88,美元/吨,6.2715,99722.37,元/吨,本地 CSV (data/exchange_rates.csv)
2015-05,锡,tin,15803.59,美元/吨,6.2543,98840.39,元/吨,本地 CSV (data/exchange_rates.csv)
2015-06,锡,tin,15064.94,美元/吨,6.2372,93963.04,元/吨,本地 CSV (data/exchange_rates.csv)
2015-07,锡,tin,15071.53,美元/吨,6.22,93744.92,元/吨,本地 CSV (data/exchange_rates.csv)
2015-08,锡,tin,15163.77,美元/吨,6.64,100687.43,元/吨,本地 CSV (data/exchange_rates.csv)
2015-09,锡,tin,15453.34,美元/吨,6.64,102610.18,元/吨,本地 CSV (data/exchange_rates.csv)
2015-10,锡,tin,15794.61,美元/吨,6.64,104876.21,元/吨,本地 CSV (data/exchange_rates.csv)
2015-11,锡,tin,14745.29,美元/吨,6.64,97908.73,元/吨,本地 CSV (data/exchange_rates.csv)
2015-12,锡,tin,14691.69,美元/吨,6.64,97552.82,元/吨,本地 CSV (data/exchange_rates.csv)
2016-01,锡,tin,13808.08,美元/吨,6.64,91685.65,元/吨,本地 CSV (data/exchange_rates.csv)
2016-02,锡,tin,15610.14,美元/吨,6.64,103651.33,元/吨,本地 CSV (data/exchange_rates.csv)
2016-03,锡,tin,16897.6,美元/吨,6.64,112200.06,元/吨,本地 CSV (data/exchange_rates.csv)
2016-04,锡,tin,17032.71,美元/吨,6.64,113097.19,元/吨,本地 CSV (data/exchange_rates.csv)
2016-05,锡,tin,16706.95,美元/吨,6.64,110934.15,元/吨,本地 CSV (data/exchange_rates.csv)
2016-06,锡,tin,16966.69,美元/吨,6.64,112658.82,元/吨,本地 CSV (data/exchange_rates.csv)
2016-07,锡,tin,17826.23,美元/吨,6.64,118366.17,元/吨,本地 CSV (data/exchange_rates.csv)
2016-08,锡,tin,18427.02,美元/吨,6.75,124382.39,元/吨,本地 CSV (data/exchange_rates.csv)
2016-09,锡,tin,19499.52,美元/吨,6.75,131621.76,元/吨,本地 CSV (data/exchange_rates.csv)
2016-10,锡,tin,20099.76,美元/吨,6.75,135673.38,元/吨,本地 CSV (data/exchange_rates.csv)
2016-11,锡,tin,21126.09,美元/吨,6.75,142601.11,元/吨,本地 CSV (data/exchange_rates.csv)
2016-12,锡,tin,21204.35,美元/吨,6.75,143129.36,元/吨,本地 CSV (data/exchange_rates.csv)
2017-01,锡,tin,20691.79,美元/吨,6.75,139669.58,元/吨,本地 CSV (data/exchange_rates.csv)
2017-02,锡,tin,19446.47,美元/吨,6.75,131263.67,元/吨,本地 CSV (data/exchange_rates.csv)
2017-03,锡,tin,19875.2,美元/吨,6.75,134157.6,元/吨,本地 CSV (data/exchange_rates.csv)
2017-04,锡,tin,19910.32,美元/吨,6.75,134394.66,元/吨,本地 CSV (data/exchange_rates.csv)
2017-05,锡,tin,20200.33,美元/吨,6.75,136352.23,元/吨,本地 CSV (data/exchange_rates.csv)
2017-06,锡,tin,19658.84,美元/吨,6.75,132697.17,元/吨,本地 CSV (data/exchange_rates.csv)
2017-07,锡,tin,20223.48,美元/吨,6.75,136508.49,元/吨,本地 CSV (data/exchange_rates.csv)
2017-08,锡,tin,20521.0,美元/吨,6.62,135849.02,元/吨,本地 CSV (data/exchange_rates.csv)
2017-09,锡,tin,20796.62,美元/吨,6.62,137673.62,元/吨,本地 CSV (data/exchange_rates.csv)
2017-10,锡,tin,20376.09,美元/吨,6.62,134889.72,元/吨,本地 CSV (data/exchange_rates.csv)
2017-11,锡,tin,19557.52,美元/吨,6.62,129470.78,元/吨,本地 CSV (data/exchange_rates.csv)
2017-12,锡,tin,19476.37,美元/吨,6.62,128933.57,元/吨,本地 CSV (data/exchange_rates.csv)
2018-01,锡,tin,20696.91,美元/吨,6.62,137013.54,元/吨,本地 CSV (data/exchange_rates.csv)
2018-02,锡,tin,21651.55,美元/吨,6.62,143333.26,元/吨,本地 CSV (data/exchange_rates.csv)
2018-03,锡,tin,21211.94,美元/吨,6.62,140423.04,元/吨,本地 CSV (data/exchange_rates.csv)
2018-04,锡,tin,21291.1,美元/吨,6.62,140947.08,元/吨,本地 CSV (data/exchange_rates.csv)
2018-05,锡,tin,20858.83,美元/吨,6.62,138085.45,元/吨,本地 CSV (data/exchange_rates.csv)
2018-06,锡,tin,20660.52,美元/吨,6.62,136772.64,元/吨,本地 CSV (data/exchange_rates.csv)
2018-07,锡,tin,19729.8,美元/吨,6.62,130611.28,元/吨,本地 CSV (data/exchange_rates.csv)
2018-08,锡,tin,19228.77,美元/吨,6.85,131717.07,元/吨,本地 CSV (data/exchange_rates.csv)
2018-09,锡,tin,18967.13,美元/吨,6.85,129924.84,元/吨,本地 CSV (data/exchange_rates.csv)
2018-10,锡,tin,19121.48,美元/吨,6.85,130982.14,元/吨,本地 CSV (data/exchange_rates.csv)
2018-11,锡,tin,19064.86,美元/吨,6.85,130594.29,元/吨,本地 CSV (data/exchange_rates.csv)
2018-12,锡,tin,19259.58,美元/吨,6.85,131928.12,元/吨,本地 CSV (data/exchange_rates.csv)
2019-01,锡,tin,20457.75,美元/吨,6.85,140135.59,元/吨,本地 CSV (data/exchange_rates.csv)
2019-02,锡,tin,21263.95,美元/吨,6.83,145232.78,元/吨,本地 CSV (data/exchange_rates.csv)
2019-03,锡,tin,21393.4,美元/吨,6.83,146116.92,元/吨,本地 CSV (data/exchange_rates.csv)
2019-04,锡,tin,20604.3,美元/吨,6.83,140727.37,元/吨,本地 CSV (data/exchange_rates.csv)
2019-05,锡,tin,19523.9,美元/吨,6.83,133348.24,元/吨,本地 CSV (data/exchange_rates.csv)
2019-06,锡,tin,19193.2,美元/吨,6.83,131089.56,元/吨,本地 CSV (data/exchange_rates.csv)
2019-07,锡,tin,17977.85,美元/吨,6.83,122788.72,元/吨,本地 CSV (data/exchange_rates.csv)
2019-08,锡,tin,16608.99,美元/吨,7.02,116595.11,元/吨,本地 CSV (data/exchange_rates.csv)
2019-09,锡,tin,16830.62,美元/吨,7.02,118150.95,元/吨,本地 CSV (data/exchange_rates.csv)
2019-10,锡,tin,16603.39,美元/吨,7.02,116555.8,元/吨,本地 CSV (data/exchange_rates.csv)
2019-11,锡,tin,16335.48,美元/吨,7.02,114675.07,元/吨,本地 CSV (data/exchange_rates.csv)
2019-12,锡,tin,17141.05,美元/吨,7.02,120330.17,元/吨,本地 CSV (data/exchange_rates.csv)
2020-01,锡,tin,17029.18,美元/吨,7.02,119544.84,元/吨,本地 CSV (data/exchange_rates.csv)
2020-02,锡,tin,16480.3,美元/吨,7.05,116186.11,元/吨,本地 CSV (data/exchange_rates.csv)
2020-03,锡,tin,15290.91,美元/吨,7.05,107800.92,元/吨,本地 CSV (data/exchange_rates.csv)
2020-04,锡,tin,14952.8,美元/吨,7.05,105417.24,元/吨,本地 CSV (data/exchange_rates.csv)
2020-05,锡,tin,15401.92,美元/吨,7.05,108583.54,元/吨,本地 CSV (data/exchange_rates.csv)
2020-06,锡,tin,16837.84,美元/吨,7.05,118706.77,元/吨,本地 CSV (data/exchange_rates.csv)
2020-07,锡,tin,17469.92,美元/吨,7.05,123162.94,元/吨,本地 CSV (data/exchange_rates.csv)
2020-08,锡,tin,17650.03,美元/吨,6.55,115607.7,元/吨,本地 CSV (data/exchange_rates.csv)
2020-09,锡,tin,17951.26,美元/吨,6.55,117580.75,元/吨,本地 CSV (data/exchange_rates.csv)
2020-10,锡,tin,18176.59,美元/吨,6.55,119056.66,元/吨,本地 CSV (data/exchange_rates.csv)
2020-11,锡,tin,18522.48,美元/吨,6.55,121322.24,元/吨,本地 CSV (data/exchange_rates.csv)
2020-12,锡,tin,19731.96,美元/吨,6.55,129244.34,元/吨,本地 CSV (data/exchange_rates.csv)
2021-01,锡,tin,21920.24,美元/吨,6.55,143577.57,元/吨,本地 CSV (data/exchange_rates.csv)
2021-02,锡,tin,26315.75,美元/吨,6.47,170262.9,元/吨,本地 CSV (data/exchange_rates.csv)
2021-03,锡,tin,27061.0,美元/吨,6.47,175084.67,元/吨,本地 CSV (data/exchange_rates.csv)
2021-04,锡,tin,28328.42,美元/吨,6.47,183284.88,元/吨,本地 CSV (data/exchange_rates.csv)
2021-05,锡,tin,32246.21,美元/吨,6.47,208632.98,元/吨,本地 CSV (data/exchange_rates.csv)
2021-06,锡,tin,32502.55,美元/吨,6.47,210291.5,元/吨,本地 CSV (data/exchange_rates.csv)
2021-07,锡,tin,34020.18,美元/吨,6.47,220110.56,元/吨,本地 CSV (data/exchange_rates.csv)
2021-08,锡,tin,35024.0,美元/吨,6.37,223102.88,元/吨,本地 CSV (data/exchange_rates.csv)
2021-09,锡,tin,34887.3,美元/吨,6.37,222232.1,元/吨,本地 CSV (data/exchange_rates.csv)
2021-10,锡,tin,37722.92,美元/吨,6.37,240295.0,元/吨,本地 CSV (data/exchange_rates.csv)
2021-11,锡,tin,39158.69,美元/吨,6.37,249440.86,元/吨,本地 CSV (data/exchange_rates.csv)
2021-12,锡,tin,39422.52,美元/吨,6.37,251121.45,元/吨,本地 CSV (data/exchange_rates.csv)
2022-01,锡,tin,41791.7,美元/吨,6.37,266213.13,元/吨,本地 CSV (data/exchange_rates.csv)
2022-02,锡,tin,43983.35,美元/吨,6.55,288090.94,元/吨,本地 CSV (data/exchange_rates.csv)
2022-03,锡,tin,43949.67,美元/吨,6.55,287870.34,元/吨,本地 CSV (data/exchange_rates.csv)
2022-04,锡,tin,42991.11,美元/吨,6.55,281591.77,元/吨,本地 CSV (data/exchange_rates.csv)
2022-05,锡,tin,35769.39,美元/吨,6.55,234289.5,元/吨,本地 CSV (data/exchange_rates.csv)
2022-06,锡,tin,31559.31,美元/吨,6.55,206713.48,元/吨,本地 CSV (data/exchange_rates.csv)
2022-07,锡,tin,25395.77,美元/吨,6.55,166342.29,元/吨,本地 CSV (data/exchange_rates.csv)
2022-08,锡,tin,24647.48,美元/吨,6.98,172039.41,元/吨,本地 CSV (data/exchange_rates.csv)
2022-09,锡,tin,21124.04,美元/吨,6.98,147445.8,元/吨,本地 CSV (data/exchange_rates.csv)
2022-10,锡,tin,19391.17,美元/吨,6.98,135350.37,元/吨,本地 CSV (data/exchange_rates.csv)
2022-11,锡,tin,21249.5,美元/吨,6.98,148321.51,元/吨,本地 CSV (data/exchange_rates.csv)
2022-12,锡,tin,24172.37,美元/吨,6.98,168723.14,元/吨,本地 CSV (data/exchange_rates.csv)
2023-01,锡,tin,28154.14,美元/吨,6.98,196515.9,元/吨,本地 CSV (data/exchange_rates.csv)
2023-02,锡,tin,26862.9,美元/吨,7.1,190726.59,元/吨,本地 CSV (data/exchange_rates.csv)
2023-03,锡,tin,23999.96,美元/吨,7.1,170399.72,元/吨,本地 CSV (data/exchange_rates.csv)
2023-04,锡,tin,25793.75,美元/吨,7.1,183135.62,元/吨,本地 CSV (data/exchange_rates.csv)
2023-05,锡,tin,25533.8,美元/吨,7.1,181289.98,元/吨,本地 CSV (data/exchange_rates.csv)
2023-06,锡,tin,27216.68,美元/吨,7.1,193238.43,元/吨,本地 CSV (data/exchange_rates.csv)
2023-07,锡,tin,28743.14,美元/吨,7.1,204076.29,元/吨,本地 CSV (data/exchange_rates.csv)
2023-08,锡,tin,26074.87,美元/吨,7.2,187739.06,元/吨,本地 CSV (data/exchange_rates.csv)
2023-09,锡,tin,25573.93,美元/吨,7.2,184132.3,元/吨,本地 CSV (data/exchange_rates.csv)
2023-10,锡,tin,24536.07,美元/吨,7.2,176659.7,元/吨,本地 CSV (data/exchange_rates.csv)
2023-11,锡,tin,24167.86,美元/吨,7.2,174008.59,元/吨,本地 CSV (data/exchange_rates.csv)
2023-12,锡,tin,24600.26,美元/吨,7.2,177121.87,元/吨,本地 CSV (data/exchange_rates.csv)
2024-01,锡,tin,25099.84,美元/吨,7.2,180718.85,元/吨,本地 CSV (data/exchange_rates.csv)
2024-02,锡,tin,26104.1,美元/吨,7.25,189254.72,元/吨,本地 CSV (data/exchange_rates.csv)
2024-03,锡,tin,27450.46,美元/吨,7.25,199015.83,元/吨,本地 CSV (data/exchange_rates.csv)
2024-04,锡,tin,31774.5,美元/吨,7.25,230365.12,元/吨,本地 CSV (data/exchange_rates.csv)
2024-05,锡,tin,32977.51,美元/吨,7.25,239086.95,元/吨,本地 CSV (data/exchange_rates.csv)
2024-06,锡,tin,32032.7,美元/吨,7.25,232237.08,元/吨,本地 CSV (data/exchange_rates.csv)
2024-07,锡,tin,31860.47,美元/吨,7.25,230988.41,元/吨,本地 CSV (data/exchange_rates.csv)
2024-08,锡,tin,31491.65,美元/吨,7.28,229259.21,元/吨,本地 CSV (data/exchange_rates.csv)
2024-09,锡,tin,31471.69,美元/吨,7.28,229113.9,元/吨,本地 CSV (data/exchange_rates.csv)
2024-10,锡,tin,32012.43,美元/吨,7.28,233050.49,元/吨,本地 CSV (data/exchange_rates.csv)
2024-11,锡,tin,29654.89,美元/吨,7.28,215887.6,元/吨,本地 CSV (data/exchange_rates.csv)
2024-12,锡,tin,28864.99,美元/吨,7.28,210137.13,元/吨,本地 CSV (data/exchange_rates.csv)
2025-01,锡,tin,29612.36,美元/吨,7.28,215577.98,元/吨,本地 CSV (data/exchange_rates.csv)
2025-02,锡,tin,31832.96,美元/吨,7.18,228560.65,元/吨,本地 CSV (data/exchange_rates.csv)
2025-03,锡,tin,34047.87,美元/吨,7.18,244463.71,元/吨,本地 CSV (data/exchange_rates.csv)
2025-04,锡,tin,32565.05,美元/吨,7.18,233817.06,元/吨,本地 CSV (data/exchange_rates.csv)
2025-05,锡,tin,31981.17,美元/吨,7.18,229624.8,元/吨,本地 CSV (data/exchange_rates.csv)
2025-06,锡,tin,32544.03,美元/吨,7.18,233666.14,元/吨,本地 CSV (data/exchange_rates.csv)
2025-07,锡,tin,33610.26,美元/吨,7.18,241321.67,元/吨,本地 CSV (data/exchange_rates.csv)
2025-08,锡,tin,33833.76,美元/吨,7.2,243603.07,元/吨,本地 CSV (data/exchange_rates.csv)
2025-09,锡,tin,34483.91,美元/吨,7.2,248284.15,元/吨,本地 CSV (data/exchange_rates.csv)
2025-10,锡,tin,36011.92,美元/吨,7.2,259285.82,元/吨,本地 CSV (data/exchange_rates.csv)
2025-11,锡,tin,36963.22,美元/吨,7.2,266135.18,元/吨,本地 CSV (data/exchange_rates.csv)
2025-12,锡,tin,41219.52,美元/吨,7.2,296780.54,元/吨,本地 CSV (data/exchange_rates.csv)
2026-01,锡,tin,49538.44,美元/吨,7.2,356676.77,元/吨,本地 CSV (data/exchange_rates.csv)
2026-02,锡,tin,48694.34,美元/吨,7.2,350599.25,元/吨,本地 CSV (data/exchange_rates.csv)
2026-03,锡,tin,47323.68,美元/吨,7.2,340730.5,元/吨,本地 CSV (data/exchange_rates.csv)
2026-04,锡,tin,48805.89,美元/吨,7.2,351402.41,元/吨,本地 CSV (data/exchange_rates.csv)
2026-05,锡,tin,53562.79,美元/吨,7.2,385652.09,元/吨,本地 CSV (data/exchange_rates.csv)
