month,metal_cn,metal_en,price_cny,unit_cny,change_1m,change_3m,change_6m,change_12m,status_label,is_large_move,needs_review
1960-01,铜,copper,1761.17,元/吨,,,,,数据不足,False,False
1960-02,铜,copper,1792.66,元/吨,1.79,,,,温和上涨,False,False
1960-03,铜,copper,1686.19,元/吨,-5.94,,,,下跌明显,False,False
1960-04,铜,copper,1780.15,元/吨,5.57,1.08,,,上涨明显,False,False
1960-05,铜,copper,1685.72,元/吨,-5.3,-5.97,,,下跌明显,False,False
1960-06,铜,copper,1702.56,元/吨,1.0,0.97,,,变化不大,False,False
1960-07,铜,copper,1729.14,元/吨,1.56,-2.87,-1.82,,温和上涨,False,False
1960-08,铜,copper,1664.03,元/吨,-3.77,-1.29,-7.18,,小幅回落,False,False
1960-09,铜,copper,1592.93,元/吨,-4.27,-6.44,-5.53,,小幅回落,False,False
1960-10,铜,copper,1508.25,元/吨,-5.32,-12.77,-15.27,,下跌明显,False,False
1960-11,铜,copper,1580.8,元/吨,4.81,-5.0,-6.22,,温和上涨,False,False
1960-12,铜,copper,1567.95,元/吨,-0.81,-1.57,-7.91,,变化不大,False,False
1961-01,铜,copper,1493.6,元/吨,-4.74,-0.97,-13.62,-15.19,小幅回落,False,False
1961-02,铜,copper,1518.02,元/吨,1.64,-3.97,-8.77,-15.32,温和上涨,False,False
1961-03,铜,copper,1529.42,元/吨,0.75,-2.46,-3.99,-9.3,变化不大,False,False
1961-04,铜,copper,1555.46,元/吨,1.7,4.14,3.13,-12.62,持续上涨,False,False
1961-05,铜,copper,1645.57,元/吨,5.79,8.4,4.1,-2.38,上涨明显,False,False
1961-06,铜,copper,1605.39,元/吨,-2.44,4.97,2.39,-5.71,小幅回落,False,False
1961-07,铜,copper,1559.28,元/吨,-2.87,0.25,4.4,-9.82,小幅回落,False,False
1961-08,铜,copper,1566.86,元/吨,0.49,-4.78,3.22,-5.84,变化不大,False,False
1961-09,铜,copper,1557.63,元/吨,-0.59,-2.97,1.84,-2.22,变化不大,False,False
1961-10,铜,copper,1551.67,元/吨,-0.38,-0.49,-0.24,2.88,变化不大,False,False
1961-11,铜,copper,1556.55,元/吨,0.31,-0.66,-5.41,-1.53,变化不大,False,False
1961-12,铜,copper,1562.87,元/吨,0.41,0.34,-2.65,-0.32,变化不大,False,False
1962-01,铜,copper,1564.15,元/吨,0.08,0.8,0.31,4.72,持续上涨,False,False
1962-02,铜,copper,1595.1,元/吨,1.98,2.48,1.8,5.08,持续上涨,False,False
1962-03,铜,copper,1594.02,元/吨,-0.07,1.99,2.34,4.22,变化不大,False,False
1962-04,铜,copper,1590.2,元/吨,-0.24,1.67,2.48,2.23,变化不大,False,False
1962-05,铜,copper,1589.66,元/吨,-0.03,-0.34,2.13,-3.4,持续下跌,False,False
1962-06,铜,copper,1589.12,元/吨,-0.03,-0.31,1.68,-1.01,持续下跌,False,False
1962-07,铜,copper,1589.12,元/吨,0.0,-0.07,1.6,1.91,变化不大,False,False
1962-08,铜,copper,1589.12,元/吨,0.0,-0.03,-0.37,1.42,变化不大,False,False
1962-09,铜,copper,1589.12,元/吨,0.0,0.0,-0.31,2.02,变化不大,False,False
1962-10,铜,copper,1590.2,元/吨,0.07,0.07,0.0,2.48,变化不大,False,False
1962-11,铜,copper,1589.12,元/吨,-0.07,0.0,-0.03,2.09,变化不大,False,False
1962-12,铜,copper,1589.66,元/吨,0.03,0.03,0.03,1.71,变化不大,False,False
1963-01,铜,copper,1589.12,元/吨,-0.03,-0.07,0.0,1.6,变化不大,False,False
1963-02,铜,copper,1589.12,元/吨,0.0,0.0,0.0,-0.37,变化不大,False,False
1963-03,铜,copper,1589.12,元/吨,0.0,-0.03,0.0,-0.31,变化不大,False,False
1963-04,铜,copper,1589.66,元/吨,0.03,0.03,-0.03,-0.03,变化不大,False,False
1963-05,铜,copper,1589.12,元/吨,-0.03,0.0,0.0,-0.03,变化不大,False,False
1963-06,铜,copper,1589.66,元/吨,0.03,0.03,0.0,0.03,变化不大,False,False
1963-07,铜,copper,1589.12,元/吨,-0.03,-0.03,0.0,0.0,变化不大,False,False
1963-08,铜,copper,1589.12,元/吨,0.0,0.0,0.0,0.0,变化不大,False,False
1963-09,铜,copper,1589.12,元/吨,0.0,-0.03,0.0,0.0,变化不大,False,False
1963-10,铜,copper,1589.12,元/吨,0.0,0.0,-0.03,-0.07,变化不大,False,False
1963-11,铜,copper,1589.66,元/吨,0.03,0.03,0.03,0.03,变化不大,False,False
1963-12,铜,copper,1600.51,元/吨,0.68,0.72,0.68,0.68,变化不大,False,False
1964-01,铜,copper,1614.08,元/吨,0.85,1.57,1.57,1.57,持续上涨,False,False
1964-02,铜,copper,1707.97,元/吨,5.82,7.44,7.48,7.48,上涨明显,False,False
1964-03,铜,copper,1834.43,元/吨,7.4,14.62,15.44,15.44,上涨明显,False,False
1964-04,铜,copper,2120.99,元/吨,15.62,31.41,33.47,33.42,上涨明显,True,True
1964-05,铜,copper,2039.06,元/吨,-3.86,19.38,28.27,28.31,小幅回落,False,False
1964-06,铜,copper,1990.19,元/吨,-2.4,8.49,24.35,25.2,小幅回落,False,False
1964-07,铜,copper,2104.72,元/吨,5.75,-0.77,30.4,32.45,上涨明显,False,False
1964-08,铜,copper,2460.15,元/吨,16.89,20.65,44.04,54.81,上涨明显,True,True
1964-09,铜,copper,2860.73,元/吨,16.28,43.74,55.95,80.02,上涨明显,True,True
1964-10,铜,copper,3343.79,元/吨,16.89,58.87,57.65,110.42,上涨明显,True,True
1964-11,铜,copper,3447.43,元/吨,3.1,40.13,69.07,116.87,持续上涨,False,False
1964-12,铜,copper,3124.52,元/吨,-9.37,9.22,57.0,95.22,下跌明显,True,False
1965-01,铜,copper,2463.47,元/吨,-21.16,-26.33,17.04,52.62,下跌明显,True,True
1965-02,铜,copper,2904.7,元/吨,17.91,-15.74,18.07,70.07,上涨明显,True,True
1965-03,铜,copper,3045.81,元/吨,4.86,-2.52,6.47,66.04,温和上涨,False,False
1965-04,铜,copper,3319.34,元/吨,8.98,34.74,-0.73,56.5,上涨明显,True,False
1965-05,铜,copper,3393.71,元/吨,2.24,16.84,-1.56,66.44,持续上涨,False,False
1965-06,铜,copper,3222.2,元/吨,-5.05,5.79,3.13,61.9,下跌明显,False,False
1965-07,铜,copper,2791.83,元/吨,-13.36,-15.89,13.33,32.65,下跌明显,True,False
1965-08,铜,copper,2978.53,元/吨,6.69,-12.23,2.54,21.07,上涨明显,False,False
1965-09,铜,copper,3268.88,元/吨,9.75,1.45,7.32,14.27,上涨明显,True,False
1965-10,铜,copper,3451.25,元/吨,5.58,23.62,3.97,3.21,上涨明显,False,False
1965-11,铜,copper,3616.78,元/吨,4.8,21.43,6.57,4.91,持续上涨,False,False
1965-12,铜,copper,3736.18,元/吨,3.3,14.3,15.95,19.58,持续上涨,False,False
1966-01,铜,copper,4133.46,元/吨,10.63,19.77,48.06,67.79,上涨明显,True,False
1966-02,铜,copper,4614.32,元/吨,11.63,27.58,54.92,58.86,上涨明显,True,False
1966-03,铜,copper,4615.41,元/吨,0.02,23.53,41.19,51.53,持续上涨,False,False
1966-04,铜,copper,4695.74,元/吨,1.74,13.6,36.06,41.47,持续上涨,False,False
1966-05,铜,copper,4095.48,元/吨,-12.78,-11.24,13.24,20.68,下跌明显,True,False
1966-06,铜,copper,4174.7,元/吨,1.93,-9.55,11.74,29.56,温和上涨,False,False
1966-07,铜,copper,3859.93,元/吨,-7.54,-17.8,-6.62,38.26,下跌明显,False,False
1966-08,铜,copper,2942.69,元/吨,-23.76,-28.15,-36.23,-1.2,下跌明显,True,True
1966-09,铜,copper,2777.7,元/吨,-5.61,-33.46,-39.82,-15.03,下跌明显,False,False
1966-10,铜,copper,3139.71,元/吨,13.03,-18.66,-33.14,-9.03,上涨明显,True,False
1966-11,铜,copper,3204.3,元/吨,2.06,8.89,-21.76,-11.4,温和上涨,False,False
1966-12,铜,copper,2989.93,元/吨,-6.69,7.64,-28.38,-19.97,下跌明显,False,False
1967-01,铜,copper,3062.11,元/吨,2.41,-2.47,-20.67,-25.92,温和上涨,False,False
1967-02,铜,copper,3004.58,元/吨,-1.88,-6.23,2.1,-34.89,小幅回落,False,False
1967-03,铜,copper,2703.89,元/吨,-10.01,-9.57,-2.66,-41.42,下跌明显,True,False
1967-04,铜,copper,2448.8,元/吨,-9.43,-20.03,-22.01,-47.85,下跌明显,True,False
1967-05,铜,copper,2550.84,元/吨,4.17,-15.1,-20.39,-37.72,温和上涨,False,False
1967-06,铜,copper,2499.27,元/吨,-2.02,-7.57,-16.41,-40.13,小幅回落,False,False
1967-07,铜,copper,2455.33,元/吨,-1.76,0.27,-19.82,-36.39,小幅回落,False,False
1967-08,铜,copper,2571.47,元/吨,4.73,0.81,-14.42,-12.62,温和上涨,False,False
1967-09,铜,copper,2610.0,元/吨,1.5,4.43,-3.47,-6.04,温和上涨,False,False
1967-10,铜,copper,2802.69,元/吨,7.38,14.15,14.45,-10.73,上涨明显,False,False
1967-11,铜,copper,3554.37,元/吨,26.82,38.22,39.34,10.92,上涨明显,True,True
1967-12,铜,copper,3259.64,元/吨,-8.29,24.89,30.42,9.02,下跌明显,True,False
1968-01,铜,copper,3468.06,元/吨,6.39,23.74,41.25,13.26,上涨明显,False,False
1968-02,铜,copper,4233.85,元/吨,22.08,19.12,64.65,40.91,上涨明显,True,True
1968-03,铜,copper,4187.72,元/吨,-1.09,28.47,60.45,54.88,小幅回落,False,False
1968-04,铜,copper,3089.78,元/吨,-26.22,-10.91,10.24,26.18,下跌明显,True,True
1968-05,铜,copper,2699.56,元/吨,-12.63,-36.24,-24.05,5.83,下跌明显,True,False
1968-06,铜,copper,2798.33,元/吨,3.66,-33.18,-14.15,11.97,温和上涨,False,False
1968-07,铜,copper,2595.35,元/吨,-7.25,-16.0,-25.16,5.7,下跌明显,False,False
1968-08,铜,copper,2600.77,元/吨,0.21,-3.66,-38.57,1.14,变化不大,False,False
1968-09,铜,copper,2732.67,元/吨,5.07,-2.35,-34.75,4.7,上涨明显,False,False
1968-10,铜,copper,2658.3,元/吨,-2.72,2.43,-13.96,-5.15,小幅回落,False,False
1968-11,铜,copper,2707.68,元/吨,1.86,4.11,0.3,-23.82,温和上涨,False,False
1968-12,铜,copper,2917.18,元/吨,7.74,6.75,4.25,-10.51,上涨明显,False,False
1969-01,铜,copper,3090.86,元/吨,5.95,16.27,19.09,-10.88,上涨明显,False,False
1969-02,铜,copper,3164.13,元/吨,2.37,16.86,21.66,-25.27,持续上涨,False,False
1969-03,铜,copper,3147.31,元/吨,-0.53,7.89,15.17,-24.84,变化不大,False,False
1969-04,铜,copper,3417.05,元/吨,8.57,10.55,28.54,10.59,上涨明显,True,False
1969-05,铜,copper,3427.91,元/吨,0.32,8.34,26.6,26.98,变化不大,False,False
1969-06,铜,copper,3650.95,元/吨,6.51,16.0,25.15,30.47,上涨明显,False,False
1969-07,铜,copper,3579.33,元/吨,-1.96,4.75,15.8,37.91,小幅回落,False,False
1969-08,铜,copper,3955.45,元/吨,10.51,15.39,25.01,52.09,上涨明显,True,False
1969-09,铜,copper,3887.06,元/吨,-1.73,6.47,23.5,42.24,小幅回落,False,False
1969-10,铜,copper,3826.82,元/吨,-1.55,6.91,11.99,43.96,小幅回落,False,False
1969-11,铜,copper,4016.23,元/吨,4.95,1.54,17.16,48.33,温和上涨,False,False
1969-12,铜,copper,4184.47,元/吨,4.19,7.65,14.61,43.44,温和上涨,False,False
1970-01,铜,copper,4003.63,元/吨,-4.32,4.62,11.85,29.53,小幅回落,False,False
1970-02,铜,copper,4079.69,元/吨,1.9,1.58,3.14,28.94,温和上涨,False,False
1970-03,铜,copper,4318.0,元/吨,5.84,3.19,11.09,37.2,上涨明显,False,False
1970-04,铜,copper,4287.47,元/吨,-0.71,7.09,12.04,25.47,变化不大,False,False
1970-05,铜,copper,3933.71,元/吨,-8.25,-3.58,-2.05,14.76,下跌明显,True,False
1970-06,铜,copper,3589.3,元/吨,-8.76,-16.88,-14.22,-1.69,下跌明显,True,False
1970-07,铜,copper,3364.3,元/吨,-6.27,-21.53,-15.97,-6.01,下跌明显,False,False
1970-08,铜,copper,3117.87,元/吨,-7.32,-20.74,-23.58,-21.18,下跌明显,False,False
1970-09,铜,copper,3069.62,元/吨,-1.55,-14.48,-28.91,-21.03,持续下跌,False,False
1970-10,铜,copper,2812.36,元/吨,-8.38,-16.41,-34.41,-26.51,下跌明显,True,False
1970-11,铜,copper,2671.79,元/吨,-5.0,-14.31,-32.08,-33.48,持续下跌,False,False
1970-12,铜,copper,2574.3,元/吨,-3.65,-16.14,-28.28,-38.48,持续下跌,False,False
1971-01,铜,copper,2486.42,元/吨,-3.41,-11.59,-26.09,-37.9,持续下跌,False,False
1971-02,铜,copper,2511.53,元/吨,1.01,-6.0,-19.45,-38.44,温和上涨,False,False
1971-03,铜,copper,2816.55,元/吨,12.14,9.41,-8.24,-34.77,上涨明显,True,False
1971-04,铜,copper,3080.94,元/吨,9.39,23.91,9.55,-28.14,上涨明显,True,False
1971-05,铜,copper,2743.43,元/吨,-10.95,9.23,2.68,-30.26,下跌明显,True,False
1971-06,铜,copper,2644.47,元/吨,-3.61,-6.11,2.73,-26.32,小幅回落,False,False
1971-07,铜,copper,2745.65,元/吨,3.83,-10.88,10.43,-18.39,温和上涨,False,False
1971-08,铜,copper,2464.9,元/吨,-10.23,-10.15,-1.86,-20.94,下跌明显,True,False
1971-09,铜,copper,2371.72,元/吨,-3.78,-10.31,-15.79,-22.74,小幅回落,False,False
1971-10,铜,copper,2337.6,元/吨,-1.44,-14.86,-24.13,-16.88,持续下跌,False,False
1971-11,铜,copper,2276.31,元/吨,-2.62,-7.65,-17.03,-14.8,持续下跌,False,False
1971-12,铜,copper,2330.19,元/吨,2.37,-1.75,-11.88,-9.48,温和上涨,False,False
1972-01,铜,copper,2420.22,元/吨,3.86,3.53,-11.85,-2.66,温和上涨,False,False
1972-02,铜,copper,2497.45,元/吨,3.19,9.71,1.32,-0.56,持续上涨,False,False
1972-03,铜,copper,2488.02,元/吨,-0.38,6.77,4.9,-11.66,变化不大,False,False
1972-04,铜,copper,2543.7,元/吨,2.24,5.1,8.82,-17.44,温和上涨,False,False
1972-05,铜,copper,2483.98,元/吨,-2.35,-0.54,9.12,-9.46,小幅回落,False,False
1972-06,铜,copper,2386.99,元/吨,-3.9,-4.06,2.44,-9.74,小幅回落,False,False
1972-07,铜,copper,2322.78,元/吨,-2.69,-8.68,-4.03,-15.4,持续下跌,False,False
1972-08,铜,copper,2081.89,元/吨,-10.37,-16.19,-16.64,-15.54,下跌明显,True,False
1972-09,铜,copper,2109.53,元/吨,1.33,-11.62,-15.21,-11.05,温和上涨,False,False
1972-10,铜,copper,1824.91,元/吨,-13.49,-21.43,-28.26,-21.93,下跌明显,True,False
1972-11,铜,copper,2003.12,元/吨,9.77,-3.78,-19.36,-12.0,上涨明显,True,False
1972-12,铜,copper,2037.53,元/吨,1.72,-3.41,-14.64,-12.56,温和上涨,False,False
1973-01,铜,copper,2225.69,元/吨,9.23,21.96,-4.18,-8.04,上涨明显,True,False
1973-02,铜,copper,2473.52,元/吨,11.14,23.48,18.81,-0.96,上涨明显,True,False
1973-03,铜,copper,3002.4,元/吨,21.38,47.35,42.33,20.67,上涨明显,True,True
1973-04,铜,copper,3159.33,元/吨,5.23,41.95,73.12,24.2,上涨明显,False,False
1973-05,铜,copper,3087.33,元/吨,-2.28,24.82,54.13,24.29,小幅回落,False,False
1973-06,铜,copper,3478.16,元/吨,12.66,15.85,70.7,45.71,上涨明显,True,False
1973-07,铜,copper,4020.17,元/吨,15.58,27.25,80.63,73.08,上涨明显,True,True
1973-08,铜,copper,3202.12,元/吨,-20.35,3.72,29.46,53.81,下跌明显,True,True
1973-09,铜,copper,2936.48,元/吨,-8.3,-15.57,-2.2,39.2,下跌明显,True,False
1973-10,铜,copper,3149.58,元/吨,7.26,-21.66,-0.31,72.59,上涨明显,False,False
1973-11,铜,copper,3485.19,元/吨,10.66,8.84,12.89,73.99,上涨明显,True,False
1973-12,铜,copper,3460.04,元/吨,-0.72,17.83,-0.52,69.82,变化不大,False,False
1974-01,铜,copper,3150.22,元/吨,-8.95,0.02,-21.64,41.54,下跌明显,True,False
1974-02,铜,copper,3571.16,元/吨,13.36,2.47,11.52,44.38,上涨明显,True,False
1974-03,铜,copper,4298.08,元/吨,20.36,24.22,46.37,43.15,上涨明显,True,True
1974-04,铜,copper,4775.09,元/吨,11.1,51.58,51.61,51.14,上涨明显,True,False
1974-05,铜,copper,4553.1,元/吨,-4.65,27.5,30.64,47.48,小幅回落,False,False
1974-06,铜,copper,3883.75,元/吨,-14.7,-9.64,12.25,11.66,下跌明显,True,False
1974-07,铜,copper,3070.56,元/吨,-20.94,-35.7,-2.53,-23.62,下跌明显,True,True
1974-08,铜,copper,2899.6,元/吨,-5.57,-36.32,-18.81,-9.45,下跌明显,False,False
1974-09,铜,copper,2361.19,元/吨,-18.57,-39.2,-45.06,-19.59,下跌明显,True,True
1974-10,铜,copper,2273.05,元/吨,-3.73,-25.97,-52.4,-27.83,持续下跌,False,False
1974-11,铜,copper,2313.9,元/吨,1.8,-20.2,-49.18,-33.61,温和上涨,False,False
1974-12,铜,copper,2116.15,元/吨,-8.55,-10.38,-45.51,-38.84,下跌明显,True,False
1975-01,铜,copper,1998.48,元/吨,-5.56,-12.08,-34.91,-36.56,下跌明显,False,False
1975-02,铜,copper,2100.24,元/吨,5.09,-9.23,-27.57,-41.19,上涨明显,False,False
1975-03,铜,copper,2240.38,元/吨,6.67,5.87,-5.12,-47.87,上涨明显,False,False
1975-04,铜,copper,2226.41,元/吨,-0.62,11.41,-2.05,-53.37,变化不大,False,False
1975-05,铜,copper,2110.52,元/吨,-5.21,0.49,-8.79,-53.65,下跌明显,False,False
1975-06,铜,copper,2018.2,元/吨,-4.37,-9.92,-4.63,-48.03,持续下跌,False,False
1975-07,铜,copper,2078.08,元/吨,2.97,-6.66,3.98,-32.32,温和上涨,False,False
1975-08,铜,copper,2181.67,元/吨,4.98,3.37,3.88,-24.76,温和上涨,False,False
1975-09,铜,copper,2077.38,元/吨,-4.78,2.93,-7.28,-12.02,小幅回落,False,False
1975-10,铜,copper,2033.43,元/吨,-2.12,-2.15,-8.67,-10.54,小幅回落,False,False
1975-11,铜,copper,2044.77,元/吨,0.56,-6.28,-3.12,-11.63,变化不大,False,False
1975-12,铜,copper,2004.7,元/吨,-1.96,-3.5,-0.67,-5.27,小幅回落,False,False
1976-01,铜,copper,2087.75,元/吨,4.14,2.67,0.47,4.47,温和上涨,False,False
1976-02,铜,copper,2143.37,元/吨,2.66,4.82,-1.76,2.05,温和上涨,False,False
1976-03,铜,copper,2347.94,元/吨,9.54,17.12,13.02,4.8,上涨明显,True,False
1976-04,铜,copper,2680.25,元/吨,14.15,28.38,31.81,20.38,上涨明显,True,False
1976-05,铜,copper,2696.35,元/吨,0.6,25.8,31.87,27.76,持续上涨,False,False
1976-06,铜,copper,2777.14,元/吨,3.0,18.28,38.53,37.6,持续上涨,False,False
1976-07,铜,copper,2964.6,元/吨,6.75,10.61,42.0,42.66,上涨明显,False,False
1976-08,铜,copper,2782.97,元/吨,-6.13,3.21,29.84,27.56,下跌明显,False,False
1976-09,铜,copper,2650.57,元/吨,-4.76,-4.56,12.89,27.59,小幅回落,False,False
1976-10,铜,copper,2345.12,元/吨,-11.52,-20.9,-12.5,15.33,下跌明显,True,False
1976-11,铜,copper,2344.79,元/吨,-0.01,-15.74,-13.04,14.67,持续下跌,False,False
1976-12,铜,copper,2370.27,元/吨,1.09,-10.58,-14.65,18.24,温和上涨,False,False
1977-01,铜,copper,2582.6,元/吨,8.96,10.13,-12.89,23.7,上涨明显,True,False
1977-02,铜,copper,2649.94,元/吨,2.61,13.01,-4.78,23.63,持续上涨,False,False
1977-03,铜,copper,2828.05,元/吨,6.72,19.31,6.7,20.45,上涨明显,False,False
1977-04,铜,copper,2679.38,元/吨,-5.26,3.75,14.25,-0.03,下跌明显,False,False
1977-05,铜,copper,2582.0,元/吨,-3.63,-2.56,10.12,-4.24,小幅回落,False,False
1977-06,铜,copper,2481.91,元/吨,-3.88,-12.24,4.71,-10.63,持续下跌,False,False
1977-07,铜,copper,2371.2,元/吨,-4.46,-11.5,-8.19,-20.02,持续下跌,False,False
1977-08,铜,copper,2213.63,元/吨,-6.65,-14.27,-16.46,-20.46,下跌明显,False,False
1977-09,铜,copper,2290.46,元/吨,3.47,-7.71,-19.01,-13.59,温和上涨,False,False
1977-10,铜,copper,2329.25,元/吨,1.69,-1.77,-13.07,-0.68,温和上涨,False,False
1977-11,铜,copper,2285.16,元/吨,-1.89,3.23,-11.5,-2.54,小幅回落,False,False
1977-12,铜,copper,2448.48,元/吨,7.15,6.9,-1.35,3.3,上涨明显,False,False
1978-01,铜,copper,2458.95,元/吨,0.43,5.57,3.7,-4.79,变化不大,False,False
1978-02,铜,copper,2383.25,元/吨,-3.08,4.29,7.66,-10.06,小幅回落,False,False
1978-03,铜,copper,2466.24,元/吨,3.48,0.73,7.67,-12.79,温和上涨,False,False
1978-04,铜,copper,2537.88,元/吨,2.9,3.21,8.96,-5.28,温和上涨,False,False
1978-05,铜,copper,2584.24,元/吨,1.83,8.43,13.09,0.09,持续上涨,False,False
1978-06,铜,copper,2654.94,元/吨,2.74,7.65,8.43,6.97,持续上涨,False,False
1978-07,铜,copper,2674.0,元/吨,0.72,5.36,8.75,12.77,持续上涨,False,False
1978-08,铜,copper,2863.84,元/吨,7.1,10.82,20.17,29.37,上涨明显,False,False
1978-09,铜,copper,2908.08,元/吨,1.54,9.53,17.92,26.96,持续上涨,False,False
1978-10,铜,copper,3049.65,元/吨,4.87,14.05,20.17,30.93,持续上涨,False,False
1978-11,铜,copper,3011.32,元/吨,-1.26,5.15,16.53,31.78,小幅回落,False,False
1978-12,铜,copper,3129.93,元/吨,3.94,7.63,17.89,27.83,温和上涨,False,False
1979-01,铜,copper,3400.95,元/吨,8.66,11.52,27.19,38.31,上涨明显,True,False
1979-02,铜,copper,4001.34,元/吨,17.65,32.88,39.72,67.89,上涨明显,True,True
1979-03,铜,copper,4236.73,元/吨,5.88,35.36,45.69,71.79,上涨明显,False,False
1979-04,铜,copper,4357.5,元/吨,2.85,28.13,42.89,71.7,持续上涨,False,False
1979-05,铜,copper,4012.44,元/吨,-7.92,0.28,33.25,55.27,下跌明显,False,False
1979-06,铜,copper,3928.0,元/吨,-2.1,-7.29,25.5,47.95,小幅回落,False,False
1979-07,铜,copper,3809.4,元/吨,-3.02,-12.58,12.01,42.46,持续下跌,False,False
1979-08,铜,copper,4166.84,元/吨,9.38,3.85,4.14,45.5,上涨明显,True,False
1979-09,铜,copper,4436.39,元/吨,6.47,12.94,4.71,52.55,上涨明显,False,False
1979-10,铜,copper,4411.29,元/吨,-0.57,15.8,1.23,44.65,变化不大,False,False
1979-11,铜,copper,4458.6,元/吨,1.07,7.0,11.12,48.06,温和上涨,False,False
1979-12,铜,copper,4741.72,元/吨,6.35,6.88,20.72,51.5,上涨明显,False,False
1980-01,铜,copper,5592.15,元/吨,17.94,26.77,46.8,64.43,上涨明显,True,True
1980-02,铜,copper,6297.92,元/吨,12.62,41.25,51.14,57.4,上涨明显,True,False
1980-03,铜,copper,4996.41,元/吨,-20.67,5.37,12.62,17.93,下跌明显,True,True
1980-04,铜,copper,4502.25,元/吨,-9.89,-19.49,2.06,3.32,下跌明显,True,False
1980-05,铜,copper,4447.38,元/吨,-1.22,-29.38,-0.25,10.84,持续下跌,False,False
1980-06,铜,copper,4396.55,元/吨,-1.14,-12.01,-7.28,11.93,持续下跌,False,False
1980-07,铜,copper,4787.2,元/吨,8.89,6.33,-14.39,25.67,上涨明显,True,False
1980-08,铜,copper,3549.98,元/吨,-25.84,-20.18,-43.63,-14.8,下跌明显,True,True
1980-09,铜,copper,3512.3,元/吨,-1.06,-20.11,-29.7,-20.83,小幅回落,False,False
1980-10,铜,copper,3478.2,元/吨,-0.97,-27.34,-22.75,-21.15,持续下跌,False,False
1980-11,铜,copper,3427.05,元/吨,-1.47,-3.46,-22.94,-23.14,持续下跌,False,False
1980-12,铜,copper,3203.7,元/吨,-6.52,-8.79,-27.13,-32.44,下跌明显,False,False
1981-01,铜,copper,3186.82,元/吨,-0.53,-8.38,-33.43,-43.01,持续下跌,False,False
1981-02,铜,copper,3647.02,元/吨,14.44,6.42,2.73,-42.09,上涨明显,True,False
1981-03,铜,copper,3726.9,元/吨,2.19,16.33,6.11,-25.41,温和上涨,False,False
1981-04,铜,copper,3778.58,元/吨,1.39,18.57,8.64,-16.07,持续上涨,False,False
1981-05,铜,copper,3658.2,元/吨,-3.19,0.31,6.74,-17.74,小幅回落,False,False
1981-06,铜,copper,3612.5,元/吨,-1.25,-3.07,12.76,-17.83,小幅回落,False,False
1981-07,铜,copper,3616.09,元/吨,0.1,-4.3,13.47,-24.46,变化不大,False,False
1981-08,铜,copper,3886.72,元/吨,7.48,6.25,6.57,9.49,上涨明显,False,False
1981-09,铜,copper,3762.88,元/吨,-3.19,4.16,0.97,7.13,小幅回落,False,False
1981-10,铜,copper,3707.52,元/吨,-1.47,2.53,-1.88,6.59,小幅回落,False,False
1981-11,铜,copper,3715.65,元/吨,0.22,-4.4,1.57,8.42,变化不大,False,False
1981-12,铜,copper,3765.81,元/吨,1.35,0.08,4.24,17.55,温和上涨,False,False
1982-01,铜,copper,3704.38,元/吨,-1.63,-0.08,2.44,16.24,小幅回落,False,False
1982-02,铜,copper,3715.35,元/吨,0.3,-0.01,-4.41,1.87,变化不大,False,False
1982-03,铜,copper,3549.44,元/吨,-4.47,-5.75,-5.67,-4.76,小幅回落,False,False
1982-04,铜,copper,3614.04,元/吨,1.82,-2.44,-2.52,-4.35,温和上涨,False,False
1982-05,铜,copper,3666.48,元/吨,1.45,-1.32,-1.32,0.23,温和上涨,False,False
1982-06,铜,copper,3152.5,元/吨,-14.02,-11.18,-16.29,-12.73,下跌明显,True,False
1982-07,铜,copper,3530.21,元/吨,11.98,-2.32,-4.7,-2.37,上涨明显,True,False
1982-08,铜,copper,3592.46,元/吨,1.76,-2.02,-3.31,-7.57,温和上涨,False,False
1982-09,铜,copper,3566.25,元/吨,-0.73,13.12,0.47,-5.23,变化不大,False,False
1982-10,铜,copper,3689.03,元/吨,3.44,4.5,2.08,-0.5,温和上涨,False,False
1982-11,铜,copper,3681.69,元/吨,-0.2,2.48,0.41,-0.91,变化不大,False,False
1982-12,铜,copper,3793.49,元/吨,3.04,6.37,20.33,0.74,温和上涨,False,False
1983-01,铜,copper,4086.94,元/吨,7.74,10.79,15.77,10.33,上涨明显,False,False
1983-02,铜,copper,4324.43,元/吨,5.81,17.46,20.38,16.39,上涨明显,False,False
1983-03,铜,copper,4233.9,元/吨,-2.09,11.61,18.72,19.28,小幅回落,False,False
1983-04,铜,copper,4480.36,元/吨,5.82,9.63,21.45,23.97,上涨明显,False,False
1983-05,铜,copper,4767.39,元/吨,6.41,10.24,29.49,30.03,上涨明显,False,False
1983-06,铜,copper,4635.77,元/吨,-2.76,9.49,22.2,47.05,小幅回落,False,False
1983-07,铜,copper,4686.82,元/吨,1.1,4.61,14.68,32.76,温和上涨,False,False
1983-08,铜,copper,4550.44,元/吨,-2.91,-4.55,5.23,26.67,小幅回落,False,False
1983-09,铜,copper,4369.96,元/吨,-3.97,-5.73,3.21,22.54,小幅回落,False,False
1983-10,铜,copper,4054.44,元/吨,-7.22,-13.49,-9.51,9.91,下跌明显,False,False
1983-11,铜,copper,3958.93,元/吨,-2.36,-13.0,-16.96,7.53,持续下跌,False,False
1983-12,铜,copper,4068.7,元/吨,2.77,-6.89,-12.23,7.25,温和上涨,False,False
1984-01,铜,copper,3989.53,元/吨,-1.95,-1.6,-14.88,-2.38,小幅回落,False,False
1984-02,铜,copper,4182.16,元/吨,4.83,5.64,-8.09,-3.29,温和上涨,False,False
1984-03,铜,copper,4428.54,元/吨,5.89,8.84,1.34,4.6,上涨明显,False,False
1984-04,铜,copper,4559.48,元/吨,2.96,14.29,12.46,1.77,持续上涨,False,False
1984-05,铜,copper,4262.7,元/吨,-6.51,1.93,7.67,-10.59,下跌明显,False,False
1984-06,铜,copper,4133.66,元/吨,-3.03,-6.66,1.6,-10.83,小幅回落,False,False
1984-07,铜,copper,4058.94,元/吨,-1.81,-10.98,1.74,-13.4,持续下跌,False,False
1984-08,铜,copper,3927.7,元/吨,-3.23,-7.86,-6.08,-13.69,持续下跌,False,False
1984-09,铜,copper,3798.79,元/吨,-3.28,-8.1,-14.22,-13.07,持续下跌,False,False
1984-10,铜,copper,3738.29,元/吨,-1.59,-7.9,-18.01,-7.8,持续下跌,False,False
1984-11,铜,copper,3950.02,元/吨,5.66,0.57,-7.34,-0.23,上涨明显,False,False
1984-12,铜,copper,3879.54,元/吨,-1.78,2.13,-6.15,-4.65,小幅回落,False,False
1985-01,铜,copper,3991.13,元/吨,2.88,6.76,-1.67,0.04,温和上涨,False,False
1985-02,铜,copper,4077.47,元/吨,2.16,3.23,3.81,-2.5,温和上涨,False,False
1985-03,铜,copper,4081.58,元/吨,0.1,5.21,7.44,-7.83,持续上涨,False,False
1985-04,铜,copper,4410.19,元/吨,8.05,10.5,17.97,-3.27,上涨明显,True,False
1985-05,铜,copper,4494.76,元/吨,1.92,10.23,13.79,5.44,持续上涨,False,False
1985-06,铜,copper,4206.39,元/吨,-6.42,3.06,8.43,1.76,下跌明显,False,False
1985-07,铜,copper,4330.31,元/吨,2.95,-1.81,8.5,6.69,温和上涨,False,False
1985-08,铜,copper,4899.69,元/吨,13.15,9.01,20.16,24.75,上涨明显,True,False
1985-09,铜,copper,4714.08,元/吨,-3.79,12.07,15.5,24.09,小幅回落,False,False
1985-10,铜,copper,4777.22,元/吨,1.34,10.32,8.32,27.79,温和上涨,False,False
1985-11,铜,copper,4724.78,元/吨,-1.1,-3.57,5.12,19.61,小幅回落,False,False
1985-12,铜,copper,4798.61,元/吨,1.56,1.79,14.08,23.69,温和上涨,False,False
1986-01,铜,copper,4893.14,元/吨,1.97,2.43,13.0,22.6,温和上涨,False,False
1986-02,铜,copper,4848.98,元/吨,-0.9,2.63,-1.03,18.92,变化不大,False,False
1986-03,铜,copper,4985.6,元/吨,2.82,3.9,5.76,22.15,温和上涨,False,False
1986-04,铜,copper,4949.37,元/吨,-0.73,1.15,3.6,12.23,变化不大,False,False
1986-05,铜,copper,4894.65,元/吨,-1.11,0.94,3.6,8.9,小幅回落,False,False
1986-06,铜,copper,4875.33,元/吨,-0.39,-2.21,1.6,15.9,持续下跌,False,False
1986-07,铜,copper,4637.84,元/吨,-4.87,-6.29,-5.22,7.1,持续下跌,False,False
1986-08,铜,copper,4847.53,元/吨,4.52,-0.96,-0.03,-1.06,温和上涨,False,False
1986-09,铜,copper,5010.84,元/吨,3.37,2.78,0.51,6.3,温和上涨,False,False
1986-10,铜,copper,4898.5,元/吨,-2.24,5.62,-1.03,2.54,小幅回落,False,False
1986-11,铜,copper,4847.9,元/吨,-1.03,0.01,-0.96,2.61,小幅回落,False,False
1986-12,铜,copper,4968.43,元/吨,2.49,-0.85,1.91,3.54,温和上涨,False,False
1987-01,铜,copper,5007.12,元/吨,0.78,2.22,7.96,2.33,变化不大,False,False
1987-02,铜,copper,5132.97,元/吨,2.51,5.88,5.89,5.86,持续上涨,False,False
1987-03,铜,copper,5452.48,元/吨,6.22,9.74,8.81,9.36,上涨明显,False,False
1987-04,铜,copper,5521.37,元/吨,1.26,10.27,12.72,11.56,持续上涨,False,False
1987-05,铜,copper,5656.04,元/吨,2.44,10.19,16.67,15.56,持续上涨,False,False
1987-06,铜,copper,5847.36,元/吨,3.38,7.24,17.69,19.94,持续上涨,False,False
1987-07,铜,copper,6303.99,元/吨,7.81,14.17,25.9,35.93,上涨明显,False,False
1987-08,铜,copper,6533.47,元/吨,3.64,15.51,27.28,34.78,持续上涨,False,False
1987-09,铜,copper,6736.96,元/吨,3.11,15.21,23.56,34.45,持续上涨,False,False
1987-10,铜,copper,7317.98,元/吨,8.62,16.08,32.54,49.39,上涨明显,True,False
1987-11,铜,copper,9388.91,元/吨,28.3,43.7,66.0,93.67,上涨明显,True,True
1987-12,铜,copper,10672.31,元/吨,13.67,58.41,82.52,114.8,上涨明显,True,False
1988-01,铜,copper,9907.1,元/吨,-7.17,35.38,57.16,97.86,下跌明显,False,False
1988-02,铜,copper,8668.34,元/吨,-12.5,-7.67,32.68,68.88,下跌明显,True,False
1988-03,铜,copper,8776.6,元/吨,1.25,-17.76,30.28,60.97,温和上涨,False,False
1988-04,铜,copper,8505.04,元/吨,-3.09,-14.15,16.22,54.04,小幅回落,False,False
1988-05,铜,copper,9106.52,元/吨,7.07,5.05,-3.01,61.01,上涨明显,False,False
1988-06,铜,copper,9449.8,元/吨,3.77,7.67,-11.46,61.61,温和上涨,False,False
1988-07,铜,copper,8234.26,元/吨,-12.86,-3.18,-16.89,30.62,下跌明显,True,False
1988-08,铜,copper,8186.53,元/吨,-0.58,-10.1,-5.56,25.3,变化不大,False,False
1988-09,铜,copper,9060.17,元/吨,10.67,-4.12,3.23,34.48,上涨明显,True,False
1988-10,铜,copper,10934.98,元/吨,20.69,32.8,28.57,49.43,上涨明显,True,True
1988-11,铜,copper,12293.34,元/吨,12.42,50.17,34.99,30.93,上涨明显,True,False
1988-12,铜,copper,13015.95,元/吨,5.88,43.66,37.74,21.96,上涨明显,False,False
1989-01,铜,copper,12625.9,元/吨,-3.0,15.46,53.33,27.44,小幅回落,False,False
1989-02,铜,copper,11520.54,元/吨,-8.75,-6.29,40.73,32.9,下跌明显,True,False
1989-03,铜,copper,12142.6,元/吨,5.4,-6.71,34.02,38.35,上涨明显,False,False
1989-04,铜,copper,11598.63,元/吨,-4.48,-8.14,6.07,36.37,小幅回落,False,False
1989-05,铜,copper,10189.01,元/吨,-12.15,-11.56,-17.12,11.89,下跌明显,True,False
1989-06,铜,copper,9471.16,元/吨,-7.05,-22.0,-27.23,0.23,下跌明显,False,False
1989-07,铜,copper,9318.6,元/吨,-1.61,-19.66,-26.19,13.17,持续下跌,False,False
1989-08,铜,copper,13203.32,元/吨,41.69,29.58,14.61,61.28,上涨明显,True,True
1989-09,铜,copper,13787.43,元/吨,4.42,45.57,13.55,52.18,温和上涨,False,False
1989-10,铜,copper,13677.49,元/吨,-0.8,46.78,17.92,25.08,变化不大,False,False
1989-11,铜,copper,12386.41,元/吨,-9.44,-6.19,21.57,0.76,下跌明显,True,False
1989-12,铜,copper,11560.91,元/吨,-6.66,-16.15,22.06,-11.18,下跌明显,False,False
1990-01,铜,copper,11312.54,元/吨,-2.15,-17.29,21.4,-10.4,持续下跌,False,False
1990-02,铜,copper,11281.56,元/吨,-0.27,-8.92,-14.56,-2.07,持续下跌,False,False
1990-03,铜,copper,12550.42,元/吨,11.25,8.56,-8.97,3.36,上涨明显,True,False
1990-04,铜,copper,12839.8,元/吨,2.31,13.5,-6.12,10.7,温和上涨,False,False
1990-05,铜,copper,13106.52,元/吨,2.08,16.18,5.81,28.63,持续上涨,False,False
1990-06,铜,copper,12354.2,元/吨,-5.74,-1.56,6.86,30.44,下跌明显,False,False
1990-07,铜,copper,13238.16,元/吨,7.16,3.1,17.02,42.06,上涨明显,False,False
1990-08,铜,copper,15731.4,元/吨,18.83,20.03,39.44,19.15,上涨明显,True,True
1990-09,铜,copper,16126.89,元/吨,2.51,30.54,28.5,16.97,持续上涨,False,False
1990-10,铜,copper,14595.74,元/吨,-9.49,10.26,13.68,6.71,下跌明显,True,False
1990-11,铜,copper,13756.93,元/吨,-5.75,-12.55,4.96,11.06,下跌明显,False,False
1990-12,铜,copper,13222.22,元/吨,-3.89,-18.01,7.03,14.37,持续下跌,False,False
1991-01,铜,copper,13026.13,元/吨,-1.48,-10.75,-1.6,15.15,持续下跌,False,False
1991-02,铜,copper,13030.7,元/吨,0.04,-5.28,-17.17,15.5,变化不大,False,False
1991-03,铜,copper,12819.23,元/吨,-1.62,-3.05,-20.51,2.14,小幅回落,False,False
1991-04,铜,copper,13151.25,元/吨,2.59,0.96,-9.9,2.43,温和上涨,False,False
1991-05,铜,copper,12267.28,元/吨,-6.72,-5.86,-10.83,-6.4,下跌明显,False,False
1991-06,铜,copper,11806.57,元/吨,-3.76,-7.9,-10.71,-4.43,小幅回落,False,False
1991-07,铜,copper,11897.01,元/吨,0.77,-9.54,-8.67,-10.13,变化不大,False,False
1991-08,铜,copper,12304.88,元/吨,3.43,0.31,-5.57,-21.78,温和上涨,False,False
1991-09,铜,copper,12808.38,元/吨,4.09,8.49,-0.08,-20.58,持续上涨,False,False
1991-10,铜,copper,13023.66,元/吨,1.68,9.47,-0.97,-10.77,持续上涨,False,False
1991-11,铜,copper,13112.92,元/吨,0.69,6.57,6.89,-4.68,持续上涨,False,False
1991-12,铜,copper,12249.5,元/吨,-6.58,-4.36,3.75,-7.36,下跌明显,False,False
1992-01,铜,copper,11787.16,元/吨,-3.77,-9.49,-0.92,-9.51,小幅回落,False,False
1992-02,铜,copper,12154.89,元/吨,3.12,-7.31,-1.22,-6.72,温和上涨,False,False
1992-03,铜,copper,12272.59,元/吨,0.97,0.19,-4.18,-4.26,变化不大,False,False
1992-04,铜,copper,12206.47,元/吨,-0.54,3.56,-6.27,-7.18,变化不大,False,False
1992-05,铜,copper,12213.03,元/吨,0.05,0.48,-6.86,-0.44,变化不大,False,False
1992-06,铜,copper,12668.59,元/吨,3.73,3.23,3.42,7.3,温和上涨,False,False
1992-07,铜,copper,13886.96,元/吨,9.62,13.77,17.81,16.73,上涨明显,True,False
1992-08,铜,copper,14524.65,元/吨,4.59,18.93,19.5,18.04,持续上涨,False,False
1992-09,铜,copper,13904.99,元/吨,-4.27,9.76,13.3,8.56,小幅回落,False,False
1992-10,铜,copper,12955.1,元/吨,-6.83,-6.71,6.13,-0.53,下跌明显,False,False
1992-11,铜,copper,12431.92,元/吨,-4.04,-14.41,1.79,-5.19,持续下跌,False,False
1992-12,铜,copper,12711.28,元/吨,2.25,-8.58,0.34,3.77,温和上涨,False,False
1993-01,铜,copper,12999.46,元/吨,2.27,0.34,-6.39,10.28,温和上涨,False,False
1993-02,铜,copper,12744.58,元/吨,-1.96,2.51,-12.26,4.85,小幅回落,False,False
1993-03,铜,copper,12398.92,元/吨,-2.71,-2.46,-10.83,1.03,小幅回落,False,False
1993-04,铜,copper,11231.31,元/吨,-9.42,-13.6,-13.31,-7.99,下跌明显,True,False
1993-05,铜,copper,10336.32,元/吨,-7.97,-18.9,-16.86,-15.37,下跌明显,False,False
1993-06,铜,copper,10675.7,元/吨,3.28,-13.9,-16.01,-15.73,温和上涨,False,False
1993-07,铜,copper,11100.44,元/吨,3.98,-1.17,-14.61,-20.07,温和上涨,False,False
1993-08,铜,copper,11295.21,元/吨,1.75,9.28,-11.37,-22.23,持续上涨,False,False
1993-09,铜,copper,10798.79,元/吨,-4.4,1.15,-12.91,-22.34,小幅回落,False,False
1993-10,铜,copper,9549.12,元/吨,-11.57,-13.98,-14.98,-26.29,下跌明显,True,False
1993-11,铜,copper,9454.12,元/吨,-0.99,-16.3,-8.54,-23.95,持续下跌,False,False
1993-12,铜,copper,13865.42,元/吨,46.66,28.4,29.88,9.08,上涨明显,True,True
1994-01,铜,copper,14533.07,元/吨,4.82,52.19,30.92,11.8,温和上涨,False,False
1994-02,铜,copper,15040.01,元/吨,3.49,59.08,33.15,18.01,持续上涨,False,False
1994-03,铜,copper,15446.68,元/吨,2.7,11.4,43.04,24.58,持续上涨,False,False
1994-04,铜,copper,15195.7,元/吨,-1.62,4.56,59.13,35.3,小幅回落,False,False
1994-05,铜,copper,17383.94,元/吨,14.4,15.58,83.88,68.18,上涨明显,True,False
1994-06,铜,copper,19130.4,元/吨,10.05,23.85,37.97,79.2,上涨明显,True,False
1994-07,铜,copper,19911.34,元/吨,4.08,31.03,37.01,79.37,持续上涨,False,False
1994-08,铜,copper,19510.43,元/吨,-2.01,12.23,29.72,72.73,小幅回落,False,False
1994-09,铜,copper,20339.88,元/吨,4.25,6.32,31.68,88.35,温和上涨,False,False
1994-10,铜,copper,20699.82,元/吨,1.77,3.96,36.22,116.77,温和上涨,False,False
1994-11,铜,copper,22793.17,元/吨,10.11,16.83,31.12,141.09,上涨明显,True,False
1994-12,铜,copper,24305.42,元/吨,6.63,19.5,27.05,75.3,上涨明显,False,False
1995-01,铜,copper,24522.78,元/吨,0.89,18.47,23.16,68.74,持续上涨,False,False
1995-02,铜,copper,23476.73,元/吨,-4.27,3.0,20.33,56.1,小幅回落,False,False
1995-03,铜,copper,23879.76,元/吨,1.72,-1.75,17.4,54.59,温和上涨,False,False
1995-04,铜,copper,23736.11,元/吨,-0.6,-3.21,14.67,56.2,变化不大,False,False
1995-05,铜,copper,22694.83,元/吨,-4.39,-3.33,-0.43,30.55,小幅回落,False,False
1995-06,铜,copper,24531.19,元/吨,8.09,2.73,0.93,28.23,上涨明显,True,False
1995-07,铜,copper,25220.49,元/吨,2.81,6.25,2.85,26.66,温和上涨,False,False
1995-08,铜,copper,24927.29,元/吨,-1.16,9.84,6.18,27.76,小幅回落,False,False
1995-09,铜,copper,23955.95,元/吨,-3.9,-2.34,0.32,17.78,小幅回落,False,False
1995-10,铜,copper,23141.45,元/吨,-3.4,-8.24,-2.51,11.8,持续下跌,False,False
1995-11,铜,copper,24513.5,元/吨,5.93,-1.66,8.01,7.55,上涨明显,False,False
1995-12,铜,copper,24117.36,元/吨,-1.62,0.67,-1.69,-0.77,小幅回落,False,False
1996-01,铜,copper,21585.38,元/吨,-10.5,-6.72,-14.41,-11.98,下跌明显,True,False
1996-02,铜,copper,20957.17,元/吨,-2.91,-14.51,-15.93,-10.73,持续下跌,False,False
1996-03,铜,copper,21171.18,元/吨,1.02,-12.22,-11.62,-11.34,温和上涨,False,False
1996-04,铜,copper,21480.08,元/吨,1.46,-0.49,-7.18,-9.5,温和上涨,False,False
1996-05,铜,copper,22019.17,元/吨,2.51,5.07,-10.18,-2.98,持续上涨,False,False
1996-06,铜,copper,18021.18,元/吨,-18.16,-14.88,-25.28,-26.54,下跌明显,True,True
1996-07,铜,copper,16480.23,元/吨,-8.55,-23.28,-23.65,-34.66,下跌明显,True,False
1996-08,铜,copper,16687.8,元/吨,1.26,-24.21,-20.37,-33.05,温和上涨,False,False
1996-09,铜,copper,16146.46,元/吨,-3.24,-10.4,-23.73,-32.6,小幅回落,False,False
1996-10,铜,copper,16326.74,元/吨,1.12,-0.93,-23.99,-29.45,温和上涨,False,False
1996-11,铜,copper,18590.43,元/吨,13.86,11.4,-15.57,-24.16,上涨明显,True,False
1996-12,铜,copper,18919.64,元/吨,1.77,17.18,4.99,-21.55,持续上涨,False,False
1997-01,铜,copper,20153.92,元/吨,6.52,23.44,22.29,-6.63,上涨明显,False,False
1997-02,铜,copper,19913.22,元/吨,-1.19,7.12,19.33,-4.98,小幅回落,False,False
1997-03,铜,copper,20041.02,元/吨,0.64,5.93,24.12,-5.34,变化不大,False,False
1997-04,铜,copper,19791.8,元/吨,-1.24,-1.8,21.22,-7.86,小幅回落,False,False
1997-05,铜,copper,20811.11,元/吨,5.15,4.51,11.95,-5.49,上涨明显,False,False
1997-06,铜,copper,21624.66,元/吨,3.91,7.9,14.3,20.0,温和上涨,False,False
1997-07,铜,copper,20282.46,元/吨,-6.21,2.48,0.64,23.07,下跌明显,False,False
1997-08,铜,copper,18633.18,元/吨,-8.13,-10.47,-6.43,11.66,下跌明显,True,False
1997-09,铜,copper,17442.12,元/吨,-6.39,-19.34,-12.97,8.02,下跌明显,False,False
1997-10,铜,copper,16986.56,元/吨,-2.61,-16.25,-14.17,4.04,持续下跌,False,False
1997-11,铜,copper,15870.73,元/吨,-6.57,-14.83,-23.74,-14.63,下跌明显,False,False
1997-12,铜,copper,14586.81,元/吨,-8.09,-16.37,-32.55,-22.9,下跌明显,True,False
1998-01,铜,copper,13975.3,元/吨,-4.19,-17.73,-31.1,-30.66,持续下跌,False,False
1998-02,铜,copper,13779.55,元/吨,-1.4,-13.18,-26.05,-30.8,持续下跌,False,False
1998-03,铜,copper,14468.03,元/吨,5.0,-0.81,-17.05,-27.81,温和上涨,False,False
1998-04,铜,copper,14906.05,元/吨,3.03,6.66,-12.25,-24.69,温和上涨,False,False
1998-05,铜,copper,14340.15,元/吨,-3.8,4.07,-9.64,-31.09,小幅回落,False,False
1998-06,铜,copper,13744.12,元/吨,-4.16,-5.0,-5.78,-36.44,小幅回落,False,False
1998-07,铜,copper,13665.66,元/吨,-0.57,-8.32,-2.22,-32.62,持续下跌,False,False
1998-08,铜,copper,13416.44,元/吨,-1.82,-6.44,-2.64,-28.0,持续下跌,False,False
1998-09,铜,copper,13637.52,元/吨,1.65,-0.78,-5.74,-21.81,温和上涨,False,False
1998-10,铜,copper,13130.55,元/吨,-3.72,-3.92,-11.91,-22.7,小幅回落,False,False
1998-11,铜,copper,13027.58,元/吨,-0.78,-2.9,-9.15,-17.91,变化不大,False,False
1998-12,铜,copper,12196.74,元/吨,-6.38,-10.56,-11.26,-16.39,下跌明显,False,False
1999-01,铜,copper,11845.88,元/吨,-2.88,-9.78,-13.32,-15.24,持续下跌,False,False
1999-02,铜,copper,11677.03,元/吨,-1.43,-10.37,-12.96,-15.26,持续下跌,False,False
1999-03,铜,copper,11408.6,元/吨,-2.3,-6.46,-16.34,-21.15,持续下跌,False,False
1999-04,铜,copper,12134.08,元/吨,6.36,2.43,-7.59,-18.6,上涨明显,False,False
1999-05,铜,copper,12507.87,元/吨,3.08,7.12,-3.99,-12.78,温和上涨,False,False
1999-06,铜,copper,11773.87,元/吨,-5.87,3.2,-3.47,-14.34,下跌明显,False,False
1999-07,铜,copper,13574.28,元/吨,15.29,11.87,14.59,-0.67,上涨明显,True,True
1999-08,铜,copper,13637.35,元/吨,0.46,9.03,16.79,1.65,变化不大,False,False
1999-09,铜,copper,14487.56,元/吨,6.23,23.05,26.99,6.23,上涨明显,False,False
1999-10,铜,copper,14270.54,元/吨,-1.5,5.13,17.61,8.68,小幅回落,False,False
1999-11,铜,copper,14298.93,元/吨,0.2,4.85,14.32,9.76,变化不大,False,False
1999-12,铜,copper,14606.84,元/吨,2.15,0.82,24.06,19.76,温和上涨,False,False
2000-01,铜,copper,15262.62,元/吨,4.49,6.95,12.44,28.84,持续上涨,False,False
2000-02,铜,copper,14905.47,元/吨,-2.34,4.24,9.3,27.65,小幅回落,False,False
2000-03,铜,copper,14396.93,元/吨,-3.41,-1.44,-0.63,26.19,小幅回落,False,False
2000-04,铜,copper,13895.01,元/吨,-3.49,-8.96,-2.63,14.51,持续下跌,False,False
2000-05,铜,copper,14779.58,元/吨,6.37,-0.84,3.36,18.16,上涨明显,False,False
2000-06,铜,copper,14511.07,元/吨,-1.82,0.79,-0.66,23.25,小幅回落,False,False
2000-07,铜,copper,14893.3,元/吨,2.63,7.18,-2.42,9.72,温和上涨,False,False
2000-08,铜,copper,15360.95,元/吨,3.14,3.93,3.06,12.64,温和上涨,False,False
2000-09,铜,copper,16226.31,元/吨,5.63,11.82,12.71,12.0,上涨明显,False,False
2000-10,铜,copper,15714.63,元/吨,-3.15,5.51,13.1,10.12,小幅回落,False,False
2000-11,铜,copper,14858.13,元/吨,-5.45,-3.27,0.53,3.91,下跌明显,False,False
2000-12,铜,copper,15317.0,元/吨,3.09,-5.6,5.55,4.86,温和上涨,False,False
2001-01,铜,copper,14795.14,元/吨,-3.41,-5.85,-0.66,-3.06,小幅回落,False,False
2001-02,铜,copper,14614.29,元/吨,-1.22,-1.64,-4.86,-1.95,小幅回落,False,False
2001-03,铜,copper,14391.8,元/吨,-1.52,-6.04,-11.31,-0.04,持续下跌,False,False
2001-04,铜,copper,13774.25,元/吨,-4.29,-6.9,-12.35,-0.87,持续下跌,False,False
2001-05,铜,copper,13923.65,元/吨,1.08,-4.73,-6.29,-5.79,温和上涨,False,False
2001-06,铜,copper,13313.14,元/吨,-4.38,-7.5,-13.08,-8.26,小幅回落,False,False
2001-07,铜,copper,12624.16,元/吨,-5.18,-8.35,-14.67,-15.24,下跌明显,False,False
2001-08,铜,copper,12121.09,元/吨,-3.98,-12.95,-17.06,-21.09,持续下跌,False,False
2001-09,铜,copper,11805.73,元/吨,-2.6,-11.32,-17.97,-27.24,持续下跌,False,False
2001-10,铜,copper,11399.75,元/吨,-3.44,-9.7,-17.24,-27.46,持续下跌,False,False
2001-11,铜,copper,11817.32,元/吨,3.66,-2.51,-15.13,-20.47,温和上涨,False,False
2001-12,铜,copper,12181.59,元/吨,3.08,3.18,-8.5,-20.47,温和上涨,False,False
2002-01,铜,copper,12448.28,元/吨,2.19,9.2,-1.39,-15.86,持续上涨,False,False
2002-02,铜,copper,12927.85,元/吨,3.85,9.4,6.66,-11.54,持续上涨,False,False
2002-03,铜,copper,13283.59,元/吨,2.75,9.05,12.52,-7.7,持续上涨,False,False
2002-04,铜,copper,13163.16,元/吨,-0.91,5.74,15.47,-4.44,变化不大,False,False
2002-05,铜,copper,13207.44,元/吨,0.34,2.16,11.76,-5.14,变化不大,False,False
2002-06,铜,copper,13636.61,元/吨,3.25,2.66,11.94,2.43,温和上涨,False,False
2002-07,铜,copper,13155.96,元/吨,-3.52,-0.05,5.68,4.21,小幅回落,False,False
2002-08,铜,copper,12246.24,元/吨,-6.91,-7.28,-5.27,1.03,下跌明显,False,False
2002-09,铜,copper,12239.28,元/吨,-0.06,-10.25,-7.86,3.67,持续下跌,False,False
2002-10,铜,copper,12281.08,元/吨,0.34,-6.65,-6.7,7.73,变化不大,False,False
2002-11,铜,copper,13096.61,元/吨,6.64,6.94,-0.84,10.83,上涨明显,False,False
2002-12,铜,copper,13207.44,元/吨,0.85,7.91,-3.15,8.42,持续上涨,False,False
2003-01,铜,copper,13637.68,元/吨,3.26,11.05,3.66,9.55,持续上涨,False,False
2003-02,铜,copper,13936.81,元/吨,2.19,6.42,13.8,7.8,持续上涨,False,False
2003-03,铜,copper,13731.38,元/吨,-1.47,3.97,12.19,3.37,小幅回落,False,False
2003-04,铜,copper,13139.57,元/吨,-4.31,-3.65,6.99,-0.18,小幅回落,False,False
2003-05,铜,copper,13642.81,元/吨,3.83,-2.11,4.17,3.3,温和上涨,False,False
2003-06,铜,copper,13959.16,元/吨,2.32,1.66,5.69,2.37,温和上涨,False,False
2003-07,铜,copper,14153.67,元/吨,1.39,7.72,3.78,7.58,持续上涨,False,False
2003-08,铜,copper,14569.84,元/吨,2.94,6.8,4.54,18.97,持续上涨,False,False
2003-09,铜,copper,14811.86,元/吨,1.66,6.11,7.87,21.02,持续上涨,False,False
2003-10,铜,copper,15896.31,元/吨,7.32,12.31,20.98,29.44,上涨明显,False,False
2003-11,铜,copper,17012.79,元/吨,7.02,16.77,24.7,29.9,上涨明显,False,False
2003-12,铜,copper,18220.08,元/吨,7.1,23.01,30.52,37.95,上涨明显,False,False
2004-01,铜,copper,20059.89,元/吨,10.1,26.19,41.73,47.09,上涨明显,True,False
2004-02,铜,copper,22840.63,元/吨,13.86,34.26,56.77,63.89,上涨明显,True,False
2004-03,铜,copper,24903.18,元/吨,9.03,36.68,68.13,81.36,上涨明显,True,False
2004-04,铜,copper,24406.64,元/吨,-1.99,21.67,53.54,85.75,小幅回落,False,False
2004-05,铜,copper,22625.18,元/吨,-7.3,-0.94,32.99,65.84,下跌明显,False,False
2004-06,铜,copper,22237.9,元/吨,-1.71,-10.7,22.05,59.31,持续下跌,False,False
2004-07,铜,copper,23245.38,元/吨,4.53,-4.76,15.88,64.24,温和上涨,False,False
2004-08,铜,copper,23557.17,元/吨,1.34,4.12,3.14,61.68,温和上涨,False,False
2004-09,铜,copper,23960.76,元/吨,1.71,7.75,-3.78,61.77,持续上涨,False,False
2004-10,铜,copper,24932.31,元/吨,4.05,7.26,2.15,56.84,持续上涨,False,False
2004-11,铜,copper,25847.42,元/吨,3.67,9.72,14.24,51.93,持续上涨,False,False
2004-12,铜,copper,26034.89,元/吨,0.73,8.66,17.07,42.89,持续上涨,False,False
2005-01,铜,copper,26238.09,元/吨,0.78,5.24,12.87,30.8,持续上涨,False,False
2005-02,铜,copper,26930.87,元/吨,2.64,4.19,14.32,17.91,持续上涨,False,False
2005-03,铜,copper,27972.04,元/吨,3.87,7.44,16.74,12.32,持续上涨,False,False
2005-04,铜,copper,28096.11,元/吨,0.44,7.08,12.69,15.12,持续上涨,False,False
2005-05,铜,copper,26892.8,元/吨,-4.28,-0.14,4.04,18.86,小幅回落,False,False
2005-06,铜,copper,29168.73,元/吨,8.46,4.28,12.04,31.17,上涨明显,True,False
2005-07,铜,copper,29914.82,元/吨,2.56,6.47,14.01,28.69,温和上涨,False,False
2005-08,铜,copper,31380.05,元/吨,4.9,16.69,16.52,33.21,持续上涨,False,False
2005-09,铜,copper,31810.59,元/吨,1.37,9.06,13.72,32.76,持续上涨,False,False
2005-10,铜,copper,33405.74,元/吨,5.01,11.67,18.9,33.99,上涨明显,False,False
2005-11,铜,copper,35056.83,元/吨,4.94,11.72,30.36,35.63,持续上涨,False,False
2005-12,铜,copper,37503.05,元/吨,6.98,17.89,28.57,44.05,上涨明显,False,False
2006-01,铜,copper,38712.62,元/吨,3.23,15.89,29.41,47.54,持续上涨,False,False
2006-02,铜,copper,40655.39,元/吨,5.02,15.97,29.56,50.96,上涨明显,False,False
2006-03,铜,copper,41550.98,元/吨,2.2,10.79,30.62,48.54,持续上涨,False,False
2006-04,铜,copper,51903.91,元/吨,24.92,34.07,55.37,84.74,上涨明显,True,True
2006-05,铜,copper,65238.25,元/吨,25.69,60.47,86.09,142.59,上涨明显,True,True
2006-06,铜,copper,58237.3,元/吨,-10.73,40.16,55.29,99.66,下跌明显,True,False
2006-07,铜,copper,62267.5,元/吨,6.92,19.97,60.85,108.15,上涨明显,False,False
2006-08,铜,copper,62002.39,元/吨,-0.43,-4.96,52.51,97.59,变化不大,False,False
2006-09,铜,copper,61120.69,元/吨,-1.42,4.95,47.1,92.14,小幅回落,False,False
2006-10,铜,copper,60171.88,元/吨,-1.55,-3.37,15.93,80.12,持续下跌,False,False
2006-11,铜,copper,56270.69,元/吨,-6.48,-9.24,-13.75,60.51,下跌明显,False,False
2006-12,铜,copper,53322.11,元/吨,-5.24,-12.76,-8.44,42.18,下跌明显,False,False
2007-01,铜,copper,45192.86,元/吨,-15.25,-24.89,-27.42,16.74,下跌明显,True,True
2007-02,铜,copper,45149.35,元/吨,-0.1,-19.76,-27.18,11.05,持续下跌,False,False
2007-03,铜,copper,51211.4,元/吨,13.43,-3.96,-16.21,23.25,上涨明显,True,False
2007-04,铜,copper,61506.56,元/吨,20.1,36.1,2.22,18.5,上涨明显,True,True
2007-05,铜,copper,60700.89,元/吨,-1.31,34.44,7.87,-6.96,小幅回落,False,False
2007-06,铜,copper,58936.98,元/吨,-2.91,15.09,10.53,1.2,小幅回落,False,False
2007-07,铜,copper,62728.18,元/吨,6.43,1.99,38.8,0.74,上涨明显,False,False
2007-08,铜,copper,58986.99,元/吨,-5.96,-2.82,30.65,-4.86,下跌明显,False,False
2007-09,铜,copper,59919.81,元/吨,1.58,1.67,17.0,-1.96,温和上涨,False,False
2007-10,铜,copper,62597.97,元/吨,4.47,-0.21,1.77,4.03,温和上涨,False,False
2007-11,铜,copper,54335.46,元/吨,-13.2,-7.89,-10.49,-3.44,下跌明显,True,False
2007-12,铜,copper,51266.57,元/吨,-5.65,-14.44,-13.01,-3.85,下跌明显,False,False
2008-01,铜,copper,54828.82,元/吨,6.95,-12.41,-12.59,21.32,上涨明显,False,False
2008-02,铜,copper,61112.24,元/吨,11.46,12.47,3.6,35.36,上涨明显,True,False
2008-03,铜,copper,65241.62,元/吨,6.76,27.26,8.88,27.4,上涨明显,False,False
2008-04,铜,copper,66991.21,元/吨,2.68,22.18,7.02,8.92,持续上涨,False,False
2008-05,铜,copper,64516.16,元/吨,-3.69,5.57,18.74,6.29,小幅回落,False,False
2008-06,铜,copper,63434.8,元/吨,-1.68,-2.77,23.74,7.63,小幅回落,False,False
2008-07,铜,copper,64468.37,元/吨,1.63,-3.77,17.58,2.77,温和上涨,False,False
2008-08,铜,copper,58365.75,元/吨,-9.47,-9.53,-4.49,-1.05,下跌明显,True,False
2008-09,铜,copper,53324.18,元/吨,-8.64,-15.94,-18.27,-11.01,下跌明显,True,False
2008-10,铜,copper,37487.04,元/吨,-29.7,-41.85,-44.04,-40.11,下跌明显,True,True
2008-11,铜,copper,28224.3,元/吨,-24.71,-51.64,-56.25,-48.06,下跌明显,True,True
2008-12,铜,copper,23273.93,元/吨,-17.54,-56.35,-63.31,-54.6,下跌明显,True,True
2009-01,铜,copper,24345.2,元/吨,4.6,-35.06,-62.24,-55.6,温和上涨,False,False
2009-02,铜,copper,24999.03,元/吨,2.69,-11.43,-57.17,-59.09,温和上涨,False,False
2009-03,铜,copper,28215.74,元/吨,12.87,21.23,-47.09,-56.75,上涨明显,True,False
2009-04,铜,copper,33082.17,元/吨,17.25,35.89,-11.75,-50.62,上涨明显,True,True
2009-05,铜,copper,34220.41,元/吨,3.44,36.89,21.24,-46.96,持续上涨,False,False
2009-06,铜,copper,37470.33,元/吨,9.5,32.8,61.0,-40.93,上涨明显,True,False
2009-07,铜,copper,38887.07,元/吨,3.78,17.55,59.73,-39.68,持续上涨,False,False
2009-08,铜,copper,45862.43,元/吨,17.94,34.02,83.46,-21.42,上涨明显,True,True
2009-09,铜,copper,45988.04,元/吨,0.27,22.73,62.99,-13.76,持续上涨,False,False
2009-10,铜,copper,46559.35,元/吨,1.24,19.73,40.74,24.2,持续上涨,False,False
2009-11,铜,copper,49314.66,元/吨,5.92,7.53,44.11,74.72,上涨明显,False,False
2009-12,铜,copper,51456.6,元/吨,4.34,11.89,37.33,121.09,持续上涨,False,False
2010-01,铜,copper,54311.1,元/吨,5.55,16.65,39.66,123.09,上涨明显,False,False
2010-02,铜,copper,50236.88,元/吨,-7.5,1.87,9.54,100.96,下跌明显,False,False
2010-03,铜,copper,54618.21,元/吨,8.72,6.14,18.77,93.57,上涨明显,True,False
2010-04,铜,copper,56550.7,元/吨,3.54,4.12,21.46,70.94,温和上涨,False,False
2010-05,铜,copper,49807.71,元/吨,-11.92,-0.85,1.0,45.55,下跌明显,True,False
2010-06,铜,copper,47231.71,元/吨,-5.17,-13.52,-8.21,26.05,下跌明显,False,False
2010-07,铜,copper,48830.56,元/吨,3.39,-13.65,-10.09,25.57,温和上涨,False,False
2010-08,铜,copper,52683.35,元/吨,7.89,5.77,4.87,14.87,上涨明显,False,False
2010-09,铜,copper,55628.0,元/吨,5.59,17.78,1.85,20.96,上涨明显,False,False
2010-10,铜,copper,59692.91,元/吨,7.31,22.24,5.56,28.21,上涨明显,False,False
2010-11,铜,copper,60824.82,元/吨,1.9,15.45,22.12,23.34,持续上涨,False,False
2010-12,铜,copper,65532.8,元/吨,7.74,17.81,38.75,27.36,上涨明显,False,False
2011-01,铜,copper,68294.59,元/吨,4.21,14.41,39.86,25.75,持续上涨,False,False
2011-02,铜,copper,70354.01,元/吨,3.02,15.67,33.54,40.04,持续上涨,False,False
2011-03,铜,copper,67594.55,元/吨,-3.92,3.15,21.51,23.76,小幅回落,False,False
2011-04,铜,copper,67356.09,元/吨,-0.35,-1.37,12.84,19.11,变化不大,False,False
2011-05,铜,copper,63420.86,元/吨,-5.84,-9.85,4.27,27.33,下跌明显,False,False
2011-06,铜,copper,64022.84,元/吨,0.95,-5.28,-2.3,35.55,变化不大,False,False
2011-07,铜,copper,67977.84,元/吨,6.18,0.92,-0.46,39.21,上涨明显,False,False
2011-08,铜,copper,63246.54,元/吨,-6.96,-0.27,-10.1,20.05,下跌明显,False,False
2011-09,铜,copper,58181.49,元/吨,-8.01,-9.12,-13.93,4.59,下跌明显,True,False
2011-10,铜,copper,51703.87,元/吨,-11.13,-23.94,-23.24,-13.38,下跌明显,True,False
2011-11,铜,copper,52879.89,元/吨,2.27,-16.39,-16.62,-13.06,温和上涨,False,False
2011-12,铜,copper,52642.12,元/吨,-0.45,-9.52,-17.78,-19.67,变化不大,False,False
2012-01,铜,copper,55808.9,元/吨,6.02,7.94,-17.9,-18.28,上涨明显,False,False
2012-02,铜,copper,58447.19,元/吨,4.73,10.53,-7.59,-16.92,温和上涨,False,False
2012-03,铜,copper,58505.14,元/吨,0.1,11.14,0.56,-13.45,持续上涨,False,False
2012-04,铜,copper,57110.37,元/吨,-2.38,2.33,10.46,-15.21,小幅回落,False,False
2012-05,铜,copper,54673.54,元/吨,-4.27,-6.46,3.39,-13.79,小幅回落,False,False
2012-06,铜,copper,50886.29,元/吨,-6.93,-13.02,-3.34,-20.52,下跌明显,False,False
2012-07,铜,copper,51861.17,元/吨,1.92,-9.19,-7.07,-23.71,温和上涨,False,False
2012-08,铜,copper,51261.93,元/吨,-1.16,-6.24,-12.29,-18.95,小幅回落,False,False
2012-09,铜,copper,55026.56,元/吨,7.34,8.14,-5.95,-5.42,上涨明显,False,False
2012-10,铜,copper,54712.97,元/吨,-0.57,5.5,-4.2,5.82,变化不大,False,False
2012-11,铜,copper,52199.63,元/吨,-4.59,1.83,-4.52,-1.29,小幅回落,False,False
2012-12,铜,copper,53791.33,元/吨,3.05,-2.24,5.71,2.18,温和上涨,False,False
2013-01,铜,copper,54198.97,元/吨,0.76,-0.94,4.51,-2.88,变化不大,False,False
2013-02,铜,copper,54151.72,元/吨,-0.09,3.74,5.64,-7.35,变化不大,False,False
2013-03,铜,copper,51230.74,元/吨,-5.39,-4.76,-6.9,-12.43,下跌明显,False,False
2013-04,铜,copper,48350.31,元/吨,-5.62,-10.79,-11.63,-15.34,下跌明显,False,False
2013-05,铜,copper,48326.74,元/吨,-0.05,-10.76,-7.42,-11.61,持续下跌,False,False
2013-06,铜,copper,46546.0,元/吨,-3.68,-9.14,-13.47,-8.53,持续下跌,False,False
2013-07,铜,copper,45804.84,元/吨,-1.59,-5.26,-15.49,-11.68,持续下跌,False,False
2013-08,铜,copper,47579.73,元/吨,3.87,-1.55,-12.14,-7.18,温和上涨,False,False
2013-09,铜,copper,47234.72,元/吨,-0.73,1.48,-7.8,-14.16,变化不大,False,False
2013-10,铜,copper,47399.47,元/吨,0.35,3.48,-1.97,-13.37,变化不大,False,False
2013-11,铜,copper,46406.8,元/吨,-2.09,-2.47,-3.97,-11.1,小幅回落,False,False
2013-12,铜,copper,47230.18,元/吨,1.77,-0.01,1.47,-12.2,温和上涨,False,False
2014-01,铜,copper,47606.01,元/吨,0.8,0.44,3.93,-12.16,变化不大,False,False
2014-02,铜,copper,46554.23,元/吨,-2.21,0.32,-2.16,-14.03,小幅回落,False,False
2014-03,铜,copper,43190.01,元/吨,-7.23,-8.55,-8.56,-15.7,下跌明显,False,False
2014-04,铜,copper,43227.98,元/吨,0.09,-9.2,-8.8,-10.59,变化不大,False,False
2014-05,铜,copper,44518.77,元/吨,2.99,-4.37,-4.07,-7.88,温和上涨,False,False
2014-06,铜,copper,43949.97,元/吨,-1.28,1.76,-6.95,-5.58,小幅回落,False,False
2014-07,铜,copper,45710.58,元/吨,4.01,5.74,-3.98,-0.21,温和上涨,False,False
2014-08,铜,copper,44873.39,元/吨,-1.83,0.8,-3.61,-5.69,小幅回落,False,False
2014-09,铜,copper,43925.17,元/吨,-2.11,-0.06,1.7,-7.01,小幅回落,False,False
2014-10,铜,copper,42948.07,元/吨,-2.22,-6.04,-0.65,-9.39,持续下跌,False,False
2014-11,铜,copper,42675.6,元/吨,-0.63,-4.9,-4.14,-8.04,持续下跌,False,False
2014-12,铜,copper,40871.78,元/吨,-4.23,-6.95,-7.0,-13.46,持续下跌,False,False
2015-01,铜,copper,36866.5,元/吨,-9.8,-14.16,-19.35,-22.56,下跌明显,True,False
2015-02,铜,copper,36127.63,元/吨,-2.0,-15.34,-19.49,-22.4,持续下跌,False,False
2015-03,铜,copper,37352.8,元/吨,3.39,-8.61,-14.96,-13.52,温和上涨,False,False
2015-04,铜,copper,37892.97,元/吨,1.45,2.78,-11.77,-12.34,温和上涨,False,False
2015-05,铜,copper,39369.44,元/吨,3.9,8.97,-7.75,-11.57,持续上涨,False,False
2015-06,铜,copper,36381.65,元/吨,-7.59,-2.6,-10.99,-17.22,下跌明显,False,False
2015-07,铜,copper,33940.99,元/吨,-6.71,-10.43,-7.94,-25.75,下跌明显,False,False
2015-08,铜,copper,34045.27,元/吨,0.31,-13.52,-5.76,-24.13,变化不大,False,False
2015-09,铜,copper,34642.54,元/吨,1.75,-4.78,-7.26,-21.13,温和上涨,False,False
2015-10,铜,copper,34634.84,元/吨,-0.02,2.04,-8.6,-19.36,变化不大,False,False
2015-11,铜,copper,31871.34,元/吨,-7.98,-6.39,-19.05,-25.32,下跌明显,False,False
2015-12,铜,copper,30801.83,元/吨,-3.36,-11.09,-15.34,-24.64,持续下跌,False,False
2016-01,铜,copper,29692.69,元/吨,-3.6,-14.27,-12.52,-19.46,持续下跌,False,False
2016-02,铜,copper,30534.84,元/吨,2.84,-4.19,-10.31,-15.48,温和上涨,False,False
2016-03,铜,copper,32893.23,元/吨,7.72,6.79,-5.05,-11.94,上涨明显,False,False
2016-04,铜,copper,32354.99,元/吨,-1.64,8.97,-6.58,-14.61,小幅回落,False,False
2016-05,铜,copper,31171.75,元/吨,-3.66,2.09,-2.2,-20.82,小幅回落,False,False
2016-06,铜,copper,30822.68,元/吨,-1.12,-6.29,0.07,-15.28,持续下跌,False,False
2016-07,铜,copper,32302.94,元/吨,4.8,-0.16,8.79,-4.83,温和上涨,False,False
2016-08,铜,copper,32073.77,元/吨,-0.71,2.89,5.04,-5.79,变化不大,False,False
2016-09,铜,copper,31874.85,元/吨,-0.62,3.41,-3.1,-7.99,变化不大,False,False
2016-10,铜,copper,31936.01,元/吨,0.19,-1.14,-1.29,-7.79,变化不大,False,False
2016-11,铜,copper,36793.78,元/吨,15.21,14.72,18.04,15.44,上涨明显,True,True
2016-12,铜,copper,38207.36,元/吨,3.84,19.87,23.96,24.04,持续上涨,False,False
2017-01,铜,copper,38843.28,元/吨,1.66,21.63,20.25,30.82,持续上涨,False,False
2017-02,铜,copper,40101.14,元/吨,3.24,8.99,25.03,31.33,持续上涨,False,False
2017-03,铜,copper,39316.25,元/吨,-1.96,2.9,23.35,19.53,小幅回落,False,False
2017-04,铜,copper,38366.32,元/吨,-2.42,-1.23,20.14,18.58,小幅回落,False,False
2017-05,铜,copper,37797.03,元/吨,-1.48,-5.75,2.73,21.25,持续下跌,False,False
2017-06,铜,copper,38608.38,元/吨,2.15,-1.8,1.05,25.26,温和上涨,False,False
2017-07,铜,copper,40399.56,元/吨,4.64,5.3,4.01,25.06,温和上涨,False,False
2017-08,铜,copper,42934.87,元/吨,6.28,13.59,7.07,33.86,上涨明显,False,False
2017-09,铜,copper,43540.87,元/吨,1.41,12.78,10.75,36.6,持续上涨,False,False
2017-10,铜,copper,45066.31,元/吨,3.5,11.55,17.46,41.11,持续上涨,False,False
2017-11,铜,copper,45191.76,元/吨,0.28,5.26,19.56,22.82,持续上涨,False,False
2017-12,铜,copper,45240.35,元/吨,0.11,3.9,17.18,18.41,持续上涨,False,False
2018-01,铜,copper,46775.93,元/吨,3.39,3.79,15.78,20.42,持续上涨,False,False
2018-02,铜,copper,46383.16,元/吨,-0.84,2.64,8.03,15.67,变化不大,False,False
2018-03,铜,copper,45010.57,元/吨,-2.96,-0.51,3.38,14.48,小幅回落,False,False
2018-04,铜,copper,45357.0,元/吨,0.77,-3.03,0.64,18.22,变化不大,False,False
2018-05,铜,copper,45183.29,元/吨,-0.38,-2.59,-0.02,19.54,变化不大,False,False
2018-06,铜,copper,46113.99,元/吨,2.06,2.45,1.93,19.44,温和上涨,False,False
2018-07,铜,copper,41379.97,元/吨,-10.27,-8.77,-11.54,2.43,下跌明显,True,False
2018-08,铜,copper,41449.69,元/吨,0.17,-8.26,-10.64,-3.46,变化不大,False,False
2018-09,铜,copper,41447.71,元/吨,-0.0,-10.12,-7.92,-4.81,变化不大,False,False
2018-10,铜,copper,42604.19,元/吨,2.79,2.96,-6.07,-5.46,温和上涨,False,False
2018-11,铜,copper,42442.05,元/吨,-0.38,2.39,-6.07,-6.08,变化不大,False,False
2018-12,铜,copper,41615.94,元/吨,-1.95,0.41,-9.75,-8.01,小幅回落,False,False
2019-01,铜,copper,40682.83,元/吨,-2.24,-4.51,-1.68,-13.03,持续下跌,False,False
2019-02,铜,copper,43032.35,元/吨,5.78,1.39,3.82,-7.22,上涨明显,False,False
2019-03,铜,copper,43981.51,元/吨,2.21,5.68,6.11,-2.29,温和上涨,False,False
2019-04,铜,copper,43974.0,元/吨,-0.02,8.09,3.22,-3.05,变化不大,False,False
2019-05,铜,copper,41102.26,元/吨,-6.53,-4.49,-3.16,-9.03,下跌明显,False,False
2019-06,铜,copper,40175.63,元/吨,-2.25,-8.65,-3.46,-12.88,持续下跌,False,False
2019-07,铜,copper,40578.4,元/吨,1.0,-7.72,-0.26,-1.94,温和上涨,False,False
2019-08,铜,copper,40080.27,元/吨,-1.23,-2.49,-6.86,-3.3,小幅回落,False,False
2019-09,铜,copper,40429.93,元/吨,0.87,0.63,-8.08,-2.46,变化不大,False,False
2019-10,铜,copper,40416.25,元/吨,-0.03,-0.4,-8.09,-5.14,变化不大,False,False
2019-11,铜,copper,41136.85,元/吨,1.78,2.64,0.08,-3.08,温和上涨,False,False
2019-12,铜,copper,42660.96,元/吨,3.7,5.52,6.19,2.51,温和上涨,False,False
2020-01,铜,copper,42339.09,元/吨,-0.75,4.76,4.34,4.07,变化不大,False,False
2020-02,铜,copper,40098.64,元/吨,-5.29,-2.52,0.05,-6.82,下跌明显,False,False
2020-03,铜,copper,36537.54,元/吨,-8.88,-14.35,-9.63,-16.93,下跌明显,True,False
2020-04,铜,copper,35658.69,元/吨,-2.41,-15.78,-11.77,-18.91,持续下跌,False,False
2020-05,铜,copper,36940.8,元/吨,3.6,-7.88,-10.2,-10.12,温和上涨,False,False
2020-06,铜,copper,40569.93,元/吨,9.82,11.04,-4.9,0.98,上涨明显,True,False
2020-07,铜,copper,44925.84,元/吨,10.74,25.99,6.11,10.71,上涨明显,True,False
2020-08,铜,copper,42568.06,元/吨,-5.25,15.23,6.16,6.21,下跌明显,False,False
2020-09,铜,copper,43917.09,元/吨,3.17,8.25,20.2,8.63,温和上涨,False,False
2020-10,铜,copper,43975.46,元/吨,0.13,-2.12,23.32,8.81,变化不大,False,False
2020-11,铜,copper,46301.36,元/吨,5.29,8.77,25.34,12.55,上涨明显,False,False
2020-12,铜,copper,50908.17,元/吨,9.95,15.92,25.48,19.33,上涨明显,True,False
2021-01,铜,copper,52217.58,元/吨,2.57,18.74,16.23,23.33,持续上涨,False,False
2021-02,铜,copper,54806.98,元/吨,4.96,18.37,28.75,36.68,持续上涨,False,False
2021-03,铜,copper,58153.98,元/吨,6.11,14.23,32.42,59.16,上涨明显,False,False
2021-04,铜,copper,60331.59,元/吨,3.74,15.54,37.19,69.19,持续上涨,False,False
2021-05,铜,copper,65747.95,元/吨,8.98,19.96,42.0,77.98,上涨明显,True,False
2021-06,铜,copper,62315.81,元/吨,-5.22,7.16,22.41,53.6,下跌明显,False,False
2021-07,铜,copper,61146.81,元/吨,-1.88,1.35,17.1,36.11,小幅回落,False,False
2021-08,铜,copper,59687.79,元/吨,-2.39,-9.22,8.91,40.22,持续下跌,False,False
2021-09,铜,copper,59398.4,元/吨,-0.48,-4.68,2.14,35.25,持续下跌,False,False
2021-10,铜,copper,62612.13,元/吨,5.41,2.4,3.78,42.38,上涨明显,False,False
2021-11,铜,copper,61973.09,元/吨,-1.02,3.83,-5.74,33.85,小幅回落,False,False
2021-12,铜,copper,60841.02,元/吨,-1.83,2.43,-2.37,19.51,小幅回落,False,False
2022-01,铜,copper,62313.51,元/吨,2.42,-0.48,1.91,19.33,温和上涨,False,False
2022-02,铜,copper,65127.76,元/吨,4.52,5.09,9.11,18.83,温和上涨,False,False
2022-03,铜,copper,67012.33,元/吨,2.89,10.14,12.82,15.23,持续上涨,False,False
2022-04,铜,copper,66557.04,元/吨,-0.68,6.81,6.3,10.32,变化不大,False,False
2022-05,铜,copper,61420.33,元/吨,-7.72,-5.69,-0.89,-6.58,下跌明显,False,False
2022-06,铜,copper,59110.21,元/吨,-3.76,-11.79,-2.84,-5.14,持续下跌,False,False
2022-07,铜,copper,49418.51,元/吨,-16.4,-25.75,-20.69,-19.18,下跌明显,True,True
2022-08,铜,copper,55713.24,元/吨,12.74,-9.29,-14.46,-6.66,上涨明显,True,False
2022-09,铜,copper,54067.15,元/吨,-2.95,-8.53,-19.32,-8.98,小幅回落,False,False
2022-10,铜,copper,53404.54,元/吨,-1.23,8.07,-19.76,-14.71,小幅回落,False,False
2022-11,铜,copper,56188.02,元/吨,5.21,0.85,-8.52,-9.33,上涨明显,False,False
2022-12,铜,copper,58460.29,元/吨,4.04,8.13,-1.1,-3.91,温和上涨,False,False
2023-01,铜,copper,63084.89,元/吨,7.91,18.13,27.65,1.24,上涨明显,False,False
2023-02,铜,copper,63449.79,元/吨,0.58,12.92,13.89,-2.58,持续上涨,False,False
2023-03,铜,copper,62879.8,元/吨,-0.9,7.56,16.3,-6.17,变化不大,False,False
2023-04,铜,copper,62546.88,元/吨,-0.53,-0.85,17.12,-6.03,变化不大,False,False
2023-05,铜,copper,58344.04,元/吨,-6.72,-8.05,3.84,-5.01,下跌明显,False,False
2023-06,铜,copper,59615.29,元/吨,2.18,-5.19,1.98,0.85,温和上涨,False,False
2023-07,铜,copper,60184.43,元/吨,0.95,-3.78,-4.6,21.79,变化不大,False,False
2023-08,铜,copper,60113.74,元/吨,-0.12,3.03,-5.26,7.9,变化不大,False,False
2023-09,铜,copper,59592.31,元/吨,-0.87,-0.04,-5.23,10.22,变化不大,False,False
2023-10,铜,copper,57147.7,元/吨,-4.1,-5.05,-8.63,7.01,持续下跌,False,False
2023-11,铜,copper,58965.05,元/吨,3.18,-1.91,1.06,4.94,温和上涨,False,False
2023-12,铜,copper,60479.57,元/吨,2.57,1.49,1.45,3.45,温和上涨,False,False
2024-01,铜,copper,60039.94,元/吨,-0.73,5.06,-0.24,-4.83,变化不大,False,False
2024-02,铜,copper,60210.89,元/吨,0.28,2.11,0.16,-5.1,变化不大,False,False
2024-03,铜,copper,62996.19,元/吨,4.63,4.16,5.71,0.19,温和上涨,False,False
2024-04,铜,copper,68617.12,元/吨,8.92,14.29,20.07,9.71,上涨明显,True,False
2024-05,铜,copper,73510.14,元/吨,7.13,22.09,24.67,25.99,上涨明显,False,False
2024-06,铜,copper,69949.23,元/吨,-4.84,11.04,15.66,17.33,小幅回落,False,False
2024-07,铜,copper,68043.5,元/吨,-2.72,-0.84,13.33,13.06,小幅回落,False,False
2024-08,铜,copper,65315.87,元/吨,-4.01,-11.15,8.48,8.65,持续下跌,False,False
2024-09,铜,copper,67248.85,元/吨,2.96,-3.86,6.75,12.85,温和上涨,False,False
2024-10,铜,copper,69407.45,元/吨,3.21,2.0,1.15,21.45,温和上涨,False,False
2024-11,铜,copper,66071.31,元/吨,-4.81,1.16,-10.12,12.05,小幅回落,False,False
2024-12,铜,copper,64910.81,元/吨,-1.76,-3.48,-7.2,7.33,小幅回落,False,False
2025-01,铜,copper,65457.46,元/吨,0.84,-5.69,-3.8,9.02,变化不大,False,False
2025-02,铜,copper,66993.71,元/吨,2.35,1.4,2.57,11.27,温和上涨,False,False
2025-03,铜,copper,69930.9,元/吨,4.38,7.73,3.99,11.01,持续上涨,False,False
2025-04,铜,copper,65889.42,元/吨,-5.78,0.66,-5.07,-3.98,下跌明显,False,False
2025-05,铜,copper,68446.8,元/吨,3.88,2.17,3.6,-6.89,温和上涨,False,False
2025-06,铜,copper,70615.8,元/吨,3.17,0.98,8.79,0.95,温和上涨,False,False
2025-07,铜,copper,70152.76,元/吨,-0.66,6.47,7.17,3.1,变化不大,False,False
2025-08,铜,copper,69620.83,元/吨,-0.76,1.72,3.92,6.59,变化不大,False,False
2025-09,铜,copper,71883.29,元/吨,3.25,1.79,2.79,6.89,温和上涨,False,False
2025-10,铜,copper,77327.35,元/吨,7.57,10.23,17.36,11.41,上涨明显,False,False
2025-11,铜,copper,77846.62,元/吨,0.67,11.82,13.73,17.82,持续上涨,False,False
2025-12,铜,copper,84853.8,元/吨,9.0,18.04,20.16,30.72,上涨明显,True,False
2026-01,铜,copper,93686.4,元/吨,10.41,21.16,33.55,43.13,上涨明显,True,False
2026-02,铜,copper,93249.72,元/吨,-0.47,19.79,33.94,39.19,变化不大,False,False
2026-03,铜,copper,90206.71,元/吨,-3.26,6.31,25.49,28.99,小幅回落,False,False
2026-04,铜,copper,93246.91,元/吨,3.37,-0.47,20.59,41.52,温和上涨,False,False
2026-05,铜,copper,97510.97,元/吨,4.57,4.57,25.26,42.46,温和上涨,False,False
1960-01,黄金,gold,2.79,元/克,,,,,数据不足,False,False
1960-02,黄金,gold,2.79,元/克,0.0,,,,变化不大,False,False
1960-03,黄金,gold,2.79,元/克,0.0,,,,变化不大,False,False
1960-04,黄金,gold,2.79,元/克,0.0,0.0,,,变化不大,False,False
1960-05,黄金,gold,2.79,元/克,0.0,0.0,,,变化不大,False,False
1960-06,黄金,gold,2.79,元/克,0.0,0.0,,,变化不大,False,False
1960-07,黄金,gold,2.79,元/克,0.0,0.0,0.0,,变化不大,False,False
1960-08,黄金,gold,2.79,元/克,0.0,0.0,0.0,,变化不大,False,False
1960-09,黄金,gold,2.79,元/克,0.0,0.0,0.0,,变化不大,False,False
1960-10,黄金,gold,2.79,元/克,0.0,0.0,0.0,,变化不大,False,False
1960-11,黄金,gold,2.79,元/克,0.0,0.0,0.0,,变化不大,False,False
1960-12,黄金,gold,2.79,元/克,0.0,0.0,0.0,,变化不大,False,False
1961-01,黄金,gold,2.79,元/克,0.0,0.0,0.0,0.0,变化不大,False,False
1961-02,黄金,gold,2.79,元/克,0.0,0.0,0.0,0.0,变化不大,False,False
1961-03,黄金,gold,2.79,元/克,0.0,0.0,0.0,0.0,变化不大,False,False
1961-04,黄金,gold,2.79,元/克,0.0,0.0,0.0,0.0,变化不大,False,False
1961-05,黄金,gold,2.79,元/克,0.0,0.0,0.0,0.0,变化不大,False,False
1961-06,黄金,gold,2.79,元/克,0.0,0.0,0.0,0.0,变化不大,False,False
1961-07,黄金,gold,2.79,元/克,0.0,0.0,0.0,0.0,变化不大,False,False
1961-08,黄金,gold,2.79,元/克,0.0,0.0,0.0,0.0,变化不大,False,False
1961-09,黄金,gold,2.79,元/克,0.0,0.0,0.0,0.0,变化不大,False,False
1961-10,黄金,gold,2.79,元/克,0.0,0.0,0.0,0.0,变化不大,False,False
1961-11,黄金,gold,2.79,元/克,0.0,0.0,0.0,0.0,变化不大,False,False
1961-12,黄金,gold,2.79,元/克,0.0,0.0,0.0,0.0,变化不大,False,False
1962-01,黄金,gold,2.79,元/克,0.0,0.0,0.0,0.0,变化不大,False,False
1962-02,黄金,gold,2.79,元/克,0.0,0.0,0.0,0.0,变化不大,False,False
1962-03,黄金,gold,2.79,元/克,0.0,0.0,0.0,0.0,变化不大,False,False
1962-04,黄金,gold,2.79,元/克,0.0,0.0,0.0,0.0,变化不大,False,False
1962-05,黄金,gold,2.79,元/克,0.0,0.0,0.0,0.0,变化不大,False,False
1962-06,黄金,gold,2.79,元/克,0.0,0.0,0.0,0.0,变化不大,False,False
1962-07,黄金,gold,2.79,元/克,0.0,0.0,0.0,0.0,变化不大,False,False
1962-08,黄金,gold,2.79,元/克,0.0,0.0,0.0,0.0,变化不大,False,False
1962-09,黄金,gold,2.79,元/克,0.0,0.0,0.0,0.0,变化不大,False,False
1962-10,黄金,gold,2.79,元/克,0.0,0.0,0.0,0.0,变化不大,False,False
1962-11,黄金,gold,2.79,元/克,0.0,0.0,0.0,0.0,变化不大,False,False
1962-12,黄金,gold,2.79,元/克,0.0,0.0,0.0,0.0,变化不大,False,False
1963-01,黄金,gold,2.78,元/克,-0.36,-0.36,-0.36,-0.36,变化不大,False,False
1963-02,黄金,gold,2.78,元/克,0.0,-0.36,-0.36,-0.36,变化不大,False,False
1963-03,黄金,gold,2.78,元/克,0.0,-0.36,-0.36,-0.36,变化不大,False,False
1963-04,黄金,gold,2.78,元/克,0.0,0.0,-0.36,-0.36,变化不大,False,False
1963-05,黄金,gold,2.78,元/克,0.0,0.0,-0.36,-0.36,变化不大,False,False
1963-06,黄金,gold,2.78,元/克,0.0,0.0,-0.36,-0.36,变化不大,False,False
1963-07,黄金,gold,2.78,元/克,0.0,0.0,0.0,-0.36,变化不大,False,False
1963-08,黄金,gold,2.78,元/克,0.0,0.0,0.0,-0.36,变化不大,False,False
1963-09,黄金,gold,2.78,元/克,0.0,0.0,0.0,-0.36,变化不大,False,False
1963-10,黄金,gold,2.78,元/克,0.0,0.0,0.0,-0.36,变化不大,False,False
1963-11,黄金,gold,2.78,元/克,0.0,0.0,0.0,-0.36,变化不大,False,False
1963-12,黄金,gold,2.78,元/克,0.0,0.0,0.0,-0.36,变化不大,False,False
1964-01,黄金,gold,2.78,元/克,0.0,0.0,0.0,0.0,变化不大,False,False
1964-02,黄金,gold,2.78,元/克,0.0,0.0,0.0,0.0,变化不大,False,False
1964-03,黄金,gold,2.78,元/克,0.0,0.0,0.0,0.0,变化不大,False,False
1964-04,黄金,gold,2.78,元/克,0.0,0.0,0.0,0.0,变化不大,False,False
1964-05,黄金,gold,2.78,元/克,0.0,0.0,0.0,0.0,变化不大,False,False
1964-06,黄金,gold,2.78,元/克,0.0,0.0,0.0,0.0,变化不大,False,False
1964-07,黄金,gold,2.78,元/克,0.0,0.0,0.0,0.0,变化不大,False,False
1964-08,黄金,gold,2.78,元/克,0.0,0.0,0.0,0.0,变化不大,False,False
1964-09,黄金,gold,2.78,元/克,0.0,0.0,0.0,0.0,变化不大,False,False
1964-10,黄金,gold,2.78,元/克,0.0,0.0,0.0,0.0,变化不大,False,False
1964-11,黄金,gold,2.78,元/克,0.0,0.0,0.0,0.0,变化不大,False,False
1964-12,黄金,gold,2.78,元/克,0.0,0.0,0.0,0.0,变化不大,False,False
1965-01,黄金,gold,2.78,元/克,0.0,0.0,0.0,0.0,变化不大,False,False
1965-02,黄金,gold,2.78,元/克,0.0,0.0,0.0,0.0,变化不大,False,False
1965-03,黄金,gold,2.78,元/克,0.0,0.0,0.0,0.0,变化不大,False,False
1965-04,黄金,gold,2.78,元/克,0.0,0.0,0.0,0.0,变化不大,False,False
1965-05,黄金,gold,2.78,元/克,0.0,0.0,0.0,0.0,变化不大,False,False
1965-06,黄金,gold,2.78,元/克,0.0,0.0,0.0,0.0,变化不大,False,False
1965-07,黄金,gold,2.78,元/克,0.0,0.0,0.0,0.0,变化不大,False,False
1965-08,黄金,gold,2.78,元/克,0.0,0.0,0.0,0.0,变化不大,False,False
1965-09,黄金,gold,2.78,元/克,0.0,0.0,0.0,0.0,变化不大,False,False
1965-10,黄金,gold,2.78,元/克,0.0,0.0,0.0,0.0,变化不大,False,False
1965-11,黄金,gold,2.78,元/克,0.0,0.0,0.0,0.0,变化不大,False,False
1965-12,黄金,gold,2.78,元/克,0.0,0.0,0.0,0.0,变化不大,False,False
1966-01,黄金,gold,2.78,元/克,0.0,0.0,0.0,0.0,变化不大,False,False
1966-02,黄金,gold,2.78,元/克,0.0,0.0,0.0,0.0,变化不大,False,False
1966-03,黄金,gold,2.78,元/克,0.0,0.0,0.0,0.0,变化不大,False,False
1966-04,黄金,gold,2.78,元/克,0.0,0.0,0.0,0.0,变化不大,False,False
1966-05,黄金,gold,2.78,元/克,0.0,0.0,0.0,0.0,变化不大,False,False
1966-06,黄金,gold,2.78,元/克,0.0,0.0,0.0,0.0,变化不大,False,False
1966-07,黄金,gold,2.78,元/克,0.0,0.0,0.0,0.0,变化不大,False,False
1966-08,黄金,gold,2.78,元/克,0.0,0.0,0.0,0.0,变化不大,False,False
1966-09,黄金,gold,2.78,元/克,0.0,0.0,0.0,0.0,变化不大,False,False
1966-10,黄金,gold,2.78,元/克,0.0,0.0,0.0,0.0,变化不大,False,False
1966-11,黄金,gold,2.78,元/克,0.0,0.0,0.0,0.0,变化不大,False,False
1966-12,黄金,gold,2.78,元/克,0.0,0.0,0.0,0.0,变化不大,False,False
1967-01,黄金,gold,2.77,元/克,-0.36,-0.36,-0.36,-0.36,变化不大,False,False
1967-02,黄金,gold,2.77,元/克,0.0,-0.36,-0.36,-0.36,变化不大,False,False
1967-03,黄金,gold,2.77,元/克,0.0,-0.36,-0.36,-0.36,变化不大,False,False
1967-04,黄金,gold,2.77,元/克,0.0,0.0,-0.36,-0.36,变化不大,False,False
1967-05,黄金,gold,2.77,元/克,0.0,0.0,-0.36,-0.36,变化不大,False,False
1967-06,黄金,gold,2.77,元/克,0.0,0.0,-0.36,-0.36,变化不大,False,False
1967-07,黄金,gold,2.77,元/克,0.0,0.0,0.0,-0.36,变化不大,False,False
1967-08,黄金,gold,2.77,元/克,0.0,0.0,0.0,-0.36,变化不大,False,False
1967-09,黄金,gold,2.77,元/克,0.0,0.0,0.0,-0.36,变化不大,False,False
1967-10,黄金,gold,2.77,元/克,0.0,0.0,0.0,-0.36,变化不大,False,False
1967-11,黄金,gold,2.77,元/克,0.0,0.0,0.0,-0.36,变化不大,False,False
1967-12,黄金,gold,2.77,元/克,0.0,0.0,0.0,-0.36,变化不大,False,False
1968-01,黄金,gold,2.81,元/克,1.44,1.44,1.44,1.44,温和上涨,False,False
1968-02,黄金,gold,2.85,元/克,1.42,2.89,2.89,2.89,温和上涨,False,False
1968-03,黄金,gold,2.93,元/克,2.81,5.78,5.78,5.78,持续上涨,False,False
1968-04,黄金,gold,3.0,元/克,2.39,6.76,8.3,8.3,持续上涨,False,False
1968-05,黄金,gold,3.22,元/克,7.33,12.98,16.25,16.25,上涨明显,False,False
1968-06,黄金,gold,3.26,元/克,1.24,11.26,17.69,17.69,持续上涨,False,False
1968-07,黄金,gold,3.12,元/克,-4.29,4.0,11.03,12.64,小幅回落,False,False
1968-08,黄金,gold,3.1,元/克,-0.64,-3.73,8.77,11.91,变化不大,False,False
1968-09,黄金,gold,3.18,元/克,2.58,-2.45,8.53,14.8,温和上涨,False,False
1968-10,黄金,gold,3.1,元/克,-2.52,-0.64,3.33,11.91,小幅回落,False,False
1968-11,黄金,gold,3.15,元/克,1.61,1.61,-2.17,13.72,温和上涨,False,False
1968-12,黄金,gold,3.25,元/克,3.17,2.2,-0.31,17.33,温和上涨,False,False
1969-01,黄金,gold,3.35,元/克,3.08,8.06,7.37,19.22,持续上涨,False,False
1969-02,黄金,gold,3.37,元/克,0.6,6.98,8.71,18.25,持续上涨,False,False
1969-03,黄金,gold,3.42,元/克,1.48,5.23,7.55,16.72,持续上涨,False,False
1969-04,黄金,gold,3.43,元/克,0.29,2.39,10.65,14.33,持续上涨,False,False
1969-05,黄金,gold,3.44,元/克,0.29,2.08,9.21,6.83,持续上涨,False,False
1969-06,黄金,gold,3.28,元/克,-4.65,-4.09,0.92,0.61,小幅回落,False,False
1969-07,黄金,gold,3.31,元/克,0.91,-3.5,-1.19,6.09,变化不大,False,False
1969-08,黄金,gold,3.25,元/克,-1.81,-5.52,-3.56,4.84,小幅回落,False,False
1969-09,黄金,gold,3.23,元/克,-0.62,-1.52,-5.56,1.57,变化不大,False,False
1969-10,黄金,gold,3.2,元/克,-0.93,-3.32,-6.71,3.23,持续下跌,False,False
1969-11,黄金,gold,2.96,元/克,-7.5,-8.92,-13.95,-6.03,下跌明显,False,False
1969-12,黄金,gold,2.78,元/克,-6.08,-13.93,-15.24,-14.46,下跌明显,False,False
1970-01,黄金,gold,2.77,元/克,-0.36,-13.44,-16.31,-17.31,持续下跌,False,False
1970-02,黄金,gold,2.77,元/克,0.0,-6.42,-14.77,-17.8,变化不大,False,False
1970-03,黄金,gold,2.78,元/克,0.36,0.0,-13.93,-18.71,变化不大,False,False
1970-04,黄金,gold,2.82,元/克,1.44,1.81,-11.88,-17.78,温和上涨,False,False
1970-05,黄金,gold,2.85,元/克,1.06,2.89,-3.72,-17.15,持续上涨,False,False
1970-06,黄金,gold,2.8,元/克,-1.75,0.72,0.72,-14.63,小幅回落,False,False
1970-07,黄金,gold,2.8,元/克,0.0,-0.71,1.08,-15.41,变化不大,False,False
1970-08,黄金,gold,2.8,元/克,0.0,-1.75,1.08,-13.85,变化不大,False,False
1970-09,黄金,gold,2.86,元/克,2.14,2.14,2.88,-11.46,温和上涨,False,False
1970-10,黄金,gold,2.97,元/克,3.85,6.07,5.32,-7.19,温和上涨,False,False
1970-11,黄金,gold,2.96,元/克,-0.34,5.71,3.86,0.0,变化不大,False,False
1970-12,黄金,gold,2.96,元/克,0.0,3.5,5.71,6.47,变化不大,False,False
1971-01,黄金,gold,3.0,元/克,1.35,1.01,7.14,8.3,温和上涨,False,False
1971-02,黄金,gold,3.07,元/克,2.33,3.72,9.64,10.83,温和上涨,False,False
1971-03,黄金,gold,3.08,元/克,0.33,4.05,7.69,10.79,持续上涨,False,False
1971-04,黄金,gold,3.09,元/克,0.32,3.0,4.04,9.57,持续上涨,False,False
1971-05,黄金,gold,3.21,元/克,3.88,4.56,8.45,12.63,持续上涨,False,False
1971-06,黄金,gold,3.17,元/克,-1.25,2.92,7.09,13.21,小幅回落,False,False
1971-07,黄金,gold,3.24,元/克,2.21,4.85,8.0,15.71,温和上涨,False,False
1971-08,黄金,gold,3.08,元/克,-4.94,-4.05,0.33,10.0,小幅回落,False,False
1971-09,黄金,gold,3.03,元/克,-1.62,-4.42,-1.62,5.94,小幅回落,False,False
1971-10,黄金,gold,3.07,元/克,1.32,-5.25,-0.65,3.37,温和上涨,False,False
1971-11,黄金,gold,3.09,元/克,0.65,0.32,-3.74,4.39,变化不大,False,False
1971-12,黄金,gold,3.14,元/克,1.62,3.63,-0.95,6.08,持续上涨,False,False
1972-01,黄金,gold,3.3,元/克,5.1,7.49,1.85,10.0,上涨明显,False,False
1972-02,黄金,gold,3.48,元/克,5.45,12.62,12.99,13.36,上涨明显,False,False
1972-03,黄金,gold,3.49,元/克,0.29,11.15,15.18,13.31,持续上涨,False,False
1972-04,黄金,gold,3.54,元/克,1.43,7.27,15.31,14.56,持续上涨,False,False
1972-05,黄金,gold,3.94,元/克,11.3,13.22,27.51,22.74,上涨明显,True,False
1972-06,黄金,gold,4.48,元/克,13.71,28.37,42.68,41.32,上涨明显,True,False
1972-07,黄金,gold,4.74,元/克,5.8,33.9,43.64,46.3,上涨明显,False,False
1972-08,黄金,gold,4.29,元/克,-9.49,8.88,23.28,39.29,下跌明显,True,False
1972-09,黄金,gold,4.19,元/克,-2.33,-6.47,20.06,38.28,小幅回落,False,False
1972-10,黄金,gold,4.15,元/克,-0.95,-12.45,17.23,35.18,持续下跌,False,False
1972-11,黄金,gold,4.02,元/克,-3.13,-6.29,2.03,30.1,持续下跌,False,False
1972-12,黄金,gold,4.09,元/克,1.74,-2.39,-8.71,30.25,温和上涨,False,False
1973-01,黄金,gold,4.17,元/克,1.96,0.48,-12.03,26.36,温和上涨,False,False
1973-02,黄金,gold,4.74,元/克,13.67,17.91,10.49,36.21,上涨明显,True,False
1973-03,黄金,gold,5.4,元/克,13.92,32.03,28.88,54.73,上涨明显,True,False
1973-04,黄金,gold,5.79,元/克,7.22,38.85,39.52,63.56,上涨明显,False,False
1973-05,黄金,gold,6.52,元/克,12.61,37.55,62.19,65.48,上涨明显,True,False
1973-06,黄金,gold,7.68,元/克,17.79,42.22,87.78,71.43,上涨明显,True,True
1973-07,黄金,gold,7.68,元/克,0.0,32.64,84.17,62.03,变化不大,False,False
1973-08,黄金,gold,5.18,元/克,-32.55,-20.55,9.28,20.75,下跌明显,True,True
1973-09,黄金,gold,5.02,元/克,-3.09,-34.64,-7.04,19.81,小幅回落,False,False
1973-10,黄金,gold,4.91,元/克,-2.19,-36.07,-15.2,18.31,持续下跌,False,False
1973-11,黄金,gold,4.68,元/克,-4.68,-9.65,-28.22,16.42,持续下跌,False,False
1973-12,黄金,gold,5.29,元/克,13.03,5.38,-31.12,29.34,上涨明显,True,False
1974-01,黄金,gold,6.44,元/克,21.74,31.16,-16.15,54.44,上涨明显,True,True
1974-02,黄金,gold,7.52,元/克,16.77,60.68,45.17,58.65,上涨明显,True,True
1974-03,黄金,gold,8.48,元/克,12.77,60.3,68.92,57.04,上涨明显,True,False
1974-04,黄金,gold,8.72,元/克,2.83,35.4,77.6,50.6,持续上涨,False,False
1974-05,黄金,gold,8.31,元/克,-4.7,10.51,77.56,27.45,小幅回落,False,False
1974-06,黄金,gold,7.89,元/克,-5.05,-6.96,49.15,2.73,下跌明显,False,False
1974-07,黄金,gold,7.36,元/克,-6.72,-15.6,14.29,-4.17,下跌明显,False,False
1974-08,黄金,gold,8.0,元/克,8.7,-3.73,6.38,54.44,上涨明显,True,False
1974-09,黄金,gold,7.89,元/克,-1.38,0.0,-6.96,57.17,小幅回落,False,False
1974-10,黄金,gold,8.3,元/克,5.2,12.77,-4.82,69.04,上涨明显,False,False
1974-11,黄金,gold,9.54,元/克,14.94,19.25,14.8,103.85,上涨明显,True,False
1974-12,黄金,gold,9.7,元/克,1.68,22.94,22.94,83.36,持续上涨,False,False
1975-01,黄金,gold,9.35,元/克,-3.61,12.65,27.04,45.19,小幅回落,False,False
1975-02,黄金,gold,9.58,元/克,2.46,0.42,19.75,27.39,温和上涨,False,False
1975-03,黄金,gold,9.55,元/克,-0.31,-1.55,21.04,12.62,变化不大,False,False
1975-04,黄金,gold,9.15,元/克,-4.19,-2.14,10.24,4.93,小幅回落,False,False
1975-05,黄金,gold,9.06,元/克,-0.98,-5.43,-5.03,9.03,持续下跌,False,False
1975-06,黄金,gold,8.93,元/克,-1.43,-6.49,-7.94,13.18,持续下跌,False,False
1975-07,黄金,gold,9.03,元/克,1.12,-1.31,-3.42,22.69,温和上涨,False,False
1975-08,黄金,gold,8.95,元/克,-0.89,-1.21,-6.58,11.88,变化不大,False,False
1975-09,黄金,gold,7.96,元/克,-11.06,-10.86,-16.65,0.89,下跌明显,True,False
1975-10,黄金,gold,7.92,元/克,-0.5,-12.29,-13.44,-4.58,持续下跌,False,False
1975-11,黄金,gold,7.94,元/克,0.25,-11.28,-12.36,-16.77,变化不大,False,False
1975-12,黄金,gold,7.8,元/克,-1.76,-2.01,-12.65,-19.59,小幅回落,False,False
1976-01,黄金,gold,7.37,元/克,-5.51,-6.94,-18.38,-21.18,下跌明显,False,False
1976-02,黄金,gold,7.41,元/克,0.54,-6.68,-17.21,-22.65,变化不大,False,False
1976-03,黄金,gold,7.54,元/克,1.75,-3.33,-5.28,-21.05,温和上涨,False,False
1976-04,黄金,gold,7.3,元/克,-3.18,-0.95,-7.83,-20.22,小幅回落,False,False
1976-05,黄金,gold,7.28,元/克,-0.27,-1.75,-8.31,-19.65,变化不大,False,False
1976-06,黄金,gold,7.24,元/克,-0.55,-3.98,-7.18,-18.92,持续下跌,False,False
1976-07,黄金,gold,6.81,元/克,-5.94,-6.71,-7.6,-24.58,下跌明显,False,False
1976-08,黄金,gold,6.39,元/克,-6.17,-12.23,-13.77,-28.6,下跌明显,False,False
1976-09,黄金,gold,6.67,元/克,4.38,-7.87,-11.54,-16.21,温和上涨,False,False
1976-10,黄金,gold,6.82,元/克,2.25,0.15,-6.58,-13.89,温和上涨,False,False
1976-11,黄金,gold,7.69,元/克,12.76,20.34,5.63,-3.15,上涨明显,True,False
1976-12,黄金,gold,7.93,元/克,3.12,18.89,9.53,1.67,持续上涨,False,False
1977-01,黄金,gold,7.87,元/克,-0.76,15.4,15.57,6.78,变化不大,False,False
1977-02,黄金,gold,8.14,元/克,3.43,5.85,27.39,9.85,温和上涨,False,False
1977-03,黄金,gold,8.9,元/克,9.34,12.23,33.43,18.04,上涨明显,True,False
1977-04,黄金,gold,8.99,元/克,1.01,14.23,31.82,23.15,持续上涨,False,False
1977-05,黄金,gold,8.88,元/克,-1.22,9.09,15.47,21.98,小幅回落,False,False
1977-06,黄金,gold,8.56,元/克,-3.6,-3.82,7.94,18.23,小幅回落,False,False
1977-07,黄金,gold,8.76,元/克,2.34,-2.56,11.31,28.63,温和上涨,False,False
1977-08,黄金,gold,8.89,元/克,1.48,0.11,9.21,39.12,温和上涨,False,False
1977-09,黄金,gold,9.21,元/克,3.6,7.59,3.48,38.08,持续上涨,False,False
1977-10,黄金,gold,9.84,元/克,6.84,12.33,9.45,44.28,上涨明显,False,False
1977-11,黄金,gold,10.08,元/克,2.44,13.39,13.51,31.08,持续上涨,False,False
1977-12,黄金,gold,10.02,元/克,-0.6,8.79,17.06,26.36,变化不大,False,False
1978-01,黄金,gold,10.86,元/克,8.38,10.37,23.97,37.99,上涨明显,True,False
1978-02,黄金,gold,11.22,元/克,3.31,11.31,26.21,37.84,温和上涨,False,False
1978-03,黄金,gold,11.61,元/克,3.48,15.87,26.06,30.45,持续上涨,False,False
1978-04,黄金,gold,11.13,元/克,-4.13,2.49,13.11,23.8,小幅回落,False,False
1978-05,黄金,gold,11.24,元/克,0.99,0.18,11.51,26.58,变化不大,False,False
1978-06,黄金,gold,11.77,元/克,4.72,1.38,17.47,37.5,温和上涨,False,False
1978-07,黄金,gold,12.14,元/克,3.14,9.07,11.79,38.58,持续上涨,False,False
1978-08,黄金,gold,13.32,元/克,9.72,18.51,18.72,49.83,上涨明显,True,False
1978-09,黄金,gold,13.75,元/克,3.23,16.82,18.43,49.29,持续上涨,False,False
1978-10,黄金,gold,14.81,元/克,7.71,21.99,33.06,50.51,上涨明显,False,False
1978-11,黄金,gold,13.48,元/克,-8.98,1.2,19.93,33.73,下跌明显,True,False
1978-12,黄金,gold,13.64,元/克,1.19,-0.8,15.89,36.13,温和上涨,False,False
1979-01,黄金,gold,14.98,元/克,9.82,1.15,23.39,37.94,上涨明显,True,False
1979-02,黄金,gold,16.26,元/克,8.54,20.62,22.07,44.92,上涨明显,True,False
1979-03,黄金,gold,16.08,元/克,-1.11,17.89,16.95,38.5,小幅回落,False,False
1979-04,黄金,gold,15.95,元/克,-0.81,6.48,7.7,43.31,变化不大,False,False
1979-05,黄金,gold,17.25,元/克,8.15,6.09,27.97,53.47,上涨明显,True,False
1979-06,黄金,gold,18.77,元/克,8.81,16.73,37.61,59.47,上涨明显,True,False
1979-07,黄金,gold,19.9,元/克,6.02,24.76,32.84,63.92,上涨明显,False,False
1979-08,黄金,gold,20.39,元/克,2.46,18.2,25.4,53.08,持续上涨,False,False
1979-09,黄金,gold,24.16,元/克,18.49,28.72,50.25,75.71,上涨明显,True,True
1979-10,黄金,gold,26.76,元/克,10.76,34.47,67.77,80.69,上涨明显,True,False
1979-11,黄金,gold,26.89,元/克,0.49,31.88,55.88,99.48,持续上涨,False,False
1979-12,黄金,gold,31.34,元/克,16.55,29.72,66.97,129.77,上涨明显,True,True
1980-01,黄金,gold,46.68,元/克,48.95,74.44,134.57,211.62,上涨明显,True,True
1980-02,黄金,gold,46.17,元/克,-1.09,71.7,126.43,183.95,小幅回落,False,False
1980-03,黄金,gold,38.56,元/克,-16.48,23.04,59.6,139.8,下跌明显,True,True
1980-04,黄金,gold,36.18,元/克,-6.17,-22.49,35.2,126.83,下跌明显,False,False
1980-05,黄金,gold,36.07,元/克,-0.3,-21.88,34.14,109.1,持续下跌,False,False
1980-06,黄金,gold,42.33,元/克,17.36,9.78,35.07,125.52,上涨明显,True,True
1980-07,黄金,gold,45.5,元/克,7.49,25.76,-2.53,128.64,上涨明显,False,False
1980-08,黄金,gold,34.38,元/克,-24.44,-4.69,-25.54,68.61,下跌明显,True,True
1980-09,黄金,gold,36.93,元/克,7.42,-12.76,-4.23,52.86,上涨明显,False,False
1980-10,黄金,gold,36.24,元/克,-1.87,-20.35,0.17,35.43,小幅回落,False,False
1980-11,黄金,gold,34.25,元/克,-5.49,-0.38,-5.05,27.37,下跌明显,False,False
1980-12,黄金,gold,29.51,元/克,-13.84,-20.09,-30.29,-5.84,下跌明显,True,False
1981-01,黄金,gold,30.55,元/克,3.52,-15.7,-32.86,-34.55,温和上涨,False,False
1981-02,黄金,gold,32.54,元/克,6.51,-4.99,-5.35,-29.52,上涨明显,False,False
1981-03,黄金,gold,32.9,元/克,1.11,11.49,-10.91,-14.68,持续上涨,False,False
1981-04,黄金,gold,33.08,元/克,0.55,8.28,-8.72,-8.57,持续上涨,False,False
1981-05,黄金,gold,32.39,元/克,-2.09,-0.46,-5.43,-10.2,小幅回落,False,False
1981-06,黄金,gold,31.5,元/克,-2.75,-4.26,6.74,-25.58,小幅回落,False,False
1981-07,黄金,gold,28.28,元/克,-10.22,-14.51,-7.43,-37.85,下跌明显,True,False
1981-08,黄金,gold,28.68,元/克,1.41,-11.45,-11.86,-16.58,温和上涨,False,False
1981-09,黄金,gold,31.39,元/克,9.45,-0.35,-4.59,-15.0,上涨明显,True,False
1981-10,黄金,gold,31.32,元/克,-0.22,10.75,-5.32,-13.58,变化不大,False,False
1981-11,黄金,gold,29.9,元/克,-4.53,4.25,-7.69,-12.7,小幅回落,False,False
1981-12,黄金,gold,30.0,元/克,0.33,-4.43,-4.76,1.66,变化不大,False,False
1982-01,黄金,gold,28.41,元/克,-5.3,-9.29,0.46,-7.0,下跌明显,False,False
1982-02,黄金,gold,27.97,元/克,-1.55,-6.45,-2.48,-14.04,小幅回落,False,False
1982-03,黄金,gold,24.95,元/克,-10.8,-16.83,-20.52,-24.16,下跌明显,True,False
1982-04,黄金,gold,26.75,元/克,7.21,-5.84,-14.59,-19.14,上涨明显,False,False
1982-05,黄金,gold,25.75,元/克,-3.74,-7.94,-13.88,-20.5,小幅回落,False,False
1982-06,黄金,gold,24.56,元/克,-4.62,-1.56,-18.13,-22.03,小幅回落,False,False
1982-07,黄金,gold,26.7,元/克,8.71,-0.19,-6.02,-5.59,上涨明显,True,False
1982-08,黄金,gold,28.98,元/克,8.54,12.54,3.61,1.05,上涨明显,True,False
1982-09,黄金,gold,35.15,元/克,21.29,43.12,40.88,11.98,上涨明显,True,True
1982-10,黄金,gold,34.27,元/克,-2.5,28.35,28.11,9.42,小幅回落,False,False
1982-11,黄金,gold,34.01,元/克,-0.76,17.36,32.08,13.75,变化不大,False,False
1982-12,黄金,gold,36.8,元/克,8.2,4.69,49.84,22.67,上涨明显,True,False
1983-01,黄金,gold,40.23,元/克,9.32,17.39,50.67,41.61,上涨明显,True,False
1983-02,黄金,gold,41.45,元/克,3.03,21.88,43.03,48.19,持续上涨,False,False
1983-03,黄金,gold,35.76,元/克,-13.73,-2.83,1.74,43.33,下跌明显,True,False
1983-04,黄金,gold,37.23,元/克,4.11,-7.46,8.64,39.18,温和上涨,False,False
1983-05,黄金,gold,38.02,元/克,2.12,-8.28,11.79,47.65,温和上涨,False,False
1983-06,黄金,gold,36.17,元/克,-4.87,1.15,-1.71,47.27,小幅回落,False,False
1983-07,黄金,gold,35.62,元/克,-1.52,-4.32,-11.46,33.41,小幅回落,False,False
1983-08,黄金,gold,37.13,元/克,4.24,-2.34,-10.42,28.12,温和上涨,False,False
1983-09,黄金,gold,37.07,元/克,-0.16,2.49,3.66,5.46,变化不大,False,False
1983-10,黄金,gold,35.75,元/克,-3.56,0.36,-3.98,4.32,小幅回落,False,False
1983-11,黄金,gold,34.98,元/克,-2.15,-5.79,-8.0,2.85,持续下跌,False,False
1983-12,黄金,gold,35.9,元/克,2.63,-3.16,-0.75,-2.45,温和上涨,False,False
1984-01,黄金,gold,34.58,元/克,-3.68,-3.27,-2.92,-14.04,小幅回落,False,False
1984-02,黄金,gold,36.3,元/克,4.97,3.77,-2.24,-12.42,温和上涨,False,False
1984-03,黄金,gold,37.39,元/克,3.0,4.15,0.86,4.56,温和上涨,False,False
1984-04,黄金,gold,36.48,元/克,-2.43,5.49,2.04,-2.01,小幅回落,False,False
1984-05,黄金,gold,36.4,元/克,-0.22,0.28,4.06,-4.26,变化不大,False,False
1984-06,黄金,gold,36.73,元/克,0.91,-1.77,2.31,1.55,变化不大,False,False
1984-07,黄金,gold,34.1,元/克,-7.16,-6.52,-1.39,-4.27,下跌明显,False,False
1984-08,黄金,gold,32.83,元/克,-3.72,-9.81,-9.56,-11.58,小幅回落,False,False
1984-09,黄金,gold,32.12,元/克,-2.16,-12.55,-14.09,-13.35,持续下跌,False,False
1984-10,黄金,gold,32.2,元/克,0.25,-5.57,-11.73,-9.93,变化不大,False,False
1984-11,黄金,gold,32.29,元/克,0.28,-1.64,-11.29,-7.69,变化不大,False,False
1984-12,黄金,gold,30.17,元/克,-6.57,-6.07,-17.86,-15.96,下跌明显,False,False
1985-01,黄金,gold,28.59,元/克,-5.24,-11.21,-16.16,-17.32,下跌明显,False,False
1985-02,黄金,gold,28.24,元/克,-1.22,-12.54,-13.98,-22.2,持续下跌,False,False
1985-03,黄金,gold,29.6,元/克,4.82,-1.89,-7.85,-20.83,温和上涨,False,False
1985-04,黄金,gold,30.85,元/克,4.22,7.9,-4.19,-15.43,温和上涨,False,False
1985-05,黄金,gold,29.83,元/克,-3.31,5.63,-7.62,-18.05,小幅回落,False,False
1985-06,黄金,gold,29.88,元/克,0.17,0.95,-0.96,-18.65,变化不大,False,False
1985-07,黄金,gold,29.95,元/克,0.23,-2.92,4.76,-12.17,变化不大,False,False
1985-08,黄金,gold,36.65,元/克,22.37,22.86,29.78,11.64,上涨明显,True,True
1985-09,黄金,gold,35.87,元/克,-2.13,20.05,21.18,11.68,小幅回落,False,False
1985-10,黄金,gold,36.14,元/克,0.75,20.67,17.15,12.24,变化不大,False,False
1985-11,黄金,gold,35.66,元/克,-1.33,-2.7,19.54,10.44,小幅回落,False,False
1985-12,黄金,gold,35.71,元/克,0.14,-0.45,19.51,18.36,变化不大,False,False
1986-01,黄金,gold,38.54,元/克,7.92,6.64,28.68,34.8,上涨明显,False,False
1986-02,黄金,gold,37.59,元/克,-2.46,5.41,2.56,33.11,小幅回落,False,False
1986-03,黄金,gold,38.35,元/克,2.02,7.39,6.91,29.56,温和上涨,False,False
1986-04,黄金,gold,37.76,元/克,-1.54,-2.02,4.48,22.4,小幅回落,False,False
1986-05,黄金,gold,37.98,元/克,0.58,1.04,6.51,27.32,变化不大,False,False
1986-06,黄金,gold,38.01,元/克,0.08,-0.89,6.44,27.21,变化不大,False,False
1986-07,黄金,gold,38.64,元/克,1.66,2.33,0.26,29.02,持续上涨,False,False
1986-08,黄金,gold,45.05,元/克,16.59,18.62,19.85,22.92,上涨明显,True,True
1986-09,黄金,gold,49.96,元/克,10.9,31.44,30.27,39.28,上涨明显,True,False
1986-10,黄金,gold,50.65,元/克,1.38,31.08,34.14,40.15,持续上涨,False,False
1986-11,黄金,gold,47.55,元/克,-6.12,5.55,25.2,33.34,下跌明显,False,False
1986-12,黄金,gold,46.75,元/克,-1.68,-6.43,22.99,30.92,小幅回落,False,False
1987-01,黄金,gold,48.83,元/克,4.45,-3.59,26.37,26.7,温和上涨,False,False
1987-02,黄金,gold,47.97,元/克,-1.76,0.88,6.48,27.61,小幅回落,False,False
1987-03,黄金,gold,48.91,元/克,1.96,4.62,-2.1,27.54,温和上涨,False,False
1987-04,黄金,gold,52.43,元/克,7.2,7.37,3.51,38.85,上涨明显,False,False
1987-05,黄金,gold,55.04,元/克,4.98,14.74,15.75,44.92,持续上涨,False,False
1987-06,黄金,gold,53.77,元/克,-2.31,9.94,15.02,41.46,小幅回落,False,False
1987-07,黄金,gold,53.88,元/克,0.2,2.77,10.34,39.44,变化不大,False,False
1987-08,黄金,gold,55.15,元/克,2.36,0.2,14.97,22.42,温和上涨,False,False
1987-09,黄金,gold,55.06,元/克,-0.16,2.4,12.57,10.21,变化不大,False,False
1987-10,黄金,gold,55.66,元/克,1.09,3.3,6.16,9.89,温和上涨,False,False
1987-11,黄金,gold,55.92,元/克,0.47,1.4,1.6,17.6,变化不大,False,False
1987-12,黄金,gold,58.15,元/克,3.99,5.61,8.15,24.38,持续上涨,False,False
1988-01,黄金,gold,57.0,元/克,-1.98,2.41,5.79,16.73,小幅回落,False,False
1988-02,黄金,gold,52.87,元/克,-7.25,-5.45,-4.13,10.21,下跌明显,False,False
1988-03,黄金,gold,53.06,元/克,0.36,-8.75,-3.63,8.48,变化不大,False,False
1988-04,黄金,gold,54.01,元/克,1.79,-5.25,-2.96,3.01,温和上涨,False,False
1988-05,黄金,gold,53.95,元/克,-0.11,2.04,-3.52,-1.98,变化不大,False,False
1988-06,黄金,gold,53.98,元/克,0.06,1.73,-7.17,0.39,变化不大,False,False
1988-07,黄金,gold,52.34,元/克,-3.04,-3.09,-8.18,-2.86,小幅回落,False,False
1988-08,黄金,gold,51.58,元/克,-1.45,-4.39,-2.44,-6.47,小幅回落,False,False
1988-09,黄金,gold,49.45,元/克,-4.13,-8.39,-6.8,-10.19,持续下跌,False,False
1988-10,黄金,gold,48.65,元/克,-1.62,-7.05,-9.92,-12.59,持续下跌,False,False
1988-11,黄金,gold,50.25,元/克,3.29,-2.58,-6.86,-10.14,温和上涨,False,False
1988-12,黄金,gold,50.12,元/克,-0.26,1.35,-7.15,-13.81,变化不大,False,False
1989-01,黄金,gold,48.32,元/克,-3.59,-0.68,-7.68,-15.23,小幅回落,False,False
1989-02,黄金,gold,46.35,元/克,-4.08,-7.76,-10.14,-12.33,持续下跌,False,False
1989-03,黄金,gold,46.66,元/克,0.67,-6.9,-5.64,-12.06,变化不大,False,False
1989-04,黄金,gold,45.97,元/克,-1.48,-4.86,-5.51,-14.89,小幅回落,False,False
1989-05,黄金,gold,44.38,元/克,-3.46,-4.25,-11.68,-17.74,小幅回落,False,False
1989-06,黄金,gold,43.97,元/克,-0.92,-5.77,-12.27,-18.54,持续下跌,False,False
1989-07,黄金,gold,44.86,元/克,2.02,-2.41,-7.16,-14.29,温和上涨,False,False
1989-08,黄金,gold,56.11,元/克,25.08,26.43,21.06,8.78,上涨明显,True,True
1989-09,黄金,gold,55.59,元/克,-0.93,26.43,19.14,12.42,变化不大,False,False
1989-10,黄金,gold,56.38,元/克,1.42,25.68,22.65,15.89,温和上涨,False,False
1989-11,黄金,gold,60.59,元/克,7.47,7.98,36.53,20.58,上涨明显,False,False
1989-12,黄金,gold,62.92,元/克,3.85,13.19,43.1,25.54,持续上涨,False,False
1990-01,黄金,gold,63.03,元/克,0.17,11.8,40.5,30.44,持续上涨,False,False
1990-02,黄金,gold,64.06,元/克,1.63,5.73,14.17,38.21,持续上涨,False,False
1990-03,黄金,gold,60.41,元/克,-5.7,-3.99,8.67,29.47,下跌明显,False,False
1990-04,黄金,gold,57.51,元/克,-4.8,-8.76,2.0,25.1,小幅回落,False,False
1990-05,黄金,gold,56.72,元/克,-1.37,-11.46,-6.39,27.81,持续下跌,False,False
1990-06,黄金,gold,54.15,元/克,-4.53,-10.36,-13.94,23.15,持续下跌,False,False
1990-07,黄金,gold,55.71,元/克,2.88,-3.13,-11.61,24.19,温和上涨,False,False
1990-08,黄金,gold,67.52,元/克,21.2,19.04,5.4,20.34,上涨明显,True,True
1990-09,黄金,gold,66.59,元/克,-1.38,22.97,10.23,19.79,小幅回落,False,False
1990-10,黄金,gold,65.12,元/克,-2.21,16.89,13.23,15.5,小幅回落,False,False
1990-11,黄金,gold,65.29,元/克,0.26,-3.3,15.11,7.76,变化不大,False,False
1990-12,黄金,gold,64.47,元/克,-1.26,-3.18,19.06,2.46,小幅回落,False,False
1991-01,黄金,gold,65.62,元/克,1.78,0.77,17.79,4.11,温和上涨,False,False
1991-02,黄金,gold,62.23,元/克,-5.17,-4.69,-7.83,-2.86,下跌明显,False,False
1991-03,黄金,gold,62.15,元/克,-0.13,-3.6,-6.67,2.88,变化不大,False,False
1991-04,黄金,gold,61.3,元/克,-1.37,-6.58,-5.87,6.59,持续下跌,False,False
1991-05,黄金,gold,61.05,元/克,-0.41,-1.9,-6.49,7.63,持续下跌,False,False
1991-06,黄金,gold,62.72,元/克,2.74,0.92,-2.71,15.83,温和上涨,False,False
1991-07,黄金,gold,62.89,元/克,0.27,2.59,-4.16,12.89,变化不大,False,False
1991-08,黄金,gold,63.12,元/克,0.37,3.39,1.43,-6.52,持续上涨,False,False
1991-09,黄金,gold,61.78,元/克,-2.12,-1.5,-0.6,-7.22,小幅回落,False,False
1991-10,黄金,gold,63.54,元/克,2.85,1.03,3.65,-2.43,温和上涨,False,False
1991-11,黄金,gold,63.8,元/克,0.41,1.08,4.5,-2.28,变化不大,False,False
1991-12,黄金,gold,64.08,元/克,0.44,3.72,2.17,-0.6,持续上涨,False,False
1992-01,黄金,gold,62.79,元/克,-2.01,-1.18,-0.16,-4.31,小幅回落,False,False
1992-02,黄金,gold,62.7,元/克,-0.14,-1.72,-0.67,0.76,变化不大,False,False
1992-03,黄金,gold,61.0,元/克,-2.71,-4.81,-1.26,-1.85,持续下跌,False,False
1992-04,黄金,gold,59.99,元/克,-1.66,-4.46,-5.59,-2.14,持续下跌,False,False
1992-05,黄金,gold,59.74,元/克,-0.42,-4.72,-6.36,-2.15,持续下跌,False,False
1992-06,黄金,gold,60.37,元/克,1.05,-1.03,-5.79,-3.75,温和上涨,False,False
1992-07,黄金,gold,62.48,元/克,3.5,4.15,-0.49,-0.65,温和上涨,False,False
1992-08,黄金,gold,63.53,元/克,1.68,6.34,1.32,0.65,持续上涨,False,False
1992-09,黄金,gold,63.97,元/克,0.69,5.96,4.87,3.54,持续上涨,False,False
1992-10,黄金,gold,63.78,元/克,-0.3,2.08,6.32,0.38,变化不大,False,False
1992-11,黄金,gold,62.04,元/克,-2.73,-2.35,3.85,-2.76,小幅回落,False,False
1992-12,黄金,gold,62.0,元/克,-0.06,-3.08,2.7,-3.25,持续下跌,False,False
1993-01,黄金,gold,60.93,元/克,-1.73,-4.47,-2.48,-2.96,持续下跌,False,False
1993-02,黄金,gold,60.98,元/克,0.08,-1.71,-4.01,-2.74,变化不大,False,False
1993-03,黄金,gold,61.13,元/克,0.25,-1.4,-4.44,0.21,变化不大,False,False
1993-04,黄金,gold,63.36,元/克,3.65,3.99,-0.66,5.62,持续上涨,False,False
1993-05,黄金,gold,68.0,元/克,7.32,11.51,9.61,13.83,上涨明显,False,False
1993-06,黄金,gold,68.87,元/克,1.28,12.66,11.08,14.08,持续上涨,False,False
1993-07,黄金,gold,72.63,元/克,5.46,14.63,19.2,16.25,上涨明显,False,False
1993-08,黄金,gold,70.64,元/克,-2.74,3.88,15.84,11.19,小幅回落,False,False
1993-09,黄金,gold,66.25,元/克,-6.21,-3.8,8.38,3.56,下跌明显,False,False
1993-10,黄金,gold,67.91,元/克,2.51,-6.5,7.18,6.48,温和上涨,False,False
1993-11,黄金,gold,69.71,元/克,2.65,-1.32,2.51,12.36,温和上涨,False,False
1993-12,黄金,gold,99.1,元/克,42.16,49.58,43.89,59.84,上涨明显,True,True
1994-01,黄金,gold,100.13,元/克,1.04,47.45,37.86,64.34,持续上涨,False,False
1994-02,黄金,gold,98.95,元/克,-1.18,41.95,40.08,62.27,小幅回落,False,False
1994-03,黄金,gold,99.62,元/克,0.68,0.52,50.37,62.96,变化不大,False,False
1994-04,黄金,gold,97.95,元/克,-1.68,-2.18,44.24,54.59,小幅回落,False,False
1994-05,黄金,gold,99.13,元/克,1.2,0.18,42.2,45.78,温和上涨,False,False
1994-06,黄金,gold,100.33,元/克,1.21,0.71,1.24,45.68,温和上涨,False,False
1994-07,黄金,gold,100.39,元/克,0.06,2.49,0.26,38.22,持续上涨,False,False
1994-08,黄金,gold,99.16,元/克,-1.23,0.03,0.21,40.37,小幅回落,False,False
1994-09,黄金,gold,102.19,元/克,3.06,1.85,2.58,54.25,温和上涨,False,False
1994-10,黄金,gold,101.82,元/克,-0.36,1.42,3.95,49.93,变化不大,False,False
1994-11,黄金,gold,100.51,元/克,-1.29,1.36,1.39,44.18,小幅回落,False,False
1994-12,黄金,gold,99.28,元/克,-1.22,-2.85,-1.05,0.18,持续下跌,False,False
1995-01,黄金,gold,99.19,元/克,-0.09,-2.58,-1.2,-0.94,持续下跌,False,False
1995-02,黄金,gold,98.79,元/克,-0.4,-1.71,-0.37,-0.16,持续下跌,False,False
1995-03,黄金,gold,100.33,元/克,1.56,1.06,-1.82,0.71,温和上涨,False,False
1995-04,黄金,gold,102.78,元/克,2.44,3.62,0.94,4.93,温和上涨,False,False
1995-05,黄金,gold,101.35,元/克,-1.39,2.59,0.84,2.24,小幅回落,False,False
1995-06,黄金,gold,102.07,元/克,0.71,1.73,2.81,1.73,变化不大,False,False
1995-07,黄金,gold,101.82,元/克,-0.24,-0.93,2.65,1.42,变化不大,False,False
1995-08,黄金,gold,101.25,元/克,-0.56,-0.1,2.49,2.11,变化不大,False,False
1995-09,黄金,gold,101.19,元/克,-0.06,-0.86,0.86,-0.98,持续下跌,False,False
1995-10,黄金,gold,101.32,元/克,0.13,-0.49,-1.42,-0.49,变化不大,False,False
1995-11,黄金,gold,101.99,元/克,0.66,0.73,0.63,1.47,变化不大,False,False
1995-12,黄金,gold,102.66,元/克,0.66,1.45,0.58,3.4,持续上涨,False,False
1996-01,黄金,gold,105.95,元/克,3.2,4.57,4.06,6.82,持续上涨,False,False
1996-02,黄金,gold,107.47,元/克,1.43,5.37,6.14,8.79,持续上涨,False,False
1996-03,黄金,gold,105.3,元/克,-2.02,2.57,4.06,4.95,小幅回落,False,False
1996-04,黄金,gold,104.52,元/克,-0.74,-1.35,3.16,1.69,变化不大,False,False
1996-05,黄金,gold,104.38,元/克,-0.13,-2.88,2.34,2.99,持续下跌,False,False
1996-06,黄金,gold,102.71,元/克,-1.6,-2.46,0.05,0.63,持续下跌,False,False
1996-07,黄金,gold,102.33,元/克,-0.37,-2.1,-3.42,0.5,持续下跌,False,False
1996-08,黄金,gold,103.47,元/克,1.11,-0.87,-3.72,2.19,温和上涨,False,False
1996-09,黄金,gold,102.45,元/克,-0.99,-0.25,-2.71,1.25,变化不大,False,False
1996-10,黄金,gold,102.0,元/克,-0.44,-0.32,-2.41,0.67,变化不大,False,False
1996-11,黄金,gold,101.23,元/克,-0.75,-2.16,-3.02,-0.75,持续下跌,False,False
1996-12,黄金,gold,98.96,元/克,-2.24,-3.41,-3.65,-3.6,持续下跌,False,False
1997-01,黄金,gold,94.5,元/克,-4.51,-7.35,-7.65,-10.81,持续下跌,False,False
1997-02,黄金,gold,92.23,元/克,-2.4,-8.89,-10.86,-14.18,持续下跌,False,False
1997-03,黄金,gold,93.62,元/克,1.51,-5.4,-8.62,-11.09,温和上涨,False,False
1997-04,黄金,gold,91.67,元/克,-2.08,-2.99,-10.13,-12.29,小幅回落,False,False
1997-05,黄金,gold,91.5,元/克,-0.19,-0.79,-9.61,-12.34,变化不大,False,False
1997-06,黄金,gold,90.68,元/克,-0.9,-3.14,-8.37,-11.71,持续下跌,False,False
1997-07,黄金,gold,86.25,元/克,-4.89,-5.91,-8.73,-15.71,持续下跌,False,False
1997-08,黄金,gold,86.22,元/克,-0.03,-5.77,-6.52,-16.67,持续下跌,False,False
1997-09,黄金,gold,85.91,元/克,-0.36,-5.26,-8.24,-16.14,持续下跌,False,False
1997-10,黄金,gold,86.45,元/克,0.63,0.23,-5.69,-15.25,变化不大,False,False
1997-11,黄金,gold,81.44,元/克,-5.8,-5.54,-10.99,-19.55,下跌明显,False,False
1997-12,黄金,gold,76.84,元/克,-5.65,-10.56,-15.26,-22.35,下跌明显,False,False
1998-01,黄金,gold,76.93,元/克,0.12,-11.01,-10.81,-18.59,变化不大,False,False
1998-02,黄金,gold,79.17,元/克,2.91,-2.79,-8.18,-14.16,温和上涨,False,False
1998-03,黄金,gold,78.75,元/克,-0.53,2.49,-8.33,-15.88,变化不大,False,False
1998-04,黄金,gold,82.04,元/克,4.18,6.64,-5.1,-10.51,温和上涨,False,False
1998-05,黄金,gold,79.59,元/克,-2.99,0.53,-2.27,-13.02,小幅回落,False,False
1998-06,黄金,gold,77.79,元/克,-2.26,-1.22,1.24,-14.21,小幅回落,False,False
1998-07,黄金,gold,77.94,元/克,0.19,-5.0,1.31,-9.63,变化不大,False,False
1998-08,黄金,gold,75.6,元/克,-3.0,-5.01,-4.51,-12.32,小幅回落,False,False
1998-09,黄金,gold,76.9,元/克,1.72,-1.14,-2.35,-10.49,温和上涨,False,False
1998-10,黄金,gold,78.75,元/克,2.41,1.04,-4.01,-8.91,温和上涨,False,False
1998-11,黄金,gold,78.27,元/克,-0.61,3.53,-1.66,-3.89,变化不大,False,False
1998-12,黄金,gold,77.62,元/克,-0.83,0.94,-0.22,1.02,变化不大,False,False
1999-01,黄金,gold,76.4,元/克,-1.57,-2.98,-1.98,-0.69,持续下跌,False,False
1999-02,黄金,gold,76.46,元/克,0.08,-2.31,1.14,-3.42,变化不大,False,False
1999-03,黄金,gold,76.1,元/克,-0.47,-1.96,-1.04,-3.37,变化不大,False,False
1999-04,黄金,gold,75.21,元/克,-1.17,-1.56,-4.5,-8.33,小幅回落,False,False
1999-05,黄金,gold,73.56,元/克,-2.19,-3.79,-6.02,-7.58,持续下跌,False,False
1999-06,黄金,gold,69.54,元/克,-5.46,-8.62,-10.41,-10.61,下跌明显,False,False
1999-07,黄金,gold,68.15,元/克,-2.0,-9.39,-10.8,-12.56,持续下跌,False,False
1999-08,黄金,gold,68.31,元/克,0.23,-7.14,-10.66,-9.64,变化不大,False,False
1999-09,黄金,gold,70.45,元/克,3.13,1.31,-7.42,-8.39,温和上涨,False,False
1999-10,黄金,gold,82.69,元/克,17.37,21.34,9.95,5.0,上涨明显,True,True
1999-11,黄金,gold,78.02,元/克,-5.65,14.21,6.06,-0.32,下跌明显,False,False
1999-12,黄金,gold,75.33,元/克,-3.45,6.93,8.33,-2.95,小幅回落,False,False
2000-01,黄金,gold,75.66,元/克,0.44,-8.5,11.02,-0.97,变化不大,False,False
2000-02,黄金,gold,79.8,元/克,5.47,2.28,16.82,4.37,上涨明显,False,False
2000-03,黄金,gold,76.21,元/克,-4.5,1.17,8.18,0.14,小幅回落,False,False
2000-04,黄金,gold,74.43,元/克,-2.34,-1.63,-9.99,-1.04,小幅回落,False,False
2000-05,黄金,gold,73.23,元/克,-1.61,-8.23,-6.14,-0.45,持续下跌,False,False
2000-06,黄金,gold,76.04,元/克,3.84,-0.22,0.94,9.35,温和上涨,False,False
2000-07,黄金,gold,74.93,元/克,-1.46,0.67,-0.96,9.95,小幅回落,False,False
2000-08,黄金,gold,73.04,元/克,-2.52,-0.26,-8.47,6.92,小幅回落,False,False
2000-09,黄金,gold,72.83,元/克,-0.29,-4.22,-4.44,3.38,持续下跌,False,False
2000-10,黄金,gold,71.85,元/克,-1.35,-4.11,-3.47,-13.11,持续下跌,False,False
2000-11,黄金,gold,70.79,元/克,-1.48,-3.08,-3.33,-9.27,持续下跌,False,False
2000-12,黄金,gold,72.24,元/克,2.05,-0.81,-5.0,-4.1,温和上涨,False,False
2001-01,黄金,gold,70.65,元/克,-2.2,-1.67,-5.71,-6.62,小幅回落,False,False
2001-02,黄金,gold,69.69,元/克,-1.36,-1.55,-4.59,-12.67,小幅回落,False,False
2001-03,黄金,gold,70.0,元/克,0.44,-3.1,-3.89,-8.15,变化不大,False,False
2001-04,黄金,gold,69.32,元/克,-0.97,-1.88,-3.52,-6.87,变化不大,False,False
2001-05,黄金,gold,72.48,元/克,4.56,4.0,2.39,-1.02,温和上涨,False,False
2001-06,黄金,gold,71.91,元/克,-0.79,2.73,-0.46,-5.43,变化不大,False,False
2001-07,黄金,gold,71.19,元/克,-1.0,2.7,0.76,-4.99,小幅回落,False,False
2001-08,黄金,gold,72.49,元/克,1.83,0.01,4.02,-0.75,温和上涨,False,False
2001-09,黄金,gold,75.42,元/克,4.04,4.88,7.74,3.56,温和上涨,False,False
2001-10,黄金,gold,75.33,元/克,-0.12,5.82,8.67,4.84,变化不大,False,False
2001-11,黄金,gold,73.49,元/克,-2.44,1.38,1.39,3.81,小幅回落,False,False
2001-12,黄金,gold,73.41,元/克,-0.11,-2.67,2.09,1.62,持续下跌,False,False
2002-01,黄金,gold,74.91,元/克,2.04,-0.56,5.23,6.03,温和上涨,False,False
2002-02,黄金,gold,78.64,元/克,4.98,7.01,8.48,12.84,温和上涨,False,False
2002-03,黄金,gold,78.25,元/克,-0.5,6.59,3.75,11.79,变化不大,False,False
2002-04,黄金,gold,80.55,元/克,2.94,7.53,6.93,16.2,温和上涨,False,False
2002-05,黄金,gold,83.69,元/克,3.9,6.42,13.88,15.47,温和上涨,False,False
2002-06,黄金,gold,85.47,元/克,2.13,9.23,16.43,18.86,持续上涨,False,False
2002-07,黄金,gold,83.37,元/克,-2.46,3.5,11.29,17.11,小幅回落,False,False
2002-08,黄金,gold,82.56,元/克,-0.97,-1.35,4.98,13.89,变化不大,False,False
2002-09,黄金,gold,84.93,元/克,2.87,-0.63,8.54,12.61,温和上涨,False,False
2002-10,黄金,gold,84.24,元/克,-0.81,1.04,4.58,11.83,变化不大,False,False
2002-11,黄金,gold,84.91,元/克,0.8,2.85,1.46,15.54,变化不大,False,False
2002-12,黄金,gold,88.33,元/克,4.03,4.0,3.35,20.32,温和上涨,False,False
2003-01,黄金,gold,94.96,元/克,7.51,12.73,13.9,26.77,上涨明显,False,False
2003-02,黄金,gold,95.53,元/克,0.6,12.51,15.71,21.48,持续上涨,False,False
2003-03,黄金,gold,90.62,元/克,-5.14,2.59,6.7,15.81,下跌明显,False,False
2003-04,黄金,gold,87.33,元/克,-3.63,-8.04,3.67,8.42,小幅回落,False,False
2003-05,黄金,gold,94.65,元/克,8.38,-0.92,11.47,13.1,上涨明显,True,False
2003-06,黄金,gold,94.83,元/克,0.19,4.65,7.36,10.95,变化不大,False,False
2003-07,黄金,gold,93.41,元/克,-1.5,6.96,-1.63,12.04,小幅回落,False,False
2003-08,黄金,gold,95.74,元/克,2.49,1.15,0.22,15.96,温和上涨,False,False
2003-09,黄金,gold,100.84,元/克,5.33,6.34,11.28,18.73,上涨明显,False,False
2003-10,黄金,gold,100.83,元/克,-0.01,7.94,15.46,19.69,变化不大,False,False
2003-11,黄金,gold,103.76,元/克,2.91,8.38,9.62,22.2,温和上涨,False,False
2003-12,黄金,gold,108.29,元/克,4.37,7.39,14.19,22.6,温和上涨,False,False
2004-01,黄金,gold,110.11,元/克,1.68,9.2,17.88,15.95,持续上涨,False,False
2004-02,黄金,gold,107.74,元/克,-2.15,3.84,12.53,12.78,小幅回落,False,False
2004-03,黄金,gold,108.22,元/克,0.45,-0.06,7.32,19.42,变化不大,False,False
2004-04,黄金,gold,107.31,元/克,-0.84,-2.54,6.43,22.88,变化不大,False,False
2004-05,黄金,gold,102.13,元/克,-4.83,-5.21,-1.57,7.9,小幅回落,False,False
2004-06,黄金,gold,104.41,元/克,2.23,-3.52,-3.58,10.1,温和上涨,False,False
2004-07,黄金,gold,105.94,元/克,1.47,-1.28,-3.79,13.41,温和上涨,False,False
2004-08,黄金,gold,106.58,元/克,0.6,4.36,-1.08,11.32,持续上涨,False,False
2004-09,黄金,gold,107.85,元/克,1.19,3.29,-0.34,6.95,持续上涨,False,False
2004-10,黄金,gold,111.89,元/克,3.75,5.62,4.27,10.97,持续上涨,False,False
2004-11,黄金,gold,116.92,元/克,4.5,9.7,14.48,12.68,持续上涨,False,False
2004-12,黄金,gold,117.64,元/克,0.62,9.08,12.67,8.63,持续上涨,False,False
2005-01,黄金,gold,112.84,元/克,-4.08,0.85,6.51,2.48,小幅回落,False,False
2005-02,黄金,gold,112.66,元/克,-0.16,-3.64,5.7,4.57,变化不大,False,False
2005-03,黄金,gold,115.45,元/克,2.48,-1.86,7.05,6.68,温和上涨,False,False
2005-04,黄金,gold,114.22,元/克,-1.07,1.22,2.08,6.44,小幅回落,False,False
2005-05,黄金,gold,112.26,元/克,-1.72,-0.36,-3.99,9.92,小幅回落,False,False
2005-06,黄金,gold,114.6,元/克,2.08,-0.74,-2.58,9.76,温和上涨,False,False
2005-07,黄金,gold,112.96,元/克,-1.43,-1.1,0.11,6.63,小幅回落,False,False
2005-08,黄金,gold,116.34,元/克,2.99,3.63,3.27,9.16,温和上涨,False,False
2005-09,黄金,gold,120.9,元/克,3.92,5.5,4.72,12.1,温和上涨,False,False
2005-10,黄金,gold,124.31,元/克,2.82,10.05,8.83,11.1,持续上涨,False,False
2005-11,黄金,gold,125.84,元/克,1.23,8.17,12.1,7.63,持续上涨,False,False
2005-12,黄金,gold,134.39,元/克,6.79,11.16,17.27,14.24,上涨明显,False,False
2006-01,黄金,gold,144.56,元/克,7.57,16.29,27.97,28.11,上涨明显,False,False
2006-02,黄金,gold,145.6,元/克,0.72,15.7,25.15,29.24,持续上涨,False,False
2006-03,黄金,gold,145.84,元/克,0.16,8.52,20.63,26.32,持续上涨,False,False
2006-04,黄金,gold,159.53,元/克,9.39,10.36,28.33,39.67,上涨明显,True,False
2006-05,黄金,gold,176.07,元/克,10.37,20.93,39.92,56.84,上涨明显,True,False
2006-06,黄金,gold,155.08,元/克,-11.92,6.34,15.4,35.32,下跌明显,True,False
2006-07,黄金,gold,164.5,元/克,6.07,3.12,13.79,45.63,上涨明显,False,False
2006-08,黄金,gold,163.86,元/克,-0.39,-6.93,12.54,40.85,变化不大,False,False
2006-09,黄金,gold,154.62,元/克,-5.64,-0.3,6.02,27.89,下跌明显,False,False
2006-10,黄金,gold,151.09,元/克,-2.28,-8.15,-5.29,21.54,持续下跌,False,False
2006-11,黄金,gold,161.59,元/克,6.95,-1.39,-8.22,28.41,上涨明显,False,False
2006-12,黄金,gold,161.75,元/克,0.1,4.61,4.3,20.36,变化不大,False,False
2007-01,黄金,gold,161.75,元/克,0.0,7.06,-1.67,11.89,变化不大,False,False
2007-02,黄金,gold,169.99,元/克,5.09,5.2,3.74,16.75,上涨明显,False,False
2007-03,黄金,gold,167.11,元/克,-1.69,3.31,8.08,14.58,小幅回落,False,False
2007-04,黄金,gold,172.98,元/克,3.51,6.94,14.49,8.43,温和上涨,False,False
2007-05,黄金,gold,169.54,元/克,-1.99,-0.26,4.92,-3.71,小幅回落,False,False
2007-06,黄金,gold,166.22,元/克,-1.96,-0.53,2.76,7.18,小幅回落,False,False
2007-07,黄金,gold,168.32,元/克,1.26,-2.69,4.06,2.32,温和上涨,False,False
2007-08,黄金,gold,167.96,元/克,-0.21,-0.93,-1.19,2.5,变化不大,False,False
2007-09,黄金,gold,179.49,元/克,6.86,7.98,7.41,16.08,上涨明显,False,False
2007-10,黄金,gold,189.64,元/克,5.65,12.67,9.63,25.51,上涨明显,False,False
2007-11,黄金,gold,202.17,元/克,6.61,20.37,19.25,25.11,上涨明显,False,False
2007-12,黄金,gold,200.96,元/克,-0.6,11.96,20.9,24.24,变化不大,False,False
2008-01,黄金,gold,222.09,元/克,10.51,17.11,31.95,37.3,上涨明显,True,False
2008-02,黄金,gold,229.74,元/克,3.44,13.64,36.78,35.15,温和上涨,False,False
2008-03,黄金,gold,240.7,元/克,4.77,19.78,34.1,44.04,持续上涨,False,False
2008-04,黄金,gold,225.6,元/克,-6.27,1.58,18.96,30.42,下跌明显,False,False
2008-05,黄金,gold,219.89,元/克,-2.53,-4.29,8.76,29.7,小幅回落,False,False
2008-06,黄金,gold,219.61,元/克,-0.13,-8.76,9.28,32.12,持续下跌,False,False
2008-07,黄金,gold,231.5,元/克,5.41,2.62,4.24,37.54,上涨明显,False,False
2008-08,黄金,gold,206.22,元/克,-10.92,-6.22,-10.24,22.78,下跌明显,True,False
2008-09,黄金,gold,203.53,元/克,-1.3,-7.32,-15.44,13.39,小幅回落,False,False
2008-10,黄金,gold,197.37,元/克,-3.03,-14.74,-12.51,4.08,持续下跌,False,False
2008-11,黄金,gold,185.75,元/克,-5.89,-9.93,-15.53,-8.12,下跌明显,False,False
2008-12,黄金,gold,198.78,元/克,7.01,-2.33,-9.49,-1.08,上涨明显,False,False
2009-01,黄金,gold,208.69,元/克,4.99,5.74,-9.85,-6.03,温和上涨,False,False
2009-02,黄金,gold,228.65,元/克,9.56,23.1,10.88,-0.47,上涨明显,True,False
2009-03,黄金,gold,223.6,元/克,-2.21,12.49,9.86,-7.1,小幅回落,False,False
2009-04,黄金,gold,214.87,元/克,-3.9,2.96,8.87,-4.76,小幅回落,False,False
2009-05,黄金,gold,223.64,元/克,4.08,-2.19,20.4,1.71,温和上涨,False,False
2009-06,黄金,gold,227.21,元/克,1.6,1.61,14.3,3.46,温和上涨,False,False
2009-07,黄金,gold,223.95,元/克,-1.43,4.23,7.31,-3.26,小幅回落,False,False
2009-08,黄金,gold,227.06,元/克,1.39,1.53,-0.7,10.11,温和上涨,False,False
2009-09,黄金,gold,237.8,元/克,4.73,4.66,6.35,16.84,温和上涨,False,False
2009-10,黄金,gold,248.33,元/克,4.43,10.89,15.57,25.82,持续上涨,False,False
2009-11,黄金,gold,267.68,元/克,7.79,17.89,19.69,44.11,上涨明显,False,False
2009-12,黄金,gold,268.88,元/克,0.45,13.07,18.34,35.27,持续上涨,False,False
2010-01,黄金,gold,264.29,元/克,-1.71,6.43,18.01,26.64,小幅回落,False,False
2010-02,黄金,gold,258.35,元/克,-2.25,-3.49,13.78,12.99,小幅回落,False,False
2010-03,黄金,gold,261.97,元/克,1.4,-2.57,10.16,17.16,温和上涨,False,False
2010-04,黄金,gold,269.65,元/克,2.93,2.03,8.59,25.49,温和上涨,False,False
2010-05,黄金,gold,282.31,元/克,4.7,9.27,5.47,26.23,持续上涨,False,False
2010-06,黄金,gold,288.07,元/克,2.04,9.96,7.14,26.79,持续上涨,False,False
2010-07,黄金,gold,278.07,元/克,-3.47,3.12,5.21,24.17,小幅回落,False,False
2010-08,黄金,gold,282.72,元/克,1.67,0.15,9.43,24.51,温和上涨,False,False
2010-09,黄金,gold,294.85,元/克,4.29,2.35,12.55,23.99,温和上涨,False,False
2010-10,黄金,gold,310.59,元/克,5.34,11.69,15.18,25.07,上涨明显,False,False
2010-11,黄金,gold,316.29,元/克,1.84,11.87,12.04,18.16,持续上涨,False,False
2010-12,黄金,gold,320.29,元/克,1.26,8.63,11.18,19.12,持续上涨,False,False
2011-01,黄金,gold,312.61,元/克,-2.4,0.65,12.42,18.28,小幅回落,False,False
2011-02,黄金,gold,315.12,元/克,0.8,-0.37,11.46,21.97,变化不大,False,False
2011-03,黄金,gold,325.47,元/克,3.28,1.62,10.38,24.24,温和上涨,False,False
2011-04,黄金,gold,337.83,元/克,3.8,8.07,8.77,25.28,持续上涨,False,False
2011-05,黄金,gold,344.22,元/克,1.89,9.23,8.83,21.93,持续上涨,False,False
2011-06,黄金,gold,347.2,元/克,0.87,6.68,8.4,20.53,持续上涨,False,False
2011-07,黄金,gold,356.18,元/克,2.59,5.43,13.94,28.09,持续上涨,False,False
2011-08,黄金,gold,397.39,元/克,11.57,15.45,26.11,40.56,上涨明显,True,False
2011-09,黄金,gold,399.38,元/克,0.5,15.03,22.71,35.45,持续上涨,False,False
2011-10,黄金,gold,374.64,元/克,-6.19,5.18,10.9,20.62,下跌明显,False,False
2011-11,黄金,gold,389.99,元/克,4.1,-1.86,13.3,23.3,温和上涨,False,False
2011-12,黄金,gold,366.88,元/克,-5.93,-8.14,5.67,14.55,下跌明显,False,False
2012-01,黄金,gold,369.11,元/克,0.61,-1.48,3.63,18.07,变化不大,False,False
2012-02,黄金,gold,388.41,元/克,5.23,-0.41,-2.26,23.26,上涨明显,False,False
2012-03,黄金,gold,372.15,元/克,-4.19,1.44,-6.82,14.34,小幅回落,False,False
2012-04,黄金,gold,365.3,元/克,-1.84,-1.03,-2.49,8.13,小幅回落,False,False
2012-05,黄金,gold,351.1,元/克,-3.89,-9.61,-9.97,2.0,持续下跌,False,False
2012-06,黄金,gold,352.37,元/克,0.36,-5.32,-3.96,1.49,变化不大,False,False
2012-07,黄金,gold,350.5,元/克,-0.53,-4.05,-5.04,-1.59,变化不大,False,False
2012-08,黄金,gold,357.52,元/克,2.0,1.83,-7.95,-10.03,温和上涨,False,False
2012-09,黄金,gold,381.67,元/克,6.75,8.32,2.56,-4.43,上涨明显,False,False
2012-10,黄金,gold,381.09,元/克,-0.15,8.73,4.32,1.72,变化不大,False,False
2012-11,黄金,gold,374.69,元/克,-1.68,4.8,6.72,-3.92,小幅回落,False,False
2012-12,黄金,gold,365.74,元/克,-2.39,-4.17,3.79,-0.31,持续下跌,False,False
2013-01,黄金,gold,362.01,元/克,-1.02,-5.01,3.28,-1.92,持续下跌,False,False
2013-02,黄金,gold,351.53,元/克,-2.89,-6.18,-1.68,-9.5,持续下跌,False,False
2013-03,黄金,gold,343.2,元/克,-2.37,-6.16,-10.08,-7.78,持续下跌,False,False
2013-04,黄金,gold,319.71,元/克,-6.84,-11.68,-16.11,-12.48,下跌明显,False,False
2013-05,黄金,gold,303.06,元/克,-5.21,-13.79,-19.12,-13.68,下跌明显,False,False
2013-06,黄金,gold,287.18,元/克,-5.24,-16.32,-21.48,-18.5,下跌明显,False,False
2013-07,黄金,gold,274.1,元/克,-4.55,-14.27,-24.28,-21.8,持续下跌,False,False
2013-08,黄金,gold,287.48,元/克,4.88,-5.14,-18.22,-19.59,温和上涨,False,False
2013-09,黄金,gold,286.07,元/克,-0.49,-0.39,-16.65,-25.05,变化不大,False,False
2013-10,黄金,gold,278.55,元/克,-2.63,1.62,-12.87,-26.91,小幅回落,False,False
2013-11,黄金,gold,269.23,元/克,-3.35,-6.35,-11.16,-28.15,持续下跌,False,False
2013-12,黄金,gold,257.09,元/克,-4.51,-10.13,-10.48,-29.71,持续下跌,False,False
2014-01,黄金,gold,261.19,元/克,1.59,-6.23,-4.71,-27.85,温和上涨,False,False
2014-02,黄金,gold,272.08,元/克,4.17,1.06,-5.36,-22.6,温和上涨,False,False
2014-03,黄金,gold,278.99,元/克,2.54,8.52,-2.47,-18.71,持续上涨,False,False
2014-04,黄金,gold,270.41,元/克,-3.08,3.53,-2.92,-15.42,小幅回落,False,False
2014-05,黄金,gold,267.68,元/克,-1.01,-1.62,-0.58,-11.67,小幅回落,False,False
2014-06,黄金,gold,264.97,元/克,-1.01,-5.03,3.07,-7.73,持续下跌,False,False
2014-07,黄金,gold,270.77,元/克,2.19,0.13,3.67,-1.21,温和上涨,False,False
2014-08,黄金,gold,266.86,元/克,-1.44,-0.31,-1.92,-7.17,小幅回落,False,False
2014-09,黄金,gold,254.11,元/克,-4.78,-4.1,-8.92,-11.17,小幅回落,False,False
2014-10,黄金,gold,250.54,元/克,-1.4,-7.47,-7.35,-10.06,持续下跌,False,False
2014-11,黄金,gold,240.23,元/克,-4.12,-9.98,-10.25,-10.77,持续下跌,False,False
2014-12,黄金,gold,244.74,元/克,1.88,-3.69,-7.63,-4.8,温和上涨,False,False
2015-01,黄金,gold,254.26,元/克,3.89,1.48,-6.1,-2.65,温和上涨,False,False
2015-02,黄金,gold,248.77,元/克,-2.16,3.55,-6.78,-8.57,小幅回落,False,False
2015-03,黄金,gold,238.3,元/克,-4.21,-2.63,-6.22,-14.58,小幅回落,False,False
2015-04,黄金,gold,241.74,元/克,1.44,-4.92,-3.51,-10.6,温和上涨,False,False
2015-05,黄金,gold,241.02,元/克,-0.3,-3.12,0.33,-9.96,变化不大,False,False
2015-06,黄金,gold,236.93,元/克,-1.7,-0.57,-3.19,-10.58,小幅回落,False,False
2015-07,黄金,gold,225.64,元/克,-4.77,-6.66,-11.26,-16.67,持续下跌,False,False
2015-08,黄金,gold,238.66,元/克,5.77,-0.98,-4.06,-10.57,上涨明显,False,False
2015-09,黄金,gold,240.12,元/克,0.61,1.35,0.76,-5.51,变化不大,False,False
2015-10,黄金,gold,247.48,元/克,3.07,9.68,2.37,-1.22,持续上涨,False,False
2015-11,黄金,gold,231.93,元/克,-6.28,-2.82,-3.77,-3.45,下跌明显,False,False
2015-12,黄金,gold,229.65,元/克,-0.98,-4.36,-3.07,-6.17,变化不大,False,False
2016-01,黄金,gold,234.38,元/克,2.06,-5.29,3.87,-7.82,温和上涨,False,False
2016-02,黄金,gold,256.07,元/克,9.25,10.41,7.29,2.93,上涨明显,True,False
2016-03,黄金,gold,265.81,元/克,3.8,15.75,10.7,11.54,持续上涨,False,False
2016-04,黄金,gold,265.2,元/克,-0.23,13.15,7.16,9.7,变化不大,False,False
2016-05,黄金,gold,269.19,元/克,1.5,5.12,16.07,11.69,温和上涨,False,False
2016-06,黄金,gold,272.49,元/克,1.23,2.51,18.65,15.01,温和上涨,False,False
2016-07,黄金,gold,285.35,元/克,4.72,7.6,21.75,26.46,持续上涨,False,False
2016-08,黄金,gold,290.84,元/克,1.92,8.04,13.58,21.86,持续上涨,False,False
2016-09,黄金,gold,287.9,元/克,-1.01,5.66,8.31,19.9,小幅回落,False,False
2016-10,黄金,gold,274.86,元/克,-4.53,-3.68,3.64,11.06,小幅回落,False,False
2016-11,黄金,gold,268.74,元/克,-2.23,-7.6,-0.17,15.87,持续下跌,False,False
2016-12,黄金,gold,251.17,元/克,-6.54,-12.76,-7.82,9.37,下跌明显,False,False
2017-01,黄金,gold,258.71,元/克,3.0,-5.88,-9.34,10.38,温和上涨,False,False
2017-02,黄金,gold,267.84,元/克,3.53,-0.33,-7.91,4.6,温和上涨,False,False
2017-03,黄金,gold,267.24,元/克,-0.22,6.4,-7.18,0.54,变化不大,False,False
2017-04,黄金,gold,274.93,元/克,2.88,6.27,0.03,3.67,温和上涨,False,False
2017-05,黄金,gold,270.41,元/克,-1.64,0.96,0.62,0.45,小幅回落,False,False
2017-06,黄金,gold,273.5,元/克,1.14,2.34,8.89,0.37,温和上涨,False,False
2017-07,黄金,gold,268.42,元/克,-1.86,-2.37,3.75,-5.93,小幅回落,False,False
2017-08,黄金,gold,273.08,元/克,1.74,0.99,1.96,-6.11,温和上涨,False,False
2017-09,黄金,gold,279.68,元/克,2.42,2.26,4.66,-2.86,温和上涨,False,False
2017-10,黄金,gold,272.33,元/克,-2.63,1.46,-0.95,-0.92,小幅回落,False,False
2017-11,黄金,gold,272.84,元/克,0.19,-0.09,0.9,1.53,变化不大,False,False
2017-12,黄金,gold,269.12,元/克,-1.36,-3.78,-1.6,7.15,小幅回落,False,False
2018-01,黄金,gold,283.35,元/克,5.29,4.05,5.56,9.52,上涨明显,False,False
2018-02,黄金,gold,283.23,元/克,-0.04,3.81,3.72,5.75,变化不大,False,False
2018-03,黄金,gold,281.94,元/克,-0.46,4.76,0.81,5.5,变化不大,False,False
2018-04,黄金,gold,284.09,元/克,0.76,0.26,4.32,3.33,变化不大,False,False
2018-05,黄金,gold,277.42,元/克,-2.35,-2.05,1.68,2.59,小幅回落,False,False
2018-06,黄金,gold,272.77,元/克,-1.68,-3.25,1.36,-0.27,小幅回落,False,False
2018-07,黄金,gold,263.43,元/克,-3.42,-7.27,-7.03,-1.86,持续下跌,False,False
2018-08,黄金,gold,264.66,元/克,0.47,-4.6,-6.56,-3.08,变化不大,False,False
2018-09,黄金,gold,263.92,元/克,-0.28,-3.24,-6.39,-5.64,变化不大,False,False
2018-10,黄金,gold,267.67,元/克,1.42,1.61,-5.78,-1.71,温和上涨,False,False
2018-11,黄金,gold,268.83,元/克,0.43,1.58,-3.1,-1.47,变化不大,False,False
2018-12,黄金,gold,275.38,元/克,2.44,4.34,0.96,2.33,持续上涨,False,False
2019-01,黄金,gold,284.49,元/克,3.31,6.28,7.99,0.4,持续上涨,False,False
2019-02,黄金,gold,289.87,元/克,1.89,7.83,9.53,2.34,持续上涨,False,False
2019-03,黄金,gold,285.66,元/克,-1.45,3.73,8.24,1.32,小幅回落,False,False
2019-04,黄金,gold,282.37,元/克,-1.15,-0.75,5.49,-0.61,小幅回落,False,False
2019-05,黄金,gold,281.89,元/克,-0.17,-2.75,4.86,1.61,持续下跌,False,False
2019-06,黄金,gold,298.43,元/克,5.87,4.47,8.37,9.41,上涨明显,False,False
2019-07,黄金,gold,310.26,元/克,3.96,9.88,9.06,17.78,温和上涨,False,False
2019-08,黄金,gold,338.64,元/克,9.15,20.13,16.82,27.95,上涨明显,True,False
2019-09,黄金,gold,340.93,元/克,0.68,14.24,19.35,29.18,持续上涨,False,False
2019-10,黄金,gold,337.38,元/克,-1.04,8.74,19.48,26.04,小幅回落,False,False
2019-11,黄金,gold,331.95,元/克,-1.61,-1.98,17.76,23.48,小幅回落,False,False
2019-12,黄金,gold,333.84,元/克,0.57,-2.08,11.87,21.23,变化不大,False,False
2020-01,黄金,gold,352.24,元/克,5.51,4.4,13.53,23.81,上涨明显,False,False
2020-02,黄金,gold,362.0,元/克,2.77,9.05,6.9,24.88,持续上涨,False,False
2020-03,黄金,gold,360.83,元/克,-0.32,8.08,5.84,26.31,变化不大,False,False
2020-04,黄金,gold,381.51,元/克,5.73,8.31,13.08,35.11,上涨明显,False,False
2020-05,黄金,gold,388.93,元/克,1.94,7.44,17.17,37.97,温和上涨,False,False
2020-06,黄金,gold,392.63,元/克,0.95,8.81,17.61,31.57,持续上涨,False,False
2020-07,黄金,gold,418.53,元/克,6.6,9.7,18.82,34.9,上涨明显,False,False
2020-08,黄金,gold,414.57,元/克,-0.95,6.59,14.52,22.42,变化不大,False,False
2020-09,黄金,gold,404.73,元/克,-2.37,3.08,12.17,18.71,小幅回落,False,False
2020-10,黄金,gold,400.17,元/克,-1.13,-4.39,4.89,18.61,持续下跌,False,False
2020-11,黄金,gold,393.02,元/克,-1.79,-5.2,1.05,18.4,持续下跌,False,False
2020-12,黄金,gold,391.36,元/克,-0.42,-3.3,-0.32,17.23,持续下跌,False,False
2021-01,黄金,gold,393.16,元/克,0.46,-1.75,-6.06,11.62,变化不大,False,False
2021-02,黄金,gold,376.13,元/克,-4.33,-4.3,-9.27,3.9,小幅回落,False,False
2021-03,黄金,gold,357.42,元/克,-4.97,-8.67,-11.69,-0.94,小幅回落,False,False
2021-04,黄金,gold,366.12,元/克,2.43,-6.88,-8.51,-4.03,温和上涨,False,False
2021-05,黄金,gold,384.88,元/克,5.12,2.33,-2.07,-1.04,上涨明显,False,False
2021-06,黄金,gold,381.62,元/克,-0.85,6.77,-2.49,-2.8,变化不大,False,False
2021-07,黄金,gold,376.06,元/克,-1.46,2.72,-4.35,-10.15,小幅回落,False,False
2021-08,黄金,gold,365.63,元/克,-2.77,-5.0,-2.79,-11.8,持续下跌,False,False
2021-09,黄金,gold,363.55,元/克,-0.57,-4.74,1.72,-10.17,持续下跌,False,False
2021-10,黄金,gold,363.9,元/克,0.1,-3.23,-0.61,-9.06,变化不大,False,False
2021-11,黄金,gold,373.1,元/克,2.53,2.04,-3.06,-5.07,温和上涨,False,False
2021-12,黄金,gold,366.68,元/克,-1.72,0.86,-3.91,-6.31,小幅回落,False,False
2022-01,黄金,gold,371.92,元/克,1.43,2.2,-1.1,-5.4,温和上涨,False,False
2022-02,黄金,gold,390.91,元/克,5.11,4.77,6.91,3.93,上涨明显,False,False
2022-03,黄金,gold,410.19,元/克,4.93,11.87,12.83,14.76,持续上涨,False,False
2022-04,黄金,gold,407.88,元/克,-0.56,9.67,12.09,11.41,变化不大,False,False
2022-05,黄金,gold,389.27,元/克,-4.56,-0.42,4.33,1.14,小幅回落,False,False
2022-06,黄金,gold,386.76,元/克,-0.64,-5.71,5.48,1.35,持续下跌,False,False
2022-07,黄金,gold,364.89,元/克,-5.65,-10.54,-1.89,-2.97,下跌明显,False,False
2022-08,黄金,gold,395.99,元/克,8.52,1.73,1.3,8.3,上涨明显,True,False
2022-09,黄金,gold,377.19,元/克,-4.75,-2.47,-8.05,3.75,小幅回落,False,False
2022-10,黄金,gold,373.52,元/克,-0.97,2.37,-8.42,2.64,变化不大,False,False
2022-11,黄金,gold,387.13,元/克,3.64,-2.24,-0.55,3.76,温和上涨,False,False
2022-12,黄金,gold,403.39,元/克,4.2,6.95,4.3,10.01,温和上涨,False,False
2023-01,黄金,gold,425.87,元/克,5.57,14.02,16.71,14.51,上涨明显,False,False
2023-02,黄金,gold,423.34,元/克,-0.59,9.35,6.91,8.3,变化不大,False,False
2023-03,黄金,gold,436.62,元/克,3.14,8.24,15.76,6.44,温和上涨,False,False
2023-04,黄金,gold,456.49,元/克,4.55,7.19,22.21,11.92,温和上涨,False,False
2023-05,黄金,gold,454.74,元/克,-0.38,7.42,17.46,16.82,变化不大,False,False
2023-06,黄金,gold,443.51,元/克,-2.47,1.58,9.95,14.67,小幅回落,False,False
2023-07,黄金,gold,445.36,元/克,0.42,-2.44,4.58,22.05,变化不大,False,False
2023-08,黄金,gold,444.15,元/克,-0.27,-2.33,4.92,12.16,变化不大,False,False
2023-09,黄金,gold,443.51,元/克,-0.14,0.0,1.58,17.58,变化不大,False,False
2023-10,黄金,gold,443.58,元/克,0.02,-0.4,-2.83,18.76,变化不大,False,False
2023-11,黄金,gold,459.29,元/克,3.54,3.41,1.0,18.64,温和上涨,False,False
2023-12,黄金,gold,469.03,元/克,2.12,5.75,5.75,16.27,持续上涨,False,False
2024-01,黄金,gold,470.85,元/克,0.39,6.15,5.72,10.56,持续上涨,False,False
2024-02,黄金,gold,471.6,元/克,0.16,2.68,6.18,11.4,持续上涨,False,False
2024-03,黄金,gold,503.02,元/克,6.66,7.25,13.42,15.21,上涨明显,False,False
2024-04,黄金,gold,543.44,元/克,8.04,15.42,22.51,19.05,上涨明显,True,False
2024-05,黄金,gold,548.03,元/克,0.84,16.21,19.32,20.52,持续上涨,False,False
2024-06,黄金,gold,542.28,元/克,-1.05,7.8,15.62,22.27,小幅回落,False,False
2024-07,黄金,gold,559.0,元/克,3.08,2.86,18.72,25.52,温和上涨,False,False
2024-08,黄金,gold,578.16,元/克,3.43,5.5,22.6,30.17,温和上涨,False,False
2024-09,黄金,gold,601.66,元/克,4.06,10.95,19.61,35.66,持续上涨,False,False
2024-10,黄金,gold,629.63,元/克,4.65,12.64,15.86,41.94,持续上涨,False,False
2024-11,黄金,gold,620.52,元/克,-1.45,7.33,13.23,35.1,小幅回落,False,False
2024-12,黄金,gold,619.79,元/克,-0.12,3.01,14.29,32.14,变化不大,False,False
2025-01,黄金,gold,634.22,元/克,2.33,0.73,13.46,34.7,温和上涨,False,False
2025-02,黄金,gold,668.23,元/克,5.36,7.69,15.58,41.69,上涨明显,False,False
2025-03,黄金,gold,688.66,元/克,3.06,11.11,14.46,36.91,持续上涨,False,False
2025-04,黄金,gold,742.77,元/克,7.86,17.12,17.97,36.68,上涨明显,False,False
2025-05,黄金,gold,763.97,元/克,2.85,14.33,23.12,39.4,持续上涨,False,False
2025-06,黄金,gold,773.94,元/克,1.31,12.38,24.87,42.72,持续上涨,False,False
2025-07,黄金,gold,771.05,元/克,-0.37,3.81,21.57,37.93,变化不大,False,False
2025-08,黄金,gold,779.65,元/克,1.12,2.05,16.67,34.85,温和上涨,False,False
2025-09,黄金,gold,849.01,元/克,8.9,9.7,23.28,41.11,上涨明显,True,False
2025-10,黄金,gold,939.44,元/克,10.65,21.84,26.48,49.21,上涨明显,True,False
2025-11,黄金,gold,946.12,元/克,0.71,21.35,23.84,52.47,持续上涨,False,False
2025-12,黄金,gold,997.52,元/克,5.43,17.49,28.89,60.94,上涨明显,False,False
2026-01,黄金,gold,1100.19,元/克,10.29,17.11,42.69,73.47,上涨明显,True,False
2026-02,黄金,gold,1162.05,元/克,5.62,22.82,49.05,73.9,上涨明显,False,False
2026-03,黄金,gold,1123.99,元/克,-3.28,12.68,32.39,63.21,小幅回落,False,False
2026-04,黄金,gold,1092.94,元/克,-2.76,-0.66,16.34,47.14,小幅回落,False,False
2026-05,黄金,gold,1061.87,元/克,-2.84,-8.62,12.23,38.99,持续下跌,False,False
1960-01,白银,silver,0.07,元/克,,,,,数据不足,False,False
1960-02,白银,silver,0.07,元/克,0.0,,,,变化不大,False,False
1960-03,白银,silver,0.07,元/克,0.0,,,,变化不大,False,False
1960-04,白银,silver,0.07,元/克,0.0,0.0,,,变化不大,False,False
1960-05,白银,silver,0.07,元/克,0.0,0.0,,,变化不大,False,False
1960-06,白银,silver,0.07,元/克,0.0,0.0,,,变化不大,False,False
1960-07,白银,silver,0.07,元/克,0.0,0.0,0.0,,变化不大,False,False
1960-08,白银,silver,0.07,元/克,0.0,0.0,0.0,,变化不大,False,False
1960-09,白银,silver,0.07,元/克,0.0,0.0,0.0,,变化不大,False,False
1960-10,白银,silver,0.07,元/克,0.0,0.0,0.0,,变化不大,False,False
1960-11,白银,silver,0.07,元/克,0.0,0.0,0.0,,变化不大,False,False
1960-12,白银,silver,0.07,元/克,0.0,0.0,0.0,,变化不大,False,False
1961-01,白银,silver,0.07,元/克,0.0,0.0,0.0,0.0,变化不大,False,False
1961-02,白银,silver,0.07,元/克,0.0,0.0,0.0,0.0,变化不大,False,False
1961-03,白银,silver,0.07,元/克,0.0,0.0,0.0,0.0,变化不大,False,False
1961-04,白银,silver,0.07,元/克,0.0,0.0,0.0,0.0,变化不大,False,False
1961-05,白银,silver,0.07,元/克,0.0,0.0,0.0,0.0,变化不大,False,False
1961-06,白银,silver,0.07,元/克,0.0,0.0,0.0,0.0,变化不大,False,False
1961-07,白银,silver,0.07,元/克,0.0,0.0,0.0,0.0,变化不大,False,False
1961-08,白银,silver,0.07,元/克,0.0,0.0,0.0,0.0,变化不大,False,False
1961-09,白银,silver,0.07,元/克,0.0,0.0,0.0,0.0,变化不大,False,False
1961-10,白银,silver,0.07,元/克,0.0,0.0,0.0,0.0,变化不大,False,False
1961-11,白银,silver,0.07,元/克,0.0,0.0,0.0,0.0,变化不大,False,False
1961-12,白银,silver,0.08,元/克,14.29,14.29,14.29,14.29,上涨明显,True,False
1962-01,白银,silver,0.08,元/克,0.0,14.29,14.29,14.29,变化不大,False,False
1962-02,白银,silver,0.08,元/克,0.0,14.29,14.29,14.29,变化不大,False,False
1962-03,白银,silver,0.08,元/克,0.0,0.0,14.29,14.29,变化不大,False,False
1962-04,白银,silver,0.08,元/克,0.0,0.0,14.29,14.29,变化不大,False,False
1962-05,白银,silver,0.08,元/克,0.0,0.0,14.29,14.29,变化不大,False,False
1962-06,白银,silver,0.08,元/克,0.0,0.0,0.0,14.29,变化不大,False,False
1962-07,白银,silver,0.08,元/克,0.0,0.0,0.0,14.29,变化不大,False,False
1962-08,白银,silver,0.09,元/克,12.5,12.5,12.5,28.57,上涨明显,True,False
1962-09,白银,silver,0.09,元/克,0.0,12.5,12.5,28.57,变化不大,False,False
1962-10,白银,silver,0.1,元/克,11.11,25.0,25.0,42.86,上涨明显,True,False
1962-11,白银,silver,0.09,元/克,-10.0,0.0,12.5,28.57,下跌明显,True,False
1962-12,白银,silver,0.09,元/克,0.0,0.0,12.5,12.5,变化不大,False,False
1963-01,白银,silver,0.1,元/克,11.11,0.0,25.0,25.0,上涨明显,True,False
1963-02,白银,silver,0.1,元/克,0.0,11.11,11.11,25.0,变化不大,False,False
1963-03,白银,silver,0.1,元/克,0.0,11.11,11.11,25.0,变化不大,False,False
1963-04,白银,silver,0.1,元/克,0.0,0.0,0.0,25.0,变化不大,False,False
1963-05,白银,silver,0.1,元/克,0.0,0.0,11.11,25.0,变化不大,False,False
1963-06,白银,silver,0.1,元/克,0.0,0.0,11.11,25.0,变化不大,False,False
1963-07,白银,silver,0.1,元/克,0.0,0.0,0.0,25.0,变化不大,False,False
1963-08,白银,silver,0.1,元/克,0.0,0.0,0.0,11.11,变化不大,False,False
1963-09,白银,silver,0.1,元/克,0.0,0.0,0.0,11.11,变化不大,False,False
1963-10,白银,silver,0.1,元/克,0.0,0.0,0.0,0.0,变化不大,False,False
1963-11,白银,silver,0.1,元/克,0.0,0.0,0.0,11.11,变化不大,False,False
1963-12,白银,silver,0.1,元/克,0.0,0.0,0.0,11.11,变化不大,False,False
1964-01,白银,silver,0.1,元/克,0.0,0.0,0.0,0.0,变化不大,False,False
1964-02,白银,silver,0.1,元/克,0.0,0.0,0.0,0.0,变化不大,False,False
1964-03,白银,silver,0.1,元/克,0.0,0.0,0.0,0.0,变化不大,False,False
1964-04,白银,silver,0.1,元/克,0.0,0.0,0.0,0.0,变化不大,False,False
1964-05,白银,silver,0.1,元/克,0.0,0.0,0.0,0.0,变化不大,False,False
1964-06,白银,silver,0.1,元/克,0.0,0.0,0.0,0.0,变化不大,False,False
1964-07,白银,silver,0.1,元/克,0.0,0.0,0.0,0.0,变化不大,False,False
1964-08,白银,silver,0.1,元/克,0.0,0.0,0.0,0.0,变化不大,False,False
1964-09,白银,silver,0.1,元/克,0.0,0.0,0.0,0.0,变化不大,False,False
1964-10,白银,silver,0.1,元/克,0.0,0.0,0.0,0.0,变化不大,False,False
1964-11,白银,silver,0.1,元/克,0.0,0.0,0.0,0.0,变化不大,False,False
1964-12,白银,silver,0.1,元/克,0.0,0.0,0.0,0.0,变化不大,False,False
1965-01,白银,silver,0.1,元/克,0.0,0.0,0.0,0.0,变化不大,False,False
1965-02,白银,silver,0.1,元/克,0.0,0.0,0.0,0.0,变化不大,False,False
1965-03,白银,silver,0.1,元/克,0.0,0.0,0.0,0.0,变化不大,False,False
1965-04,白银,silver,0.1,元/克,0.0,0.0,0.0,0.0,变化不大,False,False
1965-05,白银,silver,0.1,元/克,0.0,0.0,0.0,0.0,变化不大,False,False
1965-06,白银,silver,0.1,元/克,0.0,0.0,0.0,0.0,变化不大,False,False
1965-07,白银,silver,0.1,元/克,0.0,0.0,0.0,0.0,变化不大,False,False
1965-08,白银,silver,0.1,元/克,0.0,0.0,0.0,0.0,变化不大,False,False
1965-09,白银,silver,0.1,元/克,0.0,0.0,0.0,0.0,变化不大,False,False
1965-10,白银,silver,0.1,元/克,0.0,0.0,0.0,0.0,变化不大,False,False
1965-11,白银,silver,0.1,元/克,0.0,0.0,0.0,0.0,变化不大,False,False
1965-12,白银,silver,0.1,元/克,0.0,0.0,0.0,0.0,变化不大,False,False
1966-01,白银,silver,0.1,元/克,0.0,0.0,0.0,0.0,变化不大,False,False
1966-02,白银,silver,0.1,元/克,0.0,0.0,0.0,0.0,变化不大,False,False
1966-03,白银,silver,0.1,元/克,0.0,0.0,0.0,0.0,变化不大,False,False
1966-04,白银,silver,0.1,元/克,0.0,0.0,0.0,0.0,变化不大,False,False
1966-05,白银,silver,0.1,元/克,0.0,0.0,0.0,0.0,变化不大,False,False
1966-06,白银,silver,0.1,元/克,0.0,0.0,0.0,0.0,变化不大,False,False
1966-07,白银,silver,0.1,元/克,0.0,0.0,0.0,0.0,变化不大,False,False
1966-08,白银,silver,0.1,元/克,0.0,0.0,0.0,0.0,变化不大,False,False
1966-09,白银,silver,0.1,元/克,0.0,0.0,0.0,0.0,变化不大,False,False
1966-10,白银,silver,0.1,元/克,0.0,0.0,0.0,0.0,变化不大,False,False
1966-11,白银,silver,0.1,元/克,0.0,0.0,0.0,0.0,变化不大,False,False
1966-12,白银,silver,0.1,元/克,0.0,0.0,0.0,0.0,变化不大,False,False
1967-01,白银,silver,0.1,元/克,0.0,0.0,0.0,0.0,变化不大,False,False
1967-02,白银,silver,0.1,元/克,0.0,0.0,0.0,0.0,变化不大,False,False
1967-03,白银,silver,0.1,元/克,0.0,0.0,0.0,0.0,变化不大,False,False
1967-04,白银,silver,0.1,元/克,0.0,0.0,0.0,0.0,变化不大,False,False
1967-05,白银,silver,0.1,元/克,0.0,0.0,0.0,0.0,变化不大,False,False
1967-06,白银,silver,0.1,元/克,0.0,0.0,0.0,0.0,变化不大,False,False
1967-07,白银,silver,0.13,元/克,30.0,30.0,30.0,30.0,上涨明显,True,True
1967-08,白银,silver,0.14,元/克,7.69,40.0,40.0,40.0,上涨明显,False,False
1967-09,白银,silver,0.13,元/克,-7.14,30.0,30.0,30.0,下跌明显,False,False
1967-10,白银,silver,0.14,元/克,7.69,7.69,40.0,40.0,上涨明显,False,False
1967-11,白银,silver,0.15,元/克,7.14,7.14,50.0,50.0,上涨明显,False,False
1967-12,白银,silver,0.16,元/克,6.67,23.08,60.0,60.0,上涨明显,False,False
1968-01,白银,silver,0.16,元/克,0.0,14.29,23.08,60.0,变化不大,False,False
1968-02,白银,silver,0.15,元/克,-6.25,0.0,7.14,50.0,下跌明显,False,False
1968-03,白银,silver,0.17,元/克,13.33,6.25,30.77,70.0,上涨明显,True,False
1968-04,白银,silver,0.17,元/克,0.0,6.25,21.43,70.0,变化不大,False,False
1968-05,白银,silver,0.19,元/克,11.76,26.67,26.67,90.0,上涨明显,True,False
1968-06,白银,silver,0.19,元/克,0.0,11.76,18.75,90.0,变化不大,False,False
1968-07,白银,silver,0.18,元/克,-5.26,5.88,12.5,38.46,下跌明显,False,False
1968-08,白银,silver,0.17,元/克,-5.56,-10.53,13.33,21.43,下跌明显,False,False
1968-09,白银,silver,0.17,元/克,0.0,-10.53,0.0,30.77,变化不大,False,False
1968-10,白银,silver,0.16,元/克,-5.88,-11.11,-5.88,14.29,下跌明显,False,False
1968-11,白银,silver,0.16,元/克,0.0,-5.88,-15.79,6.67,变化不大,False,False
1968-12,白银,silver,0.16,元/克,0.0,-5.88,-15.79,0.0,变化不大,False,False
1969-01,白银,silver,0.16,元/克,0.0,0.0,-11.11,0.0,变化不大,False,False
1969-02,白银,silver,0.15,元/克,-6.25,-6.25,-11.76,0.0,下跌明显,False,False
1969-03,白银,silver,0.14,元/克,-6.67,-12.5,-17.65,-17.65,下跌明显,False,False
1969-04,白银,silver,0.14,元/克,0.0,-12.5,-12.5,-17.65,变化不大,False,False
1969-05,白银,silver,0.14,元/克,0.0,-6.67,-12.5,-26.32,变化不大,False,False
1969-06,白银,silver,0.13,元/克,-7.14,-7.14,-18.75,-31.58,下跌明显,False,False
1969-07,白银,silver,0.13,元/克,0.0,-7.14,-18.75,-27.78,变化不大,False,False
1969-08,白银,silver,0.13,元/克,0.0,-7.14,-13.33,-23.53,变化不大,False,False
1969-09,白银,silver,0.14,元/克,7.69,7.69,0.0,-17.65,上涨明显,False,False
1969-10,白银,silver,0.15,元/克,7.14,15.38,7.14,-6.25,上涨明显,False,False
1969-11,白银,silver,0.15,元/克,0.0,15.38,7.14,-6.25,变化不大,False,False
1969-12,白银,silver,0.14,元/克,-6.67,0.0,7.69,-12.5,下跌明显,False,False
1970-01,白银,silver,0.15,元/克,7.14,0.0,15.38,-6.25,上涨明显,False,False
1970-02,白银,silver,0.15,元/克,0.0,0.0,15.38,0.0,变化不大,False,False
1970-03,白银,silver,0.15,元/克,0.0,7.14,7.14,7.14,变化不大,False,False
1970-04,白银,silver,0.15,元/克,0.0,0.0,0.0,7.14,变化不大,False,False
1970-05,白银,silver,0.13,元/克,-13.33,-13.33,-13.33,-7.14,下跌明显,True,False
1970-06,白银,silver,0.13,元/克,0.0,-13.33,-7.14,0.0,变化不大,False,False
1970-07,白银,silver,0.13,元/克,0.0,-13.33,-13.33,0.0,变化不大,False,False
1970-08,白银,silver,0.14,元/克,7.69,7.69,-6.67,7.69,上涨明显,False,False
1970-09,白银,silver,0.14,元/克,0.0,7.69,-6.67,0.0,变化不大,False,False
1970-10,白银,silver,0.14,元/克,0.0,7.69,-6.67,-6.67,变化不大,False,False
1970-11,白银,silver,0.14,元/克,0.0,0.0,7.69,-6.67,变化不大,False,False
1970-12,白银,silver,0.13,元/克,-7.14,-7.14,0.0,-7.14,下跌明显,False,False
1971-01,白银,silver,0.13,元/克,0.0,-7.14,0.0,-13.33,变化不大,False,False
1971-02,白银,silver,0.13,元/克,0.0,-7.14,-7.14,-13.33,变化不大,False,False
1971-03,白银,silver,0.13,元/克,0.0,0.0,-7.14,-13.33,变化不大,False,False
1971-04,白银,silver,0.14,元/克,7.69,7.69,0.0,-6.67,上涨明显,False,False
1971-05,白银,silver,0.13,元/克,-7.14,0.0,-7.14,0.0,下跌明显,False,False
1971-06,白银,silver,0.13,元/克,0.0,0.0,0.0,0.0,变化不大,False,False
1971-07,白银,silver,0.13,元/克,0.0,-7.14,0.0,0.0,变化不大,False,False
1971-08,白银,silver,0.11,元/克,-15.38,-15.38,-15.38,-21.43,下跌明显,True,True
1971-09,白银,silver,0.1,元/克,-9.09,-23.08,-23.08,-28.57,下跌明显,True,False
1971-10,白银,silver,0.1,元/克,0.0,-23.08,-28.57,-28.57,变化不大,False,False
1971-11,白银,silver,0.1,元/克,0.0,-9.09,-23.08,-28.57,变化不大,False,False
1971-12,白银,silver,0.1,元/克,0.0,0.0,-23.08,-23.08,变化不大,False,False
1972-01,白银,silver,0.11,元/克,10.0,10.0,-15.38,-15.38,上涨明显,True,False
1972-02,白银,silver,0.11,元/克,0.0,10.0,0.0,-15.38,变化不大,False,False
1972-03,白银,silver,0.11,元/克,0.0,10.0,10.0,-15.38,变化不大,False,False
1972-04,白银,silver,0.11,元/克,0.0,0.0,10.0,-21.43,变化不大,False,False
1972-05,白银,silver,0.11,元/克,0.0,0.0,10.0,-15.38,变化不大,False,False
1972-06,白银,silver,0.11,元/克,0.0,0.0,10.0,-15.38,变化不大,False,False
1972-07,白银,silver,0.13,元/克,18.18,18.18,18.18,0.0,上涨明显,True,True
1972-08,白银,silver,0.12,元/克,-7.69,9.09,9.09,9.09,下跌明显,False,False
1972-09,白银,silver,0.11,元/克,-8.33,0.0,0.0,10.0,下跌明显,True,False
1972-10,白银,silver,0.12,元/克,9.09,-7.69,9.09,20.0,上涨明显,True,False
1972-11,白银,silver,0.12,元/克,0.0,0.0,9.09,20.0,变化不大,False,False
1972-12,白银,silver,0.13,元/克,8.33,18.18,18.18,30.0,上涨明显,True,False
1973-01,白银,silver,0.13,元/克,0.0,8.33,0.0,18.18,变化不大,False,False
1973-02,白银,silver,0.14,元/克,7.69,16.67,16.67,27.27,上涨明显,False,False
1973-03,白银,silver,0.15,元/克,7.14,15.38,36.36,36.36,上涨明显,False,False
1973-04,白银,silver,0.14,元/克,-6.67,7.69,16.67,27.27,下跌明显,False,False
1973-05,白银,silver,0.15,元/克,7.14,7.14,25.0,36.36,上涨明显,False,False
1973-06,白银,silver,0.17,元/克,13.33,13.33,30.77,54.55,上涨明显,True,False
1973-07,白银,silver,0.17,元/克,0.0,21.43,30.77,30.77,变化不大,False,False
1973-08,白银,silver,0.13,元/克,-23.53,-13.33,-7.14,8.33,下跌明显,True,True
1973-09,白银,silver,0.13,元/克,0.0,-23.53,-13.33,18.18,变化不大,False,False
1973-10,白银,silver,0.14,元/克,7.69,-17.65,0.0,16.67,上涨明显,False,False
1973-11,白银,silver,0.14,元/克,0.0,7.69,-6.67,16.67,变化不大,False,False
1973-12,白银,silver,0.16,元/克,14.29,23.08,-5.88,23.08,上涨明显,True,False
1974-01,白银,silver,0.18,元/克,12.5,28.57,5.88,38.46,上涨明显,True,False
1974-02,白银,silver,0.27,元/克,50.0,92.86,107.69,92.86,上涨明显,True,True
1974-03,白银,silver,0.27,元/克,0.0,68.75,107.69,80.0,变化不大,False,False
1974-04,白银,silver,0.26,元/克,-3.7,44.44,85.71,85.71,小幅回落,False,False
1974-05,白银,silver,0.28,元/克,7.69,3.7,100.0,86.67,上涨明显,False,False
1974-06,白银,silver,0.25,元/克,-10.71,-7.41,56.25,47.06,下跌明显,True,False
1974-07,白银,silver,0.23,元/克,-8.0,-11.54,27.78,35.29,下跌明显,False,False
1974-08,白银,silver,0.23,元/克,0.0,-17.86,-14.81,76.92,变化不大,False,False
1974-09,白银,silver,0.21,元/克,-8.7,-16.0,-22.22,61.54,下跌明显,True,False
1974-10,白银,silver,0.25,元/克,19.05,8.7,-3.85,78.57,上涨明显,True,True
1974-11,白银,silver,0.25,元/克,0.0,8.7,-10.71,78.57,变化不大,False,False
1974-12,白银,silver,0.23,元/克,-8.0,9.52,-8.0,43.75,下跌明显,False,False
1975-01,白银,silver,0.22,元/克,-4.35,-12.0,-4.35,22.22,小幅回落,False,False
1975-02,白银,silver,0.23,元/克,4.55,-8.0,0.0,-14.81,温和上涨,False,False
1975-03,白银,silver,0.23,元/克,0.0,0.0,9.52,-14.81,变化不大,False,False
1975-04,白银,silver,0.23,元/克,0.0,4.55,-8.0,-11.54,变化不大,False,False
1975-05,白银,silver,0.25,元/克,8.7,8.7,0.0,-10.71,上涨明显,True,False
1975-06,白银,silver,0.24,元/克,-4.0,4.35,4.35,-4.0,小幅回落,False,False
1975-07,白银,silver,0.26,元/克,8.33,13.04,18.18,13.04,上涨明显,True,False
1975-08,白银,silver,0.27,元/克,3.85,8.0,17.39,17.39,温和上涨,False,False
1975-09,白银,silver,0.25,元/克,-7.41,4.17,8.7,19.05,下跌明显,False,False
1975-10,白银,silver,0.24,元/克,-4.0,-7.69,4.35,-4.0,小幅回落,False,False
1975-11,白银,silver,0.24,元/克,0.0,-11.11,-4.0,-4.0,变化不大,False,False
1975-12,白银,silver,0.23,元/克,-4.17,-8.0,-4.17,0.0,小幅回落,False,False
1976-01,白银,silver,0.23,元/克,0.0,-4.17,-11.54,4.55,变化不大,False,False
1976-02,白银,silver,0.23,元/克,0.0,-4.17,-14.81,0.0,变化不大,False,False
1976-03,白银,silver,0.24,元/克,4.35,4.35,-4.0,4.35,温和上涨,False,False
1976-04,白银,silver,0.25,元/克,4.17,8.7,4.17,8.7,温和上涨,False,False
1976-05,白银,silver,0.26,元/克,4.0,13.04,8.33,4.0,持续上涨,False,False
1976-06,白银,silver,0.28,元/克,7.69,16.67,21.74,16.67,上涨明显,False,False
1976-07,白银,silver,0.28,元/克,0.0,12.0,21.74,7.69,变化不大,False,False
1976-08,白银,silver,0.25,元/克,-10.71,-3.85,8.7,-7.41,下跌明显,True,False
1976-09,白银,silver,0.25,元/克,0.0,-10.71,4.17,0.0,变化不大,False,False
1976-10,白银,silver,0.25,元/克,0.0,-10.71,0.0,4.17,变化不大,False,False
1976-11,白银,silver,0.26,元/克,4.0,4.0,0.0,8.33,温和上涨,False,False
1976-12,白银,silver,0.26,元/克,0.0,4.0,-7.14,13.04,变化不大,False,False
1977-01,白银,silver,0.26,元/克,0.0,4.0,-7.14,13.04,变化不大,False,False
1977-02,白银,silver,0.27,元/克,3.85,3.85,8.0,17.39,温和上涨,False,False
1977-03,白银,silver,0.29,元/克,7.41,11.54,16.0,20.83,上涨明显,False,False
1977-04,白银,silver,0.29,元/克,0.0,11.54,16.0,16.0,变化不大,False,False
1977-05,白银,silver,0.28,元/克,-3.45,3.7,7.69,7.69,小幅回落,False,False
1977-06,白银,silver,0.27,元/克,-3.57,-6.9,3.85,-3.57,小幅回落,False,False
1977-07,白银,silver,0.28,元/克,3.7,-3.45,7.69,0.0,温和上涨,False,False
1977-08,白银,silver,0.27,元/克,-3.57,-3.57,0.0,8.0,小幅回落,False,False
1977-09,白银,silver,0.28,元/克,3.7,3.7,-3.45,12.0,温和上涨,False,False
1977-10,白银,silver,0.29,元/克,3.57,3.57,0.0,16.0,温和上涨,False,False
1977-11,白银,silver,0.3,元/克,3.45,11.11,7.14,15.38,持续上涨,False,False
1977-12,白银,silver,0.29,元/克,-3.33,3.57,7.41,11.54,小幅回落,False,False
1978-01,白银,silver,0.31,元/克,6.9,6.9,10.71,19.23,上涨明显,False,False
1978-02,白银,silver,0.31,元/克,0.0,3.33,14.81,14.81,变化不大,False,False
1978-03,白银,silver,0.33,元/克,6.45,13.79,17.86,13.79,上涨明显,False,False
1978-04,白银,silver,0.33,元/克,0.0,6.45,13.79,13.79,变化不大,False,False
1978-05,白银,silver,0.33,元/克,0.0,6.45,10.0,17.86,变化不大,False,False
1978-06,白银,silver,0.34,元/克,3.03,3.03,17.24,25.93,温和上涨,False,False
1978-07,白银,silver,0.34,元/克,0.0,3.03,9.68,21.43,变化不大,False,False
1978-08,白银,silver,0.36,元/克,5.88,9.09,16.13,33.33,上涨明显,False,False
1978-09,白银,silver,0.36,元/克,0.0,5.88,9.09,28.57,变化不大,False,False
1978-10,白银,silver,0.39,元/克,8.33,14.71,18.18,34.48,上涨明显,True,False
1978-11,白银,silver,0.38,元/克,-2.56,5.56,15.15,26.67,小幅回落,False,False
1978-12,白银,silver,0.39,元/克,2.63,8.33,14.71,34.48,温和上涨,False,False
1979-01,白银,silver,0.41,元/克,5.13,5.13,20.59,32.26,上涨明显,False,False
1979-02,白银,silver,0.49,元/克,19.51,28.95,36.11,58.06,上涨明显,True,True
1979-03,白银,silver,0.49,元/克,0.0,25.64,36.11,48.48,变化不大,False,False
1979-04,白银,silver,0.5,元/克,2.04,21.95,28.21,51.52,温和上涨,False,False
1979-05,白银,silver,0.56,元/克,12.0,14.29,47.37,69.7,上涨明显,True,False
1979-06,白银,silver,0.58,元/克,3.57,18.37,48.72,70.59,持续上涨,False,False
1979-07,白银,silver,0.61,元/克,5.17,22.0,48.78,79.41,上涨明显,False,False
1979-08,白银,silver,0.63,元/克,3.28,12.5,28.57,75.0,持续上涨,False,False
1979-09,白银,silver,0.94,元/克,49.21,62.07,91.84,161.11,上涨明显,True,True
1979-10,白银,silver,1.14,元/克,21.28,86.89,128.0,192.31,上涨明显,True,True
1979-11,白银,silver,1.14,元/克,0.0,80.95,103.57,200.0,变化不大,False,False
1979-12,白银,silver,1.55,元/克,35.96,64.89,167.24,297.44,上涨明显,True,True
1980-01,白银,silver,2.69,元/克,73.55,135.96,340.98,556.1,上涨明显,True,True
1980-02,白银,silver,2.45,元/克,-8.92,114.91,288.89,400.0,下跌明显,True,False
1980-03,白银,silver,1.72,元/克,-29.8,10.97,82.98,251.02,下跌明显,True,True
1980-04,白银,silver,1.05,元/克,-38.95,-60.97,-7.89,110.0,下跌明显,True,True
1980-05,白银,silver,0.89,元/克,-15.24,-63.67,-21.93,58.93,下跌明显,True,True
1980-06,白银,silver,1.11,元/克,24.72,-35.47,-28.39,91.38,上涨明显,True,True
1980-07,白银,silver,1.15,元/克,3.6,9.52,-57.25,88.52,温和上涨,False,False
1980-08,白银,silver,0.87,元/克,-24.35,-2.25,-64.49,38.1,下跌明显,True,True
1980-09,白银,silver,1.09,元/克,25.29,-1.8,-36.63,15.96,上涨明显,True,True
1980-10,白银,silver,1.11,元/克,1.83,-3.48,5.71,-2.63,温和上涨,False,False
1980-11,白银,silver,1.02,元/克,-8.11,17.24,14.61,-10.53,下跌明显,True,False
1980-12,白银,silver,0.9,元/克,-11.76,-17.43,-18.92,-41.94,下跌明显,True,False
1981-01,白银,silver,0.81,元/克,-10.0,-27.03,-29.57,-69.89,下跌明显,True,False
1981-02,白银,silver,0.85,元/克,4.94,-16.67,-2.3,-65.31,温和上涨,False,False
1981-03,白银,silver,0.81,元/克,-4.71,-10.0,-25.69,-52.91,小幅回落,False,False
1981-04,白银,silver,0.77,元/克,-4.94,-4.94,-30.63,-26.67,小幅回落,False,False
1981-05,白银,silver,0.73,元/克,-5.19,-14.12,-28.43,-17.98,下跌明显,False,False
1981-06,白银,silver,0.68,元/克,-6.85,-16.05,-24.44,-38.74,下跌明显,False,False
1981-07,白银,silver,0.59,元/克,-13.24,-23.38,-27.16,-48.7,下跌明显,True,False
1981-08,白银,silver,0.62,元/克,5.08,-15.07,-27.06,-28.74,上涨明显,False,False
1981-09,白银,silver,0.71,元/克,14.52,4.41,-12.35,-34.86,上涨明显,True,False
1981-10,白银,silver,0.66,元/克,-7.04,11.86,-14.29,-40.54,下跌明显,False,False
1981-11,白银,silver,0.62,元/克,-6.06,0.0,-15.07,-39.22,下跌明显,False,False
1981-12,白银,silver,0.62,元/克,0.0,-12.68,-8.82,-31.11,变化不大,False,False
1982-01,白银,silver,0.59,元/克,-4.84,-10.61,0.0,-27.16,小幅回落,False,False
1982-02,白银,silver,0.62,元/克,5.08,0.0,0.0,-27.06,上涨明显,False,False
1982-03,白银,silver,0.55,元/克,-11.29,-11.29,-22.54,-32.1,下跌明显,True,False
1982-04,白银,silver,0.56,元/克,1.82,-5.08,-15.15,-27.27,温和上涨,False,False
1982-05,白银,silver,0.52,元/克,-7.14,-16.13,-16.13,-28.77,下跌明显,False,False
1982-06,白银,silver,0.43,元/克,-17.31,-21.82,-30.65,-36.76,下跌明显,True,True
1982-07,白银,silver,0.51,元/克,18.6,-8.93,-13.56,-13.56,上涨明显,True,True
1982-08,白银,silver,0.57,元/克,11.76,9.62,-8.06,-8.06,上涨明显,True,False
1982-09,白银,silver,0.71,元/克,24.56,65.12,29.09,0.0,上涨明显,True,True
1982-10,白银,silver,0.76,元/克,7.04,49.02,35.71,15.15,上涨明显,False,False
1982-11,白银,silver,0.8,元/克,5.26,40.35,53.85,29.03,上涨明显,False,False
1982-12,白银,silver,0.88,元/克,10.0,23.94,104.65,41.94,上涨明显,True,False
1983-01,白银,silver,1.03,元/克,17.05,35.53,101.96,74.58,上涨明显,True,True
1983-02,白银,silver,1.18,元/克,14.56,47.5,107.02,90.32,上涨明显,True,False
1983-03,白银,silver,0.91,元/克,-22.88,3.41,28.17,65.45,下跌明显,True,True
1983-04,白银,silver,1.0,元/克,9.89,-2.91,31.58,78.57,上涨明显,True,False
1983-05,白银,silver,1.12,元/克,12.0,-5.08,40.0,115.38,上涨明显,True,False
1983-06,白银,silver,1.03,元/克,-8.04,13.19,17.05,139.53,下跌明显,True,False
1983-07,白银,silver,1.06,元/克,2.91,6.0,2.91,107.84,温和上涨,False,False
1983-08,白银,silver,1.08,元/克,1.89,-3.57,-8.47,89.47,温和上涨,False,False
1983-09,白银,silver,1.08,元/克,0.0,4.85,18.68,52.11,变化不大,False,False
1983-10,白银,silver,0.9,元/克,-16.67,-15.09,-10.0,18.42,下跌明显,True,True
1983-11,白银,silver,0.81,元/克,-10.0,-25.0,-27.68,1.25,下跌明显,True,False
1983-12,白银,silver,0.85,元/克,4.94,-21.3,-17.48,-3.41,温和上涨,False,False
1984-01,白银,silver,0.77,元/克,-9.41,-14.44,-27.36,-25.24,下跌明显,True,False
1984-02,白银,silver,0.86,元/克,11.69,6.17,-20.37,-27.12,上涨明显,True,False
1984-03,白银,silver,0.92,元/克,6.98,8.24,-14.81,1.1,上涨明显,False,False
1984-04,白银,silver,0.88,元/克,-4.35,14.29,-2.22,-12.0,小幅回落,False,False
1984-05,白银,silver,0.87,元/克,-1.14,1.16,7.41,-22.32,小幅回落,False,False
1984-06,白银,silver,0.85,元/克,-2.3,-7.61,0.0,-17.48,持续下跌,False,False
1984-07,白银,silver,0.73,元/克,-14.12,-17.05,-5.19,-31.13,下跌明显,True,False
1984-08,白银,silver,0.72,元/克,-1.37,-17.24,-16.28,-33.33,持续下跌,False,False
1984-09,白银,silver,0.68,元/克,-5.56,-20.0,-26.09,-37.04,下跌明显,False,False
1984-10,白银,silver,0.69,元/克,1.47,-5.48,-21.59,-23.33,温和上涨,False,False
1984-11,白银,silver,0.71,元/克,2.9,-1.39,-18.39,-12.35,温和上涨,False,False
1984-12,白银,silver,0.63,元/克,-11.27,-7.35,-25.88,-25.88,下跌明显,True,False
1985-01,白银,silver,0.58,元/克,-7.94,-15.94,-20.55,-24.68,下跌明显,False,False
1985-02,白银,silver,0.57,元/克,-1.72,-19.72,-20.83,-33.72,持续下跌,False,False
1985-03,白银,silver,0.57,元/克,0.0,-9.52,-16.18,-38.04,变化不大,False,False
1985-04,白银,silver,0.61,元/克,7.02,5.17,-11.59,-30.68,上涨明显,False,False
1985-05,白银,silver,0.59,元/克,-3.28,3.51,-16.9,-32.18,小幅回落,False,False
1985-06,白银,silver,0.58,元/克,-1.69,1.75,-7.94,-31.76,小幅回落,False,False
1985-07,白银,silver,0.57,元/克,-1.72,-6.56,-1.72,-21.92,持续下跌,False,False
1985-08,白银,silver,0.68,元/克,19.3,15.25,19.3,-5.56,上涨明显,True,True
1985-09,白银,silver,0.67,元/克,-1.47,15.52,17.54,-1.47,小幅回落,False,False
1985-10,白银,silver,0.69,元/克,2.99,21.05,13.11,0.0,温和上涨,False,False
1985-11,白银,silver,0.68,元/克,-1.45,0.0,15.25,-4.23,小幅回落,False,False
1985-12,白银,silver,0.65,元/克,-4.41,-2.99,12.07,3.17,小幅回落,False,False
1986-01,白银,silver,0.67,元/克,3.08,-2.9,17.54,15.52,温和上涨,False,False
1986-02,白银,silver,0.65,元/克,-2.99,-4.41,-4.41,14.04,小幅回落,False,False
1986-03,白银,silver,0.62,元/克,-4.62,-4.62,-7.46,8.77,小幅回落,False,False
1986-04,白银,silver,0.58,元/克,-6.45,-13.43,-15.94,-4.92,下跌明显,False,False
1986-05,白银,silver,0.56,元/克,-3.45,-13.85,-17.65,-5.08,持续下跌,False,False
1986-06,白银,silver,0.57,元/克,1.79,-8.06,-12.31,-1.72,温和上涨,False,False
1986-07,白银,silver,0.56,元/克,-1.75,-3.45,-16.42,-1.75,小幅回落,False,False
1986-08,白银,silver,0.62,元/克,10.71,10.71,-4.62,-8.82,上涨明显,True,False
1986-09,白银,silver,0.67,元/克,8.06,17.54,8.06,0.0,上涨明显,True,False
1986-10,白银,silver,0.67,元/克,0.0,19.64,15.52,-2.9,变化不大,False,False
1986-11,白银,silver,0.66,元/克,-1.49,6.45,17.86,-2.94,小幅回落,False,False
1986-12,白银,silver,0.64,元/克,-3.03,-4.48,12.28,-1.54,小幅回落,False,False
1987-01,白银,silver,0.66,元/克,3.12,-1.49,17.86,-1.49,温和上涨,False,False
1987-02,白银,silver,0.66,元/克,0.0,0.0,6.45,1.54,变化不大,False,False
1987-03,白银,silver,0.68,元/克,3.03,6.25,1.49,9.68,温和上涨,False,False
1987-04,白银,silver,0.88,元/克,29.41,33.33,31.34,51.72,上涨明显,True,True
1987-05,白银,silver,1.01,元/克,14.77,53.03,53.03,80.36,上涨明显,True,False
1987-06,白银,silver,0.89,元/克,-11.88,30.88,39.06,56.14,下跌明显,True,False
1987-07,白银,silver,0.91,元/克,2.25,3.41,37.88,62.5,温和上涨,False,False
1987-08,白银,silver,0.94,元/克,3.3,-6.93,42.42,51.61,温和上涨,False,False
1987-09,白银,silver,0.91,元/克,-3.19,2.25,33.82,35.82,小幅回落,False,False
1987-10,白银,silver,0.91,元/克,0.0,0.0,3.41,35.82,变化不大,False,False
1987-11,白银,silver,0.81,元/克,-10.99,-13.83,-19.8,22.73,下跌明显,True,False
1987-12,白银,silver,0.81,元/克,0.0,-10.99,-8.99,26.56,变化不大,False,False
1988-01,白银,silver,0.81,元/克,0.0,-10.99,-10.99,22.73,变化不大,False,False
1988-02,白银,silver,0.76,元/克,-6.17,-6.17,-19.15,15.15,下跌明显,False,False
1988-03,白银,silver,0.77,元/克,1.32,-4.94,-15.38,13.24,温和上涨,False,False
1988-04,白银,silver,0.78,元/克,1.3,-3.7,-14.29,-11.36,温和上涨,False,False
1988-05,白银,silver,0.78,元/克,0.0,2.63,-3.7,-22.77,变化不大,False,False
1988-06,白银,silver,0.84,元/克,7.69,9.09,3.7,-5.62,上涨明显,False,False
1988-07,白银,silver,0.84,元/克,0.0,7.69,3.7,-7.69,变化不大,False,False
1988-08,白银,silver,0.8,元/克,-4.76,2.56,5.26,-14.89,小幅回落,False,False
1988-09,白银,silver,0.76,元/克,-5.0,-9.52,-1.3,-16.48,下跌明显,False,False
1988-10,白银,silver,0.75,元/克,-1.32,-10.71,-3.85,-17.58,持续下跌,False,False
1988-11,白银,silver,0.75,元/克,0.0,-6.25,-3.85,-7.41,变化不大,False,False
1988-12,白银,silver,0.73,元/克,-2.67,-3.95,-13.1,-9.88,小幅回落,False,False
1989-01,白银,silver,0.72,元/克,-1.37,-4.0,-14.29,-11.11,小幅回落,False,False
1989-02,白银,silver,0.7,元/克,-2.78,-6.67,-12.5,-7.89,持续下跌,False,False
1989-03,白银,silver,0.71,元/克,1.43,-2.74,-6.58,-7.79,温和上涨,False,False
1989-04,白银,silver,0.69,元/克,-2.82,-4.17,-8.0,-11.54,小幅回落,False,False
1989-05,白银,silver,0.65,元/克,-5.8,-7.14,-13.33,-16.67,下跌明显,False,False
1989-06,白银,silver,0.63,元/克,-3.08,-11.27,-13.7,-25.0,持续下跌,False,False
1989-07,白银,silver,0.62,元/克,-1.59,-10.14,-13.89,-26.19,持续下跌,False,False
1989-08,白银,silver,0.8,元/克,29.03,23.08,14.29,0.0,上涨明显,True,True
1989-09,白银,silver,0.79,元/克,-1.25,25.4,11.27,3.95,小幅回落,False,False
1989-10,白银,silver,0.79,元/克,0.0,27.42,14.49,5.33,变化不大,False,False
1989-11,白银,silver,0.84,元/克,6.33,5.0,29.23,12.0,上涨明显,False,False
1989-12,白银,silver,0.86,元/克,2.38,8.86,36.51,17.81,温和上涨,False,False
1990-01,白银,silver,0.81,元/克,-5.81,2.53,30.65,12.5,下跌明显,False,False
1990-02,白银,silver,0.81,元/克,0.0,-3.57,1.25,15.71,变化不大,False,False
1990-03,白银,silver,0.78,元/克,-3.7,-9.3,-1.27,9.86,小幅回落,False,False
1990-04,白银,silver,0.78,元/克,0.0,-3.7,-1.27,13.04,变化不大,False,False
1990-05,白银,silver,0.78,元/克,0.0,-3.7,-7.14,20.0,变化不大,False,False
1990-06,白银,silver,0.76,元/克,-2.56,-2.56,-11.63,20.63,小幅回落,False,False
1990-07,白银,silver,0.75,元/克,-1.32,-3.85,-7.41,20.97,小幅回落,False,False
1990-08,白银,silver,0.86,元/克,14.67,10.26,6.17,7.5,上涨明显,True,False
1990-09,白银,silver,0.82,元/克,-4.65,7.89,5.13,3.8,小幅回落,False,False
1990-10,白银,silver,0.75,元/克,-8.54,0.0,-3.85,-5.06,下跌明显,True,False
1990-11,白银,silver,0.71,元/克,-5.33,-17.44,-8.97,-15.48,下跌明显,False,False
1990-12,白银,silver,0.7,元/克,-1.41,-14.63,-7.89,-18.6,持续下跌,False,False
1991-01,白银,silver,0.69,元/克,-1.43,-8.0,-8.0,-14.81,持续下跌,False,False
1991-02,白银,silver,0.64,元/克,-7.25,-9.86,-25.58,-20.99,下跌明显,False,False
1991-03,白银,silver,0.67,元/克,4.69,-4.29,-18.29,-14.1,温和上涨,False,False
1991-04,白银,silver,0.68,元/克,1.49,-1.45,-9.33,-12.82,温和上涨,False,False
1991-05,白银,silver,0.69,元/克,1.47,7.81,-2.82,-11.54,持续上涨,False,False
1991-06,白银,silver,0.75,元/克,8.7,11.94,7.14,-1.32,上涨明显,True,False
1991-07,白银,silver,0.74,元/克,-1.33,8.82,7.25,-1.33,小幅回落,False,False
1991-08,白银,silver,0.7,元/克,-5.41,1.45,9.38,-18.6,下跌明显,False,False
1991-09,白银,silver,0.72,元/克,2.86,-4.0,7.46,-12.2,温和上涨,False,False
1991-10,白银,silver,0.73,元/克,1.39,-1.35,7.35,-2.67,温和上涨,False,False
1991-11,白银,silver,0.72,元/克,-1.37,2.86,4.35,1.41,小幅回落,False,False
1991-12,白银,silver,0.7,元/克,-2.78,-2.78,-6.67,0.0,小幅回落,False,False
1992-01,白银,silver,0.73,元/克,4.29,0.0,-1.35,5.8,温和上涨,False,False
1992-02,白银,silver,0.74,元/克,1.37,2.78,5.71,15.62,温和上涨,False,False
1992-03,白银,silver,0.73,元/克,-1.35,4.29,1.39,8.96,小幅回落,False,False
1992-04,白银,silver,0.72,元/克,-1.37,-1.37,-1.37,5.88,小幅回落,False,False
1992-05,白银,silver,0.72,元/克,0.0,-2.7,0.0,4.35,变化不大,False,False
1992-06,白银,silver,0.72,元/克,0.0,-1.37,2.86,-4.0,变化不大,False,False
1992-07,白银,silver,0.7,元/克,-2.78,-2.78,-4.11,-5.41,小幅回落,False,False
1992-08,白银,silver,0.71,元/克,1.43,-1.39,-4.05,1.43,温和上涨,False,False
1992-09,白银,silver,0.7,元/克,-1.41,-2.78,-4.11,-2.78,小幅回落,False,False
1992-10,白银,silver,0.69,元/克,-1.43,-1.43,-4.17,-5.48,小幅回落,False,False
1992-11,白银,silver,0.7,元/克,1.45,-1.41,-2.78,-2.78,温和上涨,False,False
1992-12,白银,silver,0.69,元/克,-1.43,-1.43,-4.17,-1.43,小幅回落,False,False
1993-01,白银,silver,0.68,元/克,-1.45,-1.45,-2.86,-6.85,小幅回落,False,False
1993-02,白银,silver,0.68,元/克,0.0,-2.86,-4.23,-8.11,变化不大,False,False
1993-03,白银,silver,0.68,元/克,0.0,-1.45,-2.86,-6.85,变化不大,False,False
1993-04,白银,silver,0.73,元/克,7.35,7.35,5.8,1.39,上涨明显,False,False
1993-05,白银,silver,0.83,元/克,13.7,22.06,18.57,15.28,上涨明显,True,False
1993-06,白银,silver,0.81,元/克,-2.41,19.12,17.39,12.5,小幅回落,False,False
1993-07,白银,silver,0.93,元/克,14.81,27.4,36.76,32.86,上涨明显,True,False
1993-08,白银,silver,0.9,元/克,-3.23,8.43,32.35,26.76,小幅回落,False,False
1993-09,白银,silver,0.79,元/克,-12.22,-2.47,16.18,12.86,下跌明显,True,False
1993-10,白银,silver,0.81,元/克,2.53,-12.9,10.96,17.39,温和上涨,False,False
1993-11,白银,silver,0.84,元/克,3.7,-6.67,1.2,20.0,温和上涨,False,False
1993-12,白银,silver,1.28,元/克,52.38,62.03,58.02,85.51,上涨明显,True,True
1994-01,白银,silver,1.33,元/克,3.91,64.2,43.01,95.59,持续上涨,False,False
1994-02,白银,silver,1.36,元/克,2.26,61.9,51.11,100.0,持续上涨,False,False
1994-03,白银,silver,1.41,元/克,3.68,10.16,78.48,107.35,持续上涨,False,False
1994-04,白银,silver,1.39,元/克,-1.42,4.51,71.6,90.41,小幅回落,False,False
1994-05,白银,silver,1.41,元/克,1.44,3.68,67.86,69.88,温和上涨,False,False
1994-06,白银,silver,1.4,元/克,-0.71,-0.71,9.38,72.84,变化不大,False,False
1994-07,白银,silver,1.38,元/克,-1.43,-0.72,3.76,48.39,小幅回落,False,False
1994-08,白银,silver,1.36,元/克,-1.45,-3.55,0.0,51.11,持续下跌,False,False
1994-09,白银,silver,1.44,元/克,5.88,2.86,2.13,82.28,上涨明显,False,False
1994-10,白银,silver,1.42,元/克,-1.39,2.9,2.16,75.31,小幅回落,False,False
1994-11,白银,silver,1.36,元/克,-4.23,0.0,-3.55,61.9,小幅回落,False,False
1994-12,白银,silver,1.25,元/克,-8.09,-13.19,-10.71,-2.34,下跌明显,True,False
1995-01,白银,silver,1.25,元/克,0.0,-11.97,-9.42,-6.02,变化不大,False,False
1995-02,白银,silver,1.24,元/克,-0.8,-8.82,-8.82,-8.82,变化不大,False,False
1995-03,白银,silver,1.22,元/克,-1.61,-2.4,-15.28,-13.48,小幅回落,False,False
1995-04,白银,silver,1.44,元/克,18.03,15.2,1.41,3.6,上涨明显,True,True
1995-05,白银,silver,1.46,元/克,1.39,17.74,7.35,3.55,温和上涨,False,False
1995-06,白银,silver,1.41,元/克,-3.42,15.57,12.8,0.71,小幅回落,False,False
1995-07,白银,silver,1.36,元/克,-3.55,-5.56,8.8,-1.45,小幅回落,False,False
1995-08,白银,silver,1.43,元/克,5.15,-2.05,15.32,5.15,上涨明显,False,False
1995-09,白银,silver,1.43,元/克,0.0,1.42,17.21,-0.69,变化不大,False,False
1995-10,白银,silver,1.42,元/克,-0.7,4.41,-1.39,0.0,变化不大,False,False
1995-11,白银,silver,1.41,元/克,-0.7,-1.4,-3.42,3.68,变化不大,False,False
1995-12,白银,silver,1.37,元/克,-2.84,-4.2,-2.84,9.6,持续下跌,False,False
1996-01,白银,silver,1.45,元/克,5.84,2.11,6.62,16.0,上涨明显,False,False
1996-02,白银,silver,1.5,元/克,3.45,6.38,4.9,20.97,温和上涨,False,False
1996-03,白银,silver,1.47,元/克,-2.0,7.3,2.8,20.49,小幅回落,False,False
1996-04,白银,silver,1.44,元/克,-2.04,-0.69,1.41,0.0,小幅回落,False,False
1996-05,白银,silver,1.43,元/克,-0.69,-4.67,1.42,-2.05,持续下跌,False,False
1996-06,白银,silver,1.38,元/克,-3.5,-6.12,0.73,-2.13,持续下跌,False,False
1996-07,白银,silver,1.35,元/克,-2.17,-6.25,-6.9,-0.74,持续下跌,False,False
1996-08,白银,silver,1.37,元/克,1.48,-4.2,-8.67,-4.2,温和上涨,False,False
1996-09,白银,silver,1.35,元/克,-1.46,-2.17,-8.16,-5.59,小幅回落,False,False
1996-10,白银,silver,1.32,元/克,-2.22,-2.22,-8.33,-7.04,小幅回落,False,False
1996-11,白银,silver,1.29,元/克,-2.27,-5.84,-9.79,-8.51,持续下跌,False,False
1996-12,白银,silver,1.3,元/克,0.78,-3.7,-5.8,-5.11,变化不大,False,False
1997-01,白银,silver,1.27,元/克,-2.31,-3.79,-5.93,-12.41,小幅回落,False,False
1997-02,白银,silver,1.35,元/克,6.3,4.65,-1.46,-10.0,上涨明显,False,False
1997-03,白银,silver,1.38,元/克,2.22,6.15,2.22,-6.12,温和上涨,False,False
1997-04,白银,silver,1.27,元/克,-7.97,0.0,-3.79,-11.81,下跌明显,False,False
1997-05,白银,silver,1.26,元/克,-0.79,-6.67,-2.33,-11.89,变化不大,False,False
1997-06,白银,silver,1.27,元/克,0.79,-7.97,-2.31,-7.97,变化不大,False,False
1997-07,白银,silver,1.16,元/克,-8.66,-8.66,-8.66,-14.07,下跌明显,True,False
1997-08,白银,silver,1.2,元/克,3.45,-4.76,-11.11,-12.41,温和上涨,False,False
1997-09,白银,silver,1.26,元/克,5.0,-0.79,-8.7,-6.67,上涨明显,False,False
1997-10,白银,silver,1.34,元/克,6.35,15.52,5.51,1.52,上涨明显,False,False
1997-11,白银,silver,1.35,元/克,0.75,12.5,7.14,4.65,持续上涨,False,False
1997-12,白银,silver,1.55,元/克,14.81,23.02,22.05,19.23,上涨明显,True,False
1998-01,白银,silver,1.57,元/克,1.29,17.16,35.34,23.62,持续上涨,False,False
1998-02,白银,silver,1.81,元/克,15.29,34.07,50.83,34.07,上涨明显,True,True
1998-03,白银,silver,1.66,元/克,-8.29,7.1,31.75,20.29,下跌明显,True,False
1998-04,白银,silver,1.69,元/克,1.81,7.64,26.12,33.07,温和上涨,False,False
1998-05,白银,silver,1.48,元/克,-12.43,-18.23,9.63,17.46,下跌明显,True,False
1998-06,白银,silver,1.4,元/克,-5.41,-15.66,-9.68,10.24,下跌明显,False,False
1998-07,白银,silver,1.45,元/克,3.57,-14.2,-7.64,25.0,温和上涨,False,False
1998-08,白银,silver,1.38,元/克,-4.83,-6.76,-23.76,15.0,小幅回落,False,False
1998-09,白银,silver,1.33,元/克,-3.62,-5.0,-19.88,5.56,小幅回落,False,False
1998-10,白银,silver,1.33,元/克,0.0,-8.28,-21.3,-0.75,变化不大,False,False
1998-11,白银,silver,1.32,元/克,-0.75,-4.35,-10.81,-2.22,变化不大,False,False
1998-12,白银,silver,1.3,元/克,-1.52,-2.26,-7.14,-16.13,小幅回落,False,False
1999-01,白银,silver,1.37,元/克,5.38,3.01,-5.52,-12.74,上涨明显,False,False
1999-02,白银,silver,1.47,元/克,7.3,11.36,6.52,-18.78,上涨明显,False,False
1999-03,白银,silver,1.38,元/克,-6.12,6.15,3.76,-16.87,下跌明显,False,False
1999-04,白银,silver,1.35,元/克,-2.17,-1.46,1.5,-20.12,小幅回落,False,False
1999-05,白银,silver,1.4,元/克,3.7,-4.76,6.06,-5.41,温和上涨,False,False
1999-06,白银,silver,1.34,元/克,-4.29,-2.9,3.08,-4.29,小幅回落,False,False
1999-07,白银,silver,1.38,元/克,2.99,2.22,0.73,-4.83,温和上涨,False,False
1999-08,白银,silver,1.4,元/克,1.45,0.0,-4.76,1.45,温和上涨,False,False
1999-09,白银,silver,1.39,元/克,-0.71,3.73,0.72,4.51,变化不大,False,False
1999-10,白银,silver,1.44,元/克,3.6,4.35,6.67,8.27,温和上涨,False,False
1999-11,白银,silver,1.37,元/克,-4.86,-2.14,-2.14,3.79,小幅回落,False,False
1999-12,白银,silver,1.37,元/克,0.0,-1.44,2.24,5.38,变化不大,False,False
2000-01,白银,silver,1.38,元/克,0.73,-4.17,0.0,0.73,变化不大,False,False
2000-02,白银,silver,1.4,元/克,1.45,2.19,0.0,-4.76,温和上涨,False,False
2000-03,白银,silver,1.35,元/克,-3.57,-1.46,-2.88,-2.17,小幅回落,False,False
2000-04,白银,silver,1.35,元/克,0.0,-2.17,-6.25,0.0,变化不大,False,False
2000-05,白银,silver,1.33,元/克,-1.48,-5.0,-2.92,-5.0,小幅回落,False,False
2000-06,白银,silver,1.33,元/克,0.0,-1.48,-2.92,-0.75,变化不大,False,False
2000-07,白银,silver,1.32,元/克,-0.75,-2.22,-4.35,-4.35,变化不大,False,False
2000-08,白银,silver,1.3,元/克,-1.52,-2.26,-7.14,-7.14,小幅回落,False,False
2000-09,白银,silver,1.3,元/克,0.0,-2.26,-3.7,-6.47,变化不大,False,False
2000-10,白银,silver,1.29,元/克,-0.77,-2.27,-4.44,-10.42,变化不大,False,False
2000-11,白银,silver,1.25,元/克,-3.1,-3.85,-6.02,-8.76,小幅回落,False,False
2000-12,白银,silver,1.23,元/克,-1.6,-5.38,-7.52,-10.22,持续下跌,False,False
2001-01,白银,silver,1.24,元/克,0.81,-3.88,-6.06,-10.14,变化不大,False,False
2001-02,白银,silver,1.21,元/克,-2.42,-3.2,-6.92,-13.57,小幅回落,False,False
2001-03,白银,silver,1.17,元/克,-3.31,-4.88,-10.0,-13.33,小幅回落,False,False
2001-04,白银,silver,1.16,元/克,-0.85,-6.45,-10.08,-14.07,持续下跌,False,False
2001-05,白银,silver,1.18,元/克,1.72,-2.48,-5.6,-11.28,温和上涨,False,False
2001-06,白银,silver,1.16,元/克,-1.69,-0.85,-5.69,-12.78,小幅回落,False,False
2001-07,白银,silver,1.13,元/克,-2.59,-2.59,-8.87,-14.39,小幅回落,False,False
2001-08,白银,silver,1.12,元/克,-0.88,-5.08,-7.44,-13.85,持续下跌,False,False
2001-09,白银,silver,1.16,元/克,3.57,0.0,-0.85,-10.77,温和上涨,False,False
2001-10,白银,silver,1.17,元/克,0.86,3.54,0.86,-9.3,变化不大,False,False
2001-11,白银,silver,1.1,元/克,-5.98,-1.79,-6.78,-12.0,下跌明显,False,False
2001-12,白银,silver,1.16,元/克,5.45,0.0,0.0,-5.69,上涨明显,False,False
2002-01,白银,silver,1.2,元/克,3.45,2.56,6.19,-3.23,温和上涨,False,False
2002-02,白银,silver,1.18,元/克,-1.67,7.27,5.36,-2.48,小幅回落,False,False
2002-03,白银,silver,1.21,元/克,2.54,4.31,4.31,3.42,温和上涨,False,False
2002-04,白银,silver,1.22,元/克,0.83,1.67,4.27,5.17,变化不大,False,False
2002-05,白银,silver,1.25,元/克,2.46,5.93,13.64,5.93,持续上涨,False,False
2002-06,白银,silver,1.3,元/克,4.0,7.44,12.07,12.07,持续上涨,False,False
2002-07,白银,silver,1.31,元/克,0.77,7.38,9.17,15.93,持续上涨,False,False
2002-08,白银,silver,1.21,元/克,-7.63,-3.2,2.54,8.04,下跌明显,False,False
2002-09,白银,silver,1.21,元/克,0.0,-6.92,0.0,4.31,变化不大,False,False
2002-10,白银,silver,1.17,元/克,-3.31,-10.69,-4.1,0.0,小幅回落,False,False
2002-11,白银,silver,1.2,元/克,2.56,-0.83,-4.0,9.09,温和上涨,False,False
2002-12,白银,silver,1.23,元/克,2.5,1.65,-5.38,6.03,温和上涨,False,False
2003-01,白银,silver,1.28,元/克,4.06,9.4,-2.29,6.67,持续上涨,False,False
2003-02,白银,silver,1.24,元/克,-3.12,3.33,2.48,5.08,小幅回落,False,False
2003-03,白银,silver,1.21,元/克,-2.42,-1.63,0.0,0.0,小幅回落,False,False
2003-04,白银,silver,1.19,元/克,-1.65,-7.03,1.71,-2.46,持续下跌,False,False
2003-05,白银,silver,1.26,元/克,5.88,1.61,5.0,0.8,上涨明显,False,False
2003-06,白银,silver,1.21,元/克,-3.97,0.0,-1.63,-6.92,小幅回落,False,False
2003-07,白银,silver,1.28,元/克,5.79,7.56,0.0,-2.29,上涨明显,False,False
2003-08,白银,silver,1.33,元/克,3.91,5.56,7.26,9.92,温和上涨,False,False
2003-09,白银,silver,1.38,元/克,3.76,14.05,14.05,14.05,持续上涨,False,False
2003-10,白银,silver,1.33,元/克,-3.62,3.91,11.76,13.68,小幅回落,False,False
2003-11,白银,silver,1.38,元/克,3.76,3.76,9.52,15.0,温和上涨,False,False
2003-12,白银,silver,1.5,元/克,8.7,8.7,23.97,21.95,上涨明显,True,False
2004-01,白银,silver,1.68,元/克,12.0,26.32,31.25,31.25,上涨明显,True,False
2004-02,白银,silver,1.71,元/克,1.79,23.91,28.57,37.9,持续上涨,False,False
2004-03,白银,silver,1.92,元/克,12.28,28.0,39.13,58.68,上涨明显,True,False
2004-04,白银,silver,1.9,元/克,-1.04,13.1,42.86,59.66,小幅回落,False,False
2004-05,白银,silver,1.56,元/克,-17.89,-8.77,13.04,23.81,下跌明显,True,True
2004-06,白银,silver,1.56,元/克,0.0,-18.75,4.0,28.93,变化不大,False,False
2004-07,白银,silver,1.68,元/克,7.69,-11.58,0.0,31.25,上涨明显,False,False
2004-08,白银,silver,1.77,元/克,5.36,13.46,3.51,33.08,上涨明显,False,False
2004-09,白银,silver,1.7,元/克,-3.95,8.97,-11.46,23.19,小幅回落,False,False
2004-10,白银,silver,1.89,元/克,11.18,12.5,-0.53,42.11,上涨明显,True,False
2004-11,白银,silver,1.99,元/克,5.29,12.43,27.56,44.2,上涨明显,False,False
2004-12,白银,silver,1.89,元/克,-5.03,11.18,21.15,26.0,下跌明显,False,False
2005-01,白银,silver,1.76,元/克,-6.88,-6.88,4.76,4.76,下跌明显,False,False
2005-02,白银,silver,1.87,元/克,6.25,-6.03,5.65,9.36,上涨明显,False,False
2005-03,白银,silver,1.92,元/克,2.67,1.59,12.94,0.0,温和上涨,False,False
2005-04,白银,silver,1.89,元/克,-1.56,7.39,0.0,-0.53,小幅回落,False,False
2005-05,白银,silver,1.87,元/克,-1.06,0.0,-6.03,19.87,小幅回落,False,False
2005-06,白银,silver,1.95,元/克,4.28,1.56,3.17,25.0,温和上涨,False,False
2005-07,白银,silver,1.87,元/克,-4.1,-1.06,6.25,11.31,小幅回落,False,False
2005-08,白银,silver,1.87,元/克,0.0,0.0,0.0,5.65,变化不大,False,False
2005-09,白银,silver,1.9,元/克,1.6,-2.56,-1.04,11.76,温和上涨,False,False
2005-10,白银,silver,2.03,元/克,6.84,8.56,7.41,7.41,上涨明显,False,False
2005-11,白银,silver,2.08,元/克,2.46,11.23,11.23,4.52,持续上涨,False,False
2005-12,白银,silver,2.27,元/克,9.13,19.47,16.41,20.11,上涨明显,True,False
2006-01,白银,silver,2.4,元/克,5.73,18.23,28.34,36.36,上涨明显,False,False
2006-02,白银,silver,2.5,元/克,4.17,20.19,33.69,33.69,持续上涨,False,False
2006-03,白银,silver,2.72,元/克,8.8,19.82,43.16,41.67,上涨明显,True,False
2006-04,白银,silver,3.29,元/克,20.96,37.08,62.07,74.07,上涨明显,True,True
2006-05,白银,silver,3.49,元/克,6.08,39.6,67.79,86.63,上涨明显,False,False
2006-06,白银,silver,2.81,元/克,-19.48,3.31,23.79,44.1,下跌明显,True,True
2006-07,白银,silver,2.92,元/克,3.91,-11.25,21.67,56.15,温和上涨,False,False
2006-08,白银,silver,3.16,元/克,8.22,-9.46,26.4,68.98,上涨明显,True,False
2006-09,白银,silver,3.02,元/克,-4.43,7.47,11.03,58.95,小幅回落,False,False
2006-10,白银,silver,2.98,元/克,-1.32,2.05,-9.42,46.8,小幅回落,False,False
2006-11,白银,silver,3.33,元/克,11.74,5.38,-4.58,60.1,上涨明显,True,False
2006-12,白银,silver,3.41,元/克,2.4,12.91,21.35,50.22,温和上涨,False,False
2007-01,白银,silver,3.29,元/克,-3.52,10.4,12.67,37.08,小幅回落,False,False
2007-02,白银,silver,3.56,元/克,8.21,6.91,12.66,42.4,上涨明显,True,False
2007-03,白银,silver,3.36,元/克,-5.62,-1.47,11.26,23.53,下跌明显,False,False
2007-04,白银,silver,3.49,元/克,3.87,6.08,17.11,6.08,温和上涨,False,False
2007-05,白银,silver,3.34,元/克,-4.3,-6.18,0.3,-4.3,小幅回落,False,False
2007-06,白银,silver,3.33,元/克,-0.3,-0.89,-2.35,18.51,变化不大,False,False
2007-07,白银,silver,3.27,元/克,-1.8,-6.3,-0.61,11.99,持续下跌,False,False
2007-08,白银,silver,3.11,元/克,-4.89,-6.89,-12.64,-1.58,持续下跌,False,False
2007-09,白银,silver,3.23,元/克,3.86,-3.0,-3.87,6.95,温和上涨,False,False
2007-10,白银,silver,3.44,元/克,6.5,5.2,-1.43,15.44,上涨明显,False,False
2007-11,白银,silver,3.69,元/克,7.27,18.65,10.48,10.81,上涨明显,False,False
2007-12,白银,silver,3.58,元/克,-2.98,10.84,7.51,4.99,小幅回落,False,False
2008-01,白银,silver,3.97,元/克,10.89,15.41,21.41,20.67,上涨明显,True,False
2008-02,白银,silver,4.38,元/克,10.33,18.7,40.84,23.03,上涨明显,True,False
2008-03,白银,silver,4.8,元/克,9.59,34.08,48.61,42.86,上涨明显,True,False
2008-04,白银,silver,4.34,元/克,-9.58,9.32,26.16,24.36,下跌明显,True,False
2008-05,白银,silver,4.22,元/克,-2.76,-3.65,14.36,26.35,小幅回落,False,False
2008-06,白银,silver,4.19,元/克,-0.71,-12.71,17.04,25.83,持续下跌,False,False
2008-07,白银,silver,4.44,元/克,5.97,2.3,11.84,35.78,上涨明显,False,False
2008-08,白银,silver,3.6,元/克,-18.92,-14.69,-17.81,15.76,下跌明显,True,True
2008-09,白银,silver,3.03,元/克,-15.83,-27.68,-36.88,-6.19,下跌明显,True,True
2008-10,白银,silver,2.55,元/克,-15.84,-42.57,-41.24,-25.87,下跌明显,True,True
2008-11,白银,silver,2.41,元/克,-5.49,-33.06,-42.89,-34.69,下跌明显,False,False
2008-12,白银,silver,2.51,元/克,4.15,-17.16,-40.1,-29.89,温和上涨,False,False
2009-01,白银,silver,2.74,元/克,9.16,7.45,-38.29,-30.98,上涨明显,True,False
2009-02,白银,silver,3.25,元/克,18.61,34.85,-9.72,-25.8,上涨明显,True,True
2009-03,白银,silver,3.17,元/克,-2.46,26.29,4.62,-33.96,小幅回落,False,False
2009-04,白银,silver,3.01,元/克,-5.05,9.85,18.04,-30.65,下跌明显,False,False
2009-05,白银,silver,3.37,元/克,11.96,3.69,39.83,-20.14,上涨明显,True,False
2009-06,白银,silver,3.52,元/克,4.45,11.04,40.24,-15.99,温和上涨,False,False
2009-07,白银,silver,3.2,元/克,-9.09,6.31,16.79,-27.93,下跌明显,True,False
2009-08,白银,silver,3.43,元/克,7.19,1.78,5.54,-4.72,上涨明显,False,False
2009-09,白银,silver,3.91,元/克,13.99,11.08,23.34,29.04,上涨明显,True,False
2009-10,白银,silver,4.1,元/克,4.86,28.12,36.21,60.78,持续上涨,False,False
2009-11,白银,silver,4.23,元/克,3.17,23.32,25.52,75.52,持续上涨,False,False
2009-12,白银,silver,4.18,元/克,-1.18,6.91,18.75,66.53,小幅回落,False,False
2010-01,白银,silver,4.2,元/克,0.48,2.44,31.25,53.28,变化不大,False,False
2010-02,白银,silver,3.74,元/克,-10.95,-11.58,9.04,15.08,下跌明显,True,False
2010-03,白银,silver,4.03,元/克,7.75,-3.59,3.07,27.13,上涨明显,False,False
2010-04,白银,silver,4.24,元/克,5.21,0.95,3.41,40.86,上涨明显,False,False
2010-05,白银,silver,4.32,元/克,1.89,15.51,2.13,28.19,持续上涨,False,False
2010-06,白银,silver,4.31,元/克,-0.23,6.95,3.11,22.44,变化不大,False,False
2010-07,白银,silver,4.19,元/克,-2.78,-1.18,-0.24,30.94,小幅回落,False,False
2010-08,白银,silver,4.28,元/克,2.15,-0.93,14.44,24.78,温和上涨,False,False
2010-09,白银,silver,4.77,元/克,11.45,10.67,18.36,21.99,上涨明显,True,False
2010-10,白银,silver,5.41,元/克,13.42,29.12,27.59,31.95,上涨明显,True,False
2010-11,白银,silver,6.13,元/克,13.31,43.22,41.9,44.92,上涨明显,True,False
2010-12,白银,silver,6.75,元/克,10.11,41.51,56.61,61.48,上涨明显,True,False
2011-01,白银,silver,6.55,元/克,-2.96,21.07,56.32,55.95,小幅回落,False,False
2011-02,白银,silver,7.06,元/克,7.79,15.17,64.95,88.77,上涨明显,False,False
2011-03,白银,silver,8.19,元/克,16.01,21.33,71.7,103.23,上涨明显,True,True
2011-04,白银,silver,9.74,元/克,18.93,48.7,80.04,129.72,上涨明显,True,True
2011-05,白银,silver,8.5,元/克,-12.73,20.4,38.66,96.76,下跌明显,True,False
2011-06,白银,silver,8.13,元/克,-4.35,-0.73,20.44,88.63,小幅回落,False,False
2011-07,白银,silver,8.59,元/克,5.66,-11.81,31.14,105.01,上涨明显,False,False
2011-08,白银,silver,9.11,元/克,6.05,7.18,29.04,112.85,上涨明显,False,False
2011-09,白银,silver,8.6,元/克,-5.6,5.78,5.01,80.29,下跌明显,False,False
2011-10,白银,silver,7.19,元/克,-16.4,-16.3,-26.18,32.9,下跌明显,True,True
2011-11,白银,silver,7.42,元/克,3.2,-18.55,-12.71,21.04,温和上涨,False,False
2011-12,白银,silver,6.78,元/克,-8.63,-21.16,-16.61,0.44,下跌明显,True,False
2012-01,白银,silver,6.84,元/克,0.88,-4.87,-20.37,4.43,变化不大,False,False
2012-02,白银,silver,7.6,元/克,11.11,2.43,-16.58,7.65,上涨明显,True,False
2012-03,白银,silver,7.32,元/克,-3.68,7.96,-14.88,-10.62,小幅回落,False,False
2012-04,白银,silver,6.98,元/克,-4.64,2.05,-2.92,-28.34,小幅回落,False,False
2012-05,白银,silver,6.35,元/克,-9.03,-16.45,-14.42,-25.29,下跌明显,True,False
2012-06,白银,silver,6.17,元/克,-2.83,-15.71,-9.0,-24.11,持续下跌,False,False
2012-07,白银,silver,6.03,元/克,-2.27,-13.61,-11.84,-29.8,持续下跌,False,False
2012-08,白银,silver,6.32,元/克,4.81,-0.47,-16.84,-30.63,温和上涨,False,False
2012-09,白银,silver,7.35,元/克,16.3,19.12,0.41,-14.53,上涨明显,True,True
2012-10,白银,silver,7.24,元/克,-1.5,20.07,3.72,0.7,小幅回落,False,False
2012-11,白银,silver,7.13,元/克,-1.52,12.82,12.28,-3.91,小幅回落,False,False
2012-12,白银,silver,6.92,元/克,-2.95,-5.85,12.16,2.06,持续下跌,False,False
2013-01,白银,silver,6.73,元/克,-2.75,-7.04,11.61,-1.61,持续下跌,False,False
2013-02,白银,silver,6.55,元/克,-2.67,-8.13,3.64,-13.82,持续下跌,False,False
2013-03,白银,silver,6.2,元/克,-5.34,-10.4,-15.65,-15.3,下跌明显,False,False
2013-04,白银,silver,5.45,元/克,-12.1,-19.02,-24.72,-21.92,下跌明显,True,False
2013-05,白银,silver,4.94,元/克,-9.36,-24.58,-30.72,-22.2,下跌明显,True,False
2013-06,白银,silver,4.51,元/克,-8.7,-27.26,-34.83,-26.9,下跌明显,True,False
2013-07,白银,silver,4.2,元/克,-6.87,-22.94,-37.59,-30.35,下跌明显,False,False
2013-08,白银,silver,4.66,元/克,10.95,-5.67,-28.85,-26.27,上涨明显,True,False
2013-09,白银,silver,4.79,元/克,2.79,6.21,-22.74,-34.83,温和上涨,False,False
2013-10,白银,silver,4.64,元/克,-3.13,10.48,-14.86,-35.91,小幅回落,False,False
2013-11,白银,silver,4.38,元/克,-5.6,-6.01,-11.34,-38.57,下跌明显,False,False
2013-12,白银,silver,4.14,元/克,-5.48,-13.57,-8.2,-40.17,下跌明显,False,False
2014-01,白银,silver,4.17,元/克,0.72,-10.13,-0.71,-38.04,变化不大,False,False
2014-02,白银,silver,4.37,元/克,4.8,-0.23,-6.22,-33.28,温和上涨,False,False
2014-03,白银,silver,4.33,元/克,-0.92,4.59,-9.6,-30.16,变化不大,False,False
2014-04,白银,silver,4.11,元/克,-5.08,-1.44,-11.42,-24.59,下跌明显,False,False
2014-05,白银,silver,4.02,元/克,-2.19,-8.01,-8.22,-18.62,持续下跌,False,False
2014-06,白银,silver,4.12,元/克,2.49,-4.85,-0.48,-8.65,温和上涨,False,False
2014-07,白银,silver,4.32,元/克,4.85,5.11,3.6,2.86,温和上涨,False,False
2014-08,白银,silver,4.07,元/克,-5.79,1.24,-6.86,-12.66,下跌明显,False,False
2014-09,白银,silver,3.77,元/克,-7.37,-8.5,-12.93,-21.29,下跌明显,False,False
2014-10,白银,silver,3.52,元/克,-6.63,-18.52,-14.36,-24.14,下跌明显,False,False
2014-11,白银,silver,3.26,元/克,-7.39,-19.9,-18.91,-25.57,下跌明显,False,False
2014-12,白银,silver,3.32,元/克,1.84,-11.94,-19.42,-19.81,温和上涨,False,False
2015-01,白银,silver,3.5,元/克,5.42,-0.57,-18.98,-16.07,上涨明显,False,False
2015-02,白银,silver,3.4,元/克,-2.86,4.29,-16.46,-22.2,小幅回落,False,False
2015-03,白银,silver,3.28,元/克,-3.53,-1.2,-13.0,-24.25,小幅回落,False,False
2015-04,白银,silver,3.29,元/克,0.3,-6.0,-6.53,-19.95,变化不大,False,False
2015-05,白银,silver,3.38,元/克,2.74,-0.59,3.68,-15.92,温和上涨,False,False
2015-06,白银,silver,3.22,元/克,-4.73,-1.83,-3.01,-21.84,小幅回落,False,False
2015-07,白银,silver,3.01,元/克,-6.52,-8.51,-14.0,-30.32,下跌明显,False,False
2015-08,白银,silver,3.19,元/克,5.98,-5.62,-6.18,-21.62,上涨明显,False,False
2015-09,白银,silver,3.15,元/克,-1.25,-2.17,-3.96,-16.45,小幅回落,False,False
2015-10,白银,silver,3.38,元/克,7.3,12.29,2.74,-3.98,上涨明显,False,False
2015-11,白银,silver,3.08,元/克,-8.88,-3.45,-8.88,-5.52,下跌明显,True,False
2015-12,白银,silver,3.02,元/克,-1.95,-4.13,-6.21,-9.04,小幅回落,False,False
2016-01,白银,silver,3.01,元/克,-0.33,-10.95,0.0,-14.0,持续下跌,False,False
2016-02,白银,silver,3.24,元/克,7.64,5.19,1.57,-4.71,上涨明显,False,False
2016-03,白银,silver,3.3,元/克,1.85,9.27,4.76,0.61,温和上涨,False,False
2016-04,白银,silver,3.49,元/克,5.76,15.95,3.25,6.08,上涨明显,False,False
2016-05,白银,silver,3.62,元/克,3.72,11.73,17.53,7.1,持续上涨,False,False
2016-06,白银,silver,3.69,元/克,1.93,11.82,22.19,14.6,持续上涨,False,False
2016-07,白银,silver,4.27,元/克,15.72,22.35,41.86,41.86,上涨明显,True,True
2016-08,白银,silver,4.25,元/克,-0.47,17.4,31.17,33.23,变化不大,False,False
2016-09,白银,silver,4.2,元/克,-1.18,13.82,27.27,33.33,小幅回落,False,False
2016-10,白银,silver,3.83,元/克,-8.81,-10.3,9.74,13.31,下跌明显,True,False
2016-11,白银,silver,3.78,元/克,-1.31,-11.06,4.42,22.73,持续下跌,False,False
2016-12,白银,silver,3.57,元/克,-5.56,-15.0,-3.25,18.21,下跌明显,False,False
2017-01,白银,silver,3.67,元/克,2.8,-4.18,-14.05,21.93,温和上涨,False,False
2017-02,白银,silver,3.89,元/克,5.99,2.91,-8.47,20.06,上涨明显,False,False
2017-03,白银,silver,3.83,元/克,-1.54,7.28,-8.81,16.06,小幅回落,False,False
2017-04,白银,silver,3.91,元/克,2.09,6.54,2.09,12.03,温和上涨,False,False
2017-05,白银,silver,3.64,元/克,-6.91,-6.43,-3.7,0.55,下跌明显,False,False
2017-06,白银,silver,3.67,元/克,0.82,-4.18,2.8,-0.54,变化不大,False,False
2017-07,白银,silver,3.5,元/克,-4.63,-10.49,-4.63,-18.03,小幅回落,False,False
2017-08,白银,silver,3.61,元/克,3.14,-0.82,-7.2,-15.06,温和上涨,False,False
2017-09,白银,silver,3.71,元/克,2.77,1.09,-3.13,-11.67,温和上涨,False,False
2017-10,白银,silver,3.61,元/克,-2.7,3.14,-7.67,-5.74,小幅回落,False,False
2017-11,白银,silver,3.61,元/克,0.0,0.0,-0.82,-4.5,变化不大,False,False
2017-12,白银,silver,3.44,元/克,-4.71,-7.28,-6.27,-3.64,小幅回落,False,False
2018-01,白银,silver,3.65,元/克,6.1,1.11,4.29,-0.55,上涨明显,False,False
2018-02,白银,silver,3.53,元/克,-3.29,-2.22,-2.22,-9.25,小幅回落,False,False
2018-03,白银,silver,3.51,元/克,-0.57,2.03,-5.39,-8.36,变化不大,False,False
2018-04,白银,silver,3.54,元/克,0.85,-3.01,-1.94,-9.46,变化不大,False,False
2018-05,白银,silver,3.51,元/克,-0.85,-0.57,-2.77,-3.57,变化不大,False,False
2018-06,白银,silver,3.52,元/克,0.28,0.28,2.33,-4.09,变化不大,False,False
2018-07,白银,silver,3.35,元/克,-4.83,-5.37,-8.22,-4.29,小幅回落,False,False
2018-08,白银,silver,3.3,元/克,-1.49,-5.98,-6.52,-8.59,小幅回落,False,False
2018-09,白银,silver,3.14,元/克,-4.85,-10.8,-10.54,-15.36,持续下跌,False,False
2018-10,白银,silver,3.22,元/克,2.55,-3.88,-9.04,-10.8,温和上涨,False,False
2018-11,白银,silver,3.16,元/克,-1.86,-4.24,-9.97,-12.47,小幅回落,False,False
2018-12,白银,silver,3.25,元/克,2.85,3.5,-7.67,-5.52,温和上涨,False,False
2019-01,白银,silver,3.44,元/克,5.85,6.83,2.69,-5.75,上涨明显,False,False
2019-02,白银,silver,3.47,元/克,0.87,9.81,5.15,-1.7,持续上涨,False,False
2019-03,白银,silver,3.36,元/克,-3.17,3.38,7.01,-4.27,小幅回落,False,False
2019-04,白银,silver,3.31,元/克,-1.49,-3.78,2.8,-6.5,小幅回落,False,False
2019-05,白银,silver,3.22,元/克,-2.72,-7.2,1.9,-8.26,持续下跌,False,False
2019-06,白银,silver,3.3,元/克,2.48,-1.79,1.54,-6.25,温和上涨,False,False
2019-07,白银,silver,3.47,元/克,5.15,4.83,0.87,3.58,上涨明显,False,False
2019-08,白银,silver,3.89,元/克,12.1,20.81,12.1,17.88,上涨明显,True,False
2019-09,白银,silver,4.1,元/克,5.4,24.24,22.02,30.57,上涨明显,False,False
2019-10,白银,silver,3.98,元/克,-2.93,14.7,20.24,23.6,小幅回落,False,False
2019-11,白银,silver,3.88,元/克,-2.51,-0.26,20.5,22.78,小幅回落,False,False
2019-12,白银,silver,3.87,元/克,-0.26,-5.61,17.27,19.08,持续下跌,False,False
2020-01,白银,silver,4.06,元/克,4.91,2.01,17.0,18.02,温和上涨,False,False
2020-02,白银,silver,4.05,元/克,-0.25,4.38,4.11,16.71,变化不大,False,False
2020-03,白银,silver,3.37,元/克,-16.79,-12.92,-17.8,0.3,下跌明显,True,True
2020-04,白银,silver,3.42,元/克,1.48,-15.76,-14.07,3.32,温和上涨,False,False
2020-05,白银,silver,3.69,元/克,7.89,-8.89,-4.9,14.6,上涨明显,False,False
2020-06,白银,silver,4.01,元/克,8.67,18.99,3.62,21.52,上涨明显,True,False
2020-07,白银,silver,4.68,元/克,16.71,36.84,15.27,34.87,上涨明显,True,True
2020-08,白银,silver,5.69,元/克,21.58,54.2,40.49,46.27,上涨明显,True,True
2020-09,白银,silver,5.42,元/克,-4.75,35.16,60.83,32.2,小幅回落,False,False
2020-10,白银,silver,5.1,元/克,-5.9,8.97,49.12,28.14,下跌明显,False,False
2020-11,白银,silver,5.07,元/克,-0.59,-10.9,37.4,30.67,持续下跌,False,False
2020-12,白银,silver,5.26,元/克,3.75,-2.95,31.17,35.92,温和上涨,False,False
2021-01,白银,silver,5.45,元/克,3.61,6.86,16.45,34.24,温和上涨,False,False
2021-02,白银,silver,5.68,元/克,4.22,12.03,-0.18,40.25,持续上涨,False,False
2021-03,白银,silver,5.34,元/克,-5.99,1.52,-1.48,58.46,下跌明显,False,False
2021-04,白银,silver,5.34,元/克,0.0,-2.02,4.71,56.14,变化不大,False,False
2021-05,白银,silver,5.72,元/克,7.12,0.7,12.82,55.01,上涨明显,False,False
2021-06,白银,silver,5.62,元/克,-1.75,5.24,6.84,40.15,小幅回落,False,False
2021-07,白银,silver,5.34,元/克,-4.98,0.0,-2.02,14.1,小幅回落,False,False
2021-08,白银,silver,4.91,元/克,-8.05,-14.16,-13.56,-13.71,下跌明显,True,False
2021-09,白银,silver,4.75,元/克,-3.26,-15.48,-11.05,-12.36,持续下跌,False,False
2021-10,白银,silver,4.79,元/克,0.84,-10.3,-10.3,-6.08,变化不大,False,False
2021-11,白银,silver,4.95,元/克,3.34,0.81,-13.46,-2.37,温和上涨,False,False
2021-12,白银,silver,4.61,元/克,-6.87,-2.95,-17.97,-12.36,下跌明显,False,False
2022-01,白银,silver,4.74,元/克,2.82,-1.04,-11.24,-13.03,温和上涨,False,False
2022-02,白银,silver,4.96,元/克,4.64,0.2,1.02,-12.68,温和上涨,False,False
2022-03,白银,silver,5.33,元/克,7.46,15.62,12.21,-0.19,上涨明显,False,False
2022-04,白银,silver,5.17,元/克,-3.0,9.07,7.93,-3.18,小幅回落,False,False
2022-05,白银,silver,4.61,元/克,-10.83,-7.06,-6.87,-19.41,下跌明显,True,False
2022-06,白银,silver,4.54,元/克,-1.52,-14.82,-1.52,-19.22,持续下跌,False,False
2022-07,白银,silver,4.02,元/克,-11.45,-22.24,-15.19,-24.72,下跌明显,True,False
2022-08,白银,silver,4.43,元/克,10.2,-3.9,-10.69,-9.78,上涨明显,True,False
2022-09,白银,silver,4.25,元/克,-4.06,-6.39,-20.26,-10.53,小幅回落,False,False
2022-10,白银,silver,4.36,元/克,2.59,8.46,-15.67,-8.98,温和上涨,False,False
2022-11,白银,silver,4.72,元/克,8.26,6.55,2.39,-4.65,上涨明显,True,False
2022-12,白银,silver,5.24,元/克,11.02,23.29,15.42,13.67,上涨明显,True,False
2023-01,白银,silver,5.31,元/克,1.34,21.79,32.09,12.03,持续上涨,False,False
2023-02,白银,silver,5.0,元/克,-5.84,5.93,12.87,0.81,下跌明显,False,False
2023-03,白银,silver,5.02,元/克,0.4,-4.2,18.12,-5.82,变化不大,False,False
2023-04,白银,silver,5.71,元/克,13.74,7.53,30.96,10.44,上涨明显,True,False
2023-05,白银,silver,5.54,元/克,-2.98,10.8,17.37,20.17,小幅回落,False,False
2023-06,白银,silver,5.35,元/克,-3.43,6.57,2.1,17.84,小幅回落,False,False
2023-07,白银,silver,5.54,元/克,3.55,-2.98,4.33,37.81,温和上涨,False,False
2023-08,白银,silver,5.43,元/克,-1.99,-1.99,8.6,22.57,小幅回落,False,False
2023-09,白银,silver,5.35,元/克,-1.47,0.0,6.57,25.88,小幅回落,False,False
2023-10,白银,silver,5.18,元/克,-3.18,-6.5,-9.28,18.81,持续下跌,False,False
2023-11,白银,silver,5.44,元/克,5.02,0.18,-1.81,15.25,上涨明显,False,False
2023-12,白银,silver,5.53,元/克,1.65,3.36,3.36,5.53,温和上涨,False,False
2024-01,白银,silver,5.31,元/克,-3.98,2.51,-4.15,0.0,小幅回落,False,False
2024-02,白银,silver,5.28,元/克,-0.56,-2.94,-2.76,5.6,变化不大,False,False
2024-03,白银,silver,5.72,元/克,8.33,3.44,6.92,13.94,上涨明显,True,False
2024-04,白银,silver,6.41,元/克,12.06,20.72,23.75,12.26,上涨明显,True,False
2024-05,白银,silver,6.84,元/克,6.71,29.55,25.74,23.47,上涨明显,False,False
2024-06,白银,silver,6.89,元/克,0.73,20.45,24.59,28.78,持续上涨,False,False
2024-07,白银,silver,6.94,元/克,0.73,8.27,30.7,25.27,持续上涨,False,False
2024-08,白银,silver,6.68,元/克,-3.75,-2.34,26.52,23.02,小幅回落,False,False
2024-09,白银,silver,7.05,元/克,5.54,2.32,23.25,31.78,上涨明显,False,False
2024-10,白银,silver,7.59,元/克,7.66,9.37,18.41,46.53,上涨明显,False,False
2024-11,白银,silver,7.28,元/克,-4.08,8.98,6.43,33.82,小幅回落,False,False
2024-12,白银,silver,7.2,元/克,-1.1,2.13,4.5,30.2,小幅回落,False,False
2025-01,白银,silver,7.12,元/克,-1.11,-6.19,2.59,34.09,持续下跌,False,False
2025-02,白银,silver,7.42,元/克,4.21,1.92,11.08,40.53,温和上涨,False,False
2025-03,白银,silver,7.66,元/克,3.23,6.39,8.65,33.92,温和上涨,False,False
2025-04,白银,silver,7.44,元/克,-2.87,4.49,-1.98,16.07,小幅回落,False,False
2025-05,白银,silver,7.56,元/克,1.61,1.89,3.85,10.53,温和上涨,False,False
2025-06,白银,silver,8.31,元/克,9.92,8.49,15.42,20.61,上涨明显,True,False
2025-07,白银,silver,8.7,元/克,4.69,16.94,22.19,25.36,持续上涨,False,False
2025-08,白银,silver,8.84,元/克,1.61,16.93,19.14,32.34,持续上涨,False,False
2025-09,白银,silver,9.91,元/克,12.1,19.25,29.37,40.57,上涨明显,True,False
2025-10,白银,silver,11.44,元/克,15.44,31.49,53.76,50.72,上涨明显,True,True
2025-11,白银,silver,11.67,元/克,2.01,32.01,54.37,60.3,持续上涨,False,False
2025-12,白银,silver,14.43,元/克,23.65,45.61,73.65,100.42,上涨明显,True,True
2026-01,白银,silver,21.31,元/克,47.68,86.28,144.94,199.3,上涨明显,True,True
2026-02,白银,silver,18.97,元/克,-10.98,62.55,114.59,155.66,下跌明显,True,False
2026-03,白银,silver,18.03,元/克,-4.96,24.95,81.94,135.38,小幅回落,False,False
2026-04,白银,silver,17.56,元/克,-2.61,-17.6,53.5,136.02,持续下跌,False,False
2026-05,白银,silver,18.06,元/克,2.85,-4.8,54.76,138.89,温和上涨,False,False
1960-01,锡,tin,5367.71,元/吨,,,,,数据不足,False,False
1960-02,锡,tin,5367.71,元/吨,0.0,,,,变化不大,False,False
1960-03,锡,tin,5351.46,元/吨,-0.3,,,,变化不大,False,False
1960-04,锡,tin,5362.29,元/吨,0.2,-0.1,,,变化不大,False,False
1960-05,锡,tin,5324.13,元/吨,-0.71,-0.81,,,变化不大,False,False
1960-06,锡,tin,5378.54,元/吨,1.02,0.51,,,温和上涨,False,False
1960-07,锡,tin,5535.85,元/吨,2.92,3.24,3.13,,温和上涨,False,False
1960-08,锡,tin,5427.28,元/吨,-1.96,1.94,1.11,,小幅回落,False,False
1960-09,锡,tin,5481.69,元/吨,1.0,1.92,2.43,,温和上涨,False,False
1960-10,锡,tin,5481.69,元/吨,0.0,-0.98,2.23,,变化不大,False,False
1960-11,锡,tin,5427.28,元/吨,-0.99,0.0,1.94,,变化不大,False,False
1960-12,锡,tin,5389.37,元/吨,-0.7,-1.68,0.2,,变化不大,False,False
1961-01,锡,tin,5324.13,元/吨,-1.21,-2.87,-3.82,-0.81,持续下跌,False,False
1961-02,锡,tin,5383.96,元/吨,1.12,-0.8,-0.8,0.3,温和上涨,False,False
1961-03,锡,tin,5535.85,元/吨,2.82,2.72,0.99,3.45,温和上涨,False,False
1961-04,锡,tin,5682.33,元/吨,2.65,6.73,3.66,5.97,持续上涨,False,False
1961-05,锡,tin,5850.71,元/吨,2.96,8.67,7.8,9.89,持续上涨,False,False
1961-06,锡,tin,6073.26,元/吨,3.8,9.71,12.69,12.92,持续上涨,False,False
1961-07,锡,tin,6203.49,元/吨,2.14,9.17,16.52,12.06,持续上涨,False,False
1961-08,锡,tin,6415.2,元/吨,3.41,9.65,19.15,18.2,持续上涨,False,False
1961-09,锡,tin,6474.78,元/吨,0.93,6.61,16.96,18.12,持续上涨,False,False
1961-10,锡,tin,6415.2,元/吨,-0.92,3.41,12.9,17.03,变化不大,False,False
1961-11,锡,tin,6567.1,元/吨,2.37,2.37,12.24,21.0,温和上涨,False,False
1961-12,锡,tin,6447.7,元/吨,-1.82,-0.42,6.17,19.64,小幅回落,False,False
1962-01,锡,tin,6426.04,元/吨,-0.34,0.17,3.59,20.7,变化不大,False,False
1962-02,锡,tin,6458.53,元/吨,0.51,-1.65,0.68,19.96,变化不大,False,False
1962-03,锡,tin,6529.19,元/吨,1.09,1.26,0.84,17.94,温和上涨,False,False
1962-04,锡,tin,6436.87,元/吨,-1.41,0.17,0.34,13.28,小幅回落,False,False
1962-05,锡,tin,6235.99,元/吨,-3.12,-3.45,-5.04,6.59,小幅回落,False,False
1962-06,锡,tin,5943.03,元/吨,-4.7,-8.98,-7.83,-2.14,持续下跌,False,False
1962-07,锡,tin,5850.71,元/吨,-1.55,-9.11,-8.95,-5.69,持续下跌,False,False
1962-08,锡,tin,5785.48,元/吨,-1.11,-7.22,-10.42,-9.82,持续下跌,False,False
1962-09,锡,tin,5785.48,元/吨,0.0,-2.65,-11.39,-10.65,变化不大,False,False
1962-10,锡,tin,5807.14,元/吨,0.37,-0.74,-9.78,-9.48,变化不大,False,False
1962-11,锡,tin,5926.54,元/吨,2.06,2.44,-4.96,-9.75,温和上涨,False,False
1962-12,锡,tin,5823.63,元/吨,-1.74,0.66,-2.01,-9.68,小幅回落,False,False
1963-01,锡,tin,5785.48,元/吨,-0.66,-0.37,-1.11,-9.97,变化不大,False,False
1963-02,锡,tin,5785.48,元/吨,0.0,-2.38,0.0,-10.42,变化不大,False,False
1963-03,锡,tin,5807.14,元/吨,0.37,-0.28,0.37,-11.06,变化不大,False,False
1963-04,锡,tin,5975.53,元/吨,2.9,3.28,2.9,-7.17,温和上涨,False,False
1963-05,锡,tin,6143.67,元/吨,2.81,6.19,3.66,-1.48,持续上涨,False,False
1963-06,锡,tin,6154.5,元/吨,0.18,5.98,5.68,3.56,持续上涨,False,False
1963-07,锡,tin,6111.17,元/吨,-0.7,2.27,5.63,4.45,变化不大,False,False
1963-08,锡,tin,6143.67,元/吨,0.53,0.0,6.19,6.19,变化不大,False,False
1963-09,锡,tin,6333.72,元/吨,3.09,2.91,9.07,9.48,温和上涨,False,False
1963-10,锡,tin,6377.05,元/吨,0.68,4.35,6.72,9.81,持续上涨,False,False
1963-11,锡,tin,6615.84,元/吨,3.74,7.69,7.69,11.63,持续上涨,False,False
1963-12,锡,tin,6849.22,元/吨,3.53,8.14,11.29,17.61,持续上涨,False,False
1964-01,锡,tin,7071.77,元/吨,3.25,10.89,15.72,22.23,持续上涨,False,False
1964-02,锡,tin,7533.11,元/吨,6.52,13.86,22.62,30.21,上涨明显,False,False
1964-03,锡,tin,7283.48,元/吨,-3.31,6.34,15.0,25.42,小幅回落,False,False
1964-04,锡,tin,7088.01,元/吨,-2.68,0.23,11.15,18.62,小幅回落,False,False
1964-05,锡,tin,7164.08,元/吨,1.07,-4.9,8.29,16.61,温和上涨,False,False
1964-06,锡,tin,8037.78,元/吨,12.2,10.36,17.35,30.6,上涨明显,True,False
1964-07,锡,tin,8499.12,元/吨,5.74,19.91,20.18,39.08,上涨明显,False,False
1964-08,锡,tin,8645.84,元/吨,1.73,20.68,14.77,40.73,持续上涨,False,False
1964-09,锡,tin,9682.26,元/吨,11.99,20.46,32.93,52.87,上涨明显,True,False
1964-10,锡,tin,10762.5,元/吨,11.16,26.63,51.84,68.77,上涨明显,True,False
1964-11,锡,tin,10105.69,元/吨,-6.1,16.89,41.06,52.75,下跌明显,False,False
1964-12,锡,tin,8944.21,元/吨,-11.49,-7.62,11.28,30.59,下跌明显,True,False
1965-01,锡,tin,8509.95,元/吨,-4.86,-20.93,0.13,20.34,持续下跌,False,False
1965-02,锡,tin,8347.23,元/吨,-1.91,-17.4,-3.45,10.81,持续下跌,False,False
1965-03,锡,tin,8824.81,元/吨,5.72,-1.33,-8.86,21.16,上涨明显,False,False
1965-04,锡,tin,9709.59,元/吨,10.03,14.1,-9.78,36.99,上涨明显,True,False
1965-05,锡,tin,10376.98,元/吨,6.87,24.32,2.68,44.85,上涨明显,False,False
1965-06,锡,tin,10170.93,元/吨,-1.99,15.25,13.72,26.54,小幅回落,False,False
1965-07,锡,tin,9763.74,元/吨,-4.0,0.56,14.73,14.88,小幅回落,False,False
1965-08,锡,tin,10073.19,元/吨,3.17,-2.93,20.68,16.51,温和上涨,False,False
1965-09,锡,tin,10360.73,元/吨,2.85,1.87,17.4,7.01,温和上涨,False,False
1965-10,锡,tin,9872.31,元/吨,-4.71,1.11,1.68,-8.27,小幅回落,False,False
1965-11,锡,tin,9405.55,元/吨,-4.73,-6.63,-9.36,-6.93,小幅回落,False,False
1965-12,锡,tin,9524.95,元/吨,1.27,-8.07,-6.35,6.49,温和上涨,False,False
1966-01,锡,tin,9666.01,元/吨,1.48,-2.09,-1.0,13.58,温和上涨,False,False
1966-02,锡,tin,9546.61,元/吨,-1.24,1.5,-5.23,14.37,小幅回落,False,False
1966-03,锡,tin,9286.16,元/吨,-2.73,-2.51,-10.37,5.23,小幅回落,False,False
1966-04,锡,tin,9264.49,元/吨,-0.23,-4.15,-6.16,-4.58,持续下跌,False,False
1966-05,锡,tin,9079.86,元/吨,-1.99,-4.89,-3.46,-12.5,持续下跌,False,False
1966-06,锡,tin,8656.67,元/吨,-4.66,-6.78,-9.12,-14.89,持续下跌,False,False
1966-07,锡,tin,8651.26,元/吨,-0.06,-6.62,-10.5,-11.39,持续下跌,False,False
1966-08,锡,tin,8439.54,元/吨,-2.45,-7.05,-11.6,-16.22,持续下跌,False,False
1966-09,锡,tin,8314.73,元/吨,-1.48,-3.95,-10.46,-19.75,持续下跌,False,False
1966-10,锡,tin,8276.57,元/吨,-0.46,-4.33,-10.66,-16.16,持续下跌,False,False
1966-11,锡,tin,8173.67,元/吨,-1.24,-3.15,-9.98,-13.1,持续下跌,False,False
1966-12,锡,tin,8211.58,元/吨,0.46,-1.24,-5.14,-13.79,变化不大,False,False
1967-01,锡,tin,8130.09,元/吨,-0.99,-1.77,-6.02,-15.89,变化不大,False,False
1967-02,锡,tin,8146.34,元/吨,0.2,-0.33,-3.47,-14.67,变化不大,False,False
1967-03,锡,tin,8168.25,元/吨,0.27,-0.53,-1.76,-12.04,变化不大,False,False
1967-04,锡,tin,8249.49,元/吨,0.99,1.47,-0.33,-10.96,持续上涨,False,False
1967-05,锡,tin,8265.74,元/吨,0.2,1.47,1.13,-8.97,持续上涨,False,False
1967-06,锡,tin,8287.65,元/吨,0.27,1.46,0.93,-4.26,持续上涨,False,False
1967-07,锡,tin,8276.57,元/吨,-0.13,0.33,1.8,-4.33,变化不大,False,False
1967-08,锡,tin,8103.01,元/吨,-2.1,-1.97,-0.53,-3.99,小幅回落,False,False
1967-09,锡,tin,8043.19,元/吨,-0.74,-2.95,-1.53,-3.27,持续下跌,False,False
1967-10,锡,tin,8075.93,元/吨,0.41,-2.42,-2.1,-2.42,变化不大,False,False
1967-11,锡,tin,8119.26,元/吨,0.54,0.2,-1.77,-0.67,变化不大,False,False
1967-12,锡,tin,7858.8,元/吨,-3.21,-2.29,-5.17,-4.3,小幅回落,False,False
1968-01,锡,tin,7696.08,元/吨,-2.07,-4.7,-7.01,-5.34,小幅回落,False,False
1968-02,锡,tin,7657.92,元/吨,-0.5,-5.68,-5.49,-6.0,持续下跌,False,False
1968-03,锡,tin,7663.34,元/吨,0.07,-2.49,-4.72,-6.18,变化不大,False,False
1968-04,锡,tin,7647.09,元/吨,-0.21,-0.64,-5.31,-7.3,变化不大,False,False
1968-05,锡,tin,7592.93,元/吨,-0.71,-0.85,-6.48,-8.14,变化不大,False,False
1968-06,锡,tin,7592.93,元/吨,0.0,-0.92,-3.38,-8.38,变化不大,False,False
1968-07,锡,tin,7571.02,元/吨,-0.29,-0.99,-1.62,-8.52,变化不大,False,False
1968-08,锡,tin,7538.52,元/吨,-0.43,-0.72,-1.56,-6.97,变化不大,False,False
1968-09,锡,tin,7560.19,元/吨,0.29,-0.43,-1.35,-6.01,变化不大,False,False
1968-10,锡,tin,7657.92,元/吨,1.29,1.15,0.14,-5.18,温和上涨,False,False
1968-11,锡,tin,8173.67,元/吨,6.73,8.43,7.65,0.67,上涨明显,False,False
1968-12,锡,tin,8021.53,元/吨,-1.86,6.1,5.64,2.07,小幅回落,False,False
1969-01,锡,tin,7945.71,元/吨,-0.95,3.76,4.95,3.24,变化不大,False,False
1969-02,锡,tin,7989.03,元/吨,0.55,-2.26,5.98,4.32,变化不大,False,False
1969-03,锡,tin,7983.62,元/吨,-0.07,-0.47,5.6,4.18,变化不大,False,False
1969-04,锡,tin,8135.51,元/吨,1.9,2.39,6.24,6.39,温和上涨,False,False
1969-05,锡,tin,8260.32,元/吨,1.53,3.4,1.06,8.79,温和上涨,False,False
1969-06,锡,tin,8320.15,元/吨,0.72,4.22,3.72,9.58,持续上涨,False,False
1969-07,锡,tin,8466.62,元/吨,1.76,4.07,6.56,11.83,持续上涨,False,False
1969-08,锡,tin,8542.69,元/吨,0.9,3.42,6.93,13.32,持续上涨,False,False
1969-09,锡,tin,8542.69,元/吨,0.0,2.67,7.0,13.0,变化不大,False,False
1969-10,锡,tin,8700.0,元/吨,1.84,2.76,6.94,13.61,温和上涨,False,False
1969-11,锡,tin,8965.88,元/吨,3.06,4.95,8.54,9.69,温和上涨,False,False
1969-12,锡,tin,9400.14,元/吨,4.84,10.04,12.98,17.19,持续上涨,False,False
1970-01,锡,tin,9459.96,元/吨,0.64,8.74,11.73,19.06,持续上涨,False,False
1970-02,锡,tin,9275.32,元/吨,-1.95,3.45,8.58,16.1,小幅回落,False,False
1970-03,锡,tin,9345.98,元/吨,0.76,-0.58,9.4,17.06,变化不大,False,False
1970-04,锡,tin,9476.21,元/吨,1.39,0.17,8.92,16.48,温和上涨,False,False
1970-05,锡,tin,9199.25,元/吨,-2.92,-0.82,2.6,11.37,小幅回落,False,False
1970-06,锡,tin,8721.67,元/吨,-5.19,-6.68,-7.22,4.83,下跌明显,False,False
1970-07,锡,tin,8613.1,元/吨,-1.24,-9.11,-8.95,1.73,持续下跌,False,False
1970-08,锡,tin,8911.72,元/吨,3.47,-3.13,-3.92,4.32,温和上涨,False,False
1970-09,锡,tin,8976.71,元/吨,0.73,2.92,-3.95,5.08,变化不大,False,False
1970-10,锡,tin,9031.11,元/吨,0.61,4.85,-4.7,3.81,持续上涨,False,False
1970-11,锡,tin,8900.88,元/吨,-1.44,-0.12,-3.24,-0.73,小幅回落,False,False
1970-12,锡,tin,8607.68,元/吨,-3.29,-4.11,-1.31,-8.43,小幅回落,False,False
1971-01,锡,tin,8531.86,元/吨,-0.88,-5.53,-0.94,-9.81,持续下跌,False,False
1971-02,锡,tin,8526.44,元/吨,-0.06,-4.21,-4.32,-8.07,持续下跌,False,False
1971-03,锡,tin,8683.75,元/吨,1.85,0.88,-3.26,-7.09,温和上涨,False,False
1971-04,锡,tin,8770.65,元/吨,1.0,2.8,-2.88,-7.45,温和上涨,False,False
1971-05,锡,tin,8667.51,元/吨,-1.18,1.65,-2.62,-5.78,小幅回落,False,False
1971-06,锡,tin,8488.29,元/吨,-2.07,-2.25,-1.39,-2.68,小幅回落,False,False
1971-07,锡,tin,8509.95,元/吨,0.26,-2.97,-0.26,-1.2,变化不大,False,False
1971-08,锡,tin,7810.48,元/吨,-8.22,-9.89,-8.4,-12.36,下跌明显,True,False
1971-09,锡,tin,7914.43,元/吨,1.33,-6.76,-8.86,-11.83,温和上涨,False,False
1971-10,锡,tin,7835.17,元/吨,-1.0,-7.93,-10.67,-13.24,小幅回落,False,False
1971-11,锡,tin,7934.18,元/吨,1.26,1.58,-8.46,-10.86,温和上涨,False,False
1971-12,锡,tin,8241.09,元/吨,3.87,4.13,-2.91,-4.26,温和上涨,False,False
1972-01,锡,tin,8142.08,元/吨,-1.2,3.92,-4.32,-4.57,小幅回落,False,False
1972-02,锡,tin,8151.96,元/吨,0.12,2.74,4.37,-4.39,变化不大,False,False
1972-03,锡,tin,8508.26,元/吨,4.37,3.24,7.5,-2.02,温和上涨,False,False
1972-04,锡,tin,8632.18,元/吨,1.46,6.02,10.17,-1.58,持续上涨,False,False
1972-05,锡,tin,8453.92,元/吨,-2.07,3.7,6.55,-2.46,小幅回落,False,False
1972-06,锡,tin,8399.37,元/吨,-0.65,-1.28,1.92,-1.05,变化不大,False,False
1972-07,锡,tin,8379.61,元/吨,-0.24,-2.93,2.92,-1.53,持续下跌,False,False
1972-08,锡,tin,7467.7,元/吨,-10.88,-11.67,-8.39,-4.39,下跌明显,True,False
1972-09,锡,tin,7564.17,元/吨,1.29,-9.94,-11.1,-4.43,温和上涨,False,False
1972-10,锡,tin,7476.45,元/吨,-1.16,-10.78,-13.39,-4.58,小幅回落,False,False
1972-11,锡,tin,7362.48,元/吨,-1.52,-1.41,-12.91,-7.21,小幅回落,False,False
1972-12,锡,tin,7419.37,元/吨,0.77,-1.91,-11.67,-9.97,变化不大,False,False
1973-01,锡,tin,7537.71,元/吨,1.6,0.82,-10.05,-7.42,温和上涨,False,False
1973-02,锡,tin,8011.29,元/吨,6.28,8.81,7.28,-1.73,上涨明显,False,False
1973-03,锡,tin,8528.83,元/吨,6.46,14.95,12.75,0.24,上涨明显,False,False
1973-04,锡,tin,8493.63,元/吨,-0.41,12.68,13.61,-1.6,变化不大,False,False
1973-05,锡,tin,8647.18,元/吨,1.81,7.94,17.45,2.29,温和上涨,False,False
1973-06,锡,tin,9011.16,元/吨,4.21,5.66,21.45,7.28,温和上涨,False,False
1973-07,锡,tin,9870.61,元/吨,9.54,16.21,30.95,17.79,上涨明显,True,False
1973-08,锡,tin,7548.29,元/吨,-23.53,-12.71,-5.78,1.08,下跌明显,True,True
1973-09,锡,tin,7600.34,元/吨,0.69,-15.66,-10.89,0.48,变化不大,False,False
1973-10,锡,tin,8173.08,元/吨,7.54,-17.2,-3.77,9.32,上涨明显,False,False
1973-11,锡,tin,8545.54,元/吨,4.56,13.21,-1.18,16.07,持续上涨,False,False
1973-12,锡,tin,9962.0,元/吨,16.58,31.07,10.55,34.27,上涨明显,True,True
1974-01,锡,tin,10080.58,元/吨,1.19,23.34,2.13,33.74,持续上涨,False,False
1974-02,锡,tin,11560.25,元/吨,14.68,35.28,53.15,44.3,上涨明显,True,False
1974-03,锡,tin,12876.39,元/吨,11.39,29.26,69.42,50.97,上涨明显,True,False
1974-04,锡,tin,14500.24,元/吨,12.61,43.84,77.41,70.72,上涨明显,True,False
1974-05,锡,tin,14733.71,元/吨,1.61,27.45,72.41,70.39,持续上涨,False,False
1974-06,锡,tin,14390.72,元/吨,-2.33,11.76,44.46,59.7,小幅回落,False,False
1974-07,锡,tin,13675.68,元/吨,-4.97,-5.69,35.66,38.55,小幅回落,False,False
1974-08,锡,tin,14133.1,元/吨,3.34,-4.08,22.26,87.24,温和上涨,False,False
1974-09,锡,tin,14819.97,元/吨,4.86,2.98,15.09,94.99,温和上涨,False,False
1974-10,锡,tin,12040.76,元/吨,-18.75,-11.95,-16.96,47.32,下跌明显,True,True
1974-11,锡,tin,12091.48,元/吨,0.42,-14.45,-17.93,41.49,变化不大,False,False
1974-12,锡,tin,11824.34,元/吨,-2.21,-20.21,-17.83,18.69,小幅回落,False,False
1975-01,锡,tin,12666.22,元/吨,7.12,5.19,-7.38,25.65,上涨明显,False,False
1975-02,锡,tin,12532.44,元/吨,-1.06,3.65,-11.33,8.41,小幅回落,False,False
1975-03,锡,tin,12305.75,元/吨,-1.81,4.07,-16.97,-4.43,小幅回落,False,False
1975-04,锡,tin,11942.25,元/吨,-2.95,-5.72,-0.82,-17.64,持续下跌,False,False
1975-05,锡,tin,11611.91,元/吨,-2.77,-7.35,-3.97,-21.19,持续下跌,False,False
1975-06,锡,tin,11718.24,元/吨,0.92,-4.77,-0.9,-18.57,变化不大,False,False
1975-07,锡,tin,11577.17,元/吨,-1.2,-3.06,-8.6,-15.34,小幅回落,False,False
1975-08,锡,tin,11573.39,元/吨,-0.03,-0.33,-7.65,-18.11,变化不大,False,False
1975-09,锡,tin,11259.32,元/吨,-2.71,-3.92,-8.5,-24.03,持续下跌,False,False
1975-10,锡,tin,10948.75,元/吨,-2.76,-5.43,-8.32,-9.07,持续下跌,False,False
1975-11,锡,tin,10886.86,元/吨,-0.57,-5.93,-6.24,-9.96,持续下跌,False,False
1975-12,锡,tin,10755.17,元/吨,-1.21,-4.48,-8.22,-9.04,持续下跌,False,False
1976-01,锡,tin,10922.27,元/吨,1.55,-0.24,-5.66,-13.77,温和上涨,False,False
1976-02,锡,tin,11443.02,元/吨,4.77,5.11,-1.13,-8.69,温和上涨,False,False
1976-03,锡,tin,12195.0,元/吨,6.57,13.39,8.31,-0.9,上涨明显,False,False
1976-04,锡,tin,12643.5,元/吨,3.68,15.76,15.48,5.87,持续上涨,False,False
1976-05,锡,tin,13284.52,元/吨,5.07,16.09,22.02,14.4,上涨明显,False,False
1976-06,锡,tin,13915.95,元/吨,4.75,14.11,29.39,18.75,持续上涨,False,False
1976-07,锡,tin,15293.88,元/吨,9.9,20.96,40.02,32.1,上涨明显,True,False
1976-08,锡,tin,14618.84,元/吨,-4.41,10.04,27.75,26.31,小幅回落,False,False
1976-09,锡,tin,14462.57,元/吨,-1.07,3.93,18.59,28.45,小幅回落,False,False
1976-10,锡,tin,14548.72,元/吨,0.6,-4.87,15.07,32.88,变化不大,False,False
1976-11,锡,tin,14889.7,元/吨,2.34,1.85,12.08,36.77,温和上涨,False,False
1976-12,锡,tin,15469.54,元/吨,3.89,6.96,11.16,43.83,持续上涨,False,False
1977-01,锡,tin,17550.03,元/吨,13.45,20.63,14.75,60.68,上涨明显,True,False
1977-02,锡,tin,19005.21,元/吨,8.29,27.64,30.0,66.09,上涨明显,True,False
1977-03,锡,tin,19362.72,元/吨,1.88,25.17,33.88,58.78,持续上涨,False,False
1977-04,锡,tin,17993.81,元/吨,-7.07,2.53,23.68,42.32,下跌明显,False,False
1977-05,锡,tin,18538.45,元/吨,3.03,-2.46,24.51,39.55,温和上涨,False,False
1977-06,锡,tin,18212.53,元/吨,-1.76,-5.94,17.73,30.88,小幅回落,False,False
1977-07,锡,tin,19791.92,元/吨,8.67,9.99,12.77,29.41,上涨明显,True,False
1977-08,锡,tin,21582.3,元/吨,9.05,16.42,13.56,47.63,上涨明显,True,False
1977-09,锡,tin,21385.77,元/吨,-0.91,17.42,10.45,47.87,变化不大,False,False
1977-10,锡,tin,23396.06,元/吨,9.4,18.21,30.02,60.81,上涨明显,True,False
1977-11,锡,tin,24507.67,元/吨,4.75,13.55,32.2,64.59,温和上涨,False,False
1977-12,锡,tin,24823.86,元/吨,1.29,16.08,36.3,60.47,持续上涨,False,False
1978-01,锡,tin,23635.95,元/吨,-4.79,1.03,19.42,34.68,小幅回落,False,False
1978-02,锡,tin,23792.76,元/吨,0.66,-2.92,10.24,25.19,变化不大,False,False
1978-03,锡,tin,22463.84,元/吨,-5.59,-9.51,5.04,16.02,下跌明显,False,False
1978-04,锡,tin,21735.86,元/吨,-3.24,-8.04,-7.1,20.8,小幅回落,False,False
1978-05,锡,tin,23213.14,元/吨,6.8,-2.44,-5.28,25.22,上涨明显,False,False
1978-06,锡,tin,24611.24,元/吨,6.02,9.56,-0.86,35.13,上涨明显,False,False
1978-07,锡,tin,24828.4,元/吨,0.88,14.23,5.05,25.45,持续上涨,False,False
1978-08,锡,tin,26096.85,元/吨,5.11,12.42,9.68,20.92,上涨明显,False,False
1978-09,锡,tin,28010.15,元/吨,7.33,13.81,24.69,30.98,上涨明显,False,False
1978-10,锡,tin,30893.4,元/吨,10.29,24.43,42.13,32.05,上涨明显,True,False
1978-11,锡,tin,30571.68,元/吨,-1.04,17.15,31.7,24.74,小幅回落,False,False
1978-12,锡,tin,28897.61,元/吨,-5.48,3.17,17.42,16.41,下跌明显,False,False
1979-01,锡,tin,28400.29,元/吨,-1.72,-8.07,14.39,20.16,持续下跌,False,False
1979-02,锡,tin,29899.28,元/吨,5.28,-2.2,14.57,25.67,上涨明显,False,False
1979-03,锡,tin,31046.59,元/吨,3.84,7.44,10.84,38.21,温和上涨,False,False
1979-04,锡,tin,31409.07,元/吨,1.17,10.59,1.67,44.5,持续上涨,False,False
1979-05,锡,tin,32003.24,元/吨,1.89,7.04,4.68,37.87,持续上涨,False,False
1979-06,锡,tin,33750.83,元/吨,5.46,8.71,16.79,37.14,上涨明显,False,False
1979-07,锡,tin,33139.47,元/吨,-1.81,5.51,16.69,33.47,小幅回落,False,False
1979-08,锡,tin,31188.08,元/吨,-5.89,-2.55,4.31,19.51,下跌明显,False,False
1979-09,锡,tin,32595.7,元/吨,4.51,-3.42,4.99,16.37,温和上涨,False,False
1979-10,锡,tin,34025.93,元/吨,4.39,2.67,8.33,10.14,温和上涨,False,False
1979-11,锡,tin,34901.85,元/吨,2.57,11.91,9.06,14.16,持续上涨,False,False
1979-12,锡,tin,36380.2,元/吨,4.24,11.61,7.79,25.89,持续上涨,False,False
1980-01,锡,tin,36577.95,元/吨,0.54,7.5,10.38,28.79,持续上涨,False,False
1980-02,锡,tin,36907.79,元/吨,0.9,5.75,18.34,23.44,持续上涨,False,False
1980-03,锡,tin,37852.9,元/吨,2.56,4.05,16.13,21.92,持续上涨,False,False
1980-04,锡,tin,37012.41,元/吨,-2.22,1.19,8.78,17.84,小幅回落,False,False
1980-05,锡,tin,37207.14,元/吨,0.53,0.81,6.61,16.26,变化不大,False,False
1980-06,锡,tin,37749.62,元/吨,1.46,-0.27,3.76,11.85,温和上涨,False,False
1980-07,锡,tin,37599.76,元/吨,-0.4,1.59,2.79,13.46,变化不大,False,False
1980-08,锡,tin,29016.37,元/吨,-22.83,-22.01,-21.38,-6.96,下跌明显,True,True
1980-09,锡,tin,29510.65,元/吨,1.7,-21.83,-22.04,-9.46,温和上涨,False,False
1980-10,锡,tin,28460.03,元/吨,-3.56,-24.31,-23.11,-16.36,小幅回落,False,False
1980-11,锡,tin,26624.43,元/吨,-6.45,-8.24,-28.44,-23.72,下跌明显,False,False
1980-12,锡,tin,25075.44,元/吨,-5.82,-15.03,-33.57,-31.07,下跌明显,False,False
1981-01,锡,tin,24437.25,元/吨,-2.55,-14.13,-35.01,-33.19,持续下跌,False,False
1981-02,锡,tin,27607.63,元/吨,12.97,3.69,-4.86,-25.2,上涨明显,True,False
1981-03,锡,tin,27947.65,元/吨,1.23,11.45,-5.3,-26.17,温和上涨,False,False
1981-04,锡,tin,27732.38,元/吨,-0.77,13.48,-2.56,-25.07,变化不大,False,False
1981-05,锡,tin,26593.35,元/吨,-4.11,-3.67,-0.12,-28.53,小幅回落,False,False
1981-06,锡,tin,26782.44,元/吨,0.71,-4.17,6.81,-29.05,变化不大,False,False
1981-07,锡,tin,28719.7,元/吨,7.23,3.56,17.52,-23.62,上涨明显,False,False
1981-08,锡,tin,31504.87,元/吨,9.7,18.47,14.12,8.58,上涨明显,True,False
1981-09,锡,tin,32857.22,元/吨,4.29,22.68,17.57,11.34,持续上涨,False,False
1981-10,锡,tin,33625.54,元/吨,2.34,17.08,21.25,18.15,持续上涨,False,False
1981-11,锡,tin,35631.45,元/吨,5.97,13.1,33.99,33.83,上涨明显,False,False
1981-12,锡,tin,36289.66,元/吨,1.85,10.45,35.5,44.72,持续上涨,False,False
1982-01,锡,tin,37106.13,元/吨,2.25,10.35,29.2,51.84,持续上涨,False,False
1982-02,锡,tin,37182.8,元/吨,0.21,4.35,18.02,34.68,持续上涨,False,False
1982-03,锡,tin,30000.81,元/吨,-19.32,-17.33,-8.69,7.35,下跌明显,True,True
1982-04,锡,tin,29967.99,元/吨,-0.11,-19.24,-10.88,8.06,变化不大,False,False
1982-05,锡,tin,30566.16,元/吨,2.0,-17.79,-14.22,14.94,温和上涨,False,False
1982-06,锡,tin,26885.97,元/吨,-12.04,-10.38,-25.91,0.39,下跌明显,True,False
1982-07,锡,tin,27725.67,元/吨,3.12,-7.48,-25.28,-3.46,温和上涨,False,False
1982-08,锡,tin,30184.36,元/吨,8.87,-1.25,-18.82,-4.19,上涨明显,True,False
1982-09,锡,tin,31689.25,元/吨,4.99,17.87,5.63,-3.55,持续上涨,False,False
1982-10,锡,tin,31344.84,元/吨,-1.09,13.05,4.59,-6.78,小幅回落,False,False
1982-11,锡,tin,30553.84,元/吨,-2.52,1.22,-0.04,-14.25,小幅回落,False,False
1982-12,锡,tin,30881.72,元/吨,1.07,-2.55,14.86,-14.9,温和上涨,False,False
1983-01,锡,tin,31414.76,元/吨,1.73,0.22,13.31,-15.34,温和上涨,False,False
1983-02,锡,tin,34214.78,元/吨,8.91,11.98,13.35,-7.98,上涨明显,True,False
1983-03,锡,tin,35578.9,元/吨,3.99,15.21,12.27,18.59,持续上涨,False,False
1983-04,锡,tin,36895.74,元/吨,3.7,17.45,17.71,23.12,持续上涨,False,False
1983-05,锡,tin,36511.83,元/吨,-1.04,6.71,19.5,19.45,小幅回落,False,False
1983-06,锡,tin,36389.65,元/吨,-0.33,2.28,17.84,35.35,变化不大,False,False
1983-07,锡,tin,36280.75,元/吨,-0.3,-1.67,15.49,30.86,持续下跌,False,False
1983-08,锡,tin,35592.15,元/吨,-1.9,-2.52,4.03,17.92,持续下跌,False,False
1983-09,锡,tin,35714.84,元/吨,0.34,-1.85,0.38,12.7,变化不大,False,False
1983-10,锡,tin,36021.01,元/吨,0.86,-0.72,-2.37,14.92,变化不大,False,False
1983-11,锡,tin,36401.62,元/吨,1.06,2.27,-0.3,19.14,持续上涨,False,False
1983-12,锡,tin,35493.31,元/吨,-2.5,-0.62,-2.46,14.93,小幅回落,False,False
1984-01,锡,tin,35141.62,元/吨,-0.99,-2.44,-3.14,11.86,变化不大,False,False
1984-02,锡,tin,35970.77,元/吨,2.36,-1.18,1.06,5.13,温和上涨,False,False
1984-03,锡,tin,36598.0,元/吨,1.74,3.11,2.47,2.86,温和上涨,False,False
1984-04,锡,tin,37023.88,元/吨,1.16,5.36,2.78,0.35,持续上涨,False,False
1984-05,锡,tin,37748.4,元/吨,1.96,4.94,3.7,3.39,持续上涨,False,False
1984-06,锡,tin,38303.15,元/吨,1.47,4.66,7.92,5.26,持续上涨,False,False
1984-07,锡,tin,37938.04,元/吨,-0.95,2.47,7.96,4.57,变化不大,False,False
1984-08,锡,tin,36126.64,元/吨,-4.77,-4.3,0.43,1.5,小幅回落,False,False
1984-09,锡,tin,35506.72,元/吨,-1.72,-7.3,-2.98,-0.58,持续下跌,False,False
1984-10,锡,tin,34490.07,元/吨,-2.86,-9.09,-6.84,-4.25,持续下跌,False,False
1984-11,锡,tin,35213.36,元/吨,2.1,-2.53,-6.72,-3.26,温和上涨,False,False
1984-12,锡,tin,34423.41,元/吨,-2.24,-3.05,-10.13,-3.01,小幅回落,False,False
1985-01,锡,tin,32518.15,元/吨,-5.53,-5.72,-14.29,-7.47,下跌明显,False,False
1985-02,锡,tin,32144.02,元/吨,-1.15,-8.72,-11.02,-10.64,持续下跌,False,False
1985-03,锡,tin,32921.05,元/吨,2.42,-4.36,-7.28,-10.05,温和上涨,False,False
1985-04,锡,tin,34670.67,元/吨,5.31,6.62,0.52,-6.36,上涨明显,False,False
1985-05,锡,tin,34974.32,元/吨,0.88,8.81,-0.68,-7.35,持续上涨,False,False
1985-06,锡,tin,36372.14,元/吨,4.0,10.48,5.66,-5.04,持续上涨,False,False
1985-07,锡,tin,37458.68,元/吨,2.99,8.04,15.19,-1.26,持续上涨,False,False
1985-08,锡,tin,43632.84,元/吨,16.48,24.76,35.74,20.78,上涨明显,True,True
1985-09,锡,tin,42521.94,元/吨,-2.55,16.91,29.16,19.76,小幅回落,False,False
1985-10,锡,tin,42749.3,元/吨,0.53,14.12,23.3,23.95,变化不大,False,False
1985-11,锡,tin,34166.04,元/吨,-20.08,-21.7,-2.31,-2.97,下跌明显,True,True
1985-12,锡,tin,31443.3,元/吨,-7.97,-26.05,-13.55,-8.66,下跌明显,False,False
1986-01,锡,tin,27289.5,元/吨,-13.21,-36.16,-27.15,-16.08,下跌明显,True,False
1986-02,锡,tin,27334.01,元/吨,0.16,-20.0,-37.35,-14.96,变化不大,False,False
1986-03,锡,tin,25231.92,元/吨,-7.69,-19.75,-40.66,-23.36,下跌明显,False,False
1986-04,锡,tin,19617.05,元/吨,-22.25,-28.12,-54.11,-43.42,下跌明显,True,True
1986-05,锡,tin,18885.99,元/吨,-3.73,-30.91,-44.72,-46.0,持续下跌,False,False
1986-06,锡,tin,18555.14,元/吨,-1.75,-26.46,-40.99,-48.99,持续下跌,False,False
1986-07,锡,tin,18583.77,元/吨,0.15,-5.27,-31.9,-50.39,变化不大,False,False
1986-08,锡,tin,20104.0,元/吨,8.18,6.45,-26.45,-53.92,上涨明显,True,False
1986-09,锡,tin,20077.58,元/吨,-0.13,8.2,-20.43,-52.78,变化不大,False,False
1986-10,锡,tin,20619.22,元/吨,2.7,10.95,5.11,-51.77,温和上涨,False,False
1986-11,锡,tin,22663.36,元/吨,9.91,12.73,20.0,-33.67,上涨明显,True,False
1986-12,锡,tin,23912.53,元/吨,5.51,19.1,28.87,-23.95,上涨明显,False,False
1987-01,锡,tin,24971.24,元/吨,4.43,21.11,34.37,-8.5,持续上涨,False,False
1987-02,锡,tin,24880.85,元/吨,-0.36,9.78,23.76,-8.97,变化不大,False,False
1987-03,锡,tin,24669.18,元/吨,-0.85,3.16,22.87,-2.23,变化不大,False,False
1987-04,锡,tin,24923.26,元/吨,1.03,-0.19,20.87,27.05,温和上涨,False,False
1987-05,锡,tin,25100.33,元/吨,0.71,0.88,10.75,32.9,变化不大,False,False
1987-06,锡,tin,24590.69,元/吨,-2.03,-0.32,2.84,32.53,小幅回落,False,False
1987-07,锡,tin,23826.23,元/吨,-3.11,-4.4,-4.59,28.21,小幅回落,False,False
1987-08,锡,tin,24388.69,元/吨,2.36,-2.84,-1.98,21.31,温和上涨,False,False
1987-09,锡,tin,23831.44,元/吨,-2.28,-3.09,-3.4,18.7,小幅回落,False,False
1987-10,锡,tin,25161.34,元/吨,5.58,5.6,0.96,22.03,上涨明显,False,False
1987-11,锡,tin,25769.56,元/吨,2.42,5.66,2.67,13.71,温和上涨,False,False
1987-12,锡,tin,25405.37,元/吨,-1.41,6.6,3.31,6.24,小幅回落,False,False
1988-01,锡,tin,25326.13,元/吨,-0.31,0.65,6.3,1.42,变化不大,False,False
1988-02,锡,tin,24887.17,元/吨,-1.73,-3.42,2.04,0.03,持续下跌,False,False
1988-03,锡,tin,25195.19,元/吨,1.24,-0.83,5.72,2.13,温和上涨,False,False
1988-04,锡,tin,25119.67,元/吨,-0.3,-0.82,-0.17,0.79,变化不大,False,False
1988-05,锡,tin,25212.67,元/吨,0.37,1.31,-2.16,0.45,变化不大,False,False
1988-06,锡,tin,26173.18,元/吨,3.81,3.88,3.02,6.44,温和上涨,False,False
1988-07,锡,tin,26593.54,元/吨,1.61,5.87,5.0,11.61,持续上涨,False,False
1988-08,锡,tin,27240.44,元/吨,2.43,8.04,9.46,11.69,持续上涨,False,False
1988-09,锡,tin,27559.62,元/吨,1.17,5.3,9.38,15.64,持续上涨,False,False
1988-10,锡,tin,26980.04,元/吨,-2.1,1.45,7.41,7.23,小幅回落,False,False
1988-11,锡,tin,27202.13,元/吨,0.82,-0.14,7.89,5.56,变化不大,False,False
1988-12,锡,tin,27295.13,元/吨,0.34,-0.96,4.29,7.44,变化不大,False,False
1989-01,锡,tin,27563.71,元/吨,0.98,2.16,3.65,8.84,持续上涨,False,False
1989-02,锡,tin,29290.16,元/吨,6.26,7.68,7.52,17.69,上涨明显,False,False
1989-03,锡,tin,32589.06,元/吨,11.26,19.4,18.25,29.35,上涨明显,True,False
1989-04,锡,tin,37928.75,元/吨,16.38,37.6,40.58,50.99,上涨明显,True,True
1989-05,锡,tin,37734.56,元/吨,-0.51,28.83,38.72,49.67,变化不大,False,False
1989-06,锡,tin,36960.06,元/吨,-2.05,13.41,35.41,41.21,小幅回落,False,False
1989-07,锡,tin,35731.34,元/吨,-3.32,-5.79,29.63,34.36,持续下跌,False,False
1989-08,锡,tin,41660.57,元/吨,16.59,10.4,42.23,52.94,上涨明显,True,True
1989-09,锡,tin,39529.17,元/吨,-5.12,6.95,21.3,43.43,下跌明显,False,False
1989-10,锡,tin,37869.07,元/吨,-4.2,5.98,-0.16,40.36,小幅回落,False,False
1989-11,锡,tin,32682.29,元/吨,-13.7,-21.55,-13.39,20.15,下跌明显,True,False
1989-12,锡,tin,32236.8,元/吨,-1.36,-18.45,-12.78,18.1,持续下跌,False,False
1990-01,锡,tin,31509.76,元/吨,-2.26,-16.79,-11.81,14.32,持续下跌,False,False
1990-02,锡,tin,29426.16,元/吨,-6.61,-9.96,-29.37,0.46,下跌明显,False,False
1990-03,锡,tin,29972.99,元/吨,1.86,-7.02,-24.18,-8.03,温和上涨,False,False
1990-04,锡,tin,30548.5,元/吨,1.92,-3.05,-19.33,-19.46,温和上涨,False,False
1990-05,锡,tin,30231.59,元/吨,-1.04,2.74,-7.5,-19.88,小幅回落,False,False
1990-06,锡,tin,29138.88,元/吨,-3.61,-2.78,-9.61,-21.16,小幅回落,False,False
1990-07,锡,tin,28318.63,元/吨,-2.82,-7.3,-10.13,-20.75,持续下跌,False,False
1990-08,锡,tin,31415.66,元/吨,10.94,3.92,6.76,-24.59,上涨明显,True,False
1990-09,锡,tin,30361.24,元/吨,-3.36,4.19,1.3,-23.19,小幅回落,False,False
1990-10,锡,tin,32246.65,元/吨,6.21,13.87,5.56,-14.85,上涨明显,False,False
1990-11,锡,tin,31820.52,元/吨,-1.32,1.29,5.26,-2.64,小幅回落,False,False
1990-12,锡,tin,29872.86,元/吨,-6.12,-1.61,2.52,-7.33,下跌明显,False,False
1991-01,锡,tin,29915.42,元/吨,0.14,-7.23,5.64,-5.06,变化不大,False,False
1991-02,锡,tin,29705.28,元/吨,-0.7,-6.65,-5.44,0.95,变化不大,False,False
1991-03,锡,tin,29352.57,元/吨,-1.19,-1.74,-3.32,-2.07,小幅回落,False,False
1991-04,锡,tin,29579.2,元/吨,0.77,-1.12,-8.27,-3.17,变化不大,False,False
1991-05,锡,tin,30333.04,元/吨,2.55,2.11,-4.67,0.34,温和上涨,False,False
1991-06,锡,tin,30380.39,元/吨,0.16,3.5,1.7,4.26,持续上涨,False,False
1991-07,锡,tin,30162.27,元/吨,-0.72,1.97,0.83,6.51,变化不大,False,False
1991-08,锡,tin,31069.79,元/吨,3.01,2.43,4.59,-1.1,温和上涨,False,False
1991-09,锡,tin,30692.35,元/吨,-1.21,1.03,4.56,1.09,小幅回落,False,False
1991-10,锡,tin,30578.3,元/吨,-0.37,1.38,3.38,-5.17,变化不大,False,False
1991-11,锡,tin,30335.31,元/吨,-0.79,-2.36,0.01,-4.67,持续下跌,False,False
1991-12,锡,tin,30360.65,元/吨,0.08,-1.08,-0.06,1.63,变化不大,False,False
1992-01,锡,tin,30177.72,元/吨,-0.6,-1.31,0.05,0.88,变化不大,False,False
1992-02,锡,tin,30942.51,元/吨,2.53,2.0,-0.41,4.16,温和上涨,False,False
1992-03,锡,tin,31032.32,元/吨,0.29,2.21,1.11,5.72,变化不大,False,False
1992-04,锡,tin,32172.34,元/吨,3.67,6.61,5.21,8.77,持续上涨,False,False
1992-05,锡,tin,33727.26,元/吨,4.83,9.0,11.18,11.19,持续上涨,False,False
1992-06,锡,tin,36469.59,元/吨,8.13,17.52,20.12,20.04,上涨明显,True,False
1992-07,锡,tin,38511.59,元/吨,5.6,19.7,27.62,27.68,上涨明显,False,False
1992-08,锡,tin,39055.1,元/吨,1.41,15.8,26.22,25.7,持续上涨,False,False
1992-09,锡,tin,38264.83,元/吨,-2.02,4.92,23.31,24.67,小幅回落,False,False
1992-10,锡,tin,34656.19,元/吨,-9.43,-10.01,7.72,13.34,下跌明显,True,False
1992-11,锡,tin,32964.48,元/吨,-4.88,-15.59,-2.26,8.67,持续下跌,False,False
1992-12,锡,tin,33155.71,元/吨,0.58,-13.35,-9.09,9.21,变化不大,False,False
1993-01,锡,tin,33989.18,元/吨,2.51,-1.92,-11.74,12.63,温和上涨,False,False
1993-02,锡,tin,33355.58,元/吨,-1.86,1.19,-14.59,7.8,小幅回落,False,False
1993-03,锡,tin,32598.14,元/吨,-2.27,-1.68,-14.81,5.05,小幅回落,False,False
1993-04,锡,tin,32203.58,元/吨,-1.21,-5.25,-7.08,0.1,持续下跌,False,False
1993-05,锡,tin,31700.16,元/吨,-1.56,-4.96,-3.84,-6.01,持续下跌,False,False
1993-06,锡,tin,29449.15,元/吨,-7.1,-9.66,-11.18,-19.25,下跌明显,False,False
1993-07,锡,tin,28642.18,元/吨,-2.74,-11.06,-15.73,-25.63,持续下跌,False,False
1993-08,锡,tin,27893.94,元/吨,-2.61,-12.01,-16.37,-28.58,持续下跌,False,False
1993-09,锡,tin,26062.88,元/吨,-6.56,-11.5,-20.05,-31.89,下跌明显,False,False
1993-10,锡,tin,27150.38,元/吨,4.17,-5.21,-15.69,-21.66,温和上涨,False,False
1993-11,锡,tin,26917.22,元/吨,-0.86,-3.5,-15.09,-18.34,变化不大,False,False
1993-12,锡,tin,38422.44,元/吨,42.74,47.42,30.47,15.88,上涨明显,True,True
1994-01,锡,tin,39789.54,元/吨,3.56,46.55,38.92,17.07,温和上涨,False,False
1994-02,锡,tin,43864.55,元/吨,10.24,62.96,57.25,31.51,上涨明显,True,False
1994-03,锡,tin,43603.74,元/吨,-0.59,13.49,67.3,33.76,变化不大,False,False
1994-04,锡,tin,43489.53,元/吨,-0.26,9.3,60.18,35.05,变化不大,False,False
1994-05,锡,tin,44493.72,元/吨,2.31,1.43,65.3,40.36,温和上涨,False,False
1994-06,锡,tin,44578.79,元/吨,0.19,2.24,16.02,51.38,变化不大,False,False
1994-07,锡,tin,43020.72,元/吨,-3.5,-1.08,8.12,50.2,小幅回落,False,False
1994-08,锡,tin,41850.99,元/吨,-2.72,-5.94,-4.59,50.04,小幅回落,False,False
1994-09,锡,tin,43189.77,元/吨,3.2,-3.12,-0.95,65.71,温和上涨,False,False
1994-10,锡,tin,44473.0,元/吨,2.97,3.38,2.26,63.8,温和上涨,False,False
1994-11,锡,tin,50110.07,元/吨,12.68,19.73,12.62,86.16,上涨明显,True,False
1994-12,锡,tin,48417.06,元/吨,-3.38,12.1,8.61,26.01,小幅回落,False,False
1995-01,锡,tin,50524.3,元/吨,4.35,13.61,17.44,26.98,温和上涨,False,False
1995-02,锡,tin,44693.61,元/吨,-11.54,-10.81,6.79,1.89,下跌明显,True,False
1995-03,锡,tin,45181.45,元/吨,1.09,-6.68,4.61,3.62,温和上涨,False,False
1995-04,锡,tin,48004.42,元/吨,6.25,-4.99,7.94,10.38,上涨明显,False,False
1995-05,锡,tin,48498.33,元/吨,1.03,8.51,-3.22,9.0,持续上涨,False,False
1995-06,锡,tin,54644.37,元/吨,12.67,20.94,12.86,22.58,上涨明显,True,False
1995-07,锡,tin,54684.98,元/吨,0.07,13.92,8.24,27.11,持续上涨,False,False
1995-08,锡,tin,57394.9,元/吨,4.96,18.34,28.42,37.14,持续上涨,False,False
1995-09,锡,tin,51996.1,元/吨,-9.41,-4.85,15.08,20.39,下跌明显,True,False
1995-10,锡,tin,51165.26,元/吨,-1.6,-6.44,6.58,15.05,小幅回落,False,False
1995-11,锡,tin,52585.26,元/吨,2.78,-8.38,8.43,4.94,温和上涨,False,False
1995-12,锡,tin,51836.17,元/吨,-1.42,-0.31,-5.14,7.06,小幅回落,False,False
1996-01,锡,tin,51740.7,元/吨,-0.18,1.12,-5.38,2.41,变化不大,False,False
1996-02,锡,tin,51164.3,元/吨,-1.11,-2.7,-10.86,14.48,持续下跌,False,False
1996-03,锡,tin,51223.78,元/吨,0.12,-1.18,-1.49,13.37,变化不大,False,False
1996-04,锡,tin,53629.45,元/吨,4.7,3.65,4.82,11.72,温和上涨,False,False
1996-05,锡,tin,53115.83,元/吨,-0.96,3.81,1.01,9.52,变化不大,False,False
1996-06,锡,tin,51341.38,元/吨,-3.34,0.23,-0.95,-6.04,小幅回落,False,False
1996-07,锡,tin,51876.66,元/吨,1.04,-3.27,0.26,-5.14,温和上涨,False,False
1996-08,锡,tin,50765.37,元/吨,-2.14,-4.43,-0.78,-11.55,小幅回落,False,False
1996-09,锡,tin,50747.67,元/吨,-0.03,-1.16,-0.93,-2.4,变化不大,False,False
1996-10,锡,tin,49466.32,元/吨,-2.52,-4.65,-7.76,-3.32,持续下跌,False,False
1996-11,锡,tin,49930.63,元/吨,0.94,-1.64,-6.0,-5.05,变化不大,False,False
1996-12,锡,tin,48684.66,元/吨,-2.5,-4.07,-5.17,-6.08,小幅回落,False,False
1997-01,锡,tin,48649.72,元/吨,-0.07,-1.65,-6.22,-5.97,变化不大,False,False
1997-02,锡,tin,48695.25,元/吨,0.09,-2.47,-4.08,-4.83,变化不大,False,False
1997-03,锡,tin,48910.45,元/吨,0.44,0.46,-3.62,-4.52,变化不大,False,False
1997-04,锡,tin,47288.98,元/吨,-3.32,-2.8,-4.4,-11.82,小幅回落,False,False
1997-05,锡,tin,47271.6,元/吨,-0.04,-2.92,-5.33,-11.0,变化不大,False,False
1997-06,锡,tin,46070.61,元/吨,-2.54,-5.81,-5.37,-10.27,持续下跌,False,False
1997-07,锡,tin,45049.23,元/吨,-2.22,-4.74,-7.4,-13.16,持续下跌,False,False
1997-08,锡,tin,44930.87,元/吨,-0.26,-4.95,-7.73,-11.49,持续下跌,False,False
1997-09,锡,tin,45492.88,元/吨,1.25,-1.25,-6.99,-10.35,温和上涨,False,False
1997-10,锡,tin,46030.88,元/吨,1.18,2.18,-2.66,-6.94,温和上涨,False,False
1997-11,锡,tin,46831.27,元/吨,1.74,4.23,-0.93,-6.21,持续上涨,False,False
1997-12,锡,tin,45637.72,元/吨,-2.55,0.32,-0.94,-6.26,小幅回落,False,False
1998-01,锡,tin,43092.55,元/吨,-5.58,-6.38,-4.34,-11.42,下跌明显,False,False
1998-02,锡,tin,43392.17,元/吨,0.7,-7.34,-3.42,-10.89,变化不大,False,False
1998-03,锡,tin,45331.47,元/吨,4.47,-0.67,-0.35,-7.32,温和上涨,False,False
1998-04,锡,tin,47301.4,元/吨,4.35,9.77,2.76,0.03,持续上涨,False,False
1998-05,锡,tin,48624.89,元/吨,2.8,12.06,3.83,2.86,持续上涨,False,False
1998-06,锡,tin,49413.69,元/吨,1.62,9.01,8.27,7.26,持续上涨,False,False
1998-07,锡,tin,46795.67,元/吨,-5.3,-1.07,8.59,3.88,下跌明显,False,False
1998-08,锡,tin,47108.55,元/吨,0.67,-3.12,8.56,4.85,变化不大,False,False
1998-09,锡,tin,45405.14,元/吨,-3.62,-8.11,0.16,-0.19,小幅回落,False,False
1998-10,锡,tin,44961.49,元/吨,-0.98,-3.92,-4.95,-2.32,变化不大,False,False
1998-11,锡,tin,45343.89,元/吨,0.85,-3.75,-6.75,-3.18,变化不大,False,False
1998-12,锡,tin,43517.16,元/吨,-4.03,-4.16,-11.93,-4.65,小幅回落,False,False
1999-01,锡,tin,42293.81,元/吨,-2.81,-5.93,-9.62,-1.85,小幅回落,False,False
1999-02,锡,tin,43607.37,元/吨,3.11,-3.83,-7.43,0.5,温和上涨,False,False
1999-03,锡,tin,44366.38,元/吨,1.74,1.95,-2.29,-2.13,温和上涨,False,False
1999-04,锡,tin,44637.86,元/吨,0.61,5.54,-0.72,-5.63,持续上涨,False,False
1999-05,锡,tin,46758.43,元/吨,4.75,7.23,3.12,-3.84,持续上涨,False,False
1999-06,锡,tin,43585.85,元/吨,-6.78,-1.76,0.16,-11.79,下跌明显,False,False
1999-07,锡,tin,43288.71,元/吨,-0.68,-3.02,2.35,-7.49,变化不大,False,False
1999-08,锡,tin,43290.37,元/吨,0.0,-7.42,-0.73,-8.11,变化不大,False,False
1999-09,锡,tin,44219.87,元/吨,2.15,1.45,-0.33,-2.61,温和上涨,False,False
1999-10,锡,tin,44949.9,元/吨,1.65,3.84,0.7,-0.03,持续上涨,False,False
1999-11,锡,tin,48355.06,元/吨,7.58,11.7,3.41,6.64,上涨明显,False,False
1999-12,锡,tin,47355.2,元/吨,-2.07,7.09,8.65,8.82,小幅回落,False,False
2000-01,锡,tin,49064.4,元/吨,3.61,9.15,13.34,16.01,温和上涨,False,False
2000-02,锡,tin,46699.66,元/吨,-4.82,-3.42,7.88,7.09,小幅回落,False,False
2000-03,锡,tin,45174.21,元/吨,-3.27,-4.61,2.16,1.82,小幅回落,False,False
2000-04,锡,tin,44566.68,元/吨,-1.34,-9.17,-0.85,-0.16,持续下跌,False,False
2000-05,锡,tin,45119.58,元/吨,1.24,-3.38,-6.69,-3.5,温和上涨,False,False
2000-06,锡,tin,45165.93,元/吨,0.1,-0.02,-4.62,3.63,变化不大,False,False
2000-07,锡,tin,44230.63,元/吨,-2.07,-0.75,-9.85,2.18,小幅回落,False,False
2000-08,锡,tin,43907.83,元/吨,-0.73,-2.69,-5.98,1.43,变化不大,False,False
2000-09,锡,tin,45310.78,元/吨,3.2,0.32,0.3,2.47,温和上涨,False,False
2000-10,锡,tin,43721.6,元/吨,-3.51,-1.15,-1.9,-2.73,小幅回落,False,False
2000-11,锡,tin,43615.65,元/吨,-0.24,-0.67,-3.33,-9.8,变化不大,False,False
2000-12,锡,tin,43319.33,元/吨,-0.68,-4.4,-4.09,-8.52,持续下跌,False,False
2001-01,锡,tin,42796.23,元/吨,-1.21,-2.12,-3.24,-12.78,持续下跌,False,False
2001-02,锡,tin,42393.14,元/吨,-0.94,-2.8,-3.45,-9.22,持续下跌,False,False
2001-03,锡,tin,41769.05,元/吨,-1.47,-3.58,-7.82,-7.54,持续下跌,False,False
2001-04,锡,tin,40964.53,元/吨,-1.93,-4.28,-6.31,-8.08,持续下跌,False,False
2001-05,锡,tin,40929.76,元/吨,-0.08,-3.45,-6.16,-9.29,持续下跌,False,False
2001-06,锡,tin,39963.84,元/吨,-2.36,-4.32,-7.75,-11.52,持续下跌,False,False
2001-07,锡,tin,36012.4,元/吨,-9.89,-12.09,-15.85,-18.58,下跌明显,True,False
2001-08,锡,tin,32244.71,元/吨,-10.46,-21.22,-23.94,-26.56,下跌明显,True,False
2001-09,锡,tin,30579.38,元/吨,-5.16,-23.48,-26.79,-32.51,下跌明显,False,False
2001-10,锡,tin,31044.54,元/吨,1.52,-13.79,-24.22,-28.99,温和上涨,False,False
2001-11,锡,tin,33453.98,元/吨,7.76,3.75,-18.26,-23.3,上涨明显,False,False
2001-12,锡,tin,33261.12,元/吨,-0.58,8.77,-16.77,-23.22,变化不大,False,False
2002-01,锡,tin,31964.95,元/吨,-3.9,2.96,-11.24,-25.31,小幅回落,False,False
2002-02,锡,tin,30879.83,元/吨,-3.39,-7.69,-4.23,-27.16,持续下跌,False,False
2002-03,锡,tin,31806.86,元/吨,3.0,-4.37,4.01,-23.85,温和上涨,False,False
2002-04,锡,tin,33303.34,元/吨,4.7,4.19,7.28,-18.7,温和上涨,False,False
2002-05,锡,tin,34347.89,元/吨,3.14,11.23,2.67,-16.08,持续上涨,False,False
2002-06,锡,tin,35476.05,元/吨,3.28,11.54,6.66,-11.23,持续上涨,False,False
2002-07,锡,tin,35850.17,元/吨,1.05,7.65,12.15,-0.45,持续上涨,False,False
2002-08,锡,tin,31734.02,元/吨,-11.48,-7.61,2.77,-1.58,下跌明显,True,False
2002-09,锡,tin,32755.4,元/吨,3.22,-7.67,2.98,7.12,温和上涨,False,False
2002-10,锡,tin,35106.9,元/吨,7.18,-2.07,5.42,13.09,上涨明显,False,False
2002-11,锡,tin,35011.71,元/吨,-0.27,10.33,1.93,4.66,变化不大,False,False
2002-12,锡,tin,35067.99,元/吨,0.16,7.06,-1.15,5.43,变化不大,False,False
2003-01,锡,tin,36714.12,元/吨,4.69,4.58,2.41,14.86,温和上涨,False,False
2003-02,锡,tin,37832.1,元/吨,3.05,8.06,19.22,22.51,持续上涨,False,False
2003-03,锡,tin,38111.61,元/吨,0.74,8.68,16.35,19.82,持续上涨,False,False
2003-04,锡,tin,37790.71,元/吨,-0.84,2.93,7.64,13.47,变化不大,False,False
2003-05,锡,tin,39206.08,元/吨,3.75,3.63,11.98,14.14,温和上涨,False,False
2003-06,锡,tin,38858.53,元/吨,-0.89,1.96,10.81,9.53,变化不大,False,False
2003-07,锡,tin,39227.6,元/吨,0.95,3.8,6.85,9.42,变化不大,False,False
2003-08,锡,tin,39915.83,元/吨,1.75,1.81,5.51,25.78,温和上涨,False,False
2003-09,锡,tin,40653.23,元/吨,1.85,4.62,6.67,24.11,持续上涨,False,False
2003-10,锡,tin,43344.5,元/吨,6.62,10.49,14.7,23.46,上涨明显,False,False
2003-11,锡,tin,44387.48,元/吨,2.41,11.2,13.22,26.78,持续上涨,False,False
2003-12,锡,tin,50138.92,元/吨,12.96,23.33,29.03,42.98,上涨明显,True,False
2004-01,锡,tin,53676.34,元/吨,7.06,23.84,36.83,46.2,上涨明显,False,False
2004-02,锡,tin,55230.35,元/吨,2.9,24.43,38.37,45.99,持续上涨,False,False
2004-03,锡,tin,63068.92,元/吨,14.19,25.79,55.14,65.48,上涨明显,True,False
2004-04,锡,tin,74126.74,元/吨,17.53,38.1,71.02,96.15,上涨明显,True,True
2004-05,锡,tin,78296.03,元/吨,5.62,41.76,76.39,99.7,上涨明显,False,False
2004-06,锡,tin,76187.88,元/吨,-2.69,20.8,51.95,96.06,小幅回落,False,False
2004-07,锡,tin,74859.84,元/吨,-1.74,0.99,39.47,90.83,小幅回落,False,False
2004-08,锡,tin,74674.35,元/吨,-0.25,-4.63,35.21,87.08,持续下跌,False,False
2004-09,锡,tin,74654.82,元/吨,-0.03,-2.01,18.37,83.64,持续下跌,False,False
2004-10,锡,tin,74867.45,元/吨,0.28,0.01,1.0,72.73,变化不大,False,False
2004-11,锡,tin,75076.2,元/吨,0.28,0.54,-4.11,69.14,变化不大,False,False
2004-12,锡,tin,70799.89,元/吨,-5.7,-5.16,-7.07,41.21,下跌明显,False,False
2005-01,锡,tin,64028.8,元/吨,-9.56,-14.48,-14.47,19.29,下跌明显,True,False
2005-02,锡,tin,66950.58,元/吨,4.56,-10.82,-10.34,21.22,温和上涨,False,False
2005-03,锡,tin,69587.97,元/吨,3.94,-1.71,-6.79,10.34,温和上涨,False,False
2005-04,锡,tin,67406.32,元/吨,-3.14,5.28,-9.97,-9.07,小幅回落,False,False
2005-05,锡,tin,67250.62,元/吨,-0.23,0.45,-10.42,-14.11,变化不大,False,False
2005-06,锡,tin,63061.3,元/吨,-6.23,-9.38,-10.93,-17.23,下跌明显,False,False
2005-07,锡,tin,59340.21,元/吨,-5.9,-11.97,-7.32,-20.73,下跌明显,False,False
2005-08,锡,tin,59400.11,元/吨,0.1,-11.67,-11.28,-20.45,变化不大,False,False
2005-09,锡,tin,55937.67,元/吨,-5.83,-11.3,-19.62,-25.07,下跌明显,False,False
2005-10,锡,tin,52850.5,元/吨,-5.52,-10.94,-21.59,-29.41,下跌明显,False,False
2005-11,锡,tin,50581.61,元/吨,-4.29,-14.85,-24.79,-32.63,持续下跌,False,False
2005-12,锡,tin,55011.76,元/吨,8.76,-1.66,-12.76,-22.3,上涨明显,True,False
2006-01,锡,tin,57659.54,元/吨,4.81,9.1,-2.83,-9.95,温和上涨,False,False
2006-02,锡,tin,63860.63,元/吨,10.75,26.25,7.51,-4.62,上涨明显,True,False
2006-03,锡,tin,64649.54,元/吨,1.24,17.52,15.57,-7.1,持续上涨,False,False
2006-04,锡,tin,71935.54,元/吨,11.27,24.76,36.11,6.72,上涨明显,True,False
2006-05,锡,tin,71656.13,元/吨,-0.39,12.21,41.66,6.55,变化不大,False,False
2006-06,锡,tin,63891.03,元/吨,-10.84,-1.17,16.14,1.32,下跌明显,True,False
2006-07,锡,tin,67971.53,元/吨,6.39,-5.51,17.88,14.55,上涨明显,False,False
2006-08,锡,tin,68499.32,元/吨,0.78,-4.41,7.26,15.32,变化不大,False,False
2006-09,锡,tin,72673.18,元/吨,6.09,13.75,12.41,29.92,上涨明显,False,False
2006-10,锡,tin,78365.22,元/吨,7.83,15.29,8.94,48.28,上涨明显,False,False
2006-11,锡,tin,80686.14,元/吨,2.96,17.79,12.6,59.52,持续上涨,False,False
2006-12,锡,tin,89137.77,元/吨,10.47,22.66,39.52,62.03,上涨明显,True,False
2007-01,锡,tin,90565.07,元/吨,1.6,15.57,33.24,57.07,持续上涨,False,False
2007-02,锡,tin,102868.48,元/吨,13.59,27.49,50.17,61.08,上涨明显,True,False
2007-03,锡,tin,110264.26,元/吨,7.19,23.7,51.73,70.56,上涨明显,False,False
2007-04,锡,tin,111291.94,元/吨,0.93,22.89,42.02,54.71,持续上涨,False,False
2007-05,锡,tin,111738.52,元/吨,0.4,8.62,38.49,55.94,持续上涨,False,False
2007-06,锡,tin,111179.43,元/吨,-0.5,0.83,24.73,74.01,变化不大,False,False
2007-07,锡,tin,115957.33,元/吨,4.3,4.19,28.04,70.6,温和上涨,False,False
2007-08,锡,tin,119130.55,元/吨,2.74,6.62,15.81,73.91,温和上涨,False,False
2007-09,锡,tin,117685.68,元/吨,-1.21,5.85,6.73,61.94,小幅回落,False,False
2007-10,锡,tin,125621.32,元/吨,6.74,8.33,12.88,60.3,上涨明显,False,False
2007-11,锡,tin,130184.51,元/吨,3.63,9.28,16.51,61.35,温和上涨,False,False
2007-12,锡,tin,126562.39,元/吨,-2.78,7.54,13.84,41.99,小幅回落,False,False
2008-01,锡,tin,126858.9,元/吨,0.23,0.99,9.4,40.07,变化不大,False,False
2008-02,锡,tin,133339.64,元/吨,5.11,2.42,11.93,29.62,上涨明显,False,False
2008-03,锡,tin,153098.4,元/吨,14.82,20.97,30.09,38.85,上涨明显,True,False
2008-04,锡,tin,167063.92,元/吨,9.12,31.69,32.99,50.11,上涨明显,True,False
2008-05,锡,tin,185190.29,元/吨,10.85,38.89,42.25,65.74,上涨明显,True,False
2008-06,锡,tin,170703.16,元/吨,-7.82,11.5,34.88,53.54,下跌明显,False,False
2008-07,锡,tin,177293.7,元/吨,3.86,6.12,39.76,52.9,温和上涨,False,False
2008-08,锡,tin,153096.68,元/吨,-13.65,-17.33,14.82,28.51,下跌明显,True,False
2008-09,锡,tin,140112.15,元/吨,-8.48,-17.92,-8.48,19.06,下跌明显,True,False
2008-10,锡,tin,109604.44,元/吨,-21.77,-38.18,-34.39,-12.75,下跌明显,True,True
2008-11,锡,tin,103599.19,元/吨,-5.48,-32.33,-44.06,-20.42,下跌明显,False,False
2008-12,锡,tin,85156.49,元/吨,-17.8,-39.22,-50.11,-32.72,下跌明显,True,True
2009-01,锡,tin,85967.45,元/吨,0.95,-21.57,-51.51,-32.23,变化不大,False,False
2009-02,锡,tin,83255.82,元/吨,-3.15,-19.64,-45.62,-37.56,小幅回落,False,False
2009-03,锡,tin,80333.02,元/吨,-3.51,-5.66,-42.67,-47.53,小幅回落,False,False
2009-04,锡,tin,88164.33,元/吨,9.75,2.56,-19.56,-47.23,上涨明显,True,False
2009-05,锡,tin,103316.85,元/吨,17.19,24.1,-0.27,-44.21,上涨明显,True,True
2009-06,锡,tin,111990.98,元/吨,8.4,39.41,31.51,-34.39,上涨明显,True,False
2009-07,锡,tin,104674.11,元/吨,-6.53,18.73,21.76,-40.96,下跌明显,False,False
2009-08,锡,tin,110613.1,元/吨,5.67,7.06,32.86,-27.75,上涨明显,False,False
2009-09,锡,tin,110353.93,元/吨,-0.23,-1.46,37.37,-21.24,变化不大,False,False
2009-10,锡,tin,111133.1,元/吨,0.71,6.17,26.05,1.39,变化不大,False,False
2009-11,锡,tin,110383.84,元/吨,-0.67,-0.21,6.84,6.55,变化不大,False,False
2009-12,锡,tin,114583.84,元/吨,3.8,3.83,2.32,34.56,温和上涨,False,False
2010-01,锡,tin,130256.56,元/吨,13.68,17.21,24.44,51.52,上涨明显,True,False
2010-02,锡,tin,120026.53,元/吨,-7.85,8.74,8.51,44.17,下跌明显,False,False
2010-03,锡,tin,128438.43,元/吨,7.01,12.09,16.39,59.88,上涨明显,False,False
2010-04,锡,tin,136417.58,元/吨,6.21,4.73,22.75,54.73,上涨明显,False,False
2010-05,锡,tin,127956.38,元/吨,-6.2,6.61,15.92,23.85,下跌明显,False,False
2010-06,锡,tin,125866.23,元/吨,-1.63,-2.0,9.85,12.39,小幅回落,False,False
2010-07,锡,tin,131887.36,元/吨,4.78,-3.32,1.25,26.0,温和上涨,False,False
2010-08,锡,tin,150115.03,元/吨,13.82,17.32,25.07,35.71,上涨明显,True,False
2010-09,锡,tin,163804.62,元/吨,9.12,30.14,27.54,48.44,上涨明显,True,False
2010-10,锡,tin,189627.35,元/吨,15.76,43.78,39.01,70.63,上涨明显,True,True
2010-11,锡,tin,183260.24,元/吨,-3.36,22.08,43.22,66.02,小幅回落,False,False
2010-12,锡,tin,187439.33,元/吨,2.28,14.43,48.92,63.58,温和上涨,False,False
2011-01,锡,tin,196294.14,元/吨,4.72,3.52,48.83,50.7,温和上涨,False,False
2011-02,锡,tin,224774.07,元/吨,14.51,22.65,49.73,87.27,上涨明显,True,False
2011-03,锡,tin,217584.11,元/吨,-3.2,16.08,32.83,69.41,小幅回落,False,False
2011-04,锡,tin,229633.87,元/吨,5.54,16.98,21.1,68.33,上涨明显,False,False
2011-05,锡,tin,202980.52,元/吨,-11.61,-9.7,10.76,58.63,下跌明显,True,False
2011-06,锡,tin,180199.56,元/吨,-11.22,-17.18,-3.86,43.17,下跌明显,True,False
2011-07,锡,tin,192992.22,元/吨,7.1,-15.96,-1.68,46.33,上涨明显,False,False
2011-08,锡,tin,168941.35,元/吨,-12.46,-16.77,-24.84,12.54,下跌明显,True,False
2011-09,锡,tin,157904.71,元/吨,-6.53,-12.37,-27.43,-3.6,下跌明显,False,False
2011-10,锡,tin,152916.47,元/吨,-3.16,-20.77,-33.41,-19.36,持续下跌,False,False
2011-11,锡,tin,148516.0,元/吨,-2.88,-12.09,-26.83,-18.96,持续下跌,False,False
2011-12,锡,tin,134815.19,元/吨,-9.23,-14.62,-25.19,-28.08,下跌明显,True,False
2012-01,锡,tin,148805.53,元/吨,10.38,-2.69,-22.9,-24.19,上涨明显,True,False
2012-02,锡,tin,168202.02,元/吨,13.03,13.26,-0.44,-25.17,上涨明显,True,False
2012-03,锡,tin,158753.47,元/吨,-5.62,17.76,0.54,-27.04,下跌明显,False,False
2012-04,锡,tin,152951.17,元/吨,-3.65,2.79,0.02,-33.39,小幅回落,False,False
2012-05,锡,tin,140230.93,元/吨,-8.32,-16.63,-5.58,-30.91,下跌明显,True,False
2012-06,锡,tin,132107.04,元/吨,-5.79,-16.78,-2.01,-26.69,下跌明显,False,False
2012-07,锡,tin,126818.16,元/吨,-4.0,-17.09,-14.78,-34.29,持续下跌,False,False
2012-08,锡,tin,128044.29,元/吨,0.97,-8.69,-23.87,-24.21,变化不大,False,False
2012-09,锡,tin,141321.42,元/吨,10.37,6.97,-10.98,-10.5,上涨明显,True,False
2012-10,锡,tin,144102.51,元/吨,1.97,13.63,-5.79,-5.76,持续上涨,False,False
2012-11,锡,tin,140212.98,元/吨,-2.7,9.5,-0.01,-5.59,小幅回落,False,False
2012-12,锡,tin,154496.35,元/吨,10.19,9.32,16.95,14.6,上涨明显,True,False
2013-01,锡,tin,165316.64,元/吨,7.0,14.72,30.36,11.1,上涨明显,False,False
2013-02,锡,tin,162649.63,元/吨,-1.61,16.0,27.03,-3.3,小幅回落,False,False
2013-03,锡,tin,156102.99,元/吨,-4.03,1.04,10.46,-1.67,小幅回落,False,False
2013-04,锡,tin,144779.65,元/吨,-7.25,-12.42,0.47,-5.34,下跌明显,False,False
2013-05,锡,tin,138497.92,元/吨,-4.34,-14.85,-1.22,-1.24,持续下跌,False,False
2013-06,锡,tin,134762.0,元/吨,-2.7,-13.67,-12.77,2.01,持续下跌,False,False
2013-07,锡,tin,129747.32,元/吨,-3.72,-10.38,-21.52,2.31,持续下跌,False,False
2013-08,锡,tin,143173.58,元/吨,10.35,3.38,-11.97,11.82,上涨明显,True,False
2013-09,锡,tin,149999.17,元/吨,4.77,11.31,-3.91,6.14,温和上涨,False,False
2013-10,锡,tin,152020.01,元/吨,1.35,17.17,5.0,5.49,持续上涨,False,False
2013-11,锡,tin,149819.66,元/吨,-1.45,4.64,8.17,6.85,小幅回落,False,False
2013-12,锡,tin,149005.46,元/吨,-0.54,-0.66,10.57,-3.55,变化不大,False,False
2014-01,锡,tin,144054.94,元/吨,-3.32,-5.24,11.03,-12.86,持续下跌,False,False
2014-02,锡,tin,148603.64,元/吨,3.16,-0.81,3.79,-8.64,温和上涨,False,False
2014-03,锡,tin,149535.99,元/吨,0.63,0.36,-0.31,-4.21,变化不大,False,False
2014-04,锡,tin,151607.18,元/吨,1.39,5.24,-0.27,4.72,持续上涨,False,False
2014-05,锡,tin,150339.26,元/吨,-0.84,1.17,0.35,8.55,变化不大,False,False
2014-06,锡,tin,146660.12,元/吨,-2.45,-1.92,-1.57,8.83,小幅回落,False,False
2014-07,锡,tin,144096.69,元/吨,-1.75,-4.95,0.03,11.06,持续下跌,False,False
2014-08,锡,tin,142474.35,元/吨,-1.13,-5.23,-4.12,-0.49,持续下跌,False,False
2014-09,锡,tin,134804.28,元/吨,-5.38,-8.08,-9.85,-10.13,下跌明显,False,False
2014-10,锡,tin,126408.95,元/吨,-6.23,-12.27,-16.62,-16.85,下跌明显,False,False
2014-11,锡,tin,127358.78,元/吨,0.75,-10.61,-15.29,-14.99,变化不大,False,False
2014-12,锡,tin,125724.33,元/吨,-1.28,-6.74,-14.27,-15.62,小幅回落,False,False
2015-01,锡,tin,123008.4,元/吨,-2.16,-2.69,-14.63,-14.61,小幅回落,False,False
2015-02,锡,tin,114979.39,元/吨,-6.53,-9.72,-19.3,-22.63,下跌明显,False,False
2015-03,锡,tin,109561.17,元/吨,-4.71,-12.86,-18.73,-26.73,持续下跌,False,False
2015-04,锡,tin,99722.37,元/吨,-8.98,-18.93,-21.11,-34.22,下跌明显,True,False
2015-05,锡,tin,98840.39,元/吨,-0.88,-14.04,-22.39,-34.26,持续下跌,False,False
2015-06,锡,tin,93963.04,元/吨,-4.93,-14.24,-25.26,-35.93,持续下跌,False,False
2015-07,锡,tin,93744.92,元/吨,-0.23,-5.99,-23.79,-34.94,持续下跌,False,False
2015-08,锡,tin,100687.43,元/吨,7.41,1.87,-12.43,-29.33,上涨明显,False,False
2015-09,锡,tin,102610.18,元/吨,1.91,9.2,-6.34,-23.88,温和上涨,False,False
2015-10,锡,tin,104876.21,元/吨,2.21,11.87,5.17,-17.03,持续上涨,False,False
2015-11,锡,tin,97908.73,元/吨,-6.64,-2.76,-0.94,-23.12,下跌明显,False,False
2015-12,锡,tin,97552.82,元/吨,-0.36,-4.93,3.82,-22.41,变化不大,False,False
2016-01,锡,tin,91685.65,元/吨,-6.01,-12.58,-2.2,-25.46,下跌明显,False,False
2016-02,锡,tin,103651.33,元/吨,13.05,5.87,2.94,-9.85,上涨明显,True,False
2016-03,锡,tin,112200.06,元/吨,8.25,15.01,9.35,2.41,上涨明显,True,False
2016-04,锡,tin,113097.19,元/吨,0.8,23.35,7.84,13.41,持续上涨,False,False
2016-05,锡,tin,110934.15,元/吨,-1.91,7.03,13.3,12.24,小幅回落,False,False
2016-06,锡,tin,112658.82,元/吨,1.55,0.41,15.48,19.9,温和上涨,False,False
2016-07,锡,tin,118366.17,元/吨,5.07,4.66,29.1,26.26,上涨明显,False,False
2016-08,锡,tin,124382.39,元/吨,5.08,12.12,20.0,23.53,上涨明显,False,False
2016-09,锡,tin,131621.76,元/吨,5.82,16.83,17.31,28.27,上涨明显,False,False
2016-10,锡,tin,135673.38,元/吨,3.08,14.62,19.96,29.37,持续上涨,False,False
2016-11,锡,tin,142601.11,元/吨,5.11,14.65,28.55,45.65,上涨明显,False,False
2016-12,锡,tin,143129.36,元/吨,0.37,8.74,27.05,46.72,持续上涨,False,False
2017-01,锡,tin,139669.58,元/吨,-2.42,2.95,18.0,52.34,小幅回落,False,False
2017-02,锡,tin,131263.67,元/吨,-6.02,-7.95,5.53,26.64,下跌明显,False,False
2017-03,锡,tin,134157.6,元/吨,2.2,-6.27,1.93,19.57,温和上涨,False,False
2017-04,锡,tin,134394.66,元/吨,0.18,-3.78,-0.94,18.83,变化不大,False,False
2017-05,锡,tin,136352.23,元/吨,1.46,3.88,-4.38,22.91,持续上涨,False,False
2017-06,锡,tin,132697.17,元/吨,-2.68,-1.09,-7.29,17.79,小幅回落,False,False
2017-07,锡,tin,136508.49,元/吨,2.87,1.57,-2.26,15.33,温和上涨,False,False
2017-08,锡,tin,135849.02,元/吨,-0.48,-0.37,3.49,9.22,变化不大,False,False
2017-09,锡,tin,137673.62,元/吨,1.34,3.75,2.62,4.6,温和上涨,False,False
2017-10,锡,tin,134889.72,元/吨,-2.02,-1.19,0.37,-0.58,小幅回落,False,False
2017-11,锡,tin,129470.78,元/吨,-4.02,-4.7,-5.05,-9.21,小幅回落,False,False
2017-12,锡,tin,128933.57,元/吨,-0.41,-6.35,-2.84,-9.92,持续下跌,False,False
2018-01,锡,tin,137013.54,元/吨,6.27,1.57,0.37,-1.9,上涨明显,False,False
2018-02,锡,tin,143333.26,元/吨,4.61,10.71,5.51,9.19,温和上涨,False,False
2018-03,锡,tin,140423.04,元/吨,-2.03,8.91,2.0,4.67,小幅回落,False,False
2018-04,锡,tin,140947.08,元/吨,0.37,2.87,4.49,4.88,变化不大,False,False
2018-05,锡,tin,138085.45,元/吨,-2.03,-3.66,6.65,1.27,小幅回落,False,False
2018-06,锡,tin,136772.64,元/吨,-0.95,-2.6,6.08,3.07,变化不大,False,False
2018-07,锡,tin,130611.28,元/吨,-4.5,-7.33,-4.67,-4.32,持续下跌,False,False
2018-08,锡,tin,131717.07,元/吨,0.85,-4.61,-8.1,-3.04,变化不大,False,False
2018-09,锡,tin,129924.84,元/吨,-1.36,-5.01,-7.48,-5.63,小幅回落,False,False
2018-10,锡,tin,130982.14,元/吨,0.81,0.28,-7.07,-2.9,变化不大,False,False
2018-11,锡,tin,130594.29,元/吨,-0.3,-0.85,-5.42,0.87,变化不大,False,False
2018-12,锡,tin,131928.12,元/吨,1.02,1.54,-3.54,2.32,温和上涨,False,False
2019-01,锡,tin,140135.59,元/吨,6.22,6.99,7.29,2.28,上涨明显,False,False
2019-02,锡,tin,145232.78,元/吨,3.64,11.21,10.26,1.33,持续上涨,False,False
2019-03,锡,tin,146116.92,元/吨,0.61,10.75,12.46,4.05,持续上涨,False,False
2019-04,锡,tin,140727.37,元/吨,-3.69,0.42,7.44,-0.16,小幅回落,False,False
2019-05,锡,tin,133348.24,元/吨,-5.24,-8.18,2.11,-3.43,下跌明显,False,False
2019-06,锡,tin,131089.56,元/吨,-1.69,-10.28,-0.64,-4.16,持续下跌,False,False
2019-07,锡,tin,122788.72,元/吨,-6.33,-12.75,-12.38,-5.99,下跌明显,False,False
2019-08,锡,tin,116595.11,元/吨,-5.04,-12.56,-19.72,-11.48,下跌明显,False,False
2019-09,锡,tin,118150.95,元/吨,1.33,-9.87,-19.14,-9.06,温和上涨,False,False
2019-10,锡,tin,116555.8,元/吨,-1.35,-5.08,-17.18,-11.01,小幅回落,False,False
2019-11,锡,tin,114675.07,元/吨,-1.61,-1.65,-14.0,-12.19,小幅回落,False,False
2019-12,锡,tin,120330.17,元/吨,4.93,1.84,-8.21,-8.79,温和上涨,False,False
2020-01,锡,tin,119544.84,元/吨,-0.65,2.56,-2.64,-14.69,变化不大,False,False
2020-02,锡,tin,116186.11,元/吨,-2.81,1.32,-0.35,-20.0,小幅回落,False,False
2020-03,锡,tin,107800.92,元/吨,-7.22,-10.41,-8.76,-26.22,下跌明显,False,False
2020-04,锡,tin,105417.24,元/吨,-2.21,-11.82,-9.56,-25.09,持续下跌,False,False
2020-05,锡,tin,108583.54,元/吨,3.0,-6.54,-5.31,-18.57,温和上涨,False,False
2020-06,锡,tin,118706.77,元/吨,9.32,10.12,-1.35,-9.45,上涨明显,True,False
2020-07,锡,tin,123162.94,元/吨,3.75,16.83,3.03,0.3,持续上涨,False,False
2020-08,锡,tin,115607.7,元/吨,-6.13,6.47,-0.5,-0.85,下跌明显,False,False
2020-09,锡,tin,117580.75,元/吨,1.71,-0.95,9.07,-0.48,温和上涨,False,False
2020-10,锡,tin,119056.66,元/吨,1.26,-3.33,12.94,2.15,温和上涨,False,False
2020-11,锡,tin,121322.24,元/吨,1.9,4.94,11.73,5.8,持续上涨,False,False
2020-12,锡,tin,129244.34,元/吨,6.53,9.92,8.88,7.41,上涨明显,False,False
2021-01,锡,tin,143577.57,元/吨,11.09,20.6,16.58,20.1,上涨明显,True,False
2021-02,锡,tin,170262.9,元/吨,18.59,40.34,47.28,46.54,上涨明显,True,True
2021-03,锡,tin,175084.67,元/吨,2.83,35.47,48.91,62.41,持续上涨,False,False
2021-04,锡,tin,183284.88,元/吨,4.68,27.66,53.95,73.87,持续上涨,False,False
2021-05,锡,tin,208632.98,元/吨,13.83,22.54,71.97,92.14,上涨明显,True,False
2021-06,锡,tin,210291.5,元/吨,0.79,20.11,62.71,77.15,持续上涨,False,False
2021-07,锡,tin,220110.56,元/吨,4.67,20.09,53.3,78.71,持续上涨,False,False
2021-08,锡,tin,223102.88,元/吨,1.36,6.94,31.03,92.98,持续上涨,False,False
2021-09,锡,tin,222232.1,元/吨,-0.39,5.68,26.93,89.0,变化不大,False,False
2021-10,锡,tin,240295.0,元/吨,8.13,9.17,31.1,101.83,上涨明显,True,False
2021-11,锡,tin,249440.86,元/吨,3.81,11.81,19.56,105.6,温和上涨,False,False
2021-12,锡,tin,251121.45,元/吨,0.67,13.0,19.42,94.3,持续上涨,False,False
2022-01,锡,tin,266213.13,元/吨,6.01,10.79,20.95,85.41,上涨明显,False,False
2022-02,锡,tin,288090.94,元/吨,8.22,15.49,29.13,69.2,上涨明显,True,False
2022-03,锡,tin,287870.34,元/吨,-0.08,14.63,29.54,64.42,变化不大,False,False
2022-04,锡,tin,281591.77,元/吨,-2.18,5.78,17.19,53.64,小幅回落,False,False
2022-05,锡,tin,234289.5,元/吨,-16.8,-18.68,-6.07,12.3,下跌明显,True,True
2022-06,锡,tin,206713.48,元/吨,-11.77,-28.19,-17.68,-1.7,下跌明显,True,False
2022-07,锡,tin,166342.29,元/吨,-19.53,-40.93,-37.52,-24.43,下跌明显,True,True
2022-08,锡,tin,172039.41,元/吨,3.42,-26.57,-40.28,-22.89,温和上涨,False,False
2022-09,锡,tin,147445.8,元/吨,-14.3,-28.67,-48.78,-33.65,下跌明显,True,False
2022-10,锡,tin,135350.37,元/吨,-8.2,-18.63,-51.93,-43.67,下跌明显,True,False
2022-11,锡,tin,148321.51,元/吨,9.58,-13.79,-36.69,-40.54,上涨明显,True,False
2022-12,锡,tin,168723.14,元/吨,13.76,14.43,-18.38,-32.81,上涨明显,True,False
2023-01,锡,tin,196515.9,元/吨,16.47,45.19,18.14,-26.18,上涨明显,True,True
2023-02,锡,tin,190726.59,元/吨,-2.95,28.59,10.86,-33.8,小幅回落,False,False
2023-03,锡,tin,170399.72,元/吨,-10.66,0.99,15.57,-40.81,下跌明显,True,False
2023-04,锡,tin,183135.62,元/吨,7.47,-6.81,35.3,-34.96,上涨明显,False,False
2023-05,锡,tin,181289.98,元/吨,-1.01,-4.95,22.23,-22.62,小幅回落,False,False
2023-06,锡,tin,193238.43,元/吨,6.59,13.4,14.53,-6.52,上涨明显,False,False
2023-07,锡,tin,204076.29,元/吨,5.61,11.43,3.85,22.68,上涨明显,False,False
2023-08,锡,tin,187739.06,元/吨,-8.01,3.56,-1.57,9.13,下跌明显,True,False
2023-09,锡,tin,184132.3,元/吨,-1.92,-4.71,8.06,24.88,小幅回落,False,False
2023-10,锡,tin,176659.7,元/吨,-4.06,-13.43,-3.54,30.52,持续下跌,False,False
2023-11,锡,tin,174008.59,元/吨,-1.5,-7.31,-4.02,17.32,持续下跌,False,False
2023-12,锡,tin,177121.87,元/吨,1.79,-3.81,-8.34,4.98,温和上涨,False,False
2024-01,锡,tin,180718.85,元/吨,2.03,2.3,-11.45,-8.04,温和上涨,False,False
2024-02,锡,tin,189254.72,元/吨,4.72,8.76,0.81,-0.77,持续上涨,False,False
2024-03,锡,tin,199015.83,元/吨,5.16,12.36,8.08,16.79,上涨明显,False,False
2024-04,锡,tin,230365.12,元/吨,15.75,27.47,30.4,25.79,上涨明显,True,True
2024-05,锡,tin,239086.95,元/吨,3.79,26.33,37.4,31.88,持续上涨,False,False
2024-06,锡,tin,232237.08,元/吨,-2.86,16.69,31.12,20.18,小幅回落,False,False
2024-07,锡,tin,230988.41,元/吨,-0.54,0.27,27.82,13.19,变化不大,False,False
2024-08,锡,tin,229259.21,元/吨,-0.75,-4.11,21.14,22.12,持续下跌,False,False
2024-09,锡,tin,229113.9,元/吨,-0.06,-1.34,15.12,24.43,持续下跌,False,False
2024-10,锡,tin,233050.49,元/吨,1.72,0.89,1.17,31.92,温和上涨,False,False
2024-11,锡,tin,215887.6,元/吨,-7.36,-5.83,-9.7,24.07,下跌明显,False,False
2024-12,锡,tin,210137.13,元/吨,-2.66,-8.28,-9.52,18.64,小幅回落,False,False
2025-01,锡,tin,215577.98,元/吨,2.59,-7.5,-6.67,19.29,温和上涨,False,False
2025-02,锡,tin,228560.65,元/吨,6.02,5.87,-0.3,20.77,上涨明显,False,False
2025-03,锡,tin,244463.71,元/吨,6.96,16.34,6.7,22.84,上涨明显,False,False
2025-04,锡,tin,233817.06,元/吨,-4.36,8.46,0.33,1.5,小幅回落,False,False
2025-05,锡,tin,229624.8,元/吨,-1.79,0.47,6.36,-3.96,小幅回落,False,False
2025-06,锡,tin,233666.14,元/吨,1.76,-4.42,11.2,0.62,温和上涨,False,False
2025-07,锡,tin,241321.67,元/吨,3.28,3.21,11.94,4.47,温和上涨,False,False
2025-08,锡,tin,243603.07,元/吨,0.95,6.09,6.58,6.26,持续上涨,False,False
2025-09,锡,tin,248284.15,元/吨,1.92,6.26,1.56,8.37,持续上涨,False,False
2025-10,锡,tin,259285.82,元/吨,4.43,7.44,10.89,11.26,持续上涨,False,False
2025-11,锡,tin,266135.18,元/吨,2.64,9.25,15.9,23.27,持续上涨,False,False
2025-12,锡,tin,296780.54,元/吨,11.52,19.53,27.01,41.23,上涨明显,True,False
2026-01,锡,tin,356676.77,元/吨,20.18,37.56,47.8,65.45,上涨明显,True,True
2026-02,锡,tin,350599.25,元/吨,-1.7,31.74,43.92,53.39,小幅回落,False,False
2026-03,锡,tin,340730.5,元/吨,-2.81,14.81,37.23,39.38,小幅回落,False,False
2026-04,锡,tin,351402.41,元/吨,3.13,-1.48,35.53,50.29,温和上涨,False,False
2026-05,锡,tin,385652.09,元/吨,9.75,10.0,44.91,67.95,上涨明显,True,False
