date,symbol,variety,open,high,low,close,settle,pre_settle,volume,open_interest,turnover,source,source_url
2026-04-01,SN2604,SN,367490,376860,365330,374320,371430,368630,2815,6432,104557.8,SHFE official,https://www.shfe.com.cn/data/tradedata/future/dailydata/kx20260401.dat
2026-04-01,SN2605,SN,369490,378400,366210,375210,372160,369270,225356,39547,8387018.79,SHFE official,https://www.shfe.com.cn/data/tradedata/future/dailydata/kx20260401.dat
2026-04-01,SN2606,SN,371670,378440,366540,375500,372620,369520,44618,19503,1662595.634,SHFE official,https://www.shfe.com.cn/data/tradedata/future/dailydata/kx20260401.dat
2026-04-01,SN2607,SN,368610,378490,366510,375720,373380,368880,9347,7766,349003.354,SHFE official,https://www.shfe.com.cn/data/tradedata/future/dailydata/kx20260401.dat
2026-04-01,SN2608,SN,368880,378550,366660,375100,372850,369100,1477,2054,55070.447,SHFE official,https://www.shfe.com.cn/data/tradedata/future/dailydata/kx20260401.dat
2026-04-01,SN2609,SN,368760,378500,367140,375860,373040,369650,612,900,22830.072,SHFE official,https://www.shfe.com.cn/data/tradedata/future/dailydata/kx20260401.dat
2026-04-01,SN2610,SN,370880,376520,370800,375830,374010,369800,21,134,785.427,SHFE official,https://www.shfe.com.cn/data/tradedata/future/dailydata/kx20260401.dat
2026-04-01,SN2611,SN,368390,377080,368350,375550,371290,370460,18,124,668.325,SHFE official,https://www.shfe.com.cn/data/tradedata/future/dailydata/kx20260401.dat
2026-04-01,SN2612,SN,369200,380000,368680,376460,374430,368780,56,349,2096.824,SHFE official,https://www.shfe.com.cn/data/tradedata/future/dailydata/kx20260401.dat
2026-04-01,SN2701,SN,370000,377490,370000,376430,372130,369830,47,185,1749.015,SHFE official,https://www.shfe.com.cn/data/tradedata/future/dailydata/kx20260401.dat
2026-04-01,SN2702,SN,372440,377620,371010,377620,374510,371600,11,86,411.971,SHFE official,https://www.shfe.com.cn/data/tradedata/future/dailydata/kx20260401.dat
2026-04-01,SN2703,SN,376440,378440,376000,376000,377590,371470,7,9,264.315,SHFE official,https://www.shfe.com.cn/data/tradedata/future/dailydata/kx20260401.dat
2026-04-02,SN2604,SN,374320,376340,356700,359710,367220,371430,1794,6072,65880.468,SHFE official,https://www.shfe.com.cn/data/tradedata/future/dailydata/kx20260402.dat
2026-04-02,SN2605,SN,374800,377250,357080,360820,368580,372160,266415,38283,9819597.415,SHFE official,https://www.shfe.com.cn/data/tradedata/future/dailydata/kx20260402.dat
2026-04-02,SN2606,SN,375000,377900,357270,360860,368070,372620,57725,19492,2124691.812,SHFE official,https://www.shfe.com.cn/data/tradedata/future/dailydata/kx20260402.dat
2026-04-02,SN2607,SN,373700,377760,357540,361380,368570,373380,11933,7933,439815.139,SHFE official,https://www.shfe.com.cn/data/tradedata/future/dailydata/kx20260402.dat
2026-04-02,SN2608,SN,377500,377500,357900,361440,370890,372850,2379,2093,88236.648,SHFE official,https://www.shfe.com.cn/data/tradedata/future/dailydata/kx20260402.dat
2026-04-02,SN2609,SN,374960,377840,358030,361640,367820,373040,1024,875,37665.48,SHFE official,https://www.shfe.com.cn/data/tradedata/future/dailydata/kx20260402.dat
2026-04-02,SN2610,SN,373660,377470,358540,362320,366130,374010,69,149,2526.347,SHFE official,https://www.shfe.com.cn/data/tradedata/future/dailydata/kx20260402.dat
2026-04-02,SN2611,SN,377920,377920,360110,362920,366080,371290,61,133,2233.121,SHFE official,https://www.shfe.com.cn/data/tradedata/future/dailydata/kx20260402.dat
2026-04-02,SN2612,SN,377030,377030,360000,363620,364920,374430,175,346,6386.258,SHFE official,https://www.shfe.com.cn/data/tradedata/future/dailydata/kx20260402.dat
2026-04-02,SN2701,SN,376910,378610,361720,364600,369720,372130,58,188,2144.419,SHFE official,https://www.shfe.com.cn/data/tradedata/future/dailydata/kx20260402.dat
2026-04-02,SN2702,SN,378230,378230,362350,363120,373440,374510,29,109,1082.99,SHFE official,https://www.shfe.com.cn/data/tradedata/future/dailydata/kx20260402.dat
2026-04-02,SN2703,SN,366100,366100,365600,365600,365890,377590,4,10,146.358,SHFE official,https://www.shfe.com.cn/data/tradedata/future/dailydata/kx20260402.dat
2026-04-03,SN2604,SN,359620,367530,359370,364580,364320,367220,884,5958,32206.736,SHFE official,https://www.shfe.com.cn/data/tradedata/future/dailydata/kx20260403.dat
2026-04-03,SN2605,SN,358810,368660,358600,365740,365250,368580,204746,35385,7478528.227,SHFE official,https://www.shfe.com.cn/data/tradedata/future/dailydata/kx20260403.dat
2026-04-03,SN2606,SN,358810,368860,358810,365880,365320,368070,44330,19372,1619482.218,SHFE official,https://www.shfe.com.cn/data/tradedata/future/dailydata/kx20260403.dat
2026-04-03,SN2607,SN,360490,368900,359400,366000,365570,368570,7911,8253,289203.985,SHFE official,https://www.shfe.com.cn/data/tradedata/future/dailydata/kx20260403.dat
2026-04-03,SN2608,SN,360900,368820,358500,366370,365840,370890,1064,2084,38926.285,SHFE official,https://www.shfe.com.cn/data/tradedata/future/dailydata/kx20260403.dat
2026-04-03,SN2609,SN,360430,369040,360430,366710,365750,367820,612,910,22384.35,SHFE official,https://www.shfe.com.cn/data/tradedata/future/dailydata/kx20260403.dat
2026-04-03,SN2610,SN,362320,367700,361250,366960,364010,366130,23,147,837.226,SHFE official,https://www.shfe.com.cn/data/tradedata/future/dailydata/kx20260403.dat
2026-04-03,SN2611,SN,362920,368350,362920,368350,364360,366080,15,125,546.545,SHFE official,https://www.shfe.com.cn/data/tradedata/future/dailydata/kx20260403.dat
2026-04-03,SN2612,SN,363620,369080,363000,368460,366090,364920,13,346,475.924,SHFE official,https://www.shfe.com.cn/data/tradedata/future/dailydata/kx20260403.dat
2026-04-03,SN2701,SN,365710,369830,365710,369330,368560,369720,11,185,405.42,SHFE official,https://www.shfe.com.cn/data/tradedata/future/dailydata/kx20260403.dat
2026-04-03,SN2702,SN,368780,368780,368780,368780,368780,373440,1,109,36.878,SHFE official,https://www.shfe.com.cn/data/tradedata/future/dailydata/kx20260403.dat
2026-04-03,SN2703,SN,,,,368450,368450,365890,0,10,0.0,SHFE official,https://www.shfe.com.cn/data/tradedata/future/dailydata/kx20260403.dat
2026-04-07,SN2604,SN,364580,368500,359920,363320,363970,364320,756,5746,27516.6,SHFE official,https://www.shfe.com.cn/data/tradedata/future/dailydata/kx20260407.dat
2026-04-07,SN2605,SN,363800,369990,360000,363500,364240,365250,114191,35146,4159318.592,SHFE official,https://www.shfe.com.cn/data/tradedata/future/dailydata/kx20260407.dat
2026-04-07,SN2606,SN,365680,370260,360060,363610,364330,365320,30380,19407,1106863.977,SHFE official,https://www.shfe.com.cn/data/tradedata/future/dailydata/kx20260407.dat
2026-04-07,SN2607,SN,364890,370290,360380,363670,364730,365570,5818,8417,212204.524,SHFE official,https://www.shfe.com.cn/data/tradedata/future/dailydata/kx20260407.dat
2026-04-07,SN2608,SN,364910,370120,360720,363800,365000,365840,649,2097,23688.657,SHFE official,https://www.shfe.com.cn/data/tradedata/future/dailydata/kx20260407.dat
2026-04-07,SN2609,SN,365960,369970,361230,364020,364790,365750,398,946,14518.969,SHFE official,https://www.shfe.com.cn/data/tradedata/future/dailydata/kx20260407.dat
2026-04-07,SN2610,SN,366520,367770,363550,364180,365030,364010,34,146,1241.129,SHFE official,https://www.shfe.com.cn/data/tradedata/future/dailydata/kx20260407.dat
2026-04-07,SN2611,SN,368450,368450,364030,365080,365750,364360,9,128,329.183,SHFE official,https://www.shfe.com.cn/data/tradedata/future/dailydata/kx20260407.dat
2026-04-07,SN2612,SN,368820,369760,363830,367140,367740,366090,9,346,330.966,SHFE official,https://www.shfe.com.cn/data/tradedata/future/dailydata/kx20260407.dat
2026-04-07,SN2701,SN,369340,369340,364490,367080,366730,368560,38,185,1393.598,SHFE official,https://www.shfe.com.cn/data/tradedata/future/dailydata/kx20260407.dat
2026-04-07,SN2702,SN,369660,369660,369660,369660,369660,368780,1,109,36.966,SHFE official,https://www.shfe.com.cn/data/tradedata/future/dailydata/kx20260407.dat
2026-04-07,SN2703,SN,,,,368120,368120,368450,0,10,0.0,SHFE official,https://www.shfe.com.cn/data/tradedata/future/dailydata/kx20260407.dat
2026-04-08,SN2604,SN,365430,380110,362000,377460,373540,363970,1162,5438,43405.996,SHFE official,https://www.shfe.com.cn/data/tradedata/future/dailydata/kx20260408.dat
2026-04-08,SN2605,SN,365500,381680,362060,378990,371570,364240,218146,36661,8105840.15,SHFE official,https://www.shfe.com.cn/data/tradedata/future/dailydata/kx20260408.dat
2026-04-08,SN2606,SN,367000,381720,362060,378900,372240,364330,52066,20839,1938110.699,SHFE official,https://www.shfe.com.cn/data/tradedata/future/dailydata/kx20260408.dat
2026-04-08,SN2607,SN,365000,381390,362200,378570,373460,364730,9713,8624,362748.674,SHFE official,https://www.shfe.com.cn/data/tradedata/future/dailydata/kx20260408.dat
2026-04-08,SN2608,SN,365990,381710,362730,378680,374060,365000,1282,2067,47954.802,SHFE official,https://www.shfe.com.cn/data/tradedata/future/dailydata/kx20260408.dat
2026-04-08,SN2609,SN,368010,381270,363010,378790,373480,364790,852,914,31821.291,SHFE official,https://www.shfe.com.cn/data/tradedata/future/dailydata/kx20260408.dat
2026-04-08,SN2610,SN,370000,380620,363880,379770,375740,365030,82,153,3081.143,SHFE official,https://www.shfe.com.cn/data/tradedata/future/dailydata/kx20260408.dat
2026-04-08,SN2611,SN,368280,381390,364780,379100,377070,365750,42,129,1583.697,SHFE official,https://www.shfe.com.cn/data/tradedata/future/dailydata/kx20260408.dat
2026-04-08,SN2612,SN,368150,383000,364480,380190,374370,367740,71,343,2658.071,SHFE official,https://www.shfe.com.cn/data/tradedata/future/dailydata/kx20260408.dat
2026-04-08,SN2701,SN,369210,381200,364690,380510,371310,366730,72,208,2673.468,SHFE official,https://www.shfe.com.cn/data/tradedata/future/dailydata/kx20260408.dat
2026-04-08,SN2702,SN,371000,382790,371000,382790,379930,369660,13,104,493.91,SHFE official,https://www.shfe.com.cn/data/tradedata/future/dailydata/kx20260408.dat
2026-04-08,SN2703,SN,379620,383600,379620,382100,381770,368120,3,11,114.532,SHFE official,https://www.shfe.com.cn/data/tradedata/future/dailydata/kx20260408.dat
2026-04-09,SN2604,SN,375720,376900,366000,369000,373390,373540,322,5362,12023.196,SHFE official,https://www.shfe.com.cn/data/tradedata/future/dailydata/kx20260409.dat
2026-04-09,SN2605,SN,377700,380470,365540,369390,372780,371570,181766,34851,6776007.781,SHFE official,https://www.shfe.com.cn/data/tradedata/future/dailydata/kx20260409.dat
2026-04-09,SN2606,SN,378000,380500,365800,370090,372800,372240,44539,21845,1660426.696,SHFE official,https://www.shfe.com.cn/data/tradedata/future/dailydata/kx20260409.dat
2026-04-09,SN2607,SN,376800,380110,365710,369690,372280,373460,8918,9159,332000.651,SHFE official,https://www.shfe.com.cn/data/tradedata/future/dailydata/kx20260409.dat
2026-04-09,SN2608,SN,378680,379770,366310,369640,371980,374060,1722,2278,64056.259,SHFE official,https://www.shfe.com.cn/data/tradedata/future/dailydata/kx20260409.dat
2026-04-09,SN2609,SN,379120,380000,366480,369820,372880,373480,529,968,19725.409,SHFE official,https://www.shfe.com.cn/data/tradedata/future/dailydata/kx20260409.dat
2026-04-09,SN2610,SN,376910,377380,368280,370500,372080,375740,60,172,2232.525,SHFE official,https://www.shfe.com.cn/data/tradedata/future/dailydata/kx20260409.dat
2026-04-09,SN2611,SN,377540,377630,369100,370600,373300,377070,13,127,485.301,SHFE official,https://www.shfe.com.cn/data/tradedata/future/dailydata/kx20260409.dat
2026-04-09,SN2612,SN,377980,379240,368710,371180,376430,374370,24,340,903.44,SHFE official,https://www.shfe.com.cn/data/tradedata/future/dailydata/kx20260409.dat
2026-04-09,SN2701,SN,378560,378560,369580,372350,371960,371310,9,206,334.764,SHFE official,https://www.shfe.com.cn/data/tradedata/future/dailydata/kx20260409.dat
2026-04-09,SN2702,SN,379550,379550,372210,373020,374920,379930,8,106,299.942,SHFE official,https://www.shfe.com.cn/data/tradedata/future/dailydata/kx20260409.dat
2026-04-09,SN2703,SN,378350,378350,373210,373210,376630,381770,3,11,112.991,SHFE official,https://www.shfe.com.cn/data/tradedata/future/dailydata/kx20260409.dat
2026-04-10,SN2604,SN,369000,400000,369000,376430,373880,373390,208,5280,7776.852,SHFE official,https://www.shfe.com.cn/data/tradedata/future/dailydata/kx20260410.dat
2026-04-10,SN2605,SN,371000,379500,369400,374790,375330,372780,192518,34398,7225778.79,SHFE official,https://www.shfe.com.cn/data/tradedata/future/dailydata/kx20260410.dat
2026-04-10,SN2606,SN,368690,379770,368690,375180,375660,372800,44602,21992,1675523.39,SHFE official,https://www.shfe.com.cn/data/tradedata/future/dailydata/kx20260410.dat
2026-04-10,SN2607,SN,371450,379580,370010,375170,375700,372280,9474,9322,355941.082,SHFE official,https://www.shfe.com.cn/data/tradedata/future/dailydata/kx20260410.dat
2026-04-10,SN2608,SN,371870,379770,370500,375300,376150,371980,1508,2322,56724.387,SHFE official,https://www.shfe.com.cn/data/tradedata/future/dailydata/kx20260410.dat
2026-04-10,SN2609,SN,372000,379960,370480,375560,375740,372880,387,979,14541.159,SHFE official,https://www.shfe.com.cn/data/tradedata/future/dailydata/kx20260410.dat
2026-04-10,SN2610,SN,373170,381040,373170,381040,377780,372080,16,174,604.449,SHFE official,https://www.shfe.com.cn/data/tradedata/future/dailydata/kx20260410.dat
2026-04-10,SN2611,SN,377300,380750,376590,380750,377840,373300,4,127,151.138,SHFE official,https://www.shfe.com.cn/data/tradedata/future/dailydata/kx20260410.dat
2026-04-10,SN2612,SN,376900,379570,375180,376100,377530,376430,17,334,641.801,SHFE official,https://www.shfe.com.cn/data/tradedata/future/dailydata/kx20260410.dat
2026-04-10,SN2701,SN,378170,381190,376050,376810,377960,371960,26,199,982.72,SHFE official,https://www.shfe.com.cn/data/tradedata/future/dailydata/kx20260410.dat
2026-04-10,SN2702,SN,376390,380720,376390,377510,378410,374920,36,108,1362.297,SHFE official,https://www.shfe.com.cn/data/tradedata/future/dailydata/kx20260410.dat
2026-04-10,SN2703,SN,380320,380320,378670,378670,379490,376630,2,10,75.899,SHFE official,https://www.shfe.com.cn/data/tradedata/future/dailydata/kx20260410.dat
2026-04-13,SN2604,SN,376430,379000,366420,371380,372870,373880,112,5240,4176.2,SHFE official,https://www.shfe.com.cn/data/tradedata/future/dailydata/kx20260413.dat
2026-04-13,SN2605,SN,378500,379500,365800,372060,373520,375330,181634,32539,6784457.343,SHFE official,https://www.shfe.com.cn/data/tradedata/future/dailydata/kx20260413.dat
2026-04-13,SN2606,SN,380000,380000,366340,372390,373410,375660,49202,22858,1837289.554,SHFE official,https://www.shfe.com.cn/data/tradedata/future/dailydata/kx20260413.dat
2026-04-13,SN2607,SN,380000,380000,366420,372400,373120,375700,9026,9850,336783.004,SHFE official,https://www.shfe.com.cn/data/tradedata/future/dailydata/kx20260413.dat
2026-04-13,SN2608,SN,379030,379430,366960,372770,375290,376150,2125,2523,79749.413,SHFE official,https://www.shfe.com.cn/data/tradedata/future/dailydata/kx20260413.dat
2026-04-13,SN2609,SN,377570,379210,367000,373570,374730,375740,683,1016,25594.087,SHFE official,https://www.shfe.com.cn/data/tradedata/future/dailydata/kx20260413.dat
2026-04-13,SN2610,SN,378230,379260,368000,373510,374070,377780,65,196,2431.482,SHFE official,https://www.shfe.com.cn/data/tradedata/future/dailydata/kx20260413.dat
2026-04-13,SN2611,SN,378360,378360,368710,368710,372640,377840,9,125,335.38,SHFE official,https://www.shfe.com.cn/data/tradedata/future/dailydata/kx20260413.dat
2026-04-13,SN2612,SN,380030,380100,368860,374000,374360,377530,59,347,2208.774,SHFE official,https://www.shfe.com.cn/data/tradedata/future/dailydata/kx20260413.dat
2026-04-13,SN2701,SN,380110,380240,370000,374020,373130,377960,78,191,2910.474,SHFE official,https://www.shfe.com.cn/data/tradedata/future/dailydata/kx20260413.dat
2026-04-13,SN2702,SN,382260,382400,370000,374990,375790,378410,66,109,2480.221,SHFE official,https://www.shfe.com.cn/data/tradedata/future/dailydata/kx20260413.dat
2026-04-13,SN2703,SN,380920,381000,375000,375000,378290,379490,6,9,226.978,SHFE official,https://www.shfe.com.cn/data/tradedata/future/dailydata/kx20260413.dat
2026-04-14,SN2604,SN,373500,385410,373500,381590,381110,372870,68,5242,2591.58,SHFE official,https://www.shfe.com.cn/data/tradedata/future/dailydata/kx20260414.dat
2026-04-14,SN2605,SN,372370,386000,371010,382930,378350,373520,205829,32711,7787683.681,SHFE official,https://www.shfe.com.cn/data/tradedata/future/dailydata/kx20260414.dat
2026-04-14,SN2606,SN,373680,386350,371410,383300,378940,373410,61270,23875,2321768.496,SHFE official,https://www.shfe.com.cn/data/tradedata/future/dailydata/kx20260414.dat
2026-04-14,SN2607,SN,373140,386500,371530,383260,379540,373120,11633,9837,441524.523,SHFE official,https://www.shfe.com.cn/data/tradedata/future/dailydata/kx20260414.dat
2026-04-14,SN2608,SN,374240,386340,371740,383510,379920,375290,2681,2672,101857.517,SHFE official,https://www.shfe.com.cn/data/tradedata/future/dailydata/kx20260414.dat
2026-04-14,SN2609,SN,373570,386440,372040,383740,381560,374730,1211,1186,46207.619,SHFE official,https://www.shfe.com.cn/data/tradedata/future/dailydata/kx20260414.dat
2026-04-14,SN2610,SN,373510,386520,373510,382080,381730,374070,44,193,1679.647,SHFE official,https://www.shfe.com.cn/data/tradedata/future/dailydata/kx20260414.dat
2026-04-14,SN2611,SN,368710,386470,368710,384000,380830,372640,22,127,837.831,SHFE official,https://www.shfe.com.cn/data/tradedata/future/dailydata/kx20260414.dat
2026-04-14,SN2612,SN,373460,387300,373460,384410,381760,374360,44,342,1679.756,SHFE official,https://www.shfe.com.cn/data/tradedata/future/dailydata/kx20260414.dat
2026-04-14,SN2701,SN,376440,386710,376440,383390,381690,373130,10,190,381.698,SHFE official,https://www.shfe.com.cn/data/tradedata/future/dailydata/kx20260414.dat
2026-04-14,SN2702,SN,374990,387420,374990,382680,382940,375790,86,128,3293.342,SHFE official,https://www.shfe.com.cn/data/tradedata/future/dailydata/kx20260414.dat
2026-04-14,SN2703,SN,376770,387470,376770,387470,379400,378290,11,14,417.345,SHFE official,https://www.shfe.com.cn/data/tradedata/future/dailydata/kx20260414.dat
2026-04-15,SN2604,SN,386000,398000,384920,393800,394860,381110,154,5216,6080.906,SHFE official,https://www.shfe.com.cn/data/tradedata/future/dailydata/kx20260415.dat
2026-04-15,SN2605,SN,386760,398410,384790,388870,391540,378350,256687,33287,10050464.27,SHFE official,https://www.shfe.com.cn/data/tradedata/future/dailydata/kx20260415.dat
2026-04-15,SN2606,SN,386310,398850,385230,389370,392000,378940,78510,26311,3077602.362,SHFE official,https://www.shfe.com.cn/data/tradedata/future/dailydata/kx20260415.dat
2026-04-15,SN2607,SN,389780,398950,385270,389320,391830,379540,16282,10462,637990.333,SHFE official,https://www.shfe.com.cn/data/tradedata/future/dailydata/kx20260415.dat
2026-04-15,SN2608,SN,387080,398800,385280,389210,391960,379920,4310,3146,168937.545,SHFE official,https://www.shfe.com.cn/data/tradedata/future/dailydata/kx20260415.dat
2026-04-15,SN2609,SN,387140,398600,385590,389310,392170,381560,2416,1381,94749.564,SHFE official,https://www.shfe.com.cn/data/tradedata/future/dailydata/kx20260415.dat
2026-04-15,SN2610,SN,389000,398560,386160,390090,392140,381730,182,212,7137.098,SHFE official,https://www.shfe.com.cn/data/tradedata/future/dailydata/kx20260415.dat
2026-04-15,SN2611,SN,386920,398450,386920,389980,392650,380830,66,127,2591.495,SHFE official,https://www.shfe.com.cn/data/tradedata/future/dailydata/kx20260415.dat
2026-04-15,SN2612,SN,388000,398710,387600,389820,391510,381760,226,332,8848.305,SHFE official,https://www.shfe.com.cn/data/tradedata/future/dailydata/kx20260415.dat
2026-04-15,SN2701,SN,388810,399380,388810,391530,393460,381690,77,205,3029.668,SHFE official,https://www.shfe.com.cn/data/tradedata/future/dailydata/kx20260415.dat
2026-04-15,SN2702,SN,388070,398910,388070,391450,393070,382940,75,149,2948.077,SHFE official,https://www.shfe.com.cn/data/tradedata/future/dailydata/kx20260415.dat
2026-04-15,SN2703,SN,391430,398880,389720,390360,391970,379400,47,47,1842.294,SHFE official,https://www.shfe.com.cn/data/tradedata/future/dailydata/kx20260415.dat
2026-04-16,SN2605,SN,389800,392870,385730,391260,389620,391540,193465,32077,7537837.463,SHFE official,https://www.shfe.com.cn/data/tradedata/future/dailydata/kx20260416.dat
2026-04-16,SN2606,SN,391500,393310,386200,391970,390190,392000,59862,26288,2335760.689,SHFE official,https://www.shfe.com.cn/data/tradedata/future/dailydata/kx20260416.dat
2026-04-16,SN2607,SN,390120,393220,386160,391910,390020,391830,10568,10860,412179.098,SHFE official,https://www.shfe.com.cn/data/tradedata/future/dailydata/kx20260416.dat
2026-04-16,SN2608,SN,390830,392910,386200,391730,389980,391960,3040,3421,118556.021,SHFE official,https://www.shfe.com.cn/data/tradedata/future/dailydata/kx20260416.dat
2026-04-16,SN2609,SN,390350,393060,386220,391550,390280,392170,1608,1687,62757.866,SHFE official,https://www.shfe.com.cn/data/tradedata/future/dailydata/kx20260416.dat
2026-04-16,SN2610,SN,390800,392720,387000,392720,389330,392140,50,227,1946.651,SHFE official,https://www.shfe.com.cn/data/tradedata/future/dailydata/kx20260416.dat
2026-04-16,SN2611,SN,392690,392740,386310,392740,389600,392650,15,126,584.402,SHFE official,https://www.shfe.com.cn/data/tradedata/future/dailydata/kx20260416.dat
2026-04-16,SN2612,SN,392800,393040,387130,392440,390840,391510,28,333,1094.353,SHFE official,https://www.shfe.com.cn/data/tradedata/future/dailydata/kx20260416.dat
2026-04-16,SN2701,SN,388360,391880,388360,391880,389900,393460,16,208,623.851,SHFE official,https://www.shfe.com.cn/data/tradedata/future/dailydata/kx20260416.dat
2026-04-16,SN2702,SN,387600,393350,387600,393350,391060,393070,10,148,391.062,SHFE official,https://www.shfe.com.cn/data/tradedata/future/dailydata/kx20260416.dat
2026-04-16,SN2703,SN,391960,393910,387090,393190,391890,391970,10,46,391.891,SHFE official,https://www.shfe.com.cn/data/tradedata/future/dailydata/kx20260416.dat
2026-04-16,SN2704,SN,385710,388640,385710,388640,387170,391970,2,1,77.435,SHFE official,https://www.shfe.com.cn/data/tradedata/future/dailydata/kx20260416.dat
2026-04-17,SN2605,SN,389000,392880,386000,390660,390040,389620,178952,29891,6979927.134,SHFE official,https://www.shfe.com.cn/data/tradedata/future/dailydata/kx20260417.dat
2026-04-17,SN2606,SN,391000,393280,386500,391200,390560,390190,62159,27494,2427719.388,SHFE official,https://www.shfe.com.cn/data/tradedata/future/dailydata/kx20260417.dat
2026-04-17,SN2607,SN,391110,393310,386610,391120,390400,390020,10158,11294,396575.973,SHFE official,https://www.shfe.com.cn/data/tradedata/future/dailydata/kx20260417.dat
2026-04-17,SN2608,SN,390230,392960,386660,390720,390010,389980,3391,3951,132254.217,SHFE official,https://www.shfe.com.cn/data/tradedata/future/dailydata/kx20260417.dat
2026-04-17,SN2609,SN,390000,393000,386800,390990,390440,390280,891,1735,34788.938,SHFE official,https://www.shfe.com.cn/data/tradedata/future/dailydata/kx20260417.dat
2026-04-17,SN2610,SN,391500,392460,389280,391160,390610,389330,17,231,664.052,SHFE official,https://www.shfe.com.cn/data/tradedata/future/dailydata/kx20260417.dat
2026-04-17,SN2611,SN,391410,393380,389630,391600,391090,389600,9,125,351.986,SHFE official,https://www.shfe.com.cn/data/tradedata/future/dailydata/kx20260417.dat
2026-04-17,SN2612,SN,391800,392270,387130,390580,390570,390840,14,339,546.799,SHFE official,https://www.shfe.com.cn/data/tradedata/future/dailydata/kx20260417.dat
2026-04-17,SN2701,SN,392910,392910,391300,391330,391840,389900,3,208,117.554,SHFE official,https://www.shfe.com.cn/data/tradedata/future/dailydata/kx20260417.dat
2026-04-17,SN2702,SN,390870,393720,390870,392070,391800,391060,15,151,587.711,SHFE official,https://www.shfe.com.cn/data/tradedata/future/dailydata/kx20260417.dat
2026-04-17,SN2703,SN,389230,391570,389230,391570,390400,391890,2,47,78.08,SHFE official,https://www.shfe.com.cn/data/tradedata/future/dailydata/kx20260417.dat
2026-04-17,SN2704,SN,,,,389460,389460,387170,0,1,0.0,SHFE official,https://www.shfe.com.cn/data/tradedata/future/dailydata/kx20260417.dat
2026-04-20,SN2605,SN,393000,399400,386730,390880,393090,390040,183422,28656,7210258.884,SHFE official,https://www.shfe.com.cn/data/tradedata/future/dailydata/kx20260420.dat
2026-04-20,SN2606,SN,395390,399700,387280,391500,393430,390560,73913,28684,2908023.823,SHFE official,https://www.shfe.com.cn/data/tradedata/future/dailydata/kx20260420.dat
2026-04-20,SN2607,SN,394000,399590,387200,391350,393230,390400,12148,11655,477703.344,SHFE official,https://www.shfe.com.cn/data/tradedata/future/dailydata/kx20260420.dat
2026-04-20,SN2608,SN,394380,399700,387620,391570,393210,390010,3751,4323,147495.085,SHFE official,https://www.shfe.com.cn/data/tradedata/future/dailydata/kx20260420.dat
2026-04-20,SN2609,SN,396980,399660,387750,391390,393850,390440,1724,1908,67900.011,SHFE official,https://www.shfe.com.cn/data/tradedata/future/dailydata/kx20260420.dat
2026-04-20,SN2610,SN,399230,400300,388650,391650,392870,390610,130,294,5107.311,SHFE official,https://www.shfe.com.cn/data/tradedata/future/dailydata/kx20260420.dat
2026-04-20,SN2611,SN,396400,396410,388710,391230,390640,391090,30,142,1171.937,SHFE official,https://www.shfe.com.cn/data/tradedata/future/dailydata/kx20260420.dat
2026-04-20,SN2612,SN,399000,400000,388900,390000,395010,390570,47,333,1856.584,SHFE official,https://www.shfe.com.cn/data/tradedata/future/dailydata/kx20260420.dat
2026-04-20,SN2701,SN,399000,400500,390460,392910,398320,391840,21,219,836.473,SHFE official,https://www.shfe.com.cn/data/tradedata/future/dailydata/kx20260420.dat
2026-04-20,SN2702,SN,400000,400000,388870,391860,393400,391800,14,153,550.763,SHFE official,https://www.shfe.com.cn/data/tradedata/future/dailydata/kx20260420.dat
2026-04-20,SN2703,SN,393770,394210,393770,394210,393990,390400,2,46,78.798,SHFE official,https://www.shfe.com.cn/data/tradedata/future/dailydata/kx20260420.dat
2026-04-20,SN2704,SN,,,,389460,389460,389460,0,1,0.0,SHFE official,https://www.shfe.com.cn/data/tradedata/future/dailydata/kx20260420.dat
2026-04-21,SN2605,SN,392890,398950,390660,392300,394990,393090,180129,26101,7114928.905,SHFE official,https://www.shfe.com.cn/data/tradedata/future/dailydata/kx20260421.dat
2026-04-21,SN2606,SN,392600,399600,391400,393090,395620,393430,88135,31934,3486844.122,SHFE official,https://www.shfe.com.cn/data/tradedata/future/dailydata/kx20260421.dat
2026-04-21,SN2607,SN,392760,399710,391500,393110,395640,393230,15900,12692,629076.664,SHFE official,https://www.shfe.com.cn/data/tradedata/future/dailydata/kx20260421.dat
2026-04-21,SN2608,SN,393310,399350,391550,393020,396020,393210,3667,4485,145223.074,SHFE official,https://www.shfe.com.cn/data/tradedata/future/dailydata/kx20260421.dat
2026-04-21,SN2609,SN,393430,399090,391550,393140,395690,393850,1462,1826,57850.146,SHFE official,https://www.shfe.com.cn/data/tradedata/future/dailydata/kx20260421.dat
2026-04-21,SN2610,SN,393670,399600,392980,393130,395340,392870,78,321,3083.692,SHFE official,https://www.shfe.com.cn/data/tradedata/future/dailydata/kx20260421.dat
2026-04-21,SN2611,SN,396560,396760,393770,393920,395290,390640,9,143,355.765,SHFE official,https://www.shfe.com.cn/data/tradedata/future/dailydata/kx20260421.dat
2026-04-21,SN2612,SN,394610,397720,392600,392960,394620,395010,56,329,2209.879,SHFE official,https://www.shfe.com.cn/data/tradedata/future/dailydata/kx20260421.dat
2026-04-21,SN2701,SN,395400,399300,392600,393120,396980,398320,23,220,913.068,SHFE official,https://www.shfe.com.cn/data/tradedata/future/dailydata/kx20260421.dat
2026-04-21,SN2702,SN,396180,400210,393000,393000,396770,393400,20,155,793.556,SHFE official,https://www.shfe.com.cn/data/tradedata/future/dailydata/kx20260421.dat
2026-04-21,SN2703,SN,396080,396080,392550,392550,394310,393990,2,47,78.863,SHFE official,https://www.shfe.com.cn/data/tradedata/future/dailydata/kx20260421.dat
2026-04-21,SN2704,SN,,,,389460,389460,389460,0,1,0.0,SHFE official,https://www.shfe.com.cn/data/tradedata/future/dailydata/kx20260421.dat
2026-04-22,SN2605,SN,395000,395470,387010,394060,391630,394990,142861,24120,5594996.451,SHFE official,https://www.shfe.com.cn/data/tradedata/future/dailydata/kx20260422.dat
2026-04-22,SN2606,SN,396490,396490,387720,394920,392430,395620,78030,34026,3062185.113,SHFE official,https://www.shfe.com.cn/data/tradedata/future/dailydata/kx20260422.dat
2026-04-22,SN2607,SN,396000,396000,388000,394910,392690,395640,12333,13093,484314.669,SHFE official,https://www.shfe.com.cn/data/tradedata/future/dailydata/kx20260422.dat
2026-04-22,SN2608,SN,395880,395880,387650,394820,392190,396020,2746,4728,107698.067,SHFE official,https://www.shfe.com.cn/data/tradedata/future/dailydata/kx20260422.dat
2026-04-22,SN2609,SN,395000,395530,388110,394750,392550,395690,613,1794,24063.362,SHFE official,https://www.shfe.com.cn/data/tradedata/future/dailydata/kx20260422.dat
2026-04-22,SN2610,SN,395010,395390,390050,395390,393310,395340,80,336,3146.534,SHFE official,https://www.shfe.com.cn/data/tradedata/future/dailydata/kx20260422.dat
2026-04-22,SN2611,SN,393140,394830,393140,394830,394190,395290,8,144,315.353,SHFE official,https://www.shfe.com.cn/data/tradedata/future/dailydata/kx20260422.dat
2026-04-22,SN2612,SN,392960,395510,390000,395440,393680,394620,30,328,1181.051,SHFE official,https://www.shfe.com.cn/data/tradedata/future/dailydata/kx20260422.dat
2026-04-22,SN2701,SN,394830,394830,389980,394600,393070,396980,10,220,393.071,SHFE official,https://www.shfe.com.cn/data/tradedata/future/dailydata/kx20260422.dat
2026-04-22,SN2702,SN,390430,394920,388200,394920,390880,396770,5,154,195.44,SHFE official,https://www.shfe.com.cn/data/tradedata/future/dailydata/kx20260422.dat
2026-04-22,SN2703,SN,,,,394480,394480,394310,0,47,0.0,SHFE official,https://www.shfe.com.cn/data/tradedata/future/dailydata/kx20260422.dat
2026-04-22,SN2704,SN,398590,398590,398590,398590,398590,389460,1,2,39.859,SHFE official,https://www.shfe.com.cn/data/tradedata/future/dailydata/kx20260422.dat
2026-04-23,SN2605,SN,392060,395760,384600,390730,391070,391630,137466,19207,5375971.161,SHFE official,https://www.shfe.com.cn/data/tradedata/future/dailydata/kx20260423.dat
2026-04-23,SN2606,SN,392500,396740,385500,391230,391770,392430,105971,35269,4151688.883,SHFE official,https://www.shfe.com.cn/data/tradedata/future/dailydata/kx20260423.dat
2026-04-23,SN2607,SN,394030,396770,386040,391970,391710,392690,17481,14566,684758.649,SHFE official,https://www.shfe.com.cn/data/tradedata/future/dailydata/kx20260423.dat
2026-04-23,SN2608,SN,393700,396500,385990,391480,391240,392190,2647,5101,103561.991,SHFE official,https://www.shfe.com.cn/data/tradedata/future/dailydata/kx20260423.dat
2026-04-23,SN2609,SN,393750,396350,386140,391500,391710,392550,1150,1854,45047.544,SHFE official,https://www.shfe.com.cn/data/tradedata/future/dailydata/kx20260423.dat
2026-04-23,SN2610,SN,396430,396430,386690,392020,390290,393310,39,336,1522.157,SHFE official,https://www.shfe.com.cn/data/tradedata/future/dailydata/kx20260423.dat
2026-04-23,SN2611,SN,395420,395420,388120,391480,392140,394190,42,127,1646.991,SHFE official,https://www.shfe.com.cn/data/tradedata/future/dailydata/kx20260423.dat
2026-04-23,SN2612,SN,393140,395470,387460,392140,391680,393680,25,325,979.207,SHFE official,https://www.shfe.com.cn/data/tradedata/future/dailydata/kx20260423.dat
2026-04-23,SN2701,SN,393330,395500,387350,387350,393140,393070,13,220,511.082,SHFE official,https://www.shfe.com.cn/data/tradedata/future/dailydata/kx20260423.dat
2026-04-23,SN2702,SN,393300,395050,388620,392200,392520,390880,14,148,549.532,SHFE official,https://www.shfe.com.cn/data/tradedata/future/dailydata/kx20260423.dat
2026-04-23,SN2703,SN,391080,392250,387010,392250,388210,394480,43,19,1669.34,SHFE official,https://www.shfe.com.cn/data/tradedata/future/dailydata/kx20260423.dat
2026-04-23,SN2704,SN,,,,398550,398550,398590,0,2,0.0,SHFE official,https://www.shfe.com.cn/data/tradedata/future/dailydata/kx20260423.dat
2026-04-24,SN2605,SN,393040,393890,386120,387630,390340,391070,107870,17058,4210664.411,SHFE official,https://www.shfe.com.cn/data/tradedata/future/dailydata/kx20260424.dat
2026-04-24,SN2606,SN,394000,394500,386800,388600,391040,391770,106784,36599,4175682.195,SHFE official,https://www.shfe.com.cn/data/tradedata/future/dailydata/kx20260424.dat
2026-04-24,SN2607,SN,394210,394890,387220,389030,391270,391710,15412,14943,603026.194,SHFE official,https://www.shfe.com.cn/data/tradedata/future/dailydata/kx20260424.dat
2026-04-24,SN2608,SN,395080,395080,387170,388830,391080,391240,2944,5271,115136.357,SHFE official,https://www.shfe.com.cn/data/tradedata/future/dailydata/kx20260424.dat
2026-04-24,SN2609,SN,393500,394780,387280,389080,391290,391710,1153,1710,45116.058,SHFE official,https://www.shfe.com.cn/data/tradedata/future/dailydata/kx20260424.dat
2026-04-24,SN2610,SN,394850,394850,387650,387650,391620,390290,74,329,2898.06,SHFE official,https://www.shfe.com.cn/data/tradedata/future/dailydata/kx20260424.dat
2026-04-24,SN2611,SN,394710,394710,389140,389140,391500,392140,27,125,1057.052,SHFE official,https://www.shfe.com.cn/data/tradedata/future/dailydata/kx20260424.dat
2026-04-24,SN2612,SN,393380,393380,387770,388280,391640,391680,36,319,1409.909,SHFE official,https://www.shfe.com.cn/data/tradedata/future/dailydata/kx20260424.dat
2026-04-24,SN2701,SN,394000,394000,389300,389460,391960,393140,31,222,1215.082,SHFE official,https://www.shfe.com.cn/data/tradedata/future/dailydata/kx20260424.dat
2026-04-24,SN2702,SN,392530,392530,388380,388380,392240,392520,81,113,3177.188,SHFE official,https://www.shfe.com.cn/data/tradedata/future/dailydata/kx20260424.dat
2026-04-24,SN2703,SN,392550,393280,388770,389080,390760,388210,13,13,508.0,SHFE official,https://www.shfe.com.cn/data/tradedata/future/dailydata/kx20260424.dat
2026-04-24,SN2704,SN,396070,396070,390730,390730,393550,398550,7,2,275.49,SHFE official,https://www.shfe.com.cn/data/tradedata/future/dailydata/kx20260424.dat
2026-04-27,SN2605,SN,389130,393700,389050,391290,391590,390340,74370,12799,2912329.117,SHFE official,https://www.shfe.com.cn/data/tradedata/future/dailydata/kx20260427.dat
2026-04-27,SN2606,SN,390780,394650,389940,392290,392470,391040,129380,39069,5077885.415,SHFE official,https://www.shfe.com.cn/data/tradedata/future/dailydata/kx20260427.dat
2026-04-27,SN2607,SN,390880,394800,390190,392440,392710,391270,17222,14525,676337.285,SHFE official,https://www.shfe.com.cn/data/tradedata/future/dailydata/kx20260427.dat
2026-04-27,SN2608,SN,390610,394720,390170,392270,392750,391080,3432,5186,134794.352,SHFE official,https://www.shfe.com.cn/data/tradedata/future/dailydata/kx20260427.dat
2026-04-27,SN2609,SN,389080,394620,389080,392250,392610,391290,756,1737,29682.049,SHFE official,https://www.shfe.com.cn/data/tradedata/future/dailydata/kx20260427.dat
2026-04-27,SN2610,SN,391410,394850,391410,392040,392960,391620,25,335,982.405,SHFE official,https://www.shfe.com.cn/data/tradedata/future/dailydata/kx20260427.dat
2026-04-27,SN2611,SN,392470,393470,392420,393470,392910,391500,11,120,432.202,SHFE official,https://www.shfe.com.cn/data/tradedata/future/dailydata/kx20260427.dat
2026-04-27,SN2612,SN,392750,394600,391000,392320,393020,391640,14,318,550.233,SHFE official,https://www.shfe.com.cn/data/tradedata/future/dailydata/kx20260427.dat
2026-04-27,SN2701,SN,392600,394600,390900,392710,392840,391960,19,215,746.403,SHFE official,https://www.shfe.com.cn/data/tradedata/future/dailydata/kx20260427.dat
2026-04-27,SN2702,SN,392450,394200,390720,392640,392340,392240,17,114,666.978,SHFE official,https://www.shfe.com.cn/data/tradedata/future/dailydata/kx20260427.dat
2026-04-27,SN2703,SN,393800,393800,393340,393340,393570,390760,2,13,78.714,SHFE official,https://www.shfe.com.cn/data/tradedata/future/dailydata/kx20260427.dat
2026-04-27,SN2704,SN,,,,393550,393550,393550,0,2,0.0,SHFE official,https://www.shfe.com.cn/data/tradedata/future/dailydata/kx20260427.dat
2026-04-28,SN2605,SN,388520,391500,379850,383630,385020,391590,45485,8261,1751281.717,SHFE official,https://www.shfe.com.cn/data/tradedata/future/dailydata/kx20260428.dat
2026-04-28,SN2606,SN,392310,392510,380660,384600,385460,392470,187538,39956,7228902.238,SHFE official,https://www.shfe.com.cn/data/tradedata/future/dailydata/kx20260428.dat
2026-04-28,SN2607,SN,392990,392990,381150,385060,385780,392710,22620,15733,872648.997,SHFE official,https://www.shfe.com.cn/data/tradedata/future/dailydata/kx20260428.dat
2026-04-28,SN2608,SN,391500,392190,381210,385060,385400,392750,4389,5746,169155.44,SHFE official,https://www.shfe.com.cn/data/tradedata/future/dailydata/kx20260428.dat
2026-04-28,SN2609,SN,391000,392490,381230,385160,385650,392610,1656,1877,63864.791,SHFE official,https://www.shfe.com.cn/data/tradedata/future/dailydata/kx20260428.dat
2026-04-28,SN2610,SN,392550,392550,382560,385180,387100,392960,87,342,3367.841,SHFE official,https://www.shfe.com.cn/data/tradedata/future/dailydata/kx20260428.dat
2026-04-28,SN2611,SN,393470,393470,383420,385590,386570,392910,13,120,502.551,SHFE official,https://www.shfe.com.cn/data/tradedata/future/dailydata/kx20260428.dat
2026-04-28,SN2612,SN,391590,391590,382000,384820,385650,393020,34,318,1311.23,SHFE official,https://www.shfe.com.cn/data/tradedata/future/dailydata/kx20260428.dat
2026-04-28,SN2701,SN,388440,388440,382000,386080,384700,392840,15,219,577.051,SHFE official,https://www.shfe.com.cn/data/tradedata/future/dailydata/kx20260428.dat
2026-04-28,SN2702,SN,391330,391330,381880,383750,384990,392340,11,112,423.495,SHFE official,https://www.shfe.com.cn/data/tradedata/future/dailydata/kx20260428.dat
2026-04-28,SN2703,SN,392180,392180,383060,385000,387730,393570,5,15,193.866,SHFE official,https://www.shfe.com.cn/data/tradedata/future/dailydata/kx20260428.dat
2026-04-28,SN2704,SN,391700,391700,379410,380820,384460,393550,5,4,192.234,SHFE official,https://www.shfe.com.cn/data/tradedata/future/dailydata/kx20260428.dat
2026-04-29,SN2605,SN,381840,388040,379200,387280,382880,385020,19508,6601,746940.656,SHFE official,https://www.shfe.com.cn/data/tradedata/future/dailydata/kx20260429.dat
2026-04-29,SN2606,SN,383050,388940,380110,388300,384190,385460,153966,41062,5915242.84,SHFE official,https://www.shfe.com.cn/data/tradedata/future/dailydata/kx20260429.dat
2026-04-29,SN2607,SN,383750,389300,380570,388510,384810,385780,18037,16133,694094.413,SHFE official,https://www.shfe.com.cn/data/tradedata/future/dailydata/kx20260429.dat
2026-04-29,SN2608,SN,382350,389250,380660,388590,385040,385400,4555,5976,175386.987,SHFE official,https://www.shfe.com.cn/data/tradedata/future/dailydata/kx20260429.dat
2026-04-29,SN2609,SN,383020,389290,380820,388460,385690,385650,1201,1950,46321.41,SHFE official,https://www.shfe.com.cn/data/tradedata/future/dailydata/kx20260429.dat
2026-04-29,SN2610,SN,382220,388900,380740,388700,384780,387100,39,344,1500.65,SHFE official,https://www.shfe.com.cn/data/tradedata/future/dailydata/kx20260429.dat
2026-04-29,SN2611,SN,381500,388850,381500,388850,385510,386570,11,118,424.064,SHFE official,https://www.shfe.com.cn/data/tradedata/future/dailydata/kx20260429.dat
2026-04-29,SN2612,SN,381650,388460,381650,388440,385510,385650,86,291,3315.444,SHFE official,https://www.shfe.com.cn/data/tradedata/future/dailydata/kx20260429.dat
2026-04-29,SN2701,SN,381480,388940,381480,388940,385560,384700,34,207,1310.932,SHFE official,https://www.shfe.com.cn/data/tradedata/future/dailydata/kx20260429.dat
2026-04-29,SN2702,SN,381210,387800,381000,387800,385200,384990,10,112,385.204,SHFE official,https://www.shfe.com.cn/data/tradedata/future/dailydata/kx20260429.dat
2026-04-29,SN2703,SN,381770,383440,381770,383440,382770,387730,4,13,153.109,SHFE official,https://www.shfe.com.cn/data/tradedata/future/dailydata/kx20260429.dat
2026-04-29,SN2704,SN,384170,384170,383560,383560,383860,384460,2,3,76.773,SHFE official,https://www.shfe.com.cn/data/tradedata/future/dailydata/kx20260429.dat
2026-04-30,SN2605,SN,384570,386700,377630,386000,382380,382880,11056,5142,422763.082,SHFE official,https://www.shfe.com.cn/data/tradedata/future/dailydata/kx20260430.dat
2026-04-30,SN2606,SN,385510,387690,378500,387370,383270,384190,182304,38310,6987223.888,SHFE official,https://www.shfe.com.cn/data/tradedata/future/dailydata/kx20260430.dat
2026-04-30,SN2607,SN,385510,388120,379040,387660,384190,384810,21479,16724,825218.25,SHFE official,https://www.shfe.com.cn/data/tradedata/future/dailydata/kx20260430.dat
2026-04-30,SN2608,SN,387290,388010,379070,387870,384010,385040,4003,6139,153721.298,SHFE official,https://www.shfe.com.cn/data/tradedata/future/dailydata/kx20260430.dat
2026-04-30,SN2609,SN,386100,388000,379170,387830,384100,385690,1612,2034,61917.613,SHFE official,https://www.shfe.com.cn/data/tradedata/future/dailydata/kx20260430.dat
2026-04-30,SN2610,SN,379920,388400,379620,388400,385740,384780,71,340,2738.767,SHFE official,https://www.shfe.com.cn/data/tradedata/future/dailydata/kx20260430.dat
2026-04-30,SN2611,SN,379880,387160,379610,385230,383990,385510,9,119,345.596,SHFE official,https://www.shfe.com.cn/data/tradedata/future/dailydata/kx20260430.dat
2026-04-30,SN2612,SN,381000,386400,379020,386170,383690,385510,27,286,1035.963,SHFE official,https://www.shfe.com.cn/data/tradedata/future/dailydata/kx20260430.dat
2026-04-30,SN2701,SN,385460,386800,379500,386470,383400,385560,22,203,843.495,SHFE official,https://www.shfe.com.cn/data/tradedata/future/dailydata/kx20260430.dat
2026-04-30,SN2702,SN,380000,385480,379000,385340,383240,385200,15,112,574.867,SHFE official,https://www.shfe.com.cn/data/tradedata/future/dailydata/kx20260430.dat
2026-04-30,SN2703,SN,381000,386130,380760,386130,382320,382770,6,14,229.395,SHFE official,https://www.shfe.com.cn/data/tradedata/future/dailydata/kx20260430.dat
2026-04-30,SN2704,SN,381490,387960,381490,387960,384720,383860,2,3,76.945,SHFE official,https://www.shfe.com.cn/data/tradedata/future/dailydata/kx20260430.dat
2026-05-06,SN2605,SN,390520,416020,390000,414700,402800,382380,2846,4374,114638.598,SHFE official,https://www.shfe.com.cn/data/tradedata/future/dailydata/kx20260506.dat
2026-05-06,SN2606,SN,392400,416970,390870,415370,404870,383270,174856,49343,7079434.303,SHFE official,https://www.shfe.com.cn/data/tradedata/future/dailydata/kx20260506.dat
2026-05-06,SN2607,SN,390000,417280,390000,415590,404720,384190,35706,18810,1445117.441,SHFE official,https://www.shfe.com.cn/data/tradedata/future/dailydata/kx20260506.dat
2026-05-06,SN2608,SN,391390,416910,391350,415430,404220,384010,9444,6226,381748.72,SHFE official,https://www.shfe.com.cn/data/tradedata/future/dailydata/kx20260506.dat
2026-05-06,SN2609,SN,392000,416390,391140,414640,406220,384100,5311,3552,215743.619,SHFE official,https://www.shfe.com.cn/data/tradedata/future/dailydata/kx20260506.dat
2026-05-06,SN2610,SN,393710,415800,392600,414390,406680,385740,313,434,12729.13,SHFE official,https://www.shfe.com.cn/data/tradedata/future/dailydata/kx20260506.dat
2026-05-06,SN2611,SN,393230,415150,393230,414100,405510,383990,66,113,2676.411,SHFE official,https://www.shfe.com.cn/data/tradedata/future/dailydata/kx20260506.dat
2026-05-06,SN2612,SN,392090,414550,392090,413070,406600,383690,191,358,7766.123,SHFE official,https://www.shfe.com.cn/data/tradedata/future/dailydata/kx20260506.dat
2026-05-06,SN2701,SN,397330,414020,396030,414000,405320,383400,115,235,4661.18,SHFE official,https://www.shfe.com.cn/data/tradedata/future/dailydata/kx20260506.dat
2026-05-06,SN2702,SN,392070,413190,392070,412340,403490,383240,72,161,2905.134,SHFE official,https://www.shfe.com.cn/data/tradedata/future/dailydata/kx20260506.dat
2026-05-06,SN2703,SN,394680,413330,394070,413330,397390,382320,33,40,1311.397,SHFE official,https://www.shfe.com.cn/data/tradedata/future/dailydata/kx20260506.dat
2026-05-06,SN2704,SN,398440,410200,398440,410200,404320,384720,2,3,80.864,SHFE official,https://www.shfe.com.cn/data/tradedata/future/dailydata/kx20260506.dat
2026-05-07,SN2605,SN,418600,427250,414510,420160,420500,402800,1972,4130,82922.734,SHFE official,https://www.shfe.com.cn/data/tradedata/future/dailydata/kx20260507.dat
2026-05-07,SN2606,SN,416500,428470,415270,421500,421310,404870,314914,52027,13267699.617,SHFE official,https://www.shfe.com.cn/data/tradedata/future/dailydata/kx20260507.dat
2026-05-07,SN2607,SN,416100,428870,415610,421910,421590,404720,62087,22057,2617544.491,SHFE official,https://www.shfe.com.cn/data/tradedata/future/dailydata/kx20260507.dat
2026-05-07,SN2608,SN,416520,428690,415260,421450,420860,404220,14477,7610,609279.609,SHFE official,https://www.shfe.com.cn/data/tradedata/future/dailydata/kx20260507.dat
2026-05-07,SN2609,SN,415000,428100,414990,420920,420330,406220,7263,4220,305287.418,SHFE official,https://www.shfe.com.cn/data/tradedata/future/dailydata/kx20260507.dat
2026-05-07,SN2610,SN,415850,426690,415440,421180,419480,406680,603,520,25294.753,SHFE official,https://www.shfe.com.cn/data/tradedata/future/dailydata/kx20260507.dat
2026-05-07,SN2611,SN,415320,425050,415320,419460,419350,405510,73,126,3061.256,SHFE official,https://www.shfe.com.cn/data/tradedata/future/dailydata/kx20260507.dat
2026-05-07,SN2612,SN,414960,425000,414960,421570,420490,406600,321,389,13497.79,SHFE official,https://www.shfe.com.cn/data/tradedata/future/dailydata/kx20260507.dat
2026-05-07,SN2701,SN,415920,426310,415000,420900,419740,405320,95,238,3987.544,SHFE official,https://www.shfe.com.cn/data/tradedata/future/dailydata/kx20260507.dat
2026-05-07,SN2702,SN,415040,424830,414800,420420,418100,403490,194,217,8111.257,SHFE official,https://www.shfe.com.cn/data/tradedata/future/dailydata/kx20260507.dat
2026-05-07,SN2703,SN,419270,422960,416950,420620,419610,397390,23,42,965.122,SHFE official,https://www.shfe.com.cn/data/tradedata/future/dailydata/kx20260507.dat
2026-05-07,SN2704,SN,422910,424750,417340,417340,421660,404320,3,5,126.5,SHFE official,https://www.shfe.com.cn/data/tradedata/future/dailydata/kx20260507.dat
2026-05-08,SN2605,SN,422410,429360,421020,424050,424890,420500,1146,3760,48692.562,SHFE official,https://www.shfe.com.cn/data/tradedata/future/dailydata/kx20260508.dat
2026-05-08,SN2606,SN,428000,430690,421530,425960,426250,421310,275844,53940,11758000.074,SHFE official,https://www.shfe.com.cn/data/tradedata/future/dailydata/kx20260508.dat
2026-05-08,SN2607,SN,425910,430770,422000,426370,426650,421590,54329,23623,2317953.826,SHFE official,https://www.shfe.com.cn/data/tradedata/future/dailydata/kx20260508.dat
2026-05-08,SN2608,SN,424890,430350,421580,425970,426410,420860,13740,8516,585892.141,SHFE official,https://www.shfe.com.cn/data/tradedata/future/dailydata/kx20260508.dat
2026-05-08,SN2609,SN,427220,429880,421510,425580,426070,420330,6361,4731,271026.484,SHFE official,https://www.shfe.com.cn/data/tradedata/future/dailydata/kx20260508.dat
2026-05-08,SN2610,SN,427300,430120,420940,425850,426170,419480,240,537,10228.27,SHFE official,https://www.shfe.com.cn/data/tradedata/future/dailydata/kx20260508.dat
2026-05-08,SN2611,SN,419460,428890,419460,425670,425300,419350,15,127,637.963,SHFE official,https://www.shfe.com.cn/data/tradedata/future/dailydata/kx20260508.dat
2026-05-08,SN2612,SN,425620,428660,421500,423230,425100,420490,80,392,3400.843,SHFE official,https://www.shfe.com.cn/data/tradedata/future/dailydata/kx20260508.dat
2026-05-08,SN2701,SN,425840,428160,421500,423920,425010,419740,37,240,1572.566,SHFE official,https://www.shfe.com.cn/data/tradedata/future/dailydata/kx20260508.dat
2026-05-08,SN2702,SN,427520,427900,421670,424390,425460,418100,25,215,1063.653,SHFE official,https://www.shfe.com.cn/data/tradedata/future/dailydata/kx20260508.dat
2026-05-08,SN2703,SN,426680,426680,421100,424240,424240,419610,10,45,424.24,SHFE official,https://www.shfe.com.cn/data/tradedata/future/dailydata/kx20260508.dat
2026-05-08,SN2704,SN,424100,425600,424100,425600,424530,421660,4,8,169.813,SHFE official,https://www.shfe.com.cn/data/tradedata/future/dailydata/kx20260508.dat
2026-05-11,SN2605,SN,421850,430640,418580,422390,425670,424890,110,3730,4682.384,SHFE official,https://www.shfe.com.cn/data/tradedata/future/dailydata/kx20260511.dat
2026-05-11,SN2606,SN,425670,432690,418200,423310,423910,426250,276721,50824,11730593.366,SHFE official,https://www.shfe.com.cn/data/tradedata/future/dailydata/kx20260511.dat
2026-05-11,SN2607,SN,426300,433210,418800,423930,424680,426650,61987,25236,2632494.531,SHFE official,https://www.shfe.com.cn/data/tradedata/future/dailydata/kx20260511.dat
2026-05-11,SN2608,SN,425680,433200,418700,423830,424580,426410,16470,9364,699298.993,SHFE official,https://www.shfe.com.cn/data/tradedata/future/dailydata/kx20260511.dat
2026-05-11,SN2609,SN,425260,432900,418530,423330,424820,426070,8546,5183,363058.687,SHFE official,https://www.shfe.com.cn/data/tradedata/future/dailydata/kx20260511.dat
2026-05-11,SN2610,SN,424620,433160,418500,423390,424520,426170,495,567,21013.795,SHFE official,https://www.shfe.com.cn/data/tradedata/future/dailydata/kx20260511.dat
2026-05-11,SN2611,SN,420980,430710,419490,423440,424360,425300,55,135,2334.033,SHFE official,https://www.shfe.com.cn/data/tradedata/future/dailydata/kx20260511.dat
2026-05-11,SN2612,SN,423660,430870,417500,423170,423890,425100,147,400,6231.232,SHFE official,https://www.shfe.com.cn/data/tradedata/future/dailydata/kx20260511.dat
2026-05-11,SN2701,SN,420000,431000,417980,422550,423130,425010,42,235,1777.164,SHFE official,https://www.shfe.com.cn/data/tradedata/future/dailydata/kx20260511.dat
2026-05-11,SN2702,SN,418010,430780,418000,423500,424310,425460,48,213,2036.723,SHFE official,https://www.shfe.com.cn/data/tradedata/future/dailydata/kx20260511.dat
2026-05-11,SN2703,SN,418000,428170,418000,422160,424300,424240,19,52,806.176,SHFE official,https://www.shfe.com.cn/data/tradedata/future/dailydata/kx20260511.dat
2026-05-11,SN2704,SN,423360,423360,419620,419620,420870,424530,4,12,168.349,SHFE official,https://www.shfe.com.cn/data/tradedata/future/dailydata/kx20260511.dat
2026-05-12,SN2605,SN,422390,437000,422390,423370,425820,425670,102,3712,4343.454,SHFE official,https://www.shfe.com.cn/data/tradedata/future/dailydata/kx20260512.dat
2026-05-12,SN2606,SN,429500,439970,422800,425060,431160,423910,309991,50035,13365609.719,SHFE official,https://www.shfe.com.cn/data/tradedata/future/dailydata/kx20260512.dat
2026-05-12,SN2607,SN,428500,440790,423500,425630,431780,424680,70686,27287,3052132.85,SHFE official,https://www.shfe.com.cn/data/tradedata/future/dailydata/kx20260512.dat
2026-05-12,SN2608,SN,430000,440440,423390,425700,431370,424580,17832,10315,769227.663,SHFE official,https://www.shfe.com.cn/data/tradedata/future/dailydata/kx20260512.dat
2026-05-12,SN2609,SN,428160,440000,423350,425410,431220,424820,7237,5675,312080.449,SHFE official,https://www.shfe.com.cn/data/tradedata/future/dailydata/kx20260512.dat
2026-05-12,SN2610,SN,428500,438690,423830,424800,430090,424520,627,595,26966.815,SHFE official,https://www.shfe.com.cn/data/tradedata/future/dailydata/kx20260512.dat
2026-05-12,SN2611,SN,430000,435500,423690,423950,429640,424360,64,152,2749.72,SHFE official,https://www.shfe.com.cn/data/tradedata/future/dailydata/kx20260512.dat
2026-05-12,SN2612,SN,428180,437860,423000,423090,429170,423890,158,397,6780.919,SHFE official,https://www.shfe.com.cn/data/tradedata/future/dailydata/kx20260512.dat
2026-05-12,SN2701,SN,428970,438070,423020,423020,429530,423130,73,228,3135.584,SHFE official,https://www.shfe.com.cn/data/tradedata/future/dailydata/kx20260512.dat
2026-05-12,SN2702,SN,428470,436500,424680,424680,429080,424310,27,214,1158.542,SHFE official,https://www.shfe.com.cn/data/tradedata/future/dailydata/kx20260512.dat
2026-05-12,SN2703,SN,427320,428290,423210,423770,424940,424300,37,59,1572.295,SHFE official,https://www.shfe.com.cn/data/tradedata/future/dailydata/kx20260512.dat
2026-05-12,SN2704,SN,429900,433750,421310,421310,429410,420870,7,16,300.589,SHFE official,https://www.shfe.com.cn/data/tradedata/future/dailydata/kx20260512.dat
2026-05-13,SN2605,SN,426460,433300,426460,433300,431690,425820,104,3684,4489.664,SHFE official,https://www.shfe.com.cn/data/tradedata/future/dailydata/kx20260513.dat
2026-05-13,SN2606,SN,427560,435000,424350,434410,429820,431160,263036,51686,11305952.243,SHFE official,https://www.shfe.com.cn/data/tradedata/future/dailydata/kx20260513.dat
2026-05-13,SN2607,SN,427550,435660,425130,435070,430770,431780,62240,28476,2681120.358,SHFE official,https://www.shfe.com.cn/data/tradedata/future/dailydata/kx20260513.dat
2026-05-13,SN2608,SN,428100,435730,425230,435300,430890,431370,15729,10923,677752.825,SHFE official,https://www.shfe.com.cn/data/tradedata/future/dailydata/kx20260513.dat
2026-05-13,SN2609,SN,426900,435630,425290,435250,431030,431220,5979,6134,257715.005,SHFE official,https://www.shfe.com.cn/data/tradedata/future/dailydata/kx20260513.dat
2026-05-13,SN2610,SN,428420,434780,425500,434780,430420,430090,163,602,7016.006,SHFE official,https://www.shfe.com.cn/data/tradedata/future/dailydata/kx20260513.dat
2026-05-13,SN2611,SN,429030,433920,426000,433920,431150,429640,14,149,603.619,SHFE official,https://www.shfe.com.cn/data/tradedata/future/dailydata/kx20260513.dat
2026-05-13,SN2612,SN,427010,434500,424500,433780,430240,429170,121,411,5206.01,SHFE official,https://www.shfe.com.cn/data/tradedata/future/dailydata/kx20260513.dat
2026-05-13,SN2701,SN,428200,433520,424000,433520,429070,429530,53,227,2274.114,SHFE official,https://www.shfe.com.cn/data/tradedata/future/dailydata/kx20260513.dat
2026-05-13,SN2702,SN,428580,433300,425000,432040,429750,429080,14,213,601.65,SHFE official,https://www.shfe.com.cn/data/tradedata/future/dailydata/kx20260513.dat
2026-05-13,SN2703,SN,428230,432870,425230,432870,429040,424940,8,58,343.237,SHFE official,https://www.shfe.com.cn/data/tradedata/future/dailydata/kx20260513.dat
2026-05-13,SN2704,SN,433000,433000,432240,433000,432740,429410,3,16,129.824,SHFE official,https://www.shfe.com.cn/data/tradedata/future/dailydata/kx20260513.dat
2026-05-14,SN2605,SN,435500,435500,424800,425700,429610,431690,206,3684,8849.992,SHFE official,https://www.shfe.com.cn/data/tradedata/future/dailydata/kx20260514.dat
2026-05-14,SN2606,SN,434000,440590,423770,426970,433690,429820,294621,46520,12777515.711,SHFE official,https://www.shfe.com.cn/data/tradedata/future/dailydata/kx20260514.dat
2026-05-14,SN2607,SN,435000,441000,424590,427580,433930,430770,71435,28848,3099815.15,SHFE official,https://www.shfe.com.cn/data/tradedata/future/dailydata/kx20260514.dat
2026-05-14,SN2608,SN,435460,441000,424840,428010,434370,430890,20034,11438,870220.759,SHFE official,https://www.shfe.com.cn/data/tradedata/future/dailydata/kx20260514.dat
2026-05-14,SN2609,SN,434360,440810,425000,428000,434390,431030,7424,6374,322491.333,SHFE official,https://www.shfe.com.cn/data/tradedata/future/dailydata/kx20260514.dat
2026-05-14,SN2610,SN,434780,440930,425000,428520,432460,430420,501,742,21666.409,SHFE official,https://www.shfe.com.cn/data/tradedata/future/dailydata/kx20260514.dat
2026-05-14,SN2611,SN,433920,438570,425000,426090,434870,431150,86,140,3739.93,SHFE official,https://www.shfe.com.cn/data/tradedata/future/dailydata/kx20260514.dat
2026-05-14,SN2612,SN,436060,438640,424000,426640,433090,430240,243,397,10524.165,SHFE official,https://www.shfe.com.cn/data/tradedata/future/dailydata/kx20260514.dat
2026-05-14,SN2701,SN,432250,438750,423030,425710,431910,429070,200,205,8638.374,SHFE official,https://www.shfe.com.cn/data/tradedata/future/dailydata/kx20260514.dat
2026-05-14,SN2702,SN,431870,438020,423000,425340,432490,429750,164,181,7092.932,SHFE official,https://www.shfe.com.cn/data/tradedata/future/dailydata/kx20260514.dat
2026-05-14,SN2703,SN,435110,437090,424560,426450,432550,429040,62,57,2681.818,SHFE official,https://www.shfe.com.cn/data/tradedata/future/dailydata/kx20260514.dat
2026-05-14,SN2704,SN,436430,436430,421360,425680,427230,432740,10,16,427.23,SHFE official,https://www.shfe.com.cn/data/tradedata/future/dailydata/kx20260514.dat
2026-05-15,SN2605,SN,423230,423600,409400,411200,418780,429610,130,3598,5444.22,SHFE official,https://www.shfe.com.cn/data/tradedata/future/dailydata/kx20260515.dat
2026-05-15,SN2606,SN,430020,430020,408540,409060,421270,433690,297116,39213,12516810.165,SHFE official,https://www.shfe.com.cn/data/tradedata/future/dailydata/kx20260515.dat
2026-05-15,SN2607,SN,430100,430700,409310,409850,421710,433930,83486,26739,3520696.942,SHFE official,https://www.shfe.com.cn/data/tradedata/future/dailydata/kx20260515.dat
2026-05-15,SN2608,SN,431000,431000,409480,409810,421190,434370,21036,11019,886018.067,SHFE official,https://www.shfe.com.cn/data/tradedata/future/dailydata/kx20260515.dat
2026-05-15,SN2609,SN,431100,431100,409820,410040,419850,434390,9705,5765,407472.169,SHFE official,https://www.shfe.com.cn/data/tradedata/future/dailydata/kx20260515.dat
2026-05-15,SN2610,SN,430980,430980,410470,410480,419980,432460,563,778,23644.92,SHFE official,https://www.shfe.com.cn/data/tradedata/future/dailydata/kx20260515.dat
2026-05-15,SN2611,SN,428170,428540,409670,409670,421590,434870,60,152,2529.58,SHFE official,https://www.shfe.com.cn/data/tradedata/future/dailydata/kx20260515.dat
2026-05-15,SN2612,SN,428400,428470,409500,409500,418680,433090,251,324,10509.103,SHFE official,https://www.shfe.com.cn/data/tradedata/future/dailydata/kx20260515.dat
2026-05-15,SN2701,SN,426020,427620,409500,410150,418580,431910,193,142,8078.744,SHFE official,https://www.shfe.com.cn/data/tradedata/future/dailydata/kx20260515.dat
2026-05-15,SN2702,SN,426850,427230,409000,409360,418770,432490,76,145,3182.68,SHFE official,https://www.shfe.com.cn/data/tradedata/future/dailydata/kx20260515.dat
2026-05-15,SN2703,SN,426820,426820,409600,409600,419160,432550,27,54,1131.74,SHFE official,https://www.shfe.com.cn/data/tradedata/future/dailydata/kx20260515.dat
2026-05-15,SN2704,SN,421530,423880,409280,410260,417660,427230,18,14,751.793,SHFE official,https://www.shfe.com.cn/data/tradedata/future/dailydata/kx20260515.dat
2026-05-18,SN2606,SN,405600,411840,401200,410420,406920,421270,231764,36404,9431098.509,SHFE official,https://www.shfe.com.cn/data/tradedata/future/dailydata/kx20260518.dat
2026-05-18,SN2607,SN,409740,412760,402000,411200,407660,421710,68034,28431,2773489.613,SHFE official,https://www.shfe.com.cn/data/tradedata/future/dailydata/kx20260518.dat
2026-05-18,SN2608,SN,408500,413000,402350,411450,407620,421190,16297,11606,664305.642,SHFE official,https://www.shfe.com.cn/data/tradedata/future/dailydata/kx20260518.dat
2026-05-18,SN2609,SN,408000,413090,402590,411860,408300,419850,7824,5642,319455.142,SHFE official,https://www.shfe.com.cn/data/tradedata/future/dailydata/kx20260518.dat
2026-05-18,SN2610,SN,410480,413200,403000,412350,408790,419980,430,882,17578.062,SHFE official,https://www.shfe.com.cn/data/tradedata/future/dailydata/kx20260518.dat
2026-05-18,SN2611,SN,409560,412800,402500,412620,408310,421590,72,156,2939.839,SHFE official,https://www.shfe.com.cn/data/tradedata/future/dailydata/kx20260518.dat
2026-05-18,SN2612,SN,408500,412090,402340,411390,407730,418680,150,307,6116.081,SHFE official,https://www.shfe.com.cn/data/tradedata/future/dailydata/kx20260518.dat
2026-05-18,SN2701,SN,408500,412300,401500,411450,406940,418580,97,133,3947.327,SHFE official,https://www.shfe.com.cn/data/tradedata/future/dailydata/kx20260518.dat
2026-05-18,SN2702,SN,407000,411800,401880,411660,407220,418770,43,144,1751.076,SHFE official,https://www.shfe.com.cn/data/tradedata/future/dailydata/kx20260518.dat
2026-05-18,SN2703,SN,404150,409810,400000,409810,406950,419160,14,57,569.741,SHFE official,https://www.shfe.com.cn/data/tradedata/future/dailydata/kx20260518.dat
2026-05-18,SN2704,SN,408180,408180,408180,408180,408180,417660,1,14,40.818,SHFE official,https://www.shfe.com.cn/data/tradedata/future/dailydata/kx20260518.dat
2026-05-18,SN2705,SN,,,,416520,416520,417660,0,0,0.0,SHFE official,https://www.shfe.com.cn/data/tradedata/future/dailydata/kx20260518.dat
2026-05-19,SN2606,SN,413990,416000,403040,409640,409340,406920,203131,32772,8315012.209,SHFE official,https://www.shfe.com.cn/data/tradedata/future/dailydata/kx20260519.dat
2026-05-19,SN2607,SN,414900,417000,403940,410520,410200,407660,60001,28879,2461256.965,SHFE official,https://www.shfe.com.cn/data/tradedata/future/dailydata/kx20260519.dat
2026-05-19,SN2608,SN,415000,417260,404340,410800,410590,407620,13369,12047,548927.537,SHFE official,https://www.shfe.com.cn/data/tradedata/future/dailydata/kx20260519.dat
2026-05-19,SN2609,SN,414440,417280,404580,410920,410160,408300,5448,6132,223456.919,SHFE official,https://www.shfe.com.cn/data/tradedata/future/dailydata/kx20260519.dat
2026-05-19,SN2610,SN,417050,417050,404820,411370,411270,408790,382,931,15710.695,SHFE official,https://www.shfe.com.cn/data/tradedata/future/dailydata/kx20260519.dat
2026-05-19,SN2611,SN,414290,414950,405890,410670,412760,408310,351,191,14488.175,SHFE official,https://www.shfe.com.cn/data/tradedata/future/dailydata/kx20260519.dat
2026-05-19,SN2612,SN,414300,414300,405460,411240,412270,407730,249,322,10265.589,SHFE official,https://www.shfe.com.cn/data/tradedata/future/dailydata/kx20260519.dat
2026-05-19,SN2701,SN,414200,414280,405830,410190,412100,406940,34,129,1401.169,SHFE official,https://www.shfe.com.cn/data/tradedata/future/dailydata/kx20260519.dat
2026-05-19,SN2702,SN,413000,413300,404880,411040,410370,407220,50,150,2051.868,SHFE official,https://www.shfe.com.cn/data/tradedata/future/dailydata/kx20260519.dat
2026-05-19,SN2703,SN,413820,413820,406450,411590,411400,406950,102,123,4196.351,SHFE official,https://www.shfe.com.cn/data/tradedata/future/dailydata/kx20260519.dat
2026-05-19,SN2704,SN,412500,412500,408180,409300,409890,408180,22,25,901.779,SHFE official,https://www.shfe.com.cn/data/tradedata/future/dailydata/kx20260519.dat
2026-05-19,SN2705,SN,,,,414740,414740,416520,0,0,0.0,SHFE official,https://www.shfe.com.cn/data/tradedata/future/dailydata/kx20260519.dat
2026-05-20,SN2606,SN,410880,417880,400300,417720,405780,409340,233753,31249,9485328.407,SHFE official,https://www.shfe.com.cn/data/tradedata/future/dailydata/kx20260520.dat
2026-05-20,SN2607,SN,410990,418660,401190,418650,406920,410200,82308,29643,3349309.65,SHFE official,https://www.shfe.com.cn/data/tradedata/future/dailydata/kx20260520.dat
2026-05-20,SN2608,SN,411360,419150,401670,419010,407270,410590,20675,12374,842038.071,SHFE official,https://www.shfe.com.cn/data/tradedata/future/dailydata/kx20260520.dat
2026-05-20,SN2609,SN,409600,419500,401970,419120,407770,410160,9156,6430,373356.186,SHFE official,https://www.shfe.com.cn/data/tradedata/future/dailydata/kx20260520.dat
2026-05-20,SN2610,SN,412360,419550,402960,419210,407460,411270,480,964,19558.476,SHFE official,https://www.shfe.com.cn/data/tradedata/future/dailydata/kx20260520.dat
2026-05-20,SN2611,SN,410880,419770,403680,419770,408580,412760,63,193,2574.09,SHFE official,https://www.shfe.com.cn/data/tradedata/future/dailydata/kx20260520.dat
2026-05-20,SN2612,SN,408580,419520,403100,419520,407870,412270,63,332,2569.589,SHFE official,https://www.shfe.com.cn/data/tradedata/future/dailydata/kx20260520.dat
2026-05-20,SN2701,SN,408500,419120,403870,419120,408000,412100,46,132,1876.818,SHFE official,https://www.shfe.com.cn/data/tradedata/future/dailydata/kx20260520.dat
2026-05-20,SN2702,SN,411700,419150,404410,419150,407880,410370,16,147,652.619,SHFE official,https://www.shfe.com.cn/data/tradedata/future/dailydata/kx20260520.dat
2026-05-20,SN2703,SN,409830,411470,404200,411470,407130,411400,18,119,732.84,SHFE official,https://www.shfe.com.cn/data/tradedata/future/dailydata/kx20260520.dat
2026-05-20,SN2704,SN,404800,410740,404110,410340,405350,409890,25,27,1013.385,SHFE official,https://www.shfe.com.cn/data/tradedata/future/dailydata/kx20260520.dat
2026-05-20,SN2705,SN,,,,414740,414740,414740,0,0,0.0,SHFE official,https://www.shfe.com.cn/data/tradedata/future/dailydata/kx20260520.dat
2026-05-21,SN2606,SN,420510,425400,411230,413110,419660,405780,259359,27524,10884347.222,SHFE official,https://www.shfe.com.cn/data/tradedata/future/dailydata/kx20260521.dat
2026-05-21,SN2607,SN,422880,426260,412290,414110,420480,406920,100597,31186,4229942.533,SHFE official,https://www.shfe.com.cn/data/tradedata/future/dailydata/kx20260521.dat
2026-05-21,SN2608,SN,421000,426500,412850,414590,420740,407270,24523,12928,1031782.103,SHFE official,https://www.shfe.com.cn/data/tradedata/future/dailydata/kx20260521.dat
2026-05-21,SN2609,SN,421390,426530,413000,414750,420790,407770,10496,6790,441666.826,SHFE official,https://www.shfe.com.cn/data/tradedata/future/dailydata/kx20260521.dat
2026-05-21,SN2610,SN,421420,426780,413800,415340,421450,407460,652,1109,27479.109,SHFE official,https://www.shfe.com.cn/data/tradedata/future/dailydata/kx20260521.dat
2026-05-21,SN2611,SN,423540,425800,413840,414610,420040,408580,65,190,2730.31,SHFE official,https://www.shfe.com.cn/data/tradedata/future/dailydata/kx20260521.dat
2026-05-21,SN2612,SN,422790,425720,413840,415030,421260,407870,61,332,2569.692,SHFE official,https://www.shfe.com.cn/data/tradedata/future/dailydata/kx20260521.dat
2026-05-21,SN2701,SN,420600,426260,414000,415110,420380,408000,93,154,3909.596,SHFE official,https://www.shfe.com.cn/data/tradedata/future/dailydata/kx20260521.dat
2026-05-21,SN2702,SN,421180,426660,415250,415250,422540,407880,16,148,676.077,SHFE official,https://www.shfe.com.cn/data/tradedata/future/dailydata/kx20260521.dat
2026-05-21,SN2703,SN,422220,423510,414750,414750,419580,407130,11,118,461.538,SHFE official,https://www.shfe.com.cn/data/tradedata/future/dailydata/kx20260521.dat
2026-05-21,SN2704,SN,423910,423910,414250,414250,418280,405350,18,35,752.912,SHFE official,https://www.shfe.com.cn/data/tradedata/future/dailydata/kx20260521.dat
2026-05-21,SN2705,SN,420000,420280,420000,420280,420010,414740,21,20,882.028,SHFE official,https://www.shfe.com.cn/data/tradedata/future/dailydata/kx20260521.dat
2026-05-22,SN2606,SN,414000,422990,412130,421320,417450,419660,194874,26857,8135106.53,SHFE official,https://www.shfe.com.cn/data/tradedata/future/dailydata/kx20260522.dat
2026-05-22,SN2607,SN,415900,424000,412800,422320,418810,420480,89122,36736,3732563.144,SHFE official,https://www.shfe.com.cn/data/tradedata/future/dailydata/kx20260522.dat
2026-05-22,SN2608,SN,415210,424380,413480,422800,419550,420740,19881,13988,834111.842,SHFE official,https://www.shfe.com.cn/data/tradedata/future/dailydata/kx20260522.dat
2026-05-22,SN2609,SN,416500,424380,413780,422980,419230,420790,9389,7135,393620.228,SHFE official,https://www.shfe.com.cn/data/tradedata/future/dailydata/kx20260522.dat
2026-05-22,SN2610,SN,415200,424360,414490,422720,417860,421450,575,1145,24027.289,SHFE official,https://www.shfe.com.cn/data/tradedata/future/dailydata/kx20260522.dat
2026-05-22,SN2611,SN,415250,424300,415250,421370,420650,420040,69,167,2902.503,SHFE official,https://www.shfe.com.cn/data/tradedata/future/dailydata/kx20260522.dat
2026-05-22,SN2612,SN,414360,423990,414360,422490,419680,421260,74,313,3105.645,SHFE official,https://www.shfe.com.cn/data/tradedata/future/dailydata/kx20260522.dat
2026-05-22,SN2701,SN,416410,424700,415500,422620,420550,420380,32,149,1345.765,SHFE official,https://www.shfe.com.cn/data/tradedata/future/dailydata/kx20260522.dat
2026-05-22,SN2702,SN,416280,423380,414080,421190,419590,422540,19,149,797.231,SHFE official,https://www.shfe.com.cn/data/tradedata/future/dailydata/kx20260522.dat
2026-05-22,SN2703,SN,415960,424080,415960,422030,421960,419580,13,120,548.559,SHFE official,https://www.shfe.com.cn/data/tradedata/future/dailydata/kx20260522.dat
2026-05-22,SN2704,SN,415000,424160,415000,423670,421090,418280,9,31,378.985,SHFE official,https://www.shfe.com.cn/data/tradedata/future/dailydata/kx20260522.dat
2026-05-22,SN2705,SN,420900,420900,418090,418090,419750,420010,6,20,251.852,SHFE official,https://www.shfe.com.cn/data/tradedata/future/dailydata/kx20260522.dat
2026-05-25,SN2606,SN,419490,429230,416840,421700,422330,417450,181531,24031,7666643.735,SHFE official,https://www.shfe.com.cn/data/tradedata/future/dailydata/kx20260525.dat
2026-05-25,SN2607,SN,424700,430000,418050,422990,423700,418810,110078,40958,4664060.471,SHFE official,https://www.shfe.com.cn/data/tradedata/future/dailydata/kx20260525.dat
2026-05-25,SN2608,SN,421180,430080,418480,422880,424330,419550,21837,14510,926616.945,SHFE official,https://www.shfe.com.cn/data/tradedata/future/dailydata/kx20260525.dat
2026-05-25,SN2609,SN,423360,430810,418650,423390,424580,419230,9909,7352,420721.047,SHFE official,https://www.shfe.com.cn/data/tradedata/future/dailydata/kx20260525.dat
2026-05-25,SN2610,SN,422720,430610,419070,423100,424720,417860,744,982,31599.45,SHFE official,https://www.shfe.com.cn/data/tradedata/future/dailydata/kx20260525.dat
2026-05-25,SN2611,SN,420550,429030,420550,423340,426250,420650,29,167,1236.151,SHFE official,https://www.shfe.com.cn/data/tradedata/future/dailydata/kx20260525.dat
2026-05-25,SN2612,SN,420380,429990,420380,422420,425910,419680,79,303,3364.697,SHFE official,https://www.shfe.com.cn/data/tradedata/future/dailydata/kx20260525.dat
2026-05-25,SN2701,SN,421370,429000,420170,424010,424940,420550,69,157,2932.098,SHFE official,https://www.shfe.com.cn/data/tradedata/future/dailydata/kx20260525.dat
2026-05-25,SN2702,SN,427000,428900,424050,424050,427280,419590,10,151,427.283,SHFE official,https://www.shfe.com.cn/data/tradedata/future/dailydata/kx20260525.dat
2026-05-25,SN2703,SN,422970,429300,422970,423510,426510,421960,15,124,639.779,SHFE official,https://www.shfe.com.cn/data/tradedata/future/dailydata/kx20260525.dat
2026-05-25,SN2704,SN,421220,430970,419700,423250,424760,421090,10,31,424.76,SHFE official,https://www.shfe.com.cn/data/tradedata/future/dailydata/kx20260525.dat
2026-05-25,SN2705,SN,428800,429890,423750,426000,426810,419750,7,23,298.77,SHFE official,https://www.shfe.com.cn/data/tradedata/future/dailydata/kx20260525.dat
2026-05-26,SN2606,SN,421930,430880,418750,425360,423330,422330,143269,18817,6065107.597,SHFE official,https://www.shfe.com.cn/data/tradedata/future/dailydata/kx20260526.dat
2026-05-26,SN2607,SN,424260,431960,420000,426520,424830,423700,139378,45332,5921278.183,SHFE official,https://www.shfe.com.cn/data/tradedata/future/dailydata/kx20260526.dat
2026-05-26,SN2608,SN,424590,432230,420410,427130,425220,424330,29123,15560,1238380.318,SHFE official,https://www.shfe.com.cn/data/tradedata/future/dailydata/kx20260526.dat
2026-05-26,SN2609,SN,423200,432480,420490,427200,425830,424580,10757,8124,458071.789,SHFE official,https://www.shfe.com.cn/data/tradedata/future/dailydata/kx20260526.dat
2026-05-26,SN2610,SN,423860,432190,420810,427250,426260,424720,916,1058,39045.683,SHFE official,https://www.shfe.com.cn/data/tradedata/future/dailydata/kx20260526.dat
2026-05-26,SN2611,SN,422380,432000,421850,428000,425410,426250,334,220,14208.889,SHFE official,https://www.shfe.com.cn/data/tradedata/future/dailydata/kx20260526.dat
2026-05-26,SN2612,SN,422050,431000,421680,427190,426620,425910,47,313,2005.14,SHFE official,https://www.shfe.com.cn/data/tradedata/future/dailydata/kx20260526.dat
2026-05-26,SN2701,SN,424100,431010,421220,426620,425990,424940,63,159,2683.761,SHFE official,https://www.shfe.com.cn/data/tradedata/future/dailydata/kx20260526.dat
2026-05-26,SN2702,SN,422120,431000,422120,426290,426470,427280,20,156,852.952,SHFE official,https://www.shfe.com.cn/data/tradedata/future/dailydata/kx20260526.dat
2026-05-26,SN2703,SN,423330,430620,423330,426510,427680,426510,7,122,299.379,SHFE official,https://www.shfe.com.cn/data/tradedata/future/dailydata/kx20260526.dat
2026-05-26,SN2704,SN,422730,431190,422730,431190,426960,424760,2,30,85.392,SHFE official,https://www.shfe.com.cn/data/tradedata/future/dailydata/kx20260526.dat
2026-05-26,SN2705,SN,427640,430000,427640,429000,428880,426810,3,23,128.664,SHFE official,https://www.shfe.com.cn/data/tradedata/future/dailydata/kx20260526.dat
2026-05-27,SN2606,SN,422000,428780,417230,420000,423620,423330,111989,13556,4744165.104,SHFE official,https://www.shfe.com.cn/data/tradedata/future/dailydata/kx20260527.dat
2026-05-27,SN2607,SN,425510,429970,418560,421060,424690,424830,184108,46503,7818945.853,SHFE official,https://www.shfe.com.cn/data/tradedata/future/dailydata/kx20260527.dat
2026-05-27,SN2608,SN,423160,430490,419140,421870,425190,425220,35055,16717,1490505.448,SHFE official,https://www.shfe.com.cn/data/tradedata/future/dailydata/kx20260527.dat
2026-05-27,SN2609,SN,423240,430500,419530,422270,425220,425830,12863,8895,546971.151,SHFE official,https://www.shfe.com.cn/data/tradedata/future/dailydata/kx20260527.dat
2026-05-27,SN2610,SN,424090,430350,419660,421900,424900,426260,1428,1234,60676.144,SHFE official,https://www.shfe.com.cn/data/tradedata/future/dailydata/kx20260527.dat
2026-05-27,SN2611,SN,426250,430090,419280,422230,424970,425410,381,288,16191.66,SHFE official,https://www.shfe.com.cn/data/tradedata/future/dailydata/kx20260527.dat
2026-05-27,SN2612,SN,424420,429500,419000,421920,424370,426620,162,337,6874.794,SHFE official,https://www.shfe.com.cn/data/tradedata/future/dailydata/kx20260527.dat
2026-05-27,SN2701,SN,423590,430000,419330,422040,424350,425990,80,159,3394.828,SHFE official,https://www.shfe.com.cn/data/tradedata/future/dailydata/kx20260527.dat
2026-05-27,SN2702,SN,424100,428140,419900,420250,421690,426470,14,158,590.376,SHFE official,https://www.shfe.com.cn/data/tradedata/future/dailydata/kx20260527.dat
2026-05-27,SN2703,SN,426120,429070,421130,423080,421640,427680,71,181,2993.686,SHFE official,https://www.shfe.com.cn/data/tradedata/future/dailydata/kx20260527.dat
2026-05-27,SN2704,SN,427030,427620,418990,418990,424380,426960,6,29,254.631,SHFE official,https://www.shfe.com.cn/data/tradedata/future/dailydata/kx20260527.dat
2026-05-27,SN2705,SN,427960,427960,420060,423010,424500,428880,5,23,212.254,SHFE official,https://www.shfe.com.cn/data/tradedata/future/dailydata/kx20260527.dat
2026-05-28,SN2606,SN,419210,422450,415000,419760,419400,423620,51127,9304,2144283.809,SHFE official,https://www.shfe.com.cn/data/tradedata/future/dailydata/kx20260528.dat
2026-05-28,SN2607,SN,421900,423600,416010,421170,420660,424690,204529,46605,8603774.256,SHFE official,https://www.shfe.com.cn/data/tradedata/future/dailydata/kx20260528.dat
2026-05-28,SN2608,SN,424030,424300,416890,421980,421300,425190,30155,17337,1270449.407,SHFE official,https://www.shfe.com.cn/data/tradedata/future/dailydata/kx20260528.dat
2026-05-28,SN2609,SN,422000,424800,417190,422180,421550,425220,11070,8761,466656.719,SHFE official,https://www.shfe.com.cn/data/tradedata/future/dailydata/kx20260528.dat
2026-05-28,SN2610,SN,422510,425060,417700,422310,421740,424900,1026,1395,43270.784,SHFE official,https://www.shfe.com.cn/data/tradedata/future/dailydata/kx20260528.dat
2026-05-28,SN2611,SN,422300,424510,417430,421760,421480,424970,250,309,10537.106,SHFE official,https://www.shfe.com.cn/data/tradedata/future/dailydata/kx20260528.dat
2026-05-28,SN2612,SN,422150,424140,417290,421980,421320,424370,240,367,10111.893,SHFE official,https://www.shfe.com.cn/data/tradedata/future/dailydata/kx20260528.dat
2026-05-28,SN2701,SN,422000,423650,417440,421960,421690,424350,115,147,4849.51,SHFE official,https://www.shfe.com.cn/data/tradedata/future/dailydata/kx20260528.dat
2026-05-28,SN2702,SN,420860,423510,418000,422360,422210,421690,50,158,2111.069,SHFE official,https://www.shfe.com.cn/data/tradedata/future/dailydata/kx20260528.dat
2026-05-28,SN2703,SN,422100,423580,419190,422730,422670,421640,79,123,3339.159,SHFE official,https://www.shfe.com.cn/data/tradedata/future/dailydata/kx20260528.dat
2026-05-28,SN2704,SN,,,,422350,422350,424380,0,29,0.0,SHFE official,https://www.shfe.com.cn/data/tradedata/future/dailydata/kx20260528.dat
2026-05-28,SN2705,SN,422450,422450,422450,422450,422450,424500,1,23,42.245,SHFE official,https://www.shfe.com.cn/data/tradedata/future/dailydata/kx20260528.dat
2026-05-29,SN2606,SN,424460,432190,421220,423480,424880,419400,25253,6470,1072954.459,SHFE official,https://www.shfe.com.cn/data/tradedata/future/dailydata/kx20260529.dat
2026-05-29,SN2607,SN,424730,433530,422630,424650,426450,420660,240662,48171,10263202.423,SHFE official,https://www.shfe.com.cn/data/tradedata/future/dailydata/kx20260529.dat
2026-05-29,SN2608,SN,425450,434000,423500,425430,427280,421300,34756,17959,1485058.823,SHFE official,https://www.shfe.com.cn/data/tradedata/future/dailydata/kx20260529.dat
2026-05-29,SN2609,SN,425890,434250,423800,425830,427460,421550,12948,9698,553484.343,SHFE official,https://www.shfe.com.cn/data/tradedata/future/dailydata/kx20260529.dat
2026-05-29,SN2610,SN,425810,434320,424180,426120,429220,421740,1189,1555,51034.945,SHFE official,https://www.shfe.com.cn/data/tradedata/future/dailydata/kx20260529.dat
2026-05-29,SN2611,SN,425480,433750,423790,425500,428100,421480,409,324,17509.395,SHFE official,https://www.shfe.com.cn/data/tradedata/future/dailydata/kx20260529.dat
2026-05-29,SN2612,SN,424560,433350,423650,425910,427950,421320,189,398,8088.32,SHFE official,https://www.shfe.com.cn/data/tradedata/future/dailydata/kx20260529.dat
2026-05-29,SN2701,SN,424000,432340,423390,425250,427180,421690,110,161,4699.03,SHFE official,https://www.shfe.com.cn/data/tradedata/future/dailydata/kx20260529.dat
2026-05-29,SN2702,SN,424310,432400,424150,425150,429160,422210,30,160,1287.485,SHFE official,https://www.shfe.com.cn/data/tradedata/future/dailydata/kx20260529.dat
2026-05-29,SN2703,SN,425400,431440,424180,424490,426270,422670,13,122,554.161,SHFE official,https://www.shfe.com.cn/data/tradedata/future/dailydata/kx20260529.dat
2026-05-29,SN2704,SN,432900,432900,424400,424400,426860,422350,4,28,170.745,SHFE official,https://www.shfe.com.cn/data/tradedata/future/dailydata/kx20260529.dat
2026-05-29,SN2705,SN,424030,432220,424030,425710,428380,422450,8,26,342.708,SHFE official,https://www.shfe.com.cn/data/tradedata/future/dailydata/kx20260529.dat
2026-06-01,SN2606,SN,423990,430690,422310,430370,426060,424880,2698,5898,114953.658,SHFE official,https://www.shfe.com.cn/data/tradedata/future/dailydata/kx20260601.dat
2026-06-01,SN2607,SN,425850,432230,423360,431840,427620,426450,215705,54277,9224059.452,SHFE official,https://www.shfe.com.cn/data/tradedata/future/dailydata/kx20260601.dat
2026-06-01,SN2608,SN,426430,432880,424180,432720,428620,427280,37544,20045,1609219.157,SHFE official,https://www.shfe.com.cn/data/tradedata/future/dailydata/kx20260601.dat
2026-06-01,SN2609,SN,426880,433180,424600,432870,428830,427460,12357,10170,529908.716,SHFE official,https://www.shfe.com.cn/data/tradedata/future/dailydata/kx20260601.dat
2026-06-01,SN2610,SN,426610,433100,424900,432950,430130,429220,1073,1789,46153.527,SHFE official,https://www.shfe.com.cn/data/tradedata/future/dailydata/kx20260601.dat
2026-06-01,SN2611,SN,426500,433270,424930,432980,429190,428100,410,377,17596.845,SHFE official,https://www.shfe.com.cn/data/tradedata/future/dailydata/kx20260601.dat
2026-06-01,SN2612,SN,426340,433130,425460,432780,428450,427950,176,417,7540.8,SHFE official,https://www.shfe.com.cn/data/tradedata/future/dailydata/kx20260601.dat
2026-06-01,SN2701,SN,426310,432340,423940,431890,428770,427180,170,171,7289.195,SHFE official,https://www.shfe.com.cn/data/tradedata/future/dailydata/kx20260601.dat
2026-06-01,SN2702,SN,425740,432760,425740,432760,430150,429160,22,169,946.337,SHFE official,https://www.shfe.com.cn/data/tradedata/future/dailydata/kx20260601.dat
2026-06-01,SN2703,SN,427640,432200,427500,432000,430710,426270,13,129,559.923,SHFE official,https://www.shfe.com.cn/data/tradedata/future/dailydata/kx20260601.dat
2026-06-01,SN2704,SN,428860,432080,428860,430040,430170,426860,4,30,172.069,SHFE official,https://www.shfe.com.cn/data/tradedata/future/dailydata/kx20260601.dat
2026-06-01,SN2705,SN,431550,432510,431550,432440,432270,428380,5,27,216.138,SHFE official,https://www.shfe.com.cn/data/tradedata/future/dailydata/kx20260601.dat
2026-06-02,SN2606,SN,433480,448590,431570,448480,439430,426060,1830,5668,80416.68,SHFE official,https://www.shfe.com.cn/data/tradedata/future/dailydata/kx20260602.dat
2026-06-02,SN2607,SN,435000,449960,432630,449820,440920,427620,299856,66584,13221403.025,SHFE official,https://www.shfe.com.cn/data/tradedata/future/dailydata/kx20260602.dat
2026-06-02,SN2608,SN,435130,450570,433500,450480,442060,428620,61451,24270,2716516.986,SHFE official,https://www.shfe.com.cn/data/tradedata/future/dailydata/kx20260602.dat
2026-06-02,SN2609,SN,435010,450880,433480,450750,442280,428830,27932,13028,1235380.838,SHFE official,https://www.shfe.com.cn/data/tradedata/future/dailydata/kx20260602.dat
2026-06-02,SN2610,SN,436350,450610,434140,450600,444340,430130,2874,2249,127705.022,SHFE official,https://www.shfe.com.cn/data/tradedata/future/dailydata/kx20260602.dat
2026-06-02,SN2611,SN,435020,450520,434260,450380,442260,429190,645,405,28526.215,SHFE official,https://www.shfe.com.cn/data/tradedata/future/dailydata/kx20260602.dat
2026-06-02,SN2612,SN,437830,450330,434360,449980,443720,428450,291,446,12912.446,SHFE official,https://www.shfe.com.cn/data/tradedata/future/dailydata/kx20260602.dat
2026-06-02,SN2701,SN,435680,451090,434350,450460,443300,428770,176,225,7802.194,SHFE official,https://www.shfe.com.cn/data/tradedata/future/dailydata/kx20260602.dat
2026-06-02,SN2702,SN,435320,451370,434500,451370,441600,430150,136,227,6005.858,SHFE official,https://www.shfe.com.cn/data/tradedata/future/dailydata/kx20260602.dat
2026-06-02,SN2703,SN,436470,449820,434720,449820,440380,430710,44,146,1937.673,SHFE official,https://www.shfe.com.cn/data/tradedata/future/dailydata/kx20260602.dat
2026-06-02,SN2704,SN,434650,447120,434650,445200,443760,430170,11,35,488.139,SHFE official,https://www.shfe.com.cn/data/tradedata/future/dailydata/kx20260602.dat
2026-06-02,SN2705,SN,438400,448500,436640,447810,442990,432270,13,30,575.889,SHFE official,https://www.shfe.com.cn/data/tradedata/future/dailydata/kx20260602.dat
2026-06-03,SN2606,SN,447400,450190,440030,443880,446410,439430,1184,5400,52855.074,SHFE official,https://www.shfe.com.cn/data/tradedata/future/dailydata/kx20260603.dat
2026-06-03,SN2607,SN,448800,451860,441080,445480,448040,440920,265436,63476,11892636.302,SHFE official,https://www.shfe.com.cn/data/tradedata/future/dailydata/kx20260603.dat
2026-06-03,SN2608,SN,448280,452500,442000,446280,448500,442060,50677,25154,2272871.489,SHFE official,https://www.shfe.com.cn/data/tradedata/future/dailydata/kx20260603.dat
2026-06-03,SN2609,SN,449750,452710,442360,446500,449130,442280,22200,14271,997081.552,SHFE official,https://www.shfe.com.cn/data/tradedata/future/dailydata/kx20260603.dat
2026-06-03,SN2610,SN,450600,452560,442500,446440,448520,444340,2556,2616,114642.895,SHFE official,https://www.shfe.com.cn/data/tradedata/future/dailydata/kx20260603.dat
2026-06-03,SN2611,SN,450110,452010,443170,446620,449110,442260,569,443,25554.796,SHFE official,https://www.shfe.com.cn/data/tradedata/future/dailydata/kx20260603.dat
2026-06-03,SN2612,SN,450530,452370,442290,445920,449120,443720,188,485,8443.537,SHFE official,https://www.shfe.com.cn/data/tradedata/future/dailydata/kx20260603.dat
2026-06-03,SN2701,SN,450790,451200,443000,446470,448560,443300,53,223,2377.399,SHFE official,https://www.shfe.com.cn/data/tradedata/future/dailydata/kx20260603.dat
2026-06-03,SN2702,SN,451470,452620,443300,446720,448200,441600,24,226,1075.7,SHFE official,https://www.shfe.com.cn/data/tradedata/future/dailydata/kx20260603.dat
2026-06-03,SN2703,SN,450660,452000,445470,446200,449390,440380,38,154,1707.684,SHFE official,https://www.shfe.com.cn/data/tradedata/future/dailydata/kx20260603.dat
2026-06-03,SN2704,SN,450820,450820,443330,446390,447930,443760,17,34,761.497,SHFE official,https://www.shfe.com.cn/data/tradedata/future/dailydata/kx20260603.dat
2026-06-03,SN2705,SN,451000,452000,444580,444580,449690,442990,39,43,1753.795,SHFE official,https://www.shfe.com.cn/data/tradedata/future/dailydata/kx20260603.dat
2026-06-04,SN2606,SN,443490,445790,427750,428910,440280,446410,1220,5252,53714.944,SHFE official,https://www.shfe.com.cn/data/tradedata/future/dailydata/kx20260604.dat
2026-06-04,SN2607,SN,442000,447550,429220,430040,441450,448040,298714,54292,13187011.091,SHFE official,https://www.shfe.com.cn/data/tradedata/future/dailydata/kx20260604.dat
2026-06-04,SN2608,SN,442200,465000,430200,430800,441940,448500,64608,23978,2855336.791,SHFE official,https://www.shfe.com.cn/data/tradedata/future/dailydata/kx20260604.dat
2026-06-04,SN2609,SN,441540,448720,430680,431280,442910,449130,27198,14322,1204640.908,SHFE official,https://www.shfe.com.cn/data/tradedata/future/dailydata/kx20260604.dat
2026-06-04,SN2610,SN,443680,448450,431010,431820,441010,448520,2582,2824,113869.575,SHFE official,https://www.shfe.com.cn/data/tradedata/future/dailydata/kx20260604.dat
2026-06-04,SN2611,SN,444410,448580,431400,432640,442320,449110,606,439,26804.596,SHFE official,https://www.shfe.com.cn/data/tradedata/future/dailydata/kx20260604.dat
2026-06-04,SN2612,SN,444280,448080,431280,431810,441400,449120,302,478,13330.579,SHFE official,https://www.shfe.com.cn/data/tradedata/future/dailydata/kx20260604.dat
2026-06-04,SN2701,SN,444580,447590,431310,431660,442220,448560,58,218,2564.887,SHFE official,https://www.shfe.com.cn/data/tradedata/future/dailydata/kx20260604.dat
2026-06-04,SN2702,SN,443640,447580,431340,431340,441320,448200,48,224,2118.339,SHFE official,https://www.shfe.com.cn/data/tradedata/future/dailydata/kx20260604.dat
2026-06-04,SN2703,SN,445350,448000,432170,433950,442720,449390,140,235,6198.149,SHFE official,https://www.shfe.com.cn/data/tradedata/future/dailydata/kx20260604.dat
2026-06-04,SN2704,SN,442880,445810,442870,445540,444600,447930,6,34,266.762,SHFE official,https://www.shfe.com.cn/data/tradedata/future/dailydata/kx20260604.dat
2026-06-04,SN2705,SN,446880,447960,431200,431200,440510,449690,24,47,1057.236,SHFE official,https://www.shfe.com.cn/data/tradedata/future/dailydata/kx20260604.dat
2026-06-05,SN2606,SN,431040,434510,414660,416860,423290,440280,1474,4892,62393.55,SHFE official,https://www.shfe.com.cn/data/tradedata/future/dailydata/kx20260605.dat
2026-06-05,SN2607,SN,433040,436000,415620,417850,426760,441450,292656,46155,12489466.697,SHFE official,https://www.shfe.com.cn/data/tradedata/future/dailydata/kx20260605.dat
2026-06-05,SN2608,SN,434950,436950,416500,418870,426720,441940,65239,22757,2783934.98,SHFE official,https://www.shfe.com.cn/data/tradedata/future/dailydata/kx20260605.dat
2026-06-05,SN2609,SN,435000,437450,417140,419450,427630,442910,27532,14173,1177357.008,SHFE official,https://www.shfe.com.cn/data/tradedata/future/dailydata/kx20260605.dat
2026-06-05,SN2610,SN,434670,437250,417670,419790,426990,441010,3830,3068,163540.888,SHFE official,https://www.shfe.com.cn/data/tradedata/future/dailydata/kx20260605.dat
2026-06-05,SN2611,SN,434500,437520,417940,419720,427950,442320,721,438,30855.36,SHFE official,https://www.shfe.com.cn/data/tradedata/future/dailydata/kx20260605.dat
2026-06-05,SN2612,SN,433800,437660,418500,420200,427740,441400,625,550,26734.141,SHFE official,https://www.shfe.com.cn/data/tradedata/future/dailydata/kx20260605.dat
2026-06-05,SN2701,SN,431000,437820,419000,420700,427090,442220,124,211,5295.979,SHFE official,https://www.shfe.com.cn/data/tradedata/future/dailydata/kx20260605.dat
2026-06-05,SN2702,SN,434690,434690,419860,420090,424690,441320,58,224,2463.249,SHFE official,https://www.shfe.com.cn/data/tradedata/future/dailydata/kx20260605.dat
2026-06-05,SN2703,SN,437390,437940,419150,420890,425490,442720,39,227,1659.433,SHFE official,https://www.shfe.com.cn/data/tradedata/future/dailydata/kx20260605.dat
2026-06-05,SN2704,SN,437000,437000,419610,419990,423100,444600,18,44,761.58,SHFE official,https://www.shfe.com.cn/data/tradedata/future/dailydata/kx20260605.dat
2026-06-05,SN2705,SN,438000,438000,420450,420520,428570,440510,24,58,1028.577,SHFE official,https://www.shfe.com.cn/data/tradedata/future/dailydata/kx20260605.dat
2026-06-08,SN2606,SN,412670,414470,396000,397370,403410,423290,1454,4456,58656.104,SHFE official,https://www.shfe.com.cn/data/tradedata/future/dailydata/kx20260608.dat
2026-06-08,SN2607,SN,413110,415550,396380,398490,404790,426760,320735,40216,12983190.032,SHFE official,https://www.shfe.com.cn/data/tradedata/future/dailydata/kx20260608.dat
2026-06-08,SN2608,SN,413870,416470,397550,399410,405430,426720,75561,21019,3063536.923,SHFE official,https://www.shfe.com.cn/data/tradedata/future/dailydata/kx20260608.dat
2026-06-08,SN2609,SN,414950,417250,398220,400000,406350,427630,36728,13426,1492464.993,SHFE official,https://www.shfe.com.cn/data/tradedata/future/dailydata/kx20260608.dat
2026-06-08,SN2610,SN,417000,417250,399340,400380,405430,426990,3947,3186,160023.975,SHFE official,https://www.shfe.com.cn/data/tradedata/future/dailydata/kx20260608.dat
2026-06-08,SN2611,SN,417000,417510,399570,401150,406630,427950,973,523,39565.544,SHFE official,https://www.shfe.com.cn/data/tradedata/future/dailydata/kx20260608.dat
2026-06-08,SN2612,SN,418000,418000,400000,402010,407290,427740,668,585,27207.35,SHFE official,https://www.shfe.com.cn/data/tradedata/future/dailydata/kx20260608.dat
2026-06-08,SN2701,SN,418000,418600,401740,403070,409260,427090,189,218,7735.196,SHFE official,https://www.shfe.com.cn/data/tradedata/future/dailydata/kx20260608.dat
2026-06-08,SN2702,SN,419000,419000,402000,402600,408930,424690,83,217,3394.154,SHFE official,https://www.shfe.com.cn/data/tradedata/future/dailydata/kx20260608.dat
2026-06-08,SN2703,SN,416510,416510,402820,402820,409620,425490,40,229,1638.514,SHFE official,https://www.shfe.com.cn/data/tradedata/future/dailydata/kx20260608.dat
2026-06-08,SN2704,SN,417790,418060,402140,402880,410670,423100,151,118,6201.24,SHFE official,https://www.shfe.com.cn/data/tradedata/future/dailydata/kx20260608.dat
2026-06-08,SN2705,SN,416600,416600,402430,403230,409410,428570,52,67,2128.948,SHFE official,https://www.shfe.com.cn/data/tradedata/future/dailydata/kx20260608.dat
2026-06-09,SN2606,SN,402150,404500,396400,404500,398920,403410,112,4418,4467.972,SHFE official,https://www.shfe.com.cn/data/tradedata/future/dailydata/kx20260609.dat
2026-06-09,SN2607,SN,404760,408310,396000,407770,401580,404790,254258,40279,10210591.21,SHFE official,https://www.shfe.com.cn/data/tradedata/future/dailydata/kx20260609.dat
2026-06-09,SN2608,SN,405980,409500,397100,408850,402580,405430,60063,23223,2418020.192,SHFE official,https://www.shfe.com.cn/data/tradedata/future/dailydata/kx20260609.dat
2026-06-09,SN2609,SN,404010,409990,397730,409680,403160,406350,25623,13774,1033024.63,SHFE official,https://www.shfe.com.cn/data/tradedata/future/dailydata/kx20260609.dat
2026-06-09,SN2610,SN,406510,410790,398500,410150,403900,405430,3724,3258,150413.587,SHFE official,https://www.shfe.com.cn/data/tradedata/future/dailydata/kx20260609.dat
2026-06-09,SN2611,SN,407700,411100,399570,410620,403640,406630,742,494,29950.426,SHFE official,https://www.shfe.com.cn/data/tradedata/future/dailydata/kx20260609.dat
2026-06-09,SN2612,SN,407930,411720,400000,411080,404400,407290,411,607,16621.008,SHFE official,https://www.shfe.com.cn/data/tradedata/future/dailydata/kx20260609.dat
2026-06-09,SN2701,SN,407900,409780,401100,408680,404800,409260,68,228,2752.659,SHFE official,https://www.shfe.com.cn/data/tradedata/future/dailydata/kx20260609.dat
2026-06-09,SN2702,SN,407480,410230,400880,409160,406090,408930,46,219,1868.048,SHFE official,https://www.shfe.com.cn/data/tradedata/future/dailydata/kx20260609.dat
2026-06-09,SN2703,SN,405480,412720,401250,412720,407250,409620,15,227,610.881,SHFE official,https://www.shfe.com.cn/data/tradedata/future/dailydata/kx20260609.dat
2026-06-09,SN2704,SN,406620,406950,402630,406950,405510,410670,5,118,202.755,SHFE official,https://www.shfe.com.cn/data/tradedata/future/dailydata/kx20260609.dat
2026-06-09,SN2705,SN,407650,413100,401750,413100,406160,409410,33,72,1340.336,SHFE official,https://www.shfe.com.cn/data/tradedata/future/dailydata/kx20260609.dat
2026-06-10,SN2606,SN,406990,424990,390100,397710,394810,398920,186,4388,7343.642,SHFE official,https://www.shfe.com.cn/data/tradedata/future/dailydata/kx20260610.dat
2026-06-10,SN2607,SN,409000,409800,390060,397880,399870,401580,303975,36696,12155225.741,SHFE official,https://www.shfe.com.cn/data/tradedata/future/dailydata/kx20260610.dat
2026-06-10,SN2608,SN,410860,410970,391070,398890,400920,402580,80112,22898,3211870.665,SHFE official,https://www.shfe.com.cn/data/tradedata/future/dailydata/kx20260610.dat
2026-06-10,SN2609,SN,412210,412210,391800,399680,401540,403160,35822,13755,1438402.807,SHFE official,https://www.shfe.com.cn/data/tradedata/future/dailydata/kx20260610.dat
2026-06-10,SN2610,SN,411240,412100,392400,399980,401780,403900,3945,3395,158504.164,SHFE official,https://www.shfe.com.cn/data/tradedata/future/dailydata/kx20260610.dat
2026-06-10,SN2611,SN,410190,412940,393440,400790,403830,403640,770,534,31094.943,SHFE official,https://www.shfe.com.cn/data/tradedata/future/dailydata/kx20260610.dat
2026-06-10,SN2612,SN,409670,412670,393760,401490,403510,404400,483,606,19490.008,SHFE official,https://www.shfe.com.cn/data/tradedata/future/dailydata/kx20260610.dat
2026-06-10,SN2701,SN,411250,413170,394890,402100,404540,404800,119,225,4814.063,SHFE official,https://www.shfe.com.cn/data/tradedata/future/dailydata/kx20260610.dat
2026-06-10,SN2702,SN,414390,414390,395390,401880,401120,406090,22,217,882.476,SHFE official,https://www.shfe.com.cn/data/tradedata/future/dailydata/kx20260610.dat
2026-06-10,SN2703,SN,412020,413500,395910,402800,401820,407250,32,231,1285.84,SHFE official,https://www.shfe.com.cn/data/tradedata/future/dailydata/kx20260610.dat
2026-06-10,SN2704,SN,401210,401910,395420,401910,397900,405510,6,118,238.743,SHFE official,https://www.shfe.com.cn/data/tradedata/future/dailydata/kx20260610.dat
2026-06-10,SN2705,SN,413290,413290,395590,403480,402400,406160,65,97,2615.642,SHFE official,https://www.shfe.com.cn/data/tradedata/future/dailydata/kx20260610.dat
2026-06-11,SN2606,SN,398810,400840,395340,398150,398760,394810,68,4332,2711.628,SHFE official,https://www.shfe.com.cn/data/tradedata/future/dailydata/kx20260611.dat
2026-06-11,SN2607,SN,401850,403950,394210,400160,398890,399870,253162,36698,10098529.876,SHFE official,https://www.shfe.com.cn/data/tradedata/future/dailydata/kx20260611.dat
2026-06-11,SN2608,SN,397990,404860,395020,400770,399620,400920,63880,23251,2552804.012,SHFE official,https://www.shfe.com.cn/data/tradedata/future/dailydata/kx20260611.dat
2026-06-11,SN2609,SN,397950,405550,395720,401260,400400,401540,28313,14169,1133673.733,SHFE official,https://www.shfe.com.cn/data/tradedata/future/dailydata/kx20260611.dat
2026-06-11,SN2610,SN,400630,405980,396000,401450,400980,401780,3182,3132,127591.867,SHFE official,https://www.shfe.com.cn/data/tradedata/future/dailydata/kx20260611.dat
2026-06-11,SN2611,SN,400480,405990,396920,402020,401620,403830,546,561,21928.774,SHFE official,https://www.shfe.com.cn/data/tradedata/future/dailydata/kx20260611.dat
2026-06-11,SN2612,SN,402010,407010,397540,403830,401940,403510,229,633,9204.646,SHFE official,https://www.shfe.com.cn/data/tradedata/future/dailydata/kx20260611.dat
2026-06-11,SN2701,SN,402790,406210,397560,400440,400670,404540,106,226,4247.134,SHFE official,https://www.shfe.com.cn/data/tradedata/future/dailydata/kx20260611.dat
2026-06-11,SN2702,SN,403720,406600,398670,403560,401990,401120,33,218,1326.597,SHFE official,https://www.shfe.com.cn/data/tradedata/future/dailydata/kx20260611.dat
2026-06-11,SN2703,SN,402940,407580,400470,401880,403280,401820,17,232,685.59,SHFE official,https://www.shfe.com.cn/data/tradedata/future/dailydata/kx20260611.dat
2026-06-11,SN2704,SN,402310,402690,400000,401910,401350,397900,8,120,321.083,SHFE official,https://www.shfe.com.cn/data/tradedata/future/dailydata/kx20260611.dat
2026-06-11,SN2705,SN,402690,408970,400000,404210,402850,402400,46,108,1853.142,SHFE official,https://www.shfe.com.cn/data/tradedata/future/dailydata/kx20260611.dat
2026-06-12,SN2606,SN,398270,409980,398270,407890,407700,398760,42,4304,1712.372,SHFE official,https://www.shfe.com.cn/data/tradedata/future/dailydata/kx20260612.dat
2026-06-12,SN2607,SN,399270,413800,398270,407990,406320,398890,265688,36929,10795667.209,SHFE official,https://www.shfe.com.cn/data/tradedata/future/dailydata/kx20260612.dat
2026-06-12,SN2608,SN,400500,414600,399070,409000,407360,399620,71285,23626,2903865.845,SHFE official,https://www.shfe.com.cn/data/tradedata/future/dailydata/kx20260612.dat
2026-06-12,SN2609,SN,399900,414930,399780,409360,407480,400400,29613,15027,1206697.245,SHFE official,https://www.shfe.com.cn/data/tradedata/future/dailydata/kx20260612.dat
2026-06-12,SN2610,SN,401450,415310,400510,409980,408110,400980,2202,3252,89867.315,SHFE official,https://www.shfe.com.cn/data/tradedata/future/dailydata/kx20260612.dat
2026-06-12,SN2611,SN,401460,415880,401460,410520,409870,401620,472,578,19346.005,SHFE official,https://www.shfe.com.cn/data/tradedata/future/dailydata/kx20260612.dat
2026-06-12,SN2612,SN,402020,415830,402020,410320,409880,401940,319,600,13075.175,SHFE official,https://www.shfe.com.cn/data/tradedata/future/dailydata/kx20260612.dat
2026-06-12,SN2701,SN,404000,416600,403240,410540,410610,400670,79,235,3243.827,SHFE official,https://www.shfe.com.cn/data/tradedata/future/dailydata/kx20260612.dat
2026-06-12,SN2702,SN,406190,417450,405040,411500,411780,401990,39,218,1605.965,SHFE official,https://www.shfe.com.cn/data/tradedata/future/dailydata/kx20260612.dat
2026-06-12,SN2703,SN,410860,418310,409360,410910,413270,403280,26,227,1074.513,SHFE official,https://www.shfe.com.cn/data/tradedata/future/dailydata/kx20260612.dat
2026-06-12,SN2704,SN,410330,417140,410330,411190,413960,401350,13,110,538.16,SHFE official,https://www.shfe.com.cn/data/tradedata/future/dailydata/kx20260612.dat
2026-06-12,SN2705,SN,405090,417280,405090,411720,412500,402850,65,104,2681.259,SHFE official,https://www.shfe.com.cn/data/tradedata/future/dailydata/kx20260612.dat
2026-06-15,SN2606,SN,408360,426000,406050,425200,422540,407700,130,4344,5493.038,SHFE official,https://www.shfe.com.cn/data/tradedata/future/dailydata/kx20260615.dat
2026-06-15,SN2607,SN,408600,427320,408000,425560,417780,406320,220734,36090,9221852.159,SHFE official,https://www.shfe.com.cn/data/tradedata/future/dailydata/kx20260615.dat
2026-06-15,SN2608,SN,410010,428320,408910,426500,419570,407360,64669,25720,2713329.826,SHFE official,https://www.shfe.com.cn/data/tradedata/future/dailydata/kx20260615.dat
2026-06-15,SN2609,SN,410000,428800,409450,427230,419390,407480,26617,15546,1116316.758,SHFE official,https://www.shfe.com.cn/data/tradedata/future/dailydata/kx20260615.dat
2026-06-15,SN2610,SN,410170,430000,410030,428060,422120,408110,2836,3588,119715.872,SHFE official,https://www.shfe.com.cn/data/tradedata/future/dailydata/kx20260615.dat
2026-06-15,SN2611,SN,412090,429480,412030,429220,421830,409870,543,556,22905.714,SHFE official,https://www.shfe.com.cn/data/tradedata/future/dailydata/kx20260615.dat
2026-06-15,SN2612,SN,411460,429800,411050,428000,422850,409880,418,580,17675.146,SHFE official,https://www.shfe.com.cn/data/tradedata/future/dailydata/kx20260615.dat
2026-06-15,SN2701,SN,414070,429340,413380,428920,422970,410610,92,236,3891.355,SHFE official,https://www.shfe.com.cn/data/tradedata/future/dailydata/kx20260615.dat
2026-06-15,SN2702,SN,414870,430300,414620,428820,422970,411780,44,211,1861.071,SHFE official,https://www.shfe.com.cn/data/tradedata/future/dailydata/kx20260615.dat
2026-06-15,SN2703,SN,415600,431000,414920,429460,424800,413270,43,222,1826.662,SHFE official,https://www.shfe.com.cn/data/tradedata/future/dailydata/kx20260615.dat
2026-06-15,SN2704,SN,415180,430800,413400,429220,418140,413960,118,63,4934.061,SHFE official,https://www.shfe.com.cn/data/tradedata/future/dailydata/kx20260615.dat
2026-06-15,SN2705,SN,413920,430180,413920,430180,424420,412500,71,108,3013.397,SHFE official,https://www.shfe.com.cn/data/tradedata/future/dailydata/kx20260615.dat
2026-06-16,SN2607,SN,427010,427630,419810,421770,423910,417780,169637,32961,7191144.155,SHFE official,https://www.shfe.com.cn/data/tradedata/future/dailydata/kx20260616.dat
2026-06-16,SN2608,SN,426590,428680,420820,422750,424850,419570,50174,25610,2131659.756,SHFE official,https://www.shfe.com.cn/data/tradedata/future/dailydata/kx20260616.dat
2026-06-16,SN2609,SN,427500,429300,421550,423440,425340,419390,19791,16249,841797.607,SHFE official,https://www.shfe.com.cn/data/tradedata/future/dailydata/kx20260616.dat
2026-06-16,SN2610,SN,428870,429550,422080,423820,425560,422120,1924,3605,81878.685,SHFE official,https://www.shfe.com.cn/data/tradedata/future/dailydata/kx20260616.dat
2026-06-16,SN2611,SN,428090,429800,422280,424410,426530,421830,377,561,16080.345,SHFE official,https://www.shfe.com.cn/data/tradedata/future/dailydata/kx20260616.dat
2026-06-16,SN2612,SN,428980,430010,422710,424590,426950,422850,315,572,13448.951,SHFE official,https://www.shfe.com.cn/data/tradedata/future/dailydata/kx20260616.dat
2026-06-16,SN2701,SN,429440,429460,423160,424780,426090,422970,33,232,1406.106,SHFE official,https://www.shfe.com.cn/data/tradedata/future/dailydata/kx20260616.dat
2026-06-16,SN2702,SN,430330,430330,425040,425390,428110,422970,13,209,556.555,SHFE official,https://www.shfe.com.cn/data/tradedata/future/dailydata/kx20260616.dat
2026-06-16,SN2703,SN,430000,430200,425340,425810,427160,424800,20,220,854.336,SHFE official,https://www.shfe.com.cn/data/tradedata/future/dailydata/kx20260616.dat
2026-06-16,SN2704,SN,430240,430510,425000,425030,427740,418140,14,64,598.848,SHFE official,https://www.shfe.com.cn/data/tradedata/future/dailydata/kx20260616.dat
2026-06-16,SN2705,SN,430990,431000,425440,427410,428380,424420,16,105,685.413,SHFE official,https://www.shfe.com.cn/data/tradedata/future/dailydata/kx20260616.dat
2026-06-16,SN2706,SN,431620,431670,429190,429190,431130,424420,5,3,215.566,SHFE official,https://www.shfe.com.cn/data/tradedata/future/dailydata/kx20260616.dat
2026-06-17,SN2607,SN,424770,426410,419820,422910,422920,423910,168427,31745,7123247.253,SHFE official,https://www.shfe.com.cn/data/tradedata/future/dailydata/kx20260617.dat
2026-06-17,SN2608,SN,426020,427500,421030,424070,424110,424850,52571,26781,2229609.896,SHFE official,https://www.shfe.com.cn/data/tradedata/future/dailydata/kx20260617.dat
2026-06-17,SN2609,SN,426300,428000,421640,424660,424760,425340,19814,16151,841621.678,SHFE official,https://www.shfe.com.cn/data/tradedata/future/dailydata/kx20260617.dat
2026-06-17,SN2610,SN,426420,428450,422120,425040,425620,425560,2651,3870,112833.907,SHFE official,https://www.shfe.com.cn/data/tradedata/future/dailydata/kx20260617.dat
2026-06-17,SN2611,SN,426110,428690,422340,425080,425520,426530,285,529,12127.371,SHFE official,https://www.shfe.com.cn/data/tradedata/future/dailydata/kx20260617.dat
2026-06-17,SN2612,SN,427520,429100,422960,425520,425800,426950,214,566,9112.127,SHFE official,https://www.shfe.com.cn/data/tradedata/future/dailydata/kx20260617.dat
2026-06-17,SN2701,SN,428610,428610,424620,425170,425980,426090,30,236,1277.961,SHFE official,https://www.shfe.com.cn/data/tradedata/future/dailydata/kx20260617.dat
2026-06-17,SN2702,SN,429010,429010,425880,425880,426880,428110,6,209,256.133,SHFE official,https://www.shfe.com.cn/data/tradedata/future/dailydata/kx20260617.dat
2026-06-17,SN2703,SN,428800,429340,425190,426520,427040,427160,15,220,640.563,SHFE official,https://www.shfe.com.cn/data/tradedata/future/dailydata/kx20260617.dat
2026-06-17,SN2704,SN,,,,426980,426980,427740,0,64,0.0,SHFE official,https://www.shfe.com.cn/data/tradedata/future/dailydata/kx20260617.dat
2026-06-17,SN2705,SN,427730,427730,424990,425350,426360,428380,14,103,596.916,SHFE official,https://www.shfe.com.cn/data/tradedata/future/dailydata/kx20260617.dat
2026-06-17,SN2706,SN,427620,427620,425750,426500,426640,431130,6,7,255.985,SHFE official,https://www.shfe.com.cn/data/tradedata/future/dailydata/kx20260617.dat
2026-06-18,SN2607,SN,423200,426360,411660,414330,419880,422920,209402,27025,8792393.181,SHFE official,https://www.shfe.com.cn/data/tradedata/future/dailydata/kx20260618.dat
2026-06-18,SN2608,SN,423110,427490,412690,415330,420680,424110,74183,26577,3120778.819,SHFE official,https://www.shfe.com.cn/data/tradedata/future/dailydata/kx20260618.dat
2026-06-18,SN2609,SN,422560,428130,413420,416030,421280,424760,27140,16124,1143367.704,SHFE official,https://www.shfe.com.cn/data/tradedata/future/dailydata/kx20260618.dat
2026-06-18,SN2610,SN,425040,428350,414040,416530,421590,425620,2887,4093,121714.06,SHFE official,https://www.shfe.com.cn/data/tradedata/future/dailydata/kx20260618.dat
2026-06-18,SN2611,SN,424540,428200,415070,416990,421940,425520,423,522,17848.105,SHFE official,https://www.shfe.com.cn/data/tradedata/future/dailydata/kx20260618.dat
2026-06-18,SN2612,SN,425330,428790,415000,417320,421380,425800,222,553,9354.824,SHFE official,https://www.shfe.com.cn/data/tradedata/future/dailydata/kx20260618.dat
2026-06-18,SN2701,SN,426550,427800,415890,417550,421700,425980,62,223,2614.59,SHFE official,https://www.shfe.com.cn/data/tradedata/future/dailydata/kx20260618.dat
2026-06-18,SN2702,SN,428010,428910,416180,418430,423560,426880,21,211,889.484,SHFE official,https://www.shfe.com.cn/data/tradedata/future/dailydata/kx20260618.dat
2026-06-18,SN2703,SN,424980,428690,416470,417280,422660,427040,31,221,1310.256,SHFE official,https://www.shfe.com.cn/data/tradedata/future/dailydata/kx20260618.dat
2026-06-18,SN2704,SN,417970,417970,417970,417970,417970,426980,1,64,41.797,SHFE official,https://www.shfe.com.cn/data/tradedata/future/dailydata/kx20260618.dat
2026-06-18,SN2705,SN,424950,428990,415900,417450,421030,426360,47,97,1978.867,SHFE official,https://www.shfe.com.cn/data/tradedata/future/dailydata/kx20260618.dat
2026-06-18,SN2706,SN,424790,428200,416390,416390,423130,426640,12,13,507.76,SHFE official,https://www.shfe.com.cn/data/tradedata/future/dailydata/kx20260618.dat
2026-06-22,SN2607,SN,412230,424500,410830,422700,417170,419880,135523,27769,5653660.145,SHFE official,https://www.shfe.com.cn/data/tradedata/future/dailydata/kx20260622.dat
2026-06-22,SN2608,SN,414330,425130,411570,423130,418020,420680,66556,27446,2782187.37,SHFE official,https://www.shfe.com.cn/data/tradedata/future/dailydata/kx20260622.dat
2026-06-22,SN2609,SN,412470,426000,411920,423960,418820,421280,22360,16614,936492.96,SHFE official,https://www.shfe.com.cn/data/tradedata/future/dailydata/kx20260622.dat
2026-06-22,SN2610,SN,411530,426160,411530,424410,417990,421590,3672,4086,153489.269,SHFE official,https://www.shfe.com.cn/data/tradedata/future/dailydata/kx20260622.dat
2026-06-22,SN2611,SN,416660,426160,413390,424760,418520,421940,550,529,23018.767,SHFE official,https://www.shfe.com.cn/data/tradedata/future/dailydata/kx20260622.dat
2026-06-22,SN2612,SN,416920,426980,414150,425100,419460,421380,195,532,8179.571,SHFE official,https://www.shfe.com.cn/data/tradedata/future/dailydata/kx20260622.dat
2026-06-22,SN2701,SN,415520,426770,414770,425420,421040,421700,84,229,3536.773,SHFE official,https://www.shfe.com.cn/data/tradedata/future/dailydata/kx20260622.dat
2026-06-22,SN2702,SN,414700,426340,414700,425880,420920,423560,10,214,420.92,SHFE official,https://www.shfe.com.cn/data/tradedata/future/dailydata/kx20260622.dat
2026-06-22,SN2703,SN,416510,426690,415170,425960,419560,422660,123,222,5160.679,SHFE official,https://www.shfe.com.cn/data/tradedata/future/dailydata/kx20260622.dat
2026-06-22,SN2704,SN,421350,426600,415100,425970,422250,417970,10,60,422.252,SHFE official,https://www.shfe.com.cn/data/tradedata/future/dailydata/kx20260622.dat
2026-06-22,SN2705,SN,416990,424050,416340,424050,420480,421030,21,100,883.024,SHFE official,https://www.shfe.com.cn/data/tradedata/future/dailydata/kx20260622.dat
2026-06-22,SN2706,SN,416390,424880,416390,424880,419980,423130,9,13,377.987,SHFE official,https://www.shfe.com.cn/data/tradedata/future/dailydata/kx20260622.dat
2026-06-23,SN2607,SN,423000,423500,398500,400070,410200,417170,212075,23324,8699422.4,SHFE official,https://www.shfe.com.cn/data/tradedata/future/dailydata/kx20260623.dat
2026-06-23,SN2608,SN,424030,424030,399420,401040,410390,418020,115314,29596,4732407.935,SHFE official,https://www.shfe.com.cn/data/tradedata/future/dailydata/kx20260623.dat
2026-06-23,SN2609,SN,424040,424610,400500,401840,410720,418820,37065,16943,1522363.317,SHFE official,https://www.shfe.com.cn/data/tradedata/future/dailydata/kx20260623.dat
2026-06-23,SN2610,SN,424960,424980,400880,402350,409880,417990,5466,4894,224042.209,SHFE official,https://www.shfe.com.cn/data/tradedata/future/dailydata/kx20260623.dat
2026-06-23,SN2611,SN,424700,425010,401400,402610,409860,418520,965,678,39551.671,SHFE official,https://www.shfe.com.cn/data/tradedata/future/dailydata/kx20260623.dat
2026-06-23,SN2612,SN,425200,425500,402000,403430,408000,419460,442,589,18033.609,SHFE official,https://www.shfe.com.cn/data/tradedata/future/dailydata/kx20260623.dat
2026-06-23,SN2701,SN,424990,425570,402830,404160,409250,421040,304,324,12441.383,SHFE official,https://www.shfe.com.cn/data/tradedata/future/dailydata/kx20260623.dat
2026-06-23,SN2702,SN,425920,425920,404200,405160,408470,420920,86,236,3512.865,SHFE official,https://www.shfe.com.cn/data/tradedata/future/dailydata/kx20260623.dat
2026-06-23,SN2703,SN,425070,425070,404140,405190,411100,419560,37,216,1521.085,SHFE official,https://www.shfe.com.cn/data/tradedata/future/dailydata/kx20260623.dat
2026-06-23,SN2704,SN,425520,425520,405370,405370,411180,422250,12,62,493.418,SHFE official,https://www.shfe.com.cn/data/tradedata/future/dailydata/kx20260623.dat
2026-06-23,SN2705,SN,425640,425970,403450,404680,411030,420480,69,108,2836.166,SHFE official,https://www.shfe.com.cn/data/tradedata/future/dailydata/kx20260623.dat
2026-06-23,SN2706,SN,426060,426060,404500,405000,412430,419980,30,19,1237.309,SHFE official,https://www.shfe.com.cn/data/tradedata/future/dailydata/kx20260623.dat
2026-06-24,SN2607,SN,399000,400840,388220,395250,393860,410200,210764,20776,8301230.708,SHFE official,https://www.shfe.com.cn/data/tradedata/future/dailydata/kx20260624.dat
2026-06-24,SN2608,SN,402040,402040,389090,396110,394790,410390,153987,34035,6079308.728,SHFE official,https://www.shfe.com.cn/data/tradedata/future/dailydata/kx20260624.dat
2026-06-24,SN2609,SN,402050,402190,389600,396730,395460,410720,43254,17619,1710525.723,SHFE official,https://www.shfe.com.cn/data/tradedata/future/dailydata/kx20260624.dat
2026-06-24,SN2610,SN,402350,402380,390220,397230,396100,409880,5142,5111,203679.224,SHFE official,https://www.shfe.com.cn/data/tradedata/future/dailydata/kx20260624.dat
2026-06-24,SN2611,SN,402600,402920,390560,397920,396470,409860,1237,752,49044.257,SHFE official,https://www.shfe.com.cn/data/tradedata/future/dailydata/kx20260624.dat
2026-06-24,SN2612,SN,402410,402810,391230,399160,396800,408000,338,610,13411.858,SHFE official,https://www.shfe.com.cn/data/tradedata/future/dailydata/kx20260624.dat
2026-06-24,SN2701,SN,403000,403000,391860,399070,397400,409250,146,323,5802.046,SHFE official,https://www.shfe.com.cn/data/tradedata/future/dailydata/kx20260624.dat
2026-06-24,SN2702,SN,402100,402100,393840,399680,397820,408470,123,262,4893.302,SHFE official,https://www.shfe.com.cn/data/tradedata/future/dailydata/kx20260624.dat
2026-06-24,SN2703,SN,398820,401220,394680,399920,397380,411100,25,223,993.467,SHFE official,https://www.shfe.com.cn/data/tradedata/future/dailydata/kx20260624.dat
2026-06-24,SN2704,SN,402280,402280,394920,397100,398320,411180,32,62,1274.624,SHFE official,https://www.shfe.com.cn/data/tradedata/future/dailydata/kx20260624.dat
2026-06-24,SN2705,SN,403420,403570,394000,400780,398840,411030,177,127,7059.638,SHFE official,https://www.shfe.com.cn/data/tradedata/future/dailydata/kx20260624.dat
2026-06-24,SN2706,SN,401900,402040,395220,401090,398060,412430,30,25,1194.201,SHFE official,https://www.shfe.com.cn/data/tradedata/future/dailydata/kx20260624.dat
2026-06-25,SN2607,SN,386000,388600,380500,385260,384160,393860,165100,16173,6342519.035,SHFE official,https://www.shfe.com.cn/data/tradedata/future/dailydata/kx20260625.dat
2026-06-25,SN2608,SN,386300,389020,381280,385570,384940,394790,180928,36609,6964738.844,SHFE official,https://www.shfe.com.cn/data/tradedata/future/dailydata/kx20260625.dat
2026-06-25,SN2609,SN,389000,389580,382070,386280,385710,395460,44656,17854,1722442.495,SHFE official,https://www.shfe.com.cn/data/tradedata/future/dailydata/kx20260625.dat
2026-06-25,SN2610,SN,388120,390000,382780,386860,386600,396100,6444,5435,249126.056,SHFE official,https://www.shfe.com.cn/data/tradedata/future/dailydata/kx20260625.dat
2026-06-25,SN2611,SN,388000,390560,383390,387020,387350,396470,1512,703,58568.603,SHFE official,https://www.shfe.com.cn/data/tradedata/future/dailydata/kx20260625.dat
2026-06-25,SN2612,SN,388000,391560,384000,387930,387920,396800,553,606,21452.271,SHFE official,https://www.shfe.com.cn/data/tradedata/future/dailydata/kx20260625.dat
2026-06-25,SN2701,SN,390100,392030,384660,388490,388160,397400,200,343,7763.228,SHFE official,https://www.shfe.com.cn/data/tradedata/future/dailydata/kx20260625.dat
2026-06-25,SN2702,SN,388010,392070,386060,388840,389380,397820,79,249,3076.116,SHFE official,https://www.shfe.com.cn/data/tradedata/future/dailydata/kx20260625.dat
2026-06-25,SN2703,SN,388010,392050,386360,390080,390320,397380,264,119,10304.546,SHFE official,https://www.shfe.com.cn/data/tradedata/future/dailydata/kx20260625.dat
2026-06-25,SN2704,SN,388870,392240,388000,389800,390020,398320,12,61,468.027,SHFE official,https://www.shfe.com.cn/data/tradedata/future/dailydata/kx20260625.dat
2026-06-25,SN2705,SN,390690,393380,386880,390000,390100,398840,146,113,5695.586,SHFE official,https://www.shfe.com.cn/data/tradedata/future/dailydata/kx20260625.dat
2026-06-25,SN2706,SN,390120,392410,386180,390930,389420,398060,29,27,1129.337,SHFE official,https://www.shfe.com.cn/data/tradedata/future/dailydata/kx20260625.dat
2026-06-26,SN2607,SN,388680,394840,374000,386360,385600,384160,103104,10138,3975792.781,SHFE official,https://www.shfe.com.cn/data/tradedata/future/dailydata/kx20260626.dat
2026-06-26,SN2608,SN,393800,395320,374500,387220,385590,384940,292437,38781,11276260.549,SHFE official,https://www.shfe.com.cn/data/tradedata/future/dailydata/kx20260626.dat
2026-06-26,SN2609,SN,393010,395980,375000,387600,385770,385710,61607,19565,2376647.718,SHFE official,https://www.shfe.com.cn/data/tradedata/future/dailydata/kx20260626.dat
2026-06-26,SN2610,SN,393500,396330,375500,388150,385480,386600,9277,5880,357618.131,SHFE official,https://www.shfe.com.cn/data/tradedata/future/dailydata/kx20260626.dat
2026-06-26,SN2611,SN,394690,397000,376220,388330,384480,387350,1996,825,76743.272,SHFE official,https://www.shfe.com.cn/data/tradedata/future/dailydata/kx20260626.dat
2026-06-26,SN2612,SN,393770,397800,377170,389010,387630,387920,675,651,26165.322,SHFE official,https://www.shfe.com.cn/data/tradedata/future/dailydata/kx20260626.dat
2026-06-26,SN2701,SN,395830,398000,378030,389220,386220,388160,195,356,7531.449,SHFE official,https://www.shfe.com.cn/data/tradedata/future/dailydata/kx20260626.dat
2026-06-26,SN2702,SN,396480,398300,379700,390080,383060,389380,131,254,5018.13,SHFE official,https://www.shfe.com.cn/data/tradedata/future/dailydata/kx20260626.dat
2026-06-26,SN2703,SN,397500,398000,378420,388190,386550,390320,35,117,1352.935,SHFE official,https://www.shfe.com.cn/data/tradedata/future/dailydata/kx20260626.dat
2026-06-26,SN2704,SN,396390,396550,381820,389350,387100,390020,10,58,387.103,SHFE official,https://www.shfe.com.cn/data/tradedata/future/dailydata/kx20260626.dat
2026-06-26,SN2705,SN,398480,399400,379320,391090,389430,390100,214,114,8333.831,SHFE official,https://www.shfe.com.cn/data/tradedata/future/dailydata/kx20260626.dat
2026-06-26,SN2706,SN,397680,397680,380880,391390,387470,389420,14,30,542.459,SHFE official,https://www.shfe.com.cn/data/tradedata/future/dailydata/kx20260626.dat
2026-06-29,SN2607,SN,386490,392910,383050,392190,387640,385600,54925,7116,2129161.085,SHFE official,https://www.shfe.com.cn/data/tradedata/future/dailydata/kx20260629.dat
2026-06-29,SN2608,SN,389960,393800,383650,393060,388710,385590,282940,40476,10998343.006,SHFE official,https://www.shfe.com.cn/data/tradedata/future/dailydata/kx20260629.dat
2026-06-29,SN2609,SN,390800,394420,384090,393790,389220,385770,51444,20138,2002342.771,SHFE official,https://www.shfe.com.cn/data/tradedata/future/dailydata/kx20260629.dat
2026-06-29,SN2610,SN,391300,394800,384640,394080,390090,385480,7013,5911,273573.507,SHFE official,https://www.shfe.com.cn/data/tradedata/future/dailydata/kx20260629.dat
2026-06-29,SN2611,SN,391010,395230,385110,394730,391310,384480,1616,933,63236.001,SHFE official,https://www.shfe.com.cn/data/tradedata/future/dailydata/kx20260629.dat
2026-06-29,SN2612,SN,391110,395500,385830,394730,390590,387630,341,650,13319.427,SHFE official,https://www.shfe.com.cn/data/tradedata/future/dailydata/kx20260629.dat
2026-06-29,SN2701,SN,390500,396030,386720,396030,391680,386220,180,356,7050.368,SHFE official,https://www.shfe.com.cn/data/tradedata/future/dailydata/kx20260629.dat
2026-06-29,SN2702,SN,390330,397090,388380,397090,392740,383060,79,259,3102.674,SHFE official,https://www.shfe.com.cn/data/tradedata/future/dailydata/kx20260629.dat
2026-06-29,SN2703,SN,393140,397000,389470,397000,392860,386550,44,111,1728.614,SHFE official,https://www.shfe.com.cn/data/tradedata/future/dailydata/kx20260629.dat
2026-06-29,SN2704,SN,389990,396790,389990,396790,392580,387100,8,57,314.067,SHFE official,https://www.shfe.com.cn/data/tradedata/future/dailydata/kx20260629.dat
2026-06-29,SN2705,SN,392060,398120,389140,397530,392570,389430,96,117,3768.698,SHFE official,https://www.shfe.com.cn/data/tradedata/future/dailydata/kx20260629.dat
2026-06-29,SN2706,SN,393300,396000,393180,396000,394050,387470,4,30,157.621,SHFE official,https://www.shfe.com.cn/data/tradedata/future/dailydata/kx20260629.dat
2026-06-30,SN2607,SN,391300,397390,383860,395580,388680,387640,23816,4724,925682.137,SHFE official,https://www.shfe.com.cn/data/tradedata/future/dailydata/kx20260630.dat
2026-06-30,SN2608,SN,394500,398450,384260,396270,389320,388710,292642,40420,11393235.257,SHFE official,https://www.shfe.com.cn/data/tradedata/future/dailydata/kx20260630.dat
2026-06-30,SN2609,SN,392500,398800,384790,396840,389910,389220,58897,20918,2296470.012,SHFE official,https://www.shfe.com.cn/data/tradedata/future/dailydata/kx20260630.dat
2026-06-30,SN2610,SN,393500,399000,385250,397030,390600,390090,10869,6424,424549.314,SHFE official,https://www.shfe.com.cn/data/tradedata/future/dailydata/kx20260630.dat
2026-06-30,SN2611,SN,395980,399380,385770,397470,391680,391310,2472,953,96823.931,SHFE official,https://www.shfe.com.cn/data/tradedata/future/dailydata/kx20260630.dat
2026-06-30,SN2612,SN,395750,399830,386950,397700,392190,390590,328,652,12864.054,SHFE official,https://www.shfe.com.cn/data/tradedata/future/dailydata/kx20260630.dat
2026-06-30,SN2701,SN,396690,400000,387200,397830,391580,391680,242,346,9476.302,SHFE official,https://www.shfe.com.cn/data/tradedata/future/dailydata/kx20260630.dat
2026-06-30,SN2702,SN,396120,399930,388740,398650,392530,392740,204,246,8007.799,SHFE official,https://www.shfe.com.cn/data/tradedata/future/dailydata/kx20260630.dat
2026-06-30,SN2703,SN,391060,400930,388710,399620,392730,392860,44,112,1728.049,SHFE official,https://www.shfe.com.cn/data/tradedata/future/dailydata/kx20260630.dat
2026-06-30,SN2704,SN,393620,393620,393620,393620,393620,392580,1,57,39.362,SHFE official,https://www.shfe.com.cn/data/tradedata/future/dailydata/kx20260630.dat
2026-06-30,SN2705,SN,398110,402130,389460,400300,394050,392570,92,113,3625.327,SHFE official,https://www.shfe.com.cn/data/tradedata/future/dailydata/kx20260630.dat
2026-06-30,SN2706,SN,397970,400540,390720,400540,395740,394050,6,31,237.448,SHFE official,https://www.shfe.com.cn/data/tradedata/future/dailydata/kx20260630.dat
2026-07-01,SN2607,SN,394230,399410,386820,388810,393190,388680,2080,4336,81784.512,SHFE official,https://www.shfe.com.cn/data/tradedata/future/dailydata/kx20260701.dat
2026-07-01,SN2608,SN,394230,400480,387310,389610,394170,389320,260824,41203,10280952.847,SHFE official,https://www.shfe.com.cn/data/tradedata/future/dailydata/kx20260701.dat
2026-07-01,SN2609,SN,396210,400750,387600,390040,394480,389910,59077,21660,2330506.873,SHFE official,https://www.shfe.com.cn/data/tradedata/future/dailydata/kx20260701.dat
2026-07-01,SN2610,SN,395350,401220,388350,390260,395010,390600,10993,6926,434239.582,SHFE official,https://www.shfe.com.cn/data/tradedata/future/dailydata/kx20260701.dat
2026-07-01,SN2611,SN,396420,401800,388900,390700,396120,391680,1691,1083,66985.267,SHFE official,https://www.shfe.com.cn/data/tradedata/future/dailydata/kx20260701.dat
2026-07-01,SN2612,SN,395980,402000,389880,391650,395410,392190,225,638,8896.763,SHFE official,https://www.shfe.com.cn/data/tradedata/future/dailydata/kx20260701.dat
2026-07-01,SN2701,SN,396870,402980,390500,392560,395940,391580,132,351,5226.489,SHFE official,https://www.shfe.com.cn/data/tradedata/future/dailydata/kx20260701.dat
2026-07-01,SN2702,SN,396430,402180,391210,392920,397670,392530,211,226,8390.946,SHFE official,https://www.shfe.com.cn/data/tradedata/future/dailydata/kx20260701.dat
2026-07-01,SN2703,SN,396140,401580,392080,392080,396530,392730,55,101,2180.961,SHFE official,https://www.shfe.com.cn/data/tradedata/future/dailydata/kx20260701.dat
2026-07-01,SN2704,SN,402700,402910,395680,395680,400810,393620,4,54,160.325,SHFE official,https://www.shfe.com.cn/data/tradedata/future/dailydata/kx20260701.dat
2026-07-01,SN2705,SN,400200,403860,392200,394060,398220,394050,38,107,1513.243,SHFE official,https://www.shfe.com.cn/data/tradedata/future/dailydata/kx20260701.dat
2026-07-01,SN2706,SN,398890,402870,395720,396020,398300,395740,14,28,557.624,SHFE official,https://www.shfe.com.cn/data/tradedata/future/dailydata/kx20260701.dat
2026-07-02,SN2607,SN,391660,400810,390780,392580,395610,393190,830,4056,32835.982,SHFE official,https://www.shfe.com.cn/data/tradedata/future/dailydata/kx20260702.dat
2026-07-02,SN2608,SN,392360,401860,391100,393260,396190,394170,261022,39663,10341507.875,SHFE official,https://www.shfe.com.cn/data/tradedata/future/dailydata/kx20260702.dat
2026-07-02,SN2609,SN,392300,402120,391720,393800,396610,394480,60197,22494,2387480.658,SHFE official,https://www.shfe.com.cn/data/tradedata/future/dailydata/kx20260702.dat
2026-07-02,SN2610,SN,392760,402540,392180,393990,396970,395010,14116,7615,560367.862,SHFE official,https://www.shfe.com.cn/data/tradedata/future/dailydata/kx20260702.dat
2026-07-02,SN2611,SN,393180,403000,392700,394670,396570,396120,1614,1367,64006.409,SHFE official,https://www.shfe.com.cn/data/tradedata/future/dailydata/kx20260702.dat
2026-07-02,SN2612,SN,395000,402640,393270,394980,396980,395410,379,629,15045.654,SHFE official,https://www.shfe.com.cn/data/tradedata/future/dailydata/kx20260702.dat
2026-07-02,SN2701,SN,394710,402610,393800,395030,397010,395940,223,360,8853.541,SHFE official,https://www.shfe.com.cn/data/tradedata/future/dailydata/kx20260702.dat
2026-07-02,SN2702,SN,399210,404280,393980,395710,397670,397670,216,230,8589.822,SHFE official,https://www.shfe.com.cn/data/tradedata/future/dailydata/kx20260702.dat
2026-07-02,SN2703,SN,402300,402930,395310,395310,401520,396530,11,98,441.68,SHFE official,https://www.shfe.com.cn/data/tradedata/future/dailydata/kx20260702.dat
2026-07-02,SN2704,SN,405070,405070,396300,396300,400240,400810,11,54,440.268,SHFE official,https://www.shfe.com.cn/data/tradedata/future/dailydata/kx20260702.dat
2026-07-02,SN2705,SN,396660,405260,395910,396770,398960,398220,55,109,2194.295,SHFE official,https://www.shfe.com.cn/data/tradedata/future/dailydata/kx20260702.dat
2026-07-02,SN2706,SN,403680,404340,396590,397320,399950,398300,18,28,719.91,SHFE official,https://www.shfe.com.cn/data/tradedata/future/dailydata/kx20260702.dat
2026-07-03,SN2607,SN,398520,404170,391000,402420,399800,395610,2938,2788,117462.828,SHFE official,https://www.shfe.com.cn/data/tradedata/future/dailydata/kx20260703.dat
2026-07-03,SN2608,SN,398240,404780,391260,402180,398050,396190,302706,41597,12049371.112,SHFE official,https://www.shfe.com.cn/data/tradedata/future/dailydata/kx20260703.dat
2026-07-03,SN2609,SN,398800,404500,391700,402310,398690,396610,70522,24125,2811693.302,SHFE official,https://www.shfe.com.cn/data/tradedata/future/dailydata/kx20260703.dat
2026-07-03,SN2610,SN,399800,404690,392030,402130,399350,396970,16638,9145,664452.671,SHFE official,https://www.shfe.com.cn/data/tradedata/future/dailydata/kx20260703.dat
2026-07-03,SN2611,SN,399580,404950,392540,402250,400560,396570,2242,1533,89807.572,SHFE official,https://www.shfe.com.cn/data/tradedata/future/dailydata/kx20260703.dat
2026-07-03,SN2612,SN,401130,405280,393500,402230,400570,396980,588,688,23553.637,SHFE official,https://www.shfe.com.cn/data/tradedata/future/dailydata/kx20260703.dat
2026-07-03,SN2701,SN,402780,405520,393360,402720,400740,397010,205,401,8215.331,SHFE official,https://www.shfe.com.cn/data/tradedata/future/dailydata/kx20260703.dat
2026-07-03,SN2702,SN,402800,405610,394050,403230,401930,397670,248,235,9968.017,SHFE official,https://www.shfe.com.cn/data/tradedata/future/dailydata/kx20260703.dat
2026-07-03,SN2703,SN,401790,404810,393700,402920,401590,401520,62,80,2489.894,SHFE official,https://www.shfe.com.cn/data/tradedata/future/dailydata/kx20260703.dat
2026-07-03,SN2704,SN,396070,406340,395710,406340,402550,400240,8,52,322.046,SHFE official,https://www.shfe.com.cn/data/tradedata/future/dailydata/kx20260703.dat
2026-07-03,SN2705,SN,404060,406660,396000,404670,402720,398960,70,108,2819.075,SHFE official,https://www.shfe.com.cn/data/tradedata/future/dailydata/kx20260703.dat
2026-07-03,SN2706,SN,403230,404960,397500,404960,401330,399950,17,34,682.27,SHFE official,https://www.shfe.com.cn/data/tradedata/future/dailydata/kx20260703.dat
2026-07-06,SN2607,SN,402420,416200,401650,410520,409130,399800,2258,1898,92383.084,SHFE official,https://www.shfe.com.cn/data/tradedata/future/dailydata/kx20260706.dat
2026-07-06,SN2608,SN,402800,415920,401100,410360,408380,398050,298448,41647,12188163.668,SHFE official,https://www.shfe.com.cn/data/tradedata/future/dailydata/kx20260706.dat
2026-07-06,SN2609,SN,401500,415880,401180,409320,408700,398690,75231,24738,3074765.543,SHFE official,https://www.shfe.com.cn/data/tradedata/future/dailydata/kx20260706.dat
2026-07-06,SN2610,SN,402990,415430,401090,408050,408760,399350,22302,9445,911631.538,SHFE official,https://www.shfe.com.cn/data/tradedata/future/dailydata/kx20260706.dat
2026-07-06,SN2611,SN,401220,415350,401220,407060,408790,400560,3287,1641,134371.186,SHFE official,https://www.shfe.com.cn/data/tradedata/future/dailydata/kx20260706.dat
2026-07-06,SN2612,SN,402630,415010,401840,406840,408350,400570,798,632,32586.627,SHFE official,https://www.shfe.com.cn/data/tradedata/future/dailydata/kx20260706.dat
2026-07-06,SN2701,SN,404050,414580,402440,406710,409410,400740,349,338,14288.485,SHFE official,https://www.shfe.com.cn/data/tradedata/future/dailydata/kx20260706.dat
2026-07-06,SN2702,SN,405860,415120,402660,406810,407760,401930,278,236,11335.936,SHFE official,https://www.shfe.com.cn/data/tradedata/future/dailydata/kx20260706.dat
2026-07-06,SN2703,SN,404760,413420,403330,407160,407510,401590,175,80,7131.472,SHFE official,https://www.shfe.com.cn/data/tradedata/future/dailydata/kx20260706.dat
2026-07-06,SN2704,SN,406080,413380,403460,406580,407080,402550,33,51,1343.376,SHFE official,https://www.shfe.com.cn/data/tradedata/future/dailydata/kx20260706.dat
2026-07-06,SN2705,SN,406020,416230,403810,405970,408800,402720,81,116,3311.343,SHFE official,https://www.shfe.com.cn/data/tradedata/future/dailydata/kx20260706.dat
2026-07-06,SN2706,SN,406700,414630,405670,405670,408700,401330,15,40,613.053,SHFE official,https://www.shfe.com.cn/data/tradedata/future/dailydata/kx20260706.dat
2026-07-07,SN2607,SN,410570,413110,404990,409670,410400,409130,2242,1516,92012.212,SHFE official,https://www.shfe.com.cn/data/tradedata/future/dailydata/kx20260707.dat
2026-07-07,SN2608,SN,410350,412620,405110,409250,409340,408380,233433,41022,9555486.863,SHFE official,https://www.shfe.com.cn/data/tradedata/future/dailydata/kx20260707.dat
2026-07-07,SN2609,SN,407620,411790,404180,408640,408280,408700,54940,25571,2243118.435,SHFE official,https://www.shfe.com.cn/data/tradedata/future/dailydata/kx20260707.dat
2026-07-07,SN2610,SN,405650,410770,403190,407880,407120,408760,13401,9882,545588.905,SHFE official,https://www.shfe.com.cn/data/tradedata/future/dailydata/kx20260707.dat
2026-07-07,SN2611,SN,406390,409450,402230,406760,406290,408790,1994,1584,81016.095,SHFE official,https://www.shfe.com.cn/data/tradedata/future/dailydata/kx20260707.dat
2026-07-07,SN2612,SN,406240,409020,402500,406680,406250,408350,345,599,14015.649,SHFE official,https://www.shfe.com.cn/data/tradedata/future/dailydata/kx20260707.dat
2026-07-07,SN2701,SN,406440,408670,401500,406640,405390,409410,86,323,3486.387,SHFE official,https://www.shfe.com.cn/data/tradedata/future/dailydata/kx20260707.dat
2026-07-07,SN2702,SN,407010,408600,401620,406230,405010,407760,140,219,5670.219,SHFE official,https://www.shfe.com.cn/data/tradedata/future/dailydata/kx20260707.dat
2026-07-07,SN2703,SN,406760,407000,401920,403450,404650,407510,25,77,1011.64,SHFE official,https://www.shfe.com.cn/data/tradedata/future/dailydata/kx20260707.dat
2026-07-07,SN2704,SN,407170,407200,402740,403500,405080,407080,13,48,526.615,SHFE official,https://www.shfe.com.cn/data/tradedata/future/dailydata/kx20260707.dat
2026-07-07,SN2705,SN,405460,408490,401550,406950,405460,408800,40,119,1621.86,SHFE official,https://www.shfe.com.cn/data/tradedata/future/dailydata/kx20260707.dat
2026-07-07,SN2706,SN,406000,408100,401360,406000,404960,408700,13,42,526.452,SHFE official,https://www.shfe.com.cn/data/tradedata/future/dailydata/kx20260707.dat
2026-07-08,SN2607,SN,411930,417250,408610,411920,412000,410400,460,1422,18952.07,SHFE official,https://www.shfe.com.cn/data/tradedata/future/dailydata/kx20260708.dat
2026-07-08,SN2608,SN,411300,417730,408020,411580,412170,409340,254895,41718,10506239.184,SHFE official,https://www.shfe.com.cn/data/tradedata/future/dailydata/kx20260708.dat
2026-07-08,SN2609,SN,410820,416980,407310,411160,411470,408280,61228,25841,2519365.824,SHFE official,https://www.shfe.com.cn/data/tradedata/future/dailydata/kx20260708.dat
2026-07-08,SN2610,SN,410290,416090,406600,410270,411110,407120,13655,9794,561373.868,SHFE official,https://www.shfe.com.cn/data/tradedata/future/dailydata/kx20260708.dat
2026-07-08,SN2611,SN,408000,414740,405660,409230,409910,406290,1599,1492,65545.227,SHFE official,https://www.shfe.com.cn/data/tradedata/future/dailydata/kx20260708.dat
2026-07-08,SN2612,SN,408010,414310,405190,408920,408620,406250,351,612,14342.714,SHFE official,https://www.shfe.com.cn/data/tradedata/future/dailydata/kx20260708.dat
2026-07-08,SN2701,SN,408130,413860,404920,409100,409130,405390,126,298,5155.042,SHFE official,https://www.shfe.com.cn/data/tradedata/future/dailydata/kx20260708.dat
2026-07-08,SN2702,SN,407120,410400,405380,408630,408520,405010,54,219,2206.052,SHFE official,https://www.shfe.com.cn/data/tradedata/future/dailydata/kx20260708.dat
2026-07-08,SN2703,SN,407900,412590,406210,409560,408710,404650,112,107,4577.653,SHFE official,https://www.shfe.com.cn/data/tradedata/future/dailydata/kx20260708.dat
2026-07-08,SN2704,SN,409480,409480,406270,406410,407380,405080,3,47,122.216,SHFE official,https://www.shfe.com.cn/data/tradedata/future/dailydata/kx20260708.dat
2026-07-08,SN2705,SN,406950,414680,406000,407570,408980,405460,27,113,1104.254,SHFE official,https://www.shfe.com.cn/data/tradedata/future/dailydata/kx20260708.dat
2026-07-08,SN2706,SN,411300,411300,405770,410000,408460,404960,9,43,367.62,SHFE official,https://www.shfe.com.cn/data/tradedata/future/dailydata/kx20260708.dat
2026-07-09,SN2607,SN,408300,417000,402800,417000,408470,412000,84,1366,3431.174,SHFE official,https://www.shfe.com.cn/data/tradedata/future/dailydata/kx20260709.dat
2026-07-09,SN2608,SN,408000,418350,401650,416230,408140,412170,311823,41613,12726807.831,SHFE official,https://www.shfe.com.cn/data/tradedata/future/dailydata/kx20260709.dat
2026-07-09,SN2609,SN,407000,416940,401220,414840,407720,411470,81636,27828,3328494.253,SHFE official,https://www.shfe.com.cn/data/tradedata/future/dailydata/kx20260709.dat
2026-07-09,SN2610,SN,407000,415890,400570,413490,407140,411110,16538,10020,673330.525,SHFE official,https://www.shfe.com.cn/data/tradedata/future/dailydata/kx20260709.dat
2026-07-09,SN2611,SN,407000,415200,400000,413130,406990,409910,2610,1655,106226.72,SHFE official,https://www.shfe.com.cn/data/tradedata/future/dailydata/kx20260709.dat
2026-07-09,SN2612,SN,405910,415000,400380,412310,406370,408620,610,639,24788.801,SHFE official,https://www.shfe.com.cn/data/tradedata/future/dailydata/kx20260709.dat
2026-07-09,SN2701,SN,403100,414750,400980,412460,405560,409130,332,305,13464.795,SHFE official,https://www.shfe.com.cn/data/tradedata/future/dailydata/kx20260709.dat
2026-07-09,SN2702,SN,403600,414410,401370,412260,408260,408520,205,250,8369.387,SHFE official,https://www.shfe.com.cn/data/tradedata/future/dailydata/kx20260709.dat
2026-07-09,SN2703,SN,402770,413460,401660,412260,405420,408710,83,84,3365.063,SHFE official,https://www.shfe.com.cn/data/tradedata/future/dailydata/kx20260709.dat
2026-07-09,SN2704,SN,406630,413390,401170,413390,408560,407380,10,51,408.562,SHFE official,https://www.shfe.com.cn/data/tradedata/future/dailydata/kx20260709.dat
2026-07-09,SN2705,SN,407100,413300,400640,412000,406160,408980,49,118,1990.194,SHFE official,https://www.shfe.com.cn/data/tradedata/future/dailydata/kx20260709.dat
2026-07-09,SN2706,SN,404000,413210,401270,413210,404980,408460,20,41,809.962,SHFE official,https://www.shfe.com.cn/data/tradedata/future/dailydata/kx20260709.dat
2026-07-10,SN2607,SN,416800,419320,416190,418500,417790,408470,52,1328,2172.524,SHFE official,https://www.shfe.com.cn/data/tradedata/future/dailydata/kx20260710.dat
2026-07-10,SN2608,SN,418000,419350,414280,415680,416770,408140,221630,41119,9237041.602,SHFE official,https://www.shfe.com.cn/data/tradedata/future/dailydata/kx20260710.dat
2026-07-10,SN2609,SN,415510,418160,413600,414890,415750,407720,54087,28904,2248681.568,SHFE official,https://www.shfe.com.cn/data/tradedata/future/dailydata/kx20260710.dat
2026-07-10,SN2610,SN,415040,417080,412690,413860,414750,407140,12034,10466,499110.779,SHFE official,https://www.shfe.com.cn/data/tradedata/future/dailydata/kx20260710.dat
2026-07-10,SN2611,SN,415000,416080,411720,412930,414070,406990,1758,1764,72794.277,SHFE official,https://www.shfe.com.cn/data/tradedata/future/dailydata/kx20260710.dat
2026-07-10,SN2612,SN,406870,416210,406870,412700,414100,406370,856,864,35447.121,SHFE official,https://www.shfe.com.cn/data/tradedata/future/dailydata/kx20260710.dat
2026-07-10,SN2701,SN,413280,415950,411870,412400,413650,405560,100,292,4136.551,SHFE official,https://www.shfe.com.cn/data/tradedata/future/dailydata/kx20260710.dat
2026-07-10,SN2702,SN,413280,415780,412050,412380,413870,408260,100,236,4138.764,SHFE official,https://www.shfe.com.cn/data/tradedata/future/dailydata/kx20260710.dat
2026-07-10,SN2703,SN,412980,415040,412280,412860,413250,405420,66,94,2727.498,SHFE official,https://www.shfe.com.cn/data/tradedata/future/dailydata/kx20260710.dat
2026-07-10,SN2704,SN,413410,414800,411760,413610,413170,408560,15,52,619.767,SHFE official,https://www.shfe.com.cn/data/tradedata/future/dailydata/kx20260710.dat
2026-07-10,SN2705,SN,412000,415290,411020,412230,413350,406160,37,118,1529.397,SHFE official,https://www.shfe.com.cn/data/tradedata/future/dailydata/kx20260710.dat
2026-07-10,SN2706,SN,412130,413640,411640,412270,413000,404980,10,47,413.001,SHFE official,https://www.shfe.com.cn/data/tradedata/future/dailydata/kx20260710.dat
