date,metal,ticker,unit,open,high,low,close,volume,source,fetched_at
2025-07-18,白银,SI=F,美元/金衡盎司,38.51499938964844,38.51499938964844,38.222999572753906,38.222999572753906,52,Yahoo Finance,2026-07-18T11:20:08.770899+00:00
2025-07-18,铜,HG=F,美元/磅,5.488999843597412,5.578999996185303,5.488999843597412,5.578000068664551,521,Yahoo Finance,2026-07-18T11:20:08.770899+00:00
2025-07-18,黄金,GC=F,美元/金衡盎司,3338.199951171875,3353.0,3338.199951171875,3353.0,602,Yahoo Finance,2026-07-18T11:20:08.770899+00:00
2025-07-21,白银,SI=F,美元/金衡盎司,38.994998931884766,39.125,38.994998931884766,39.10100173950195,73,Yahoo Finance,2026-07-18T11:20:08.770899+00:00
2025-07-21,铜,HG=F,美元/磅,5.55049991607666,5.617000102996826,5.55049991607666,5.610499858856201,583,Yahoo Finance,2026-07-18T11:20:08.770899+00:00
2025-07-21,黄金,GC=F,美元/金衡盎司,3350.300048828125,3411.699951171875,3350.300048828125,3401.89990234375,53,Yahoo Finance,2026-07-18T11:20:08.770899+00:00
2025-07-22,白银,SI=F,美元/金衡盎司,38.915000915527344,39.35499954223633,38.915000915527344,39.31999969482422,67,Yahoo Finance,2026-07-18T11:20:08.770899+00:00
2025-07-22,铜,HG=F,美元/磅,5.64300012588501,5.69950008392334,5.64300012588501,5.697000026702881,729,Yahoo Finance,2026-07-18T11:20:08.770899+00:00
2025-07-22,黄金,GC=F,美元/金衡盎司,3411.0,3441.0,3395.60009765625,3439.199951171875,39,Yahoo Finance,2026-07-18T11:20:08.770899+00:00
2025-07-23,白银,SI=F,美元/金衡盎司,39.40999984741211,39.40999984741211,39.220001220703125,39.27799987792969,51,Yahoo Finance,2026-07-18T11:20:08.770899+00:00
2025-07-23,铜,HG=F,美元/磅,5.750999927520752,5.865499973297119,5.750999927520752,5.795000076293945,607,Yahoo Finance,2026-07-18T11:20:08.770899+00:00
2025-07-23,黄金,GC=F,美元/金衡盎司,3430.300048828125,3433.89990234375,3388.10009765625,3394.10009765625,63,Yahoo Finance,2026-07-18T11:20:08.770899+00:00
2025-07-24,白银,SI=F,美元/金衡盎司,39.060001373291016,39.130001068115234,38.84000015258789,39.020999908447266,59,Yahoo Finance,2026-07-18T11:20:08.770899+00:00
2025-07-24,铜,HG=F,美元/磅,5.860499858856201,5.894999980926514,5.771999835968018,5.7769999504089355,686,Yahoo Finance,2026-07-18T11:20:08.770899+00:00
2025-07-24,黄金,GC=F,美元/金衡盎司,3367.0,3371.0,3367.0,3371.0,1175,Yahoo Finance,2026-07-18T11:20:08.770899+00:00
2025-07-25,白银,SI=F,美元/金衡盎司,38.93000030517578,38.93000030517578,38.040000915527344,38.16699981689453,7,Yahoo Finance,2026-07-18T11:20:08.770899+00:00
2025-07-25,铜,HG=F,美元/磅,5.775000095367432,5.78000020980835,5.728000164031982,5.763500213623047,911,Yahoo Finance,2026-07-18T11:20:08.770899+00:00
2025-07-25,黄金,GC=F,美元/金衡盎司,3344.0,3345.0,3326.5,3334.0,67,Yahoo Finance,2026-07-18T11:20:08.770899+00:00
2025-07-28,白银,SI=F,美元/金衡盎司,38.130001068115234,38.189998626708984,38.02000045776367,38.0260009765625,154,Yahoo Finance,2026-07-18T11:20:08.770899+00:00
2025-07-28,铜,HG=F,美元/磅,5.747499942779541,5.748000144958496,5.498000144958496,5.59499979019165,782,Yahoo Finance,2026-07-18T11:20:08.770899+00:00
2025-07-28,黄金,GC=F,美元/金衡盎司,3326.60009765625,3326.800048828125,3309.10009765625,3309.10009765625,533,Yahoo Finance,2026-07-18T11:20:08.770899+00:00
2025-07-29,白银,SI=F,美元/金衡盎司,38.130001068115234,38.130001068115234,38.060001373291016,38.08399963378906,1109,Yahoo Finance,2026-07-18T11:20:08.770899+00:00
2025-07-29,铜,HG=F,美元/磅,5.610000133514404,5.610000133514404,5.583000183105469,5.603499889373779,1039,Yahoo Finance,2026-07-18T11:20:08.770899+00:00
2025-07-29,黄金,GC=F,美元/金衡盎司,3323.39990234375,3323.39990234375,3323.39990234375,3323.39990234375,113144,Yahoo Finance,2026-07-18T11:20:08.770899+00:00
2025-07-30,白银,SI=F,美元/金衡盎司,38.165000915527344,38.165000915527344,36.775001525878906,37.566001892089844,352,Yahoo Finance,2026-07-18T11:20:08.770899+00:00
2025-07-30,铜,HG=F,美元/磅,5.626500129699707,5.627999782562256,4.492499828338623,5.570000171661377,2823,Yahoo Finance,2026-07-18T11:20:08.770899+00:00
2025-07-30,黄金,GC=F,美元/金衡盎司,3325.800048828125,3331.800048828125,3263.89990234375,3295.800048828125,19252,Yahoo Finance,2026-07-18T11:20:08.770899+00:00
2025-07-31,白银,SI=F,美元/金衡盎司,36.84000015258789,36.84000015258789,36.551998138427734,36.551998138427734,89,Yahoo Finance,2026-07-18T11:20:08.770899+00:00
2025-07-31,铜,HG=F,美元/磅,4.59499979019165,4.5954999923706055,4.323500156402588,4.33050012588501,1537,Yahoo Finance,2026-07-18T11:20:08.770899+00:00
2025-07-31,黄金,GC=F,美元/金衡盎司,3272.89990234375,3312.0,3272.89990234375,3293.199951171875,3704,Yahoo Finance,2026-07-18T11:20:08.770899+00:00
2025-08-01,白银,SI=F,美元/金衡盎司,36.345001220703125,36.7869987487793,36.345001220703125,36.7869987487793,95,Yahoo Finance,2026-07-18T11:20:08.770899+00:00
2025-08-01,铜,HG=F,美元/磅,4.388999938964844,4.412499904632568,4.385000228881836,4.412499904632568,1301,Yahoo Finance,2026-07-18T11:20:08.770899+00:00
2025-08-01,黄金,GC=F,美元/金衡盎司,3286.199951171875,3360.60009765625,3281.0,3347.699951171875,3420,Yahoo Finance,2026-07-18T11:20:08.770899+00:00
2025-08-04,白银,SI=F,美元/金衡盎司,37.14500045776367,37.29999923706055,37.14500045776367,37.19200134277344,488,Yahoo Finance,2026-07-18T11:20:08.770899+00:00
2025-08-04,铜,HG=F,美元/磅,4.423500061035156,4.431000232696533,4.4145002365112305,4.414999961853027,1042,Yahoo Finance,2026-07-18T11:20:08.770899+00:00
2025-08-04,黄金,GC=F,美元/金衡盎司,3367.60009765625,3386.5,3347.39990234375,3374.39990234375,351,Yahoo Finance,2026-07-18T11:20:08.770899+00:00
2025-08-05,白银,SI=F,美元/金衡盎司,37.60499954223633,37.6870002746582,37.60499954223633,37.6870002746582,3,Yahoo Finance,2026-07-18T11:20:08.770899+00:00
2025-08-05,铜,HG=F,美元/磅,4.388000011444092,4.401000022888184,4.355000019073486,4.363999843597412,831,Yahoo Finance,2026-07-18T11:20:08.770899+00:00
2025-08-05,黄金,GC=F,美元/金衡盎司,3378.5,3387.199951171875,3351.199951171875,3381.89990234375,915,Yahoo Finance,2026-07-18T11:20:08.770899+00:00
2025-08-06,白银,SI=F,美元/金衡盎司,37.7599983215332,37.76599884033203,37.7599983215332,37.76599884033203,6,Yahoo Finance,2026-07-18T11:20:08.770899+00:00
2025-08-06,铜,HG=F,美元/磅,4.400000095367432,4.4120001792907715,4.380499839782715,4.390999794006348,924,Yahoo Finance,2026-07-18T11:20:08.770899+00:00
2025-08-06,黄金,GC=F,美元/金衡盎司,3380.699951171875,3383.300048828125,3361.300048828125,3380.0,1492,Yahoo Finance,2026-07-18T11:20:08.770899+00:00
2025-08-07,白银,SI=F,美元/金衡盎司,38.33000183105469,38.375,38.15800094604492,38.15800094604492,130,Yahoo Finance,2026-07-18T11:20:08.770899+00:00
2025-08-07,铜,HG=F,美元/磅,4.399499893188477,4.427000045776367,4.377500057220459,4.378499984741211,986,Yahoo Finance,2026-07-18T11:20:08.770899+00:00
2025-08-07,黄金,GC=F,美元/金衡盎司,3384.89990234375,3422.89990234375,3384.89990234375,3400.300048828125,5464,Yahoo Finance,2026-07-18T11:20:08.770899+00:00
2025-08-08,白银,SI=F,美元/金衡盎司,38.48500061035156,38.619998931884766,38.38999938964844,38.41699981689453,54,Yahoo Finance,2026-07-18T11:20:08.770899+00:00
2025-08-08,铜,HG=F,美元/磅,4.387499809265137,4.45550012588501,4.387499809265137,4.45550012588501,645,Yahoo Finance,2026-07-18T11:20:08.770899+00:00
2025-08-08,黄金,GC=F,美元/金衡盎司,3438.800048828125,3477.0,3402.5,3439.10009765625,7657,Yahoo Finance,2026-07-18T11:20:08.770899+00:00
2025-08-11,白银,SI=F,美元/金衡盎司,38.040000915527344,38.040000915527344,37.6619987487793,37.6619987487793,35,Yahoo Finance,2026-07-18T11:20:08.770899+00:00
2025-08-11,铜,HG=F,美元/磅,4.445499897003174,4.451499938964844,4.423500061035156,4.423500061035156,794,Yahoo Finance,2026-07-18T11:20:08.770899+00:00
2025-08-11,黄金,GC=F,美元/金衡盎司,3383.89990234375,3383.89990234375,3349.199951171875,3353.10009765625,1488,Yahoo Finance,2026-07-18T11:20:08.770899+00:00
2025-08-12,白银,SI=F,美元/金衡盎司,37.55500030517578,37.89899826049805,37.55500030517578,37.89899826049805,19,Yahoo Finance,2026-07-18T11:20:08.770899+00:00
2025-08-12,铜,HG=F,美元/磅,4.512499809265137,4.512499809265137,4.5,4.508500099182129,803,Yahoo Finance,2026-07-18T11:20:08.770899+00:00
2025-08-12,黄金,GC=F,美元/金衡盎司,3356.199951171875,3356.199951171875,3330.10009765625,3348.89990234375,1611,Yahoo Finance,2026-07-18T11:20:08.770899+00:00
2025-08-13,白银,SI=F,美元/金衡盎司,38.45000076293945,38.505001068115234,38.45000076293945,38.499000549316406,8,Yahoo Finance,2026-07-18T11:20:08.770899+00:00
2025-08-13,铜,HG=F,美元/磅,4.509500026702881,4.509500026702881,4.4720001220703125,4.48199987411499,879,Yahoo Finance,2026-07-18T11:20:08.770899+00:00
2025-08-13,黄金,GC=F,美元/金衡盎司,3358.800048828125,3363.39990234375,3358.699951171875,3358.699951171875,1011,Yahoo Finance,2026-07-18T11:20:08.770899+00:00
2025-08-14,白银,SI=F,美元/金衡盎司,37.981998443603516,37.981998443603516,37.981998443603516,37.981998443603516,5,Yahoo Finance,2026-07-18T11:20:08.770899+00:00
2025-08-14,铜,HG=F,美元/磅,4.454999923706055,4.4664998054504395,4.454999923706055,4.4644999504089355,2053,Yahoo Finance,2026-07-18T11:20:08.770899+00:00
2025-08-14,黄金,GC=F,美元/金衡盎司,3346.800048828125,3356.0,3328.89990234375,3335.199951171875,592,Yahoo Finance,2026-07-18T11:20:08.770899+00:00
2025-08-15,白银,SI=F,美元/金衡盎司,37.880001068115234,37.89400100708008,37.880001068115234,37.89400100708008,2,Yahoo Finance,2026-07-18T11:20:08.770899+00:00
2025-08-15,铜,HG=F,美元/磅,4.488500118255615,4.488500118255615,4.473999977111816,4.478000164031982,797,Yahoo Finance,2026-07-18T11:20:08.770899+00:00
2025-08-15,黄金,GC=F,美元/金衡盎司,3346.800048828125,3346.800048828125,3335.89990234375,3336.0,1185,Yahoo Finance,2026-07-18T11:20:08.770899+00:00
2025-08-18,白银,SI=F,美元/金衡盎司,37.95100021362305,37.95100021362305,37.95100021362305,37.95100021362305,3,Yahoo Finance,2026-07-18T11:20:08.770899+00:00
2025-08-18,铜,HG=F,美元/磅,4.447000026702881,4.464000225067139,4.447000026702881,4.456999778747559,1008,Yahoo Finance,2026-07-18T11:20:08.770899+00:00
2025-08-18,黄金,GC=F,美元/金衡盎司,3333.5,3347.800048828125,3331.699951171875,3331.699951171875,646,Yahoo Finance,2026-07-18T11:20:08.770899+00:00
2025-08-19,白银,SI=F,美元/金衡盎司,37.30500030517578,37.30500030517578,37.20500183105469,37.26100158691406,10,Yahoo Finance,2026-07-18T11:20:08.770899+00:00
2025-08-19,铜,HG=F,美元/磅,4.419000148773193,4.419000148773193,4.408999919891357,4.408999919891357,957,Yahoo Finance,2026-07-18T11:20:08.770899+00:00
2025-08-19,黄金,GC=F,美元/金衡盎司,3330.199951171875,3343.5,3313.39990234375,3313.39990234375,1655,Yahoo Finance,2026-07-18T11:20:08.770899+00:00
2025-08-20,白银,SI=F,美元/金衡盎司,37.744998931884766,37.744998931884766,37.70500183105469,37.70500183105469,2,Yahoo Finance,2026-07-18T11:20:08.770899+00:00
2025-08-20,铜,HG=F,美元/磅,4.412499904632568,4.431000232696533,4.4079999923706055,4.426000118255615,1188,Yahoo Finance,2026-07-18T11:20:08.770899+00:00
2025-08-20,黄金,GC=F,美元/金衡盎司,3310.60009765625,3343.5,3310.10009765625,3343.39990234375,1213,Yahoo Finance,2026-07-18T11:20:08.770899+00:00
2025-08-21,白银,SI=F,美元/金衡盎司,38.027000427246094,38.027000427246094,38.027000427246094,38.027000427246094,28,Yahoo Finance,2026-07-18T11:20:08.770899+00:00
2025-08-21,铜,HG=F,美元/磅,4.438499927520752,4.440000057220459,4.429500102996826,4.43149995803833,821,Yahoo Finance,2026-07-18T11:20:08.770899+00:00
2025-08-21,黄金,GC=F,美元/金衡盎司,3349.39990234375,3349.39990234375,3326.5,3336.89990234375,142,Yahoo Finance,2026-07-18T11:20:08.770899+00:00
2025-08-22,白银,SI=F,美元/金衡盎司,39.00299835205078,39.00299835205078,39.00299835205078,39.00299835205078,2,Yahoo Finance,2026-07-18T11:20:08.770899+00:00
2025-08-22,铜,HG=F,美元/磅,4.447000026702881,4.447999954223633,4.446499824523926,4.447500228881836,939,Yahoo Finance,2026-07-18T11:20:08.770899+00:00
2025-08-22,黄金,GC=F,美元/金衡盎司,3349.39990234375,3377.699951171875,3349.39990234375,3374.39990234375,1240,Yahoo Finance,2026-07-18T11:20:08.770899+00:00
2025-08-25,白银,SI=F,美元/金衡盎司,38.76499938964844,38.790000915527344,38.5099983215332,38.676998138427734,344,Yahoo Finance,2026-07-18T11:20:08.770899+00:00
2025-08-25,铜,HG=F,美元/磅,4.4730000495910645,4.473499774932861,4.466000080108643,4.4664998054504395,945,Yahoo Finance,2026-07-18T11:20:08.770899+00:00
2025-08-25,黄金,GC=F,美元/金衡盎司,3366.0,3378.0,3366.0,3373.800048828125,1044,Yahoo Finance,2026-07-18T11:20:08.770899+00:00
2025-08-26,白银,SI=F,美元/金衡盎司,38.525001525878906,38.582000732421875,38.525001525878906,38.582000732421875,78,Yahoo Finance,2026-07-18T11:20:08.770899+00:00
2025-08-26,铜,HG=F,美元/磅,4.453499794006348,4.453499794006348,4.450500011444092,4.450500011444092,528,Yahoo Finance,2026-07-18T11:20:08.770899+00:00
2025-08-26,黄金,GC=F,美元/金衡盎司,3378.89990234375,3396.5,3371.10009765625,3388.60009765625,905,Yahoo Finance,2026-07-18T11:20:08.770899+00:00
2025-08-27,白银,SI=F,美元/金衡盎司,38.68899917602539,38.68899917602539,38.68899917602539,38.68899917602539,38378,Yahoo Finance,2026-07-18T11:20:08.770899+00:00
2025-08-27,铜,HG=F,美元/磅,4.4145002365112305,4.4145002365112305,4.4145002365112305,4.4145002365112305,20198,Yahoo Finance,2026-07-18T11:20:08.770899+00:00
2025-08-27,黄金,GC=F,美元/金衡盎司,3397.0,3404.60009765625,3382.0,3404.60009765625,3222,Yahoo Finance,2026-07-18T11:20:08.770899+00:00
2025-08-28,白银,SI=F,美元/金衡盎司,38.689998626708984,39.334999084472656,38.68000030517578,39.189998626708984,5603,Yahoo Finance,2026-07-18T11:20:08.770899+00:00
2025-08-28,铜,HG=F,美元/磅,4.424499988555908,4.478000164031982,4.40749979019165,4.463500022888184,7819,Yahoo Finance,2026-07-18T11:20:08.770899+00:00
2025-08-28,黄金,GC=F,美元/金衡盎司,3409.0,3434.60009765625,3400.0,3431.800048828125,1035,Yahoo Finance,2026-07-18T11:20:08.770899+00:00
2025-08-29,白银,SI=F,美元/金衡盎司,39.154998779296875,40.30500030517578,38.904998779296875,40.20000076293945,0,Yahoo Finance,2026-07-18T11:20:08.770899+00:00
2025-08-29,铜,HG=F,美元/磅,4.4664998054504395,4.521999835968018,4.4664998054504395,4.518499851226807,0,Yahoo Finance,2026-07-18T11:20:08.770899+00:00
2025-08-29,黄金,GC=F,美元/金衡盎司,3432.5,3475.60009765625,3426.60009765625,3473.699951171875,0,Yahoo Finance,2026-07-18T11:20:08.770899+00:00
2025-09-02,白银,SI=F,美元/金衡盎司,40.185001373291016,41.34000015258789,40.185001373291016,41.07099914550781,820,Yahoo Finance,2026-07-18T11:20:08.770899+00:00
2025-09-02,铜,HG=F,美元/磅,4.520500183105469,4.570000171661377,4.49399995803833,4.569499969482422,1397,Yahoo Finance,2026-07-18T11:20:08.770899+00:00
2025-09-02,黄金,GC=F,美元/金衡盎司,3485.699951171875,3559.199951171875,3485.699951171875,3549.39990234375,658,Yahoo Finance,2026-07-18T11:20:08.770899+00:00
2025-09-03,白银,SI=F,美元/金衡盎司,41.150001525878906,41.71500015258789,41.01499938964844,41.54199981689453,409,Yahoo Finance,2026-07-18T11:20:08.770899+00:00
2025-09-03,铜,HG=F,美元/磅,4.572500228881836,4.590000152587891,4.5335001945495605,4.558499813079834,1166,Yahoo Finance,2026-07-18T11:20:08.770899+00:00
2025-09-03,黄金,GC=F,美元/金衡盎司,3554.800048828125,3593.699951171875,3553.199951171875,3593.199951171875,72,Yahoo Finance,2026-07-18T11:20:08.770899+00:00
2025-09-04,白银,SI=F,美元/金衡盎司,41.029998779296875,41.05500030517578,40.79999923706055,40.9109992980957,249,Yahoo Finance,2026-07-18T11:20:08.770899+00:00
2025-09-04,铜,HG=F,美元/磅,4.498000144958496,4.507500171661377,4.487500190734863,4.48799991607666,881,Yahoo Finance,2026-07-18T11:20:08.770899+00:00
2025-09-04,黄金,GC=F,美元/金衡盎司,3549.89990234375,3573.60009765625,3549.89990234375,3565.800048828125,237,Yahoo Finance,2026-07-18T11:20:08.770899+00:00
2025-09-05,白银,SI=F,美元/金衡盎司,40.959999084472656,41.53499984741211,40.869998931884766,41.07400131225586,835,Yahoo Finance,2026-07-18T11:20:08.770899+00:00
2025-09-05,铜,HG=F,美元/磅,4.521500110626221,4.521500110626221,4.4720001220703125,4.482500076293945,859,Yahoo Finance,2026-07-18T11:20:08.770899+00:00
2025-09-05,黄金,GC=F,美元/金衡盎司,3567.800048828125,3613.199951171875,3567.800048828125,3613.199951171875,925,Yahoo Finance,2026-07-18T11:20:08.770899+00:00
2025-09-08,白银,SI=F,美元/金衡盎司,41.150001525878906,41.779998779296875,41.150001525878906,41.42599868774414,531,Yahoo Finance,2026-07-18T11:20:08.770899+00:00
2025-09-08,铜,HG=F,美元/磅,4.482999801635742,4.499000072479248,4.482999801635742,4.490499973297119,888,Yahoo Finance,2026-07-18T11:20:08.770899+00:00
2025-09-08,黄金,GC=F,美元/金衡盎司,3594.5,3641.0,3590.0,3638.10009765625,97,Yahoo Finance,2026-07-18T11:20:08.770899+00:00
2025-09-09,白银,SI=F,美元/金衡盎司,41.56999969482422,41.56999969482422,40.87799835205078,40.87799835205078,359,Yahoo Finance,2026-07-18T11:20:08.770899+00:00
2025-09-09,铜,HG=F,美元/磅,4.511499881744385,4.51200008392334,4.484000205993652,4.500999927520752,1354,Yahoo Finance,2026-07-18T11:20:08.770899+00:00
2025-09-09,黄金,GC=F,美元/金衡盎司,3647.10009765625,3670.39990234375,3627.800048828125,3643.300048828125,535,Yahoo Finance,2026-07-18T11:20:08.770899+00:00
2025-09-10,白银,SI=F,美元/金衡盎司,41.132999420166016,41.132999420166016,41.132999420166016,41.132999420166016,350,Yahoo Finance,2026-07-18T11:20:08.770899+00:00
2025-09-10,铜,HG=F,美元/磅,4.503499984741211,4.553999900817871,4.502500057220459,4.550000190734863,1052,Yahoo Finance,2026-07-18T11:20:08.770899+00:00
2025-09-10,黄金,GC=F,美元/金衡盎司,3625.0,3655.39990234375,3620.800048828125,3643.60009765625,136,Yahoo Finance,2026-07-18T11:20:08.770899+00:00
2025-09-11,白银,SI=F,美元/金衡盎司,41.35499954223633,41.7400016784668,41.349998474121094,41.696998596191406,538,Yahoo Finance,2026-07-18T11:20:08.770899+00:00
2025-09-11,铜,HG=F,美元/磅,4.550000190734863,4.610000133514404,4.534999847412109,4.5904998779296875,1044,Yahoo Finance,2026-07-18T11:20:08.770899+00:00
2025-09-11,黄金,GC=F,美元/金衡盎司,3632.89990234375,3636.89990234375,3618.39990234375,3636.89990234375,307,Yahoo Finance,2026-07-18T11:20:08.770899+00:00
2025-09-12,白银,SI=F,美元/金衡盎司,41.599998474121094,42.387001037597656,41.599998474121094,42.387001037597656,18,Yahoo Finance,2026-07-18T11:20:08.770899+00:00
2025-09-12,铜,HG=F,美元/磅,4.589000225067139,4.593500137329102,4.581500053405762,4.588500022888184,883,Yahoo Finance,2026-07-18T11:20:08.770899+00:00
2025-09-12,黄金,GC=F,美元/金衡盎司,3655.5,3656.800048828125,3643.0,3649.39990234375,1300,Yahoo Finance,2026-07-18T11:20:08.770899+00:00
2025-09-15,白银,SI=F,美元/金衡盎司,42.209999084472656,42.58000183105469,42.209999084472656,42.516998291015625,48,Yahoo Finance,2026-07-18T11:20:08.770899+00:00
2025-09-15,铜,HG=F,美元/磅,4.599999904632568,4.66349983215332,4.5929999351501465,4.6554999351501465,491,Yahoo Finance,2026-07-18T11:20:08.770899+00:00
2025-09-15,黄金,GC=F,美元/金衡盎司,3640.0,3686.39990234375,3635.10009765625,3682.199951171875,210,Yahoo Finance,2026-07-18T11:20:08.770899+00:00
2025-09-16,白银,SI=F,美元/金衡盎司,42.47100067138672,42.47100067138672,42.435001373291016,42.47100067138672,894,Yahoo Finance,2026-07-18T11:20:08.770899+00:00
2025-09-16,铜,HG=F,美元/磅,4.635000228881836,4.636000156402588,4.630000114440918,4.632999897003174,651,Yahoo Finance,2026-07-18T11:20:08.770899+00:00
2025-09-16,黄金,GC=F,美元/金衡盎司,3681.39990234375,3698.60009765625,3681.39990234375,3688.89990234375,373,Yahoo Finance,2026-07-18T11:20:08.770899+00:00
2025-09-17,白银,SI=F,美元/金衡盎司,41.88999938964844,41.935001373291016,41.72200012207031,41.72200012207031,311,Yahoo Finance,2026-07-18T11:20:08.770899+00:00
2025-09-17,铜,HG=F,美元/磅,4.570000171661377,4.5879998207092285,4.547500133514404,4.571000099182129,950,Yahoo Finance,2026-07-18T11:20:08.770899+00:00
2025-09-17,黄金,GC=F,美元/金衡盎司,3669.0,3685.199951171875,3661.60009765625,3681.800048828125,183,Yahoo Finance,2026-07-18T11:20:08.770899+00:00
2025-09-18,白银,SI=F,美元/金衡盎司,41.70000076293945,41.709999084472656,41.494998931884766,41.707000732421875,156,Yahoo Finance,2026-07-18T11:20:08.770899+00:00
2025-09-18,铜,HG=F,美元/磅,4.559500217437744,4.5625,4.521500110626221,4.540999889373779,837,Yahoo Finance,2026-07-18T11:20:08.770899+00:00
2025-09-18,黄金,GC=F,美元/金衡盎司,3654.60009765625,3667.39990234375,3637.0,3643.699951171875,80,Yahoo Finance,2026-07-18T11:20:08.770899+00:00
2025-09-19,白银,SI=F,美元/金衡盎司,41.915000915527344,42.8650016784668,41.814998626708984,42.5359992980957,625,Yahoo Finance,2026-07-18T11:20:08.770899+00:00
2025-09-19,铜,HG=F,美元/磅,4.544000148773193,4.572500228881836,4.544000148773193,4.568999767303467,653,Yahoo Finance,2026-07-18T11:20:08.770899+00:00
2025-09-19,黄金,GC=F,美元/金衡盎司,3659.0,3685.89990234375,3658.199951171875,3671.5,211,Yahoo Finance,2026-07-18T11:20:08.770899+00:00
2025-09-22,白银,SI=F,美元/金衡盎司,43.66999816894531,43.91999816894531,43.29999923706055,43.79899978637695,179,Yahoo Finance,2026-07-18T11:20:08.770899+00:00
2025-09-22,铜,HG=F,美元/磅,4.572500228881836,4.587500095367432,4.570499897003174,4.572999954223633,830,Yahoo Finance,2026-07-18T11:20:08.770899+00:00
2025-09-22,黄金,GC=F,美元/金衡盎司,3688.199951171875,3748.199951171875,3688.0,3740.699951171875,410,Yahoo Finance,2026-07-18T11:20:08.770899+00:00
2025-09-23,白银,SI=F,美元/金衡盎司,43.900001525878906,44.29999923706055,43.70000076293945,44.19200134277344,400,Yahoo Finance,2026-07-18T11:20:08.770899+00:00
2025-09-23,铜,HG=F,美元/磅,4.570000171661377,4.586999893188477,4.570000171661377,4.584499835968018,1072,Yahoo Finance,2026-07-18T11:20:08.770899+00:00
2025-09-23,黄金,GC=F,美元/金衡盎司,3747.0,3786.0,3740.0,3780.60009765625,627,Yahoo Finance,2026-07-18T11:20:08.770899+00:00
2025-09-24,白银,SI=F,美元/金衡盎司,44.11000061035156,44.185001373291016,43.70000076293945,43.777000427246094,174,Yahoo Finance,2026-07-18T11:20:08.770899+00:00
2025-09-24,铜,HG=F,美元/磅,4.581999778747559,4.766499996185303,4.558499813079834,4.752500057220459,1961,Yahoo Finance,2026-07-18T11:20:08.770899+00:00
2025-09-24,黄金,GC=F,美元/金衡盎司,3769.800048828125,3772.5,3732.10009765625,3732.10009765625,588,Yahoo Finance,2026-07-18T11:20:08.770899+00:00
2025-09-25,白银,SI=F,美元/金衡盎司,43.790000915527344,45.0,43.78499984741211,44.696998596191406,199,Yahoo Finance,2026-07-18T11:20:08.770899+00:00
2025-09-25,铜,HG=F,美元/磅,4.743000030517578,4.743000030517578,4.699999809265137,4.699999809265137,1220,Yahoo Finance,2026-07-18T11:20:08.770899+00:00
2025-09-25,黄金,GC=F,美元/金衡盎司,3742.800048828125,3756.0,3724.699951171875,3736.89990234375,1899,Yahoo Finance,2026-07-18T11:20:08.770899+00:00
2025-09-26,白银,SI=F,美元/金衡盎司,44.875,46.22100067138672,44.869998931884766,46.22100067138672,556,Yahoo Finance,2026-07-18T11:20:08.770899+00:00
2025-09-26,铜,HG=F,美元/磅,4.677000045776367,4.7154998779296875,4.66949987411499,4.7154998779296875,1901,Yahoo Finance,2026-07-18T11:20:08.770899+00:00
2025-09-26,黄金,GC=F,美元/金衡盎司,3775.300048828125,3775.300048828125,3775.300048828125,3775.300048828125,19308,Yahoo Finance,2026-07-18T11:20:08.770899+00:00
2025-09-29,白银,SI=F,美元/金衡盎司,46.13999938964844,46.875,46.09000015258789,46.61199951171875,622,Yahoo Finance,2026-07-18T11:20:08.770899+00:00
2025-09-29,铜,HG=F,美元/磅,4.708499908447266,4.8420000076293945,4.708499908447266,4.841000080108643,2748,Yahoo Finance,2026-07-18T11:20:08.770899+00:00
2025-09-29,黄金,GC=F,美元/金衡盎司,3754.800048828125,3827.60009765625,3754.800048828125,3820.89990234375,8860,Yahoo Finance,2026-07-18T11:20:08.770899+00:00
2025-09-30,白银,SI=F,美元/金衡盎司,46.935001373291016,46.959999084472656,45.96500015258789,46.25299835205078,338,Yahoo Finance,2026-07-18T11:20:08.770899+00:00
2025-09-30,铜,HG=F,美元/磅,4.795499801635742,4.828000068664551,4.7779998779296875,4.804999828338623,1426,Yahoo Finance,2026-07-18T11:20:08.770899+00:00
2025-09-30,黄金,GC=F,美元/金衡盎司,3827.5,3865.5,3793.39990234375,3840.800048828125,1611,Yahoo Finance,2026-07-18T11:20:08.770899+00:00
2025-10-01,白银,SI=F,美元/金衡盎司,47.345001220703125,47.5099983215332,46.790000915527344,47.290000915527344,125,Yahoo Finance,2026-07-18T11:20:08.770899+00:00
2025-10-01,铜,HG=F,美元/磅,4.811500072479248,4.84250020980835,4.7820000648498535,4.83050012588501,755,Yahoo Finance,2026-07-18T11:20:08.770899+00:00
2025-10-01,黄金,GC=F,美元/金衡盎司,3863.5,3891.89990234375,3853.300048828125,3867.5,1778,Yahoo Finance,2026-07-18T11:20:08.770899+00:00
2025-10-02,白银,SI=F,美元/金衡盎司,46.970001220703125,47.244998931884766,45.3849983215332,46.0,509,Yahoo Finance,2026-07-18T11:20:08.770899+00:00
2025-10-02,铜,HG=F,美元/磅,4.84250020980835,4.918499946594238,4.84250020980835,4.8979997634887695,1055,Yahoo Finance,2026-07-18T11:20:08.770899+00:00
2025-10-02,黄金,GC=F,美元/金衡盎司,3856.199951171875,3888.60009765625,3823.699951171875,3839.699951171875,3418,Yahoo Finance,2026-07-18T11:20:08.770899+00:00
2025-10-03,白银,SI=F,美元/金衡盎司,47.59700012207031,47.59700012207031,47.59700012207031,47.59700012207031,53,Yahoo Finance,2026-07-18T11:20:08.770899+00:00
2025-10-03,铜,HG=F,美元/磅,4.954999923706055,5.061999797821045,4.954999923706055,5.058000087738037,995,Yahoo Finance,2026-07-18T11:20:08.770899+00:00
2025-10-03,黄金,GC=F,美元/金衡盎司,3855.199951171875,3886.800048828125,3853.699951171875,3880.800048828125,392,Yahoo Finance,2026-07-18T11:20:08.770899+00:00
2025-10-06,白银,SI=F,美元/金衡盎司,47.89500045776367,48.082000732421875,47.89500045776367,48.082000732421875,60,Yahoo Finance,2026-07-18T11:20:08.770899+00:00
2025-10-06,铜,HG=F,美元/磅,5.002500057220459,5.002500057220459,4.980500221252441,4.986999988555908,1007,Yahoo Finance,2026-07-18T11:20:08.770899+00:00
2025-10-06,黄金,GC=F,美元/金衡盎司,3931.300048828125,3960.0,3926.800048828125,3948.5,1267,Yahoo Finance,2026-07-18T11:20:08.770899+00:00
2025-10-07,白银,SI=F,美元/金衡盎司,47.41999816894531,47.849998474121094,47.029998779296875,47.17900085449219,708,Yahoo Finance,2026-07-18T11:20:08.770899+00:00
2025-10-07,铜,HG=F,美元/磅,5.067500114440918,5.074999809265137,5.0395002365112305,5.047999858856201,731,Yahoo Finance,2026-07-18T11:20:08.770899+00:00
2025-10-07,黄金,GC=F,美元/金衡盎司,3959.39990234375,3981.5,3940.0,3976.60009765625,2903,Yahoo Finance,2026-07-18T11:20:08.770899+00:00
2025-10-08,白银,SI=F,美元/金衡盎司,47.88999938964844,48.65599822998047,47.88999938964844,48.65599822998047,149,Yahoo Finance,2026-07-18T11:20:08.770899+00:00
2025-10-08,铜,HG=F,美元/磅,5.04449987411499,5.058499813079834,5.019000053405762,5.046000003814697,685,Yahoo Finance,2026-07-18T11:20:08.770899+00:00
2025-10-08,黄金,GC=F,美元/金衡盎司,3987.199951171875,4049.199951171875,3987.199951171875,4043.300048828125,2179,Yahoo Finance,2026-07-18T11:20:08.770899+00:00
2025-10-09,白银,SI=F,美元/金衡盎司,47.92499923706055,49.4900016784668,46.73500061035156,46.849998474121094,1568,Yahoo Finance,2026-07-18T11:20:08.770899+00:00
2025-10-09,铜,HG=F,美元/磅,5.05649995803833,5.114999771118164,5.050000190734863,5.075500011444092,913,Yahoo Finance,2026-07-18T11:20:08.770899+00:00
2025-10-09,黄金,GC=F,美元/金衡盎司,4011.199951171875,4046.199951171875,3940.0,3946.300048828125,3130,Yahoo Finance,2026-07-18T11:20:08.770899+00:00
2025-10-10,白银,SI=F,美元/金衡盎司,46.93000030517578,48.290000915527344,46.93000030517578,46.9379997253418,453,Yahoo Finance,2026-07-18T11:20:08.770899+00:00
2025-10-10,铜,HG=F,美元/磅,5.116000175476074,5.116000175476074,4.834000110626221,4.848499774932861,960,Yahoo Finance,2026-07-18T11:20:08.770899+00:00
2025-10-10,黄金,GC=F,美元/金衡盎司,3957.0,4012.0,3945.5,3975.89990234375,1697,Yahoo Finance,2026-07-18T11:20:08.770899+00:00
2025-10-13,白银,SI=F,美元/金衡盎司,49.34000015258789,50.494998931884766,49.34000015258789,50.130001068115234,453,Yahoo Finance,2026-07-18T11:20:08.770899+00:00
2025-10-13,铜,HG=F,美元/磅,5.067999839782715,5.100500106811523,5.066999912261963,5.100500106811523,960,Yahoo Finance,2026-07-18T11:20:08.770899+00:00
2025-10-13,黄金,GC=F,美元/金衡盎司,4016.0,4111.0,4016.0,4108.60009765625,1697,Yahoo Finance,2026-07-18T11:20:08.770899+00:00
2025-10-14,白银,SI=F,美元/金衡盎司,51.2599983215332,51.98500061035156,48.53499984741211,50.31399917602539,249,Yahoo Finance,2026-07-18T11:20:08.770899+00:00
2025-10-14,铜,HG=F,美元/磅,4.912499904632568,4.987500190734863,4.912499904632568,4.980500221252441,551,Yahoo Finance,2026-07-18T11:20:08.770899+00:00
2025-10-14,黄金,GC=F,美元/金衡盎司,4131.7001953125,4160.10009765625,4085.800048828125,4138.7001953125,2424,Yahoo Finance,2026-07-18T11:20:08.770899+00:00
2025-10-15,白银,SI=F,美元/金衡盎司,50.939998626708984,51.57500076293945,50.845001220703125,51.073001861572266,102,Yahoo Finance,2026-07-18T11:20:08.770899+00:00
2025-10-15,铜,HG=F,美元/磅,4.990499973297119,4.990499973297119,4.919000148773193,4.9720001220703125,1056,Yahoo Finance,2026-07-18T11:20:08.770899+00:00
2025-10-15,黄金,GC=F,美元/金衡盎司,4145.0,4210.60009765625,4145.0,4176.89990234375,3287,Yahoo Finance,2026-07-18T11:20:08.770899+00:00
2025-10-16,白银,SI=F,美元/金衡盎司,52.5099983215332,53.10499954223633,51.78499984741211,53.02299880981445,356,Yahoo Finance,2026-07-18T11:20:08.770899+00:00
2025-10-16,铜,HG=F,美元/磅,4.929500102996826,4.958000183105469,4.909999847412109,4.958000183105469,615,Yahoo Finance,2026-07-18T11:20:08.770899+00:00
2025-10-16,黄金,GC=F,美元/金衡盎司,4198.7998046875,4307.0,4196.60009765625,4280.2001953125,4705,Yahoo Finance,2026-07-18T11:20:08.770899+00:00
2025-10-17,白银,SI=F,美元/金衡盎司,53.21500015258789,53.34000015258789,49.64500045776367,49.86399841308594,400,Yahoo Finance,2026-07-18T11:20:08.770899+00:00
2025-10-17,铜,HG=F,美元/磅,4.954999923706055,4.959000110626221,4.93149995803833,4.93149995803833,686,Yahoo Finance,2026-07-18T11:20:08.770899+00:00
2025-10-17,黄金,GC=F,美元/金衡盎司,4354.7001953125,4358.0,4182.2001953125,4189.89990234375,4060,Yahoo Finance,2026-07-18T11:20:08.770899+00:00
2025-10-20,白银,SI=F,美元/金衡盎司,50.415000915527344,51.43000030517578,50.13999938964844,51.11899948120117,652,Yahoo Finance,2026-07-18T11:20:08.770899+00:00
2025-10-20,铜,HG=F,美元/磅,4.984000205993652,5.003499984741211,4.984000205993652,4.998000144958496,560,Yahoo Finance,2026-07-18T11:20:08.770899+00:00
2025-10-20,黄金,GC=F,美元/金衡盎司,4244.10009765625,4356.60009765625,4214.60009765625,4336.39990234375,1750,Yahoo Finance,2026-07-18T11:20:08.770899+00:00
2025-10-21,白银,SI=F,美元/金衡盎司,50.80500030517578,50.80500030517578,47.415000915527344,47.45000076293945,329,Yahoo Finance,2026-07-18T11:20:08.770899+00:00
2025-10-21,铜,HG=F,美元/磅,4.940000057220459,4.940000057220459,4.920000076293945,4.929999828338623,674,Yahoo Finance,2026-07-18T11:20:08.770899+00:00
2025-10-21,黄金,GC=F,美元/金衡盎司,4332.7001953125,4332.7001953125,4087.699951171875,4087.699951171875,2943,Yahoo Finance,2026-07-18T11:20:08.770899+00:00
2025-10-22,白银,SI=F,美元/金衡盎司,47.88999938964844,48.1150016784668,47.220001220703125,47.46099853515625,347,Yahoo Finance,2026-07-18T11:20:08.770899+00:00
2025-10-22,铜,HG=F,美元/磅,4.90500020980835,4.9720001220703125,4.9045000076293945,4.960999965667725,613,Yahoo Finance,2026-07-18T11:20:08.770899+00:00
2025-10-22,黄金,GC=F,美元/金衡盎司,4109.7001953125,4148.5,4006.0,4044.39990234375,1237,Yahoo Finance,2026-07-18T11:20:08.770899+00:00
2025-10-23,白银,SI=F,美元/金衡盎司,48.470001220703125,48.90999984741211,48.459999084472656,48.481998443603516,507,Yahoo Finance,2026-07-18T11:20:08.770899+00:00
2025-10-23,铜,HG=F,美元/磅,4.966000080108643,5.081999778747559,4.9654998779296875,5.081999778747559,403,Yahoo Finance,2026-07-18T11:20:08.770899+00:00
2025-10-23,黄金,GC=F,美元/金衡盎司,4078.39990234375,4136.7998046875,4070.699951171875,4125.5,354,Yahoo Finance,2026-07-18T11:20:08.770899+00:00
2025-10-24,白银,SI=F,美元/金衡盎司,47.42499923706055,48.43000030517578,47.42499923706055,48.37699890136719,270,Yahoo Finance,2026-07-18T11:20:08.770899+00:00
2025-10-24,铜,HG=F,美元/磅,5.093999862670898,5.0945000648498535,5.09250020980835,5.093500137329102,368,Yahoo Finance,2026-07-18T11:20:08.770899+00:00
2025-10-24,黄金,GC=F,美元/金衡盎司,4117.5,4120.60009765625,4074.89990234375,4118.39990234375,123,Yahoo Finance,2026-07-18T11:20:08.770899+00:00
2025-10-27,白银,SI=F,美元/金衡盎司,47.810001373291016,47.810001373291016,45.845001220703125,46.5620002746582,161,Yahoo Finance,2026-07-18T11:20:08.770899+00:00
2025-10-27,铜,HG=F,美元/磅,5.1875,5.19950008392334,5.10699987411499,5.140500068664551,421,Yahoo Finance,2026-07-18T11:20:08.770899+00:00
2025-10-27,黄金,GC=F,美元/金衡盎司,4060.0,4078.60009765625,3971.300048828125,4001.89990234375,220,Yahoo Finance,2026-07-18T11:20:08.770899+00:00
2025-10-28,白银,SI=F,美元/金衡盎司,46.32500076293945,47.125,46.32500076293945,47.125,59,Yahoo Finance,2026-07-18T11:20:08.770899+00:00
2025-10-28,铜,HG=F,美元/磅,5.079999923706055,5.142000198364258,5.079999923706055,5.140500068664551,670,Yahoo Finance,2026-07-18T11:20:08.770899+00:00
2025-10-28,黄金,GC=F,美元/金衡盎司,3929.699951171875,3966.199951171875,3923.60009765625,3966.199951171875,219,Yahoo Finance,2026-07-18T11:20:08.770899+00:00
2025-10-29,白银,SI=F,美元/金衡盎司,47.72100067138672,47.72100067138672,47.72100067138672,47.72100067138672,545,Yahoo Finance,2026-07-18T11:20:08.770899+00:00
2025-10-29,铜,HG=F,美元/磅,5.19950008392334,5.233500003814697,5.198999881744385,5.233500003814697,2276,Yahoo Finance,2026-07-18T11:20:08.770899+00:00
2025-10-29,黄金,GC=F,美元/金衡盎司,3983.699951171875,3983.699951171875,3983.699951171875,3983.699951171875,1344,Yahoo Finance,2026-07-18T11:20:08.770899+00:00
2025-10-30,白银,SI=F,美元/金衡盎司,47.540000915527344,48.61000061035156,47.1349983215332,48.428001403808594,370,Yahoo Finance,2026-07-18T11:20:08.770899+00:00
2025-10-30,铜,HG=F,美元/磅,5.174499988555908,5.184000015258789,5.0295000076293945,5.078000068664551,2249,Yahoo Finance,2026-07-18T11:20:08.770899+00:00
2025-10-30,黄金,GC=F,美元/金衡盎司,3960.0,4027.199951171875,3913.699951171875,4001.300048828125,935,Yahoo Finance,2026-07-18T11:20:08.770899+00:00
2025-10-31,白银,SI=F,美元/金衡盎司,48.439998626708984,48.68000030517578,47.99399948120117,47.99399948120117,484,Yahoo Finance,2026-07-18T11:20:08.770899+00:00
2025-10-31,铜,HG=F,美元/磅,5.078499794006348,5.0995001792907715,5.061500072479248,5.065499782562256,982,Yahoo Finance,2026-07-18T11:20:08.770899+00:00
2025-10-31,黄金,GC=F,美元/金衡盎司,4034.5,4034.5,3976.60009765625,3982.199951171875,559,Yahoo Finance,2026-07-18T11:20:08.770899+00:00
2025-11-03,白银,SI=F,美元/金衡盎司,47.82500076293945,48.349998474121094,47.82500076293945,47.88800048828125,0,Yahoo Finance,2026-07-18T11:20:08.770899+00:00
2025-11-03,铜,HG=F,美元/磅,5.0879998207092285,5.088500022888184,5.027500152587891,5.046999931335449,0,Yahoo Finance,2026-07-18T11:20:08.770899+00:00
2025-11-03,黄金,GC=F,美元/金衡盎司,3976.199951171875,4020.0,3959.0,4000.300048828125,0,Yahoo Finance,2026-07-18T11:20:08.770899+00:00
2025-11-04,白银,SI=F,美元/金衡盎司,46.92499923706055,47.130001068115234,46.80500030517578,47.130001068115234,115,Yahoo Finance,2026-07-18T11:20:08.770899+00:00
2025-11-04,铜,HG=F,美元/磅,4.91949987411499,4.939000129699707,4.91949987411499,4.926000118255615,590,Yahoo Finance,2026-07-18T11:20:08.770899+00:00
2025-11-04,黄金,GC=F,美元/金衡盎司,3994.199951171875,3995.39990234375,3927.39990234375,3947.699951171875,657,Yahoo Finance,2026-07-18T11:20:08.770899+00:00
2025-11-05,白银,SI=F,美元/金衡盎司,47.560001373291016,47.880001068115234,47.560001373291016,47.862998962402344,23,Yahoo Finance,2026-07-18T11:20:08.770899+00:00
2025-11-05,铜,HG=F,美元/磅,4.959000110626221,4.9664998054504395,4.959000110626221,4.9629998207092285,606,Yahoo Finance,2026-07-18T11:20:08.770899+00:00
2025-11-05,黄金,GC=F,美元/金衡盎司,3929.89990234375,3983.5,3929.89990234375,3980.300048828125,559,Yahoo Finance,2026-07-18T11:20:08.770899+00:00
2025-11-06,白银,SI=F,美元/金衡盎司,47.79399871826172,47.79399871826172,47.79399871826172,47.79399871826172,86,Yahoo Finance,2026-07-18T11:20:08.770899+00:00
2025-11-06,铜,HG=F,美元/磅,4.962500095367432,4.9629998207092285,4.936500072479248,4.945499897003174,946,Yahoo Finance,2026-07-18T11:20:08.770899+00:00
2025-11-06,黄金,GC=F,美元/金衡盎司,4004.0,4007.5,3979.89990234375,3979.89990234375,650,Yahoo Finance,2026-07-18T11:20:08.770899+00:00
2025-11-07,白银,SI=F,美元/金衡盎司,48.029998779296875,48.040000915527344,48.01499938964844,48.016998291015625,23,Yahoo Finance,2026-07-18T11:20:08.770899+00:00
2025-11-07,铜,HG=F,美元/磅,4.944499969482422,4.945000171661377,4.935500144958496,4.938000202178955,599,Yahoo Finance,2026-07-18T11:20:08.770899+00:00
2025-11-07,黄金,GC=F,美元/金衡盎司,3980.800048828125,3999.39990234375,3980.800048828125,3999.39990234375,245,Yahoo Finance,2026-07-18T11:20:08.770899+00:00
2025-11-10,白银,SI=F,美元/金衡盎司,49.5,50.176998138427734,49.5,50.176998138427734,91,Yahoo Finance,2026-07-18T11:20:08.770899+00:00
2025-11-10,铜,HG=F,美元/磅,5.015999794006348,5.0894999504089355,5.015999794006348,5.086999893188477,1048,Yahoo Finance,2026-07-18T11:20:08.770899+00:00
2025-11-10,黄金,GC=F,美元/金衡盎司,4060.0,4111.7998046875,4060.0,4111.7998046875,189,Yahoo Finance,2026-07-18T11:20:08.770899+00:00
2025-11-11,白银,SI=F,美元/金衡盎司,50.43000030517578,50.85499954223633,50.43000030517578,50.61800003051758,106,Yahoo Finance,2026-07-18T11:20:08.770899+00:00
2025-11-11,铜,HG=F,美元/磅,5.042500019073486,5.048500061035156,5.041999816894531,5.048500061035156,685,Yahoo Finance,2026-07-18T11:20:08.770899+00:00
2025-11-11,黄金,GC=F,美元/金衡盎司,4140.10009765625,4140.10009765625,4106.7998046875,4106.7998046875,569,Yahoo Finance,2026-07-18T11:20:08.770899+00:00
2025-11-12,白银,SI=F,美元/金衡盎司,51.25,53.5,51.25,53.332000732421875,20,Yahoo Finance,2026-07-18T11:20:08.770899+00:00
2025-11-12,铜,HG=F,美元/磅,5.043000221252441,5.126999855041504,5.0370001792907715,5.0894999504089355,656,Yahoo Finance,2026-07-18T11:20:08.770899+00:00
2025-11-12,黄金,GC=F,美元/金衡盎司,4115.60009765625,4204.39990234375,4102.89990234375,4204.39990234375,396,Yahoo Finance,2026-07-18T11:20:08.770899+00:00
2025-11-13,白银,SI=F,美元/金衡盎司,52.93000030517578,54.20000076293945,52.65999984741211,53.07400131225586,264,Yahoo Finance,2026-07-18T11:20:08.770899+00:00
2025-11-13,铜,HG=F,美元/磅,5.0995001792907715,5.104000091552734,5.038000106811523,5.087500095367432,795,Yahoo Finance,2026-07-18T11:20:08.770899+00:00
2025-11-13,黄金,GC=F,美元/金衡盎司,4228.7001953125,4228.7001953125,4163.7001953125,4186.89990234375,167,Yahoo Finance,2026-07-18T11:20:08.770899+00:00
2025-11-14,白银,SI=F,美元/金衡盎司,53.099998474121094,53.099998474121094,50.244998931884766,50.59000015258789,73,Yahoo Finance,2026-07-18T11:20:08.770899+00:00
2025-11-14,铜,HG=F,美元/磅,5.051000118255615,5.051000118255615,5.048500061035156,5.049499988555908,780,Yahoo Finance,2026-07-18T11:20:08.770899+00:00
2025-11-14,黄金,GC=F,美元/金衡盎司,4197.7001953125,4197.89990234375,4047.0,4087.60009765625,483,Yahoo Finance,2026-07-18T11:20:08.770899+00:00
2025-11-17,白银,SI=F,美元/金衡盎司,50.75,50.75,49.665000915527344,50.625,71,Yahoo Finance,2026-07-18T11:20:08.770899+00:00
2025-11-17,铜,HG=F,美元/磅,4.998000144958496,5.002500057220459,4.997499942779541,5.0,699,Yahoo Finance,2026-07-18T11:20:08.770899+00:00
2025-11-17,黄金,GC=F,美元/金衡盎司,4070.0,4099.5,4019.39990234375,4068.300048828125,1552,Yahoo Finance,2026-07-18T11:20:08.770899+00:00
2025-11-18,白银,SI=F,美元/金衡盎司,49.33000183105469,50.91999816894531,49.23500061035156,50.45000076293945,384,Yahoo Finance,2026-07-18T11:20:08.770899+00:00
2025-11-18,铜,HG=F,美元/磅,4.940000057220459,4.976500034332275,4.940000057220459,4.962500095367432,767,Yahoo Finance,2026-07-18T11:20:08.770899+00:00
2025-11-18,黄金,GC=F,美元/金衡盎司,4037.39990234375,4063.39990234375,4035.60009765625,4061.300048828125,1375,Yahoo Finance,2026-07-18T11:20:08.770899+00:00
2025-11-19,白银,SI=F,美元/金衡盎司,51.599998474121094,51.75,50.42499923706055,50.790000915527344,72,Yahoo Finance,2026-07-18T11:20:08.770899+00:00
2025-11-19,铜,HG=F,美元/磅,5.010000228881836,5.010499954223633,5.00600004196167,5.007999897003174,1148,Yahoo Finance,2026-07-18T11:20:08.770899+00:00
2025-11-19,黄金,GC=F,美元/金衡盎司,4086.10009765625,4122.7001953125,4072.0,4077.699951171875,486,Yahoo Finance,2026-07-18T11:20:08.770899+00:00
2025-11-20,白银,SI=F,美元/金衡盎司,50.349998474121094,50.349998474121094,50.005001068115234,50.24700164794922,10,Yahoo Finance,2026-07-18T11:20:08.770899+00:00
2025-11-20,铜,HG=F,美元/磅,4.980000019073486,4.998499870300293,4.940000057220459,4.959499835968018,969,Yahoo Finance,2026-07-18T11:20:08.770899+00:00
2025-11-20,黄金,GC=F,美元/金衡盎司,4045.0,4090.39990234375,4040.199951171875,4056.5,202,Yahoo Finance,2026-07-18T11:20:08.770899+00:00
2025-11-21,白银,SI=F,美元/金衡盎司,49.849998474121094,49.94499969482422,48.125,49.87300109863281,22,Yahoo Finance,2026-07-18T11:20:08.770899+00:00
2025-11-21,铜,HG=F,美元/磅,4.920000076293945,5.013000011444092,4.920000076293945,5.008500099182129,616,Yahoo Finance,2026-07-18T11:20:08.770899+00:00
2025-11-21,黄金,GC=F,美元/金衡盎司,4031.800048828125,4085.199951171875,4031.800048828125,4076.699951171875,171,Yahoo Finance,2026-07-18T11:20:08.770899+00:00
2025-11-24,白银,SI=F,美元/金衡盎司,49.595001220703125,50.29499816894531,49.595001220703125,50.29499816894531,35,Yahoo Finance,2026-07-18T11:20:08.770899+00:00
2025-11-24,铜,HG=F,美元/磅,4.973999977111816,4.974999904632568,4.956999778747559,4.961999893188477,1045,Yahoo Finance,2026-07-18T11:20:08.770899+00:00
2025-11-24,黄金,GC=F,美元/金衡盎司,4060.5,4091.89990234375,4060.5,4091.89990234375,591,Yahoo Finance,2026-07-18T11:20:08.770899+00:00
2025-11-25,白银,SI=F,美元/金衡盎司,50.845001220703125,51.130001068115234,50.814998626708984,50.933998107910156,49588,Yahoo Finance,2026-07-18T11:20:08.770899+00:00
2025-11-25,铜,HG=F,美元/磅,5.002999782562256,5.002999782562256,4.994999885559082,4.999499797821045,41200,Yahoo Finance,2026-07-18T11:20:08.770899+00:00
2025-11-25,黄金,GC=F,美元/金衡盎司,4139.2001953125,4139.2001953125,4139.2001953125,4139.2001953125,132704,Yahoo Finance,2026-07-18T11:20:08.770899+00:00
2025-11-26,白银,SI=F,美元/金衡盎司,51.10499954223633,53.095001220703125,50.959999084472656,52.91600036621094,14378,Yahoo Finance,2026-07-18T11:20:08.770899+00:00
2025-11-26,铜,HG=F,美元/磅,5.020500183105469,5.119999885559082,5.015999794006348,5.104499816894531,11335,Yahoo Finance,2026-07-18T11:20:08.770899+00:00
2025-11-26,黄金,GC=F,美元/金衡盎司,4128.60009765625,4171.0,4127.5,4165.2001953125,25088,Yahoo Finance,2026-07-18T11:20:08.770899+00:00
2025-11-28,白银,SI=F,美元/金衡盎司,53.07500076293945,56.45500183105469,52.54999923706055,56.44599914550781,2541,Yahoo Finance,2026-07-18T11:20:08.770899+00:00
2025-11-28,铜,HG=F,美元/磅,5.119500160217285,5.215000152587891,5.054999828338623,5.185500144958496,1349,Yahoo Finance,2026-07-18T11:20:08.770899+00:00
2025-11-28,黄金,GC=F,美元/金衡盎司,4163.39990234375,4223.89990234375,4140.0,4218.2998046875,3615,Yahoo Finance,2026-07-18T11:20:08.770899+00:00
2025-12-01,白银,SI=F,美元/金衡盎司,56.220001220703125,58.474998474121094,56.13999938964844,58.417999267578125,994,Yahoo Finance,2026-07-18T11:20:08.770899+00:00
2025-12-01,铜,HG=F,美元/磅,5.210000038146973,5.28000020980835,5.185999870300293,5.218999862670898,1396,Yahoo Finance,2026-07-18T11:20:08.770899+00:00
2025-12-01,黄金,GC=F,美元/金衡盎司,4218.5,4262.10009765625,4214.89990234375,4239.2998046875,913,Yahoo Finance,2026-07-18T11:20:08.770899+00:00
2025-12-02,白银,SI=F,美元/金衡盎司,57.66999816894531,58.459999084472656,56.58000183105469,57.983001708984375,392,Yahoo Finance,2026-07-18T11:20:08.770899+00:00
2025-12-02,铜,HG=F,美元/磅,5.173999786376953,5.227499961853027,5.1479997634887695,5.160999774932861,1740,Yahoo Finance,2026-07-18T11:20:08.770899+00:00
2025-12-02,黄金,GC=F,美元/金衡盎司,4230.5,4230.5,4167.0,4186.60009765625,366,Yahoo Finance,2026-07-18T11:20:08.770899+00:00
2025-12-03,白银,SI=F,美元/金衡盎司,58.78499984741211,58.900001525878906,57.650001525878906,57.92100143432617,264,Yahoo Finance,2026-07-18T11:20:08.770899+00:00
2025-12-03,铜,HG=F,美元/磅,5.1620001792907715,5.35099983215332,5.1620001792907715,5.308000087738037,1005,Yahoo Finance,2026-07-18T11:20:08.770899+00:00
2025-12-03,黄金,GC=F,美元/金衡盎司,4215.7001953125,4234.10009765625,4195.7001953125,4199.2998046875,1897,Yahoo Finance,2026-07-18T11:20:08.770899+00:00
2025-12-04,白银,SI=F,美元/金衡盎司,58.29999923706055,58.29999923706055,56.29999923706055,56.84700012207031,335,Yahoo Finance,2026-07-18T11:20:08.770899+00:00
2025-12-04,铜,HG=F,美元/磅,5.308000087738037,5.3125,5.232999801635742,5.291500091552734,1491,Yahoo Finance,2026-07-18T11:20:08.770899+00:00
2025-12-04,黄金,GC=F,美元/金衡盎司,4211.0,4211.7998046875,4175.0,4211.7998046875,616,Yahoo Finance,2026-07-18T11:20:08.770899+00:00
2025-12-05,白银,SI=F,美元/金衡盎司,56.834999084472656,58.470001220703125,56.834999084472656,58.422000885009766,284,Yahoo Finance,2026-07-18T11:20:08.770899+00:00
2025-12-05,铜,HG=F,美元/磅,5.281000137329102,5.400000095367432,5.269499778747559,5.381999969482422,949,Yahoo Finance,2026-07-18T11:20:08.770899+00:00
2025-12-05,黄金,GC=F,美元/金衡盎司,4204.10009765625,4255.7001953125,4194.5,4212.89990234375,533,Yahoo Finance,2026-07-18T11:20:08.770899+00:00
2025-12-08,白银,SI=F,美元/金衡盎司,58.209999084472656,58.34000015258789,57.52000045776367,57.77899932861328,518,Yahoo Finance,2026-07-18T11:20:08.770899+00:00
2025-12-08,铜,HG=F,美元/磅,5.373000144958496,5.376999855041504,5.316999912261963,5.364500045776367,621,Yahoo Finance,2026-07-18T11:20:08.770899+00:00
2025-12-08,黄金,GC=F,美元/金衡盎司,4205.5,4215.7998046875,4175.5,4187.2001953125,318,Yahoo Finance,2026-07-18T11:20:08.770899+00:00
2025-12-09,白银,SI=F,美元/金衡盎司,57.6150016784668,60.52000045776367,57.6150016784668,60.16899871826172,324,Yahoo Finance,2026-07-18T11:20:08.770899+00:00
2025-12-09,铜,HG=F,美元/磅,5.33650016784668,5.33650016784668,5.236999988555908,5.240499973297119,440,Yahoo Finance,2026-07-18T11:20:08.770899+00:00
2025-12-09,黄金,GC=F,美元/金衡盎司,4190.7001953125,4219.7001953125,4177.7001953125,4206.7001953125,660,Yahoo Finance,2026-07-18T11:20:08.770899+00:00
2025-12-10,白银,SI=F,美元/金衡盎司,60.56999969482422,61.529998779296875,60.1150016784668,60.37900161743164,462,Yahoo Finance,2026-07-18T11:20:08.770899+00:00
2025-12-10,铜,HG=F,美元/磅,5.247499942779541,5.323999881744385,5.247499942779541,5.2754998207092285,948,Yahoo Finance,2026-07-18T11:20:08.770899+00:00
2025-12-10,黄金,GC=F,美元/金衡盎司,4209.0,4234.5,4183.60009765625,4196.39990234375,692,Yahoo Finance,2026-07-18T11:20:08.770899+00:00
2025-12-11,白银,SI=F,美元/金衡盎司,61.974998474121094,63.92900085449219,61.875,63.92900085449219,408,Yahoo Finance,2026-07-18T11:20:08.770899+00:00
2025-12-11,铜,HG=F,美元/磅,5.334000110626221,5.438499927520752,5.328000068664551,5.427000045776367,990,Yahoo Finance,2026-07-18T11:20:08.770899+00:00
2025-12-11,黄金,GC=F,美元/金衡盎司,4224.0,4286.89990234375,4214.2998046875,4285.5,528,Yahoo Finance,2026-07-18T11:20:08.770899+00:00
2025-12-12,白银,SI=F,美元/金衡盎司,63.06999969482422,63.55500030517578,60.665000915527344,61.36199951171875,435,Yahoo Finance,2026-07-18T11:20:08.770899+00:00
2025-12-12,铜,HG=F,美元/磅,5.423999786376953,5.435500144958496,5.210000038146973,5.2835001945495605,1213,Yahoo Finance,2026-07-18T11:20:08.770899+00:00
2025-12-12,黄金,GC=F,美元/金衡盎司,4276.39990234375,4355.0,4260.0,4300.10009765625,1531,Yahoo Finance,2026-07-18T11:20:08.770899+00:00
2025-12-15,白银,SI=F,美元/金衡盎司,61.22999954223633,62.95000076293945,61.22999954223633,62.939998626708984,387,Yahoo Finance,2026-07-18T11:20:08.770899+00:00
2025-12-15,铜,HG=F,美元/磅,5.273499965667725,5.409999847412109,5.273499965667725,5.338500022888184,1068,Yahoo Finance,2026-07-18T11:20:08.770899+00:00
2025-12-15,黄金,GC=F,美元/金衡盎司,4308.2998046875,4349.2001953125,4292.89990234375,4306.7001953125,854,Yahoo Finance,2026-07-18T11:20:08.770899+00:00
2025-12-16,白银,SI=F,美元/金衡盎司,62.665000915527344,63.0,62.540000915527344,62.70000076293945,70,Yahoo Finance,2026-07-18T11:20:08.770899+00:00
2025-12-16,铜,HG=F,美元/磅,5.269999980926514,5.306000232696533,5.269999980926514,5.2870001792907715,798,Yahoo Finance,2026-07-18T11:20:08.770899+00:00
2025-12-16,黄金,GC=F,美元/金衡盎司,4270.5,4321.39990234375,4270.5,4304.5,1796,Yahoo Finance,2026-07-18T11:20:08.770899+00:00
2025-12-17,白银,SI=F,美元/金衡盎司,65.27999877929688,66.4749984741211,65.08999633789062,66.23699951171875,233,Yahoo Finance,2026-07-18T11:20:08.770899+00:00
2025-12-17,铜,HG=F,美元/磅,5.315000057220459,5.368000030517578,5.315000057220459,5.363500118255615,1289,Yahoo Finance,2026-07-18T11:20:08.770899+00:00
2025-12-17,黄金,GC=F,美元/金衡盎司,4308.5,4351.39990234375,4308.5,4347.5,2169,Yahoo Finance,2026-07-18T11:20:08.770899+00:00
2025-12-18,白银,SI=F,美元/金衡盎司,65.7750015258789,65.7750015258789,64.27999877929688,64.59200286865234,118,Yahoo Finance,2026-07-18T11:20:08.770899+00:00
2025-12-18,铜,HG=F,美元/磅,5.322000026702881,5.386000156402588,5.322000026702881,5.366499900817871,860,Yahoo Finance,2026-07-18T11:20:08.770899+00:00
2025-12-18,黄金,GC=F,美元/金衡盎司,4331.0,4348.10009765625,4328.2001953125,4339.5,705,Yahoo Finance,2026-07-18T11:20:08.770899+00:00
2025-12-19,白银,SI=F,美元/金衡盎司,66.49500274658203,66.84500122070312,66.48500061035156,66.84500122070312,144,Yahoo Finance,2026-07-18T11:20:08.770899+00:00
2025-12-19,铜,HG=F,美元/磅,5.431000232696533,5.468999862670898,5.425000190734863,5.439499855041504,703,Yahoo Finance,2026-07-18T11:20:08.770899+00:00
2025-12-19,黄金,GC=F,美元/金衡盎司,4350.10009765625,4361.39990234375,4350.10009765625,4361.39990234375,1065,Yahoo Finance,2026-07-18T11:20:08.770899+00:00
2025-12-22,白银,SI=F,美元/金衡盎司,67.00499725341797,68.86499786376953,67.00499725341797,67.90599822998047,130,Yahoo Finance,2026-07-18T11:20:08.770899+00:00
2025-12-22,铜,HG=F,美元/磅,5.441500186920166,5.480000019073486,5.41949987411499,5.4375,1789,Yahoo Finance,2026-07-18T11:20:08.770899+00:00
2025-12-22,黄金,GC=F,美元/金衡盎司,4371.10009765625,4447.60009765625,4371.10009765625,4444.60009765625,449,Yahoo Finance,2026-07-18T11:20:08.770899+00:00
2025-12-23,白银,SI=F,美元/金衡盎司,69.08000183105469,70.57499694824219,69.07499694824219,70.48500061035156,40,Yahoo Finance,2026-07-18T11:20:08.770899+00:00
2025-12-23,铜,HG=F,美元/磅,5.435999870300293,5.524499893188477,5.422999858856201,5.47599983215332,724,Yahoo Finance,2026-07-18T11:20:08.770899+00:00
2025-12-23,黄金,GC=F,美元/金衡盎司,4503.2998046875,4503.7998046875,4450.39990234375,4482.7998046875,694,Yahoo Finance,2026-07-18T11:20:08.770899+00:00
2025-12-24,白银,SI=F,美元/金衡盎司,71.51499938964844,71.51499938964844,71.0,71.03099822998047,35,Yahoo Finance,2026-07-18T11:20:08.770899+00:00
2025-12-24,铜,HG=F,美元/磅,5.5,5.564000129699707,5.46999979019165,5.498499870300293,1111,Yahoo Finance,2026-07-18T11:20:08.770899+00:00
2025-12-24,黄金,GC=F,美元/金衡盎司,4500.7001953125,4503.39990234375,4468.39990234375,4480.60009765625,500,Yahoo Finance,2026-07-18T11:20:08.770899+00:00
2025-12-26,白银,SI=F,美元/金衡盎司,74.5,78.83999633789062,73.73500061035156,76.48600006103516,140,Yahoo Finance,2026-07-18T11:20:08.770899+00:00
2025-12-26,铜,HG=F,美元/磅,5.609499931335449,5.78000020980835,5.609499931335449,5.766499996185303,876,Yahoo Finance,2026-07-18T11:20:08.770899+00:00
2025-12-26,黄金,GC=F,美元/金衡盎司,4512.0,4556.2998046875,4502.0,4529.10009765625,263,Yahoo Finance,2026-07-18T11:20:08.770899+00:00
2025-12-29,白银,SI=F,美元/金衡盎司,79.69999694824219,79.69999694824219,69.85600280761719,69.85600280761719,1608,Yahoo Finance,2026-07-18T11:20:08.770899+00:00
2025-12-29,铜,HG=F,美元/磅,5.78849983215332,5.78849983215332,5.490499973297119,5.490499973297119,2538,Yahoo Finance,2026-07-18T11:20:08.770899+00:00
2025-12-29,黄金,GC=F,美元/金衡盎司,4371.5,4379.0,4325.10009765625,4325.10009765625,2044,Yahoo Finance,2026-07-18T11:20:08.770899+00:00
2025-12-30,白银,SI=F,美元/金衡盎司,71.33000183105469,77.41000366210938,70.5,77.3740005493164,992,Yahoo Finance,2026-07-18T11:20:08.770899+00:00
2025-12-30,铜,HG=F,美元/磅,5.51200008392334,5.735499858856201,5.497499942779541,5.727499961853027,3056,Yahoo Finance,2026-07-18T11:20:08.770899+00:00
2025-12-30,黄金,GC=F,美元/金衡盎司,4346.39990234375,4403.60009765625,4338.0,4370.10009765625,1837,Yahoo Finance,2026-07-18T11:20:08.770899+00:00
2025-12-31,白银,SI=F,美元/金衡盎司,74.6050033569336,74.625,70.13400268554688,70.13400268554688,343,Yahoo Finance,2026-07-18T11:20:08.770899+00:00
2025-12-31,铜,HG=F,美元/磅,5.632500171661377,5.64900016784668,5.624499797821045,5.630000114440918,1095,Yahoo Finance,2026-07-18T11:20:08.770899+00:00
2025-12-31,黄金,GC=F,美元/金衡盎司,4333.5,4363.7998046875,4285.0,4325.60009765625,785,Yahoo Finance,2026-07-18T11:20:08.770899+00:00
2026-01-02,白银,SI=F,美元/金衡盎司,71.375,73.58999633789062,70.55599975585938,70.55599975585938,602,Yahoo Finance,2026-07-18T11:20:08.770899+00:00
2026-01-02,铜,HG=F,美元/磅,5.652500152587891,5.65500020980835,5.624000072479248,5.639999866485596,1307,Yahoo Finance,2026-07-18T11:20:08.770899+00:00
2026-01-02,黄金,GC=F,美元/金衡盎司,4350.60009765625,4350.60009765625,4314.39990234375,4314.39990234375,589,Yahoo Finance,2026-07-18T11:20:08.770899+00:00
2026-01-05,白银,SI=F,美元/金衡盎司,74.17500305175781,76.81999969482422,73.90499877929688,76.16400146484375,883,Yahoo Finance,2026-07-18T11:20:08.770899+00:00
2026-01-05,铜,HG=F,美元/磅,5.796500205993652,5.92549991607666,5.796500205993652,5.924499988555908,775,Yahoo Finance,2026-07-18T11:20:08.770899+00:00
2026-01-05,黄金,GC=F,美元/金衡盎司,4386.7001953125,4443.5,4384.7998046875,4436.89990234375,618,Yahoo Finance,2026-07-18T11:20:08.770899+00:00
2026-01-06,白银,SI=F,美元/金衡盎司,75.93000030517578,80.8550033569336,75.93000030517578,80.52999877929688,580,Yahoo Finance,2026-07-18T11:20:08.770899+00:00
2026-01-06,铜,HG=F,美元/磅,5.960000038146973,6.016499996185303,5.90749979019165,6.010499954223633,1480,Yahoo Finance,2026-07-18T11:20:08.770899+00:00
2026-01-06,黄金,GC=F,美元/金衡盎司,4449.7001953125,4482.2001953125,4449.0,4482.2001953125,459,Yahoo Finance,2026-07-18T11:20:08.770899+00:00
2026-01-07,白银,SI=F,美元/金衡盎司,80.9000015258789,80.9000015258789,75.875,77.13500213623047,2093,Yahoo Finance,2026-07-18T11:20:08.770899+00:00
2026-01-07,铜,HG=F,美元/磅,5.9670000076293945,5.9670000076293945,5.796500205993652,5.809000015258789,1055,Yahoo Finance,2026-07-18T11:20:08.770899+00:00
2026-01-07,黄金,GC=F,美元/金衡盎司,4450.0,4450.0,4449.2998046875,4449.2998046875,972,Yahoo Finance,2026-07-18T11:20:08.770899+00:00
2026-01-08,白银,SI=F,美元/金衡盎司,76.56999969482422,76.56999969482422,73.16500091552734,74.71600341796875,1447,Yahoo Finance,2026-07-18T11:20:08.770899+00:00
2026-01-08,铜,HG=F,美元/磅,5.798999786376953,5.798999786376953,5.671999931335449,5.746500015258789,1385,Yahoo Finance,2026-07-18T11:20:08.770899+00:00
2026-01-08,黄金,GC=F,美元/金衡盎司,4460.2001953125,4461.2998046875,4418.0,4449.7001953125,2423,Yahoo Finance,2026-07-18T11:20:08.770899+00:00
2026-01-09,白银,SI=F,美元/金衡盎司,76.69999694824219,79.9749984741211,76.69999694824219,78.88400268554688,254,Yahoo Finance,2026-07-18T11:20:08.770899+00:00
2026-01-09,铜,HG=F,美元/磅,5.855500221252441,5.855500221252441,5.855500221252441,5.855500221252441,965,Yahoo Finance,2026-07-18T11:20:08.770899+00:00
2026-01-09,黄金,GC=F,美元/金衡盎司,4473.0,4490.2998046875,4473.0,4490.2998046875,237,Yahoo Finance,2026-07-18T11:20:08.770899+00:00
2026-01-12,白银,SI=F,美元/金衡盎司,82.0,85.82499694824219,82.0,84.61000061035156,575,Yahoo Finance,2026-07-18T11:20:08.770899+00:00
2026-01-12,铜,HG=F,美元/磅,5.953499794006348,6.011499881744385,5.940999984741211,5.985000133514404,1078,Yahoo Finance,2026-07-18T11:20:08.770899+00:00
2026-01-12,黄金,GC=F,美元/金衡盎司,4579.10009765625,4620.0,4577.7998046875,4604.2998046875,156,Yahoo Finance,2026-07-18T11:20:08.770899+00:00
2026-01-13,白银,SI=F,美元/金衡盎司,84.90499877929688,88.61000061035156,84.58999633789062,85.87699890136719,341,Yahoo Finance,2026-07-18T11:20:08.770899+00:00
2026-01-13,铜,HG=F,美元/磅,5.965000152587891,5.9710001945495605,5.959000110626221,5.96999979019165,1211,Yahoo Finance,2026-07-18T11:20:08.770899+00:00
2026-01-13,黄金,GC=F,美元/金衡盎司,4578.60009765625,4617.10009765625,4578.60009765625,4589.2001953125,239,Yahoo Finance,2026-07-18T11:20:08.770899+00:00
2026-01-14,白银,SI=F,美元/金衡盎司,89.3499984741211,93.0,88.70500183105469,90.86900329589844,470,Yahoo Finance,2026-07-18T11:20:08.770899+00:00
2026-01-14,铜,HG=F,美元/磅,6.0,6.019000053405762,5.978000164031982,6.008999824523926,1011,Yahoo Finance,2026-07-18T11:20:08.770899+00:00
2026-01-14,黄金,GC=F,美元/金衡盎司,4610.2998046875,4635.0,4608.2001953125,4626.2998046875,1313,Yahoo Finance,2026-07-18T11:20:08.770899+00:00
2026-01-15,白银,SI=F,美元/金衡盎司,90.82499694824219,92.41999816894531,86.12999725341797,91.8759994506836,390,Yahoo Finance,2026-07-18T11:20:08.770899+00:00
2026-01-15,铜,HG=F,美元/磅,5.938000202178955,5.957499980926514,5.894000053405762,5.947999954223633,1068,Yahoo Finance,2026-07-18T11:20:08.770899+00:00
2026-01-15,黄金,GC=F,美元/金衡盎司,4612.89990234375,4616.2998046875,4612.89990234375,4616.2998046875,4358,Yahoo Finance,2026-07-18T11:20:08.770899+00:00
2026-01-16,白银,SI=F,美元/金衡盎司,90.44000244140625,90.92500305175781,86.19499969482422,88.09100341796875,685,Yahoo Finance,2026-07-18T11:20:08.770899+00:00
2026-01-16,铜,HG=F,美元/磅,5.78000020980835,5.790999889373779,5.75,5.78849983215332,868,Yahoo Finance,2026-07-18T11:20:08.770899+00:00
2026-01-16,黄金,GC=F,美元/金衡盎司,4608.0,4608.0,4588.39990234375,4588.39990234375,352,Yahoo Finance,2026-07-18T11:20:08.770899+00:00
2026-01-20,白银,SI=F,美元/金衡盎司,92.31999969482422,94.98999786376953,92.05999755859375,94.20600128173828,543,Yahoo Finance,2026-07-18T11:20:08.770899+00:00
2026-01-20,铜,HG=F,美元/磅,5.8495001792907715,5.879499912261963,5.747000217437744,5.7729997634887695,772,Yahoo Finance,2026-07-18T11:20:08.770899+00:00
2026-01-20,黄金,GC=F,美元/金衡盎司,4662.2001953125,4764.0,4661.7998046875,4759.60009765625,175,Yahoo Finance,2026-07-18T11:20:08.770899+00:00
2026-01-21,白银,SI=F,美元/金衡盎司,93.88500213623047,94.52999877929688,91.58999633789062,92.20999908447266,231,Yahoo Finance,2026-07-18T11:20:08.770899+00:00
2026-01-21,铜,HG=F,美元/磅,5.802499771118164,5.827000141143799,5.727499961853027,5.729499816894531,744,Yahoo Finance,2026-07-18T11:20:08.770899+00:00
2026-01-21,黄金,GC=F,美元/金衡盎司,4863.5,4872.2998046875,4771.5,4831.7998046875,1706,Yahoo Finance,2026-07-18T11:20:08.770899+00:00
2026-01-22,白银,SI=F,美元/金衡盎司,92.83499908447266,95.9800033569336,92.4800033569336,95.97599792480469,548,Yahoo Finance,2026-07-18T11:20:08.770899+00:00
2026-01-22,铜,HG=F,美元/磅,5.700500011444092,5.763999938964844,5.700500011444092,5.742499828338623,981,Yahoo Finance,2026-07-18T11:20:08.770899+00:00
2026-01-22,黄金,GC=F,美元/金衡盎司,4791.89990234375,4908.7998046875,4791.89990234375,4908.7998046875,1175,Yahoo Finance,2026-07-18T11:20:08.770899+00:00
2026-01-23,白银,SI=F,美元/金衡盎司,98.2699966430664,102.92500305175781,97.7300033569336,100.92500305175781,283,Yahoo Finance,2026-07-18T11:20:08.770899+00:00
2026-01-23,铜,HG=F,美元/磅,5.783999919891357,5.9145002365112305,5.754000186920166,5.910999774932861,767,Yahoo Finance,2026-07-18T11:20:08.770899+00:00
2026-01-23,黄金,GC=F,美元/金衡盎司,4949.60009765625,4976.2001953125,4936.0,4976.2001953125,169,Yahoo Finance,2026-07-18T11:20:08.770899+00:00
2026-01-26,白银,SI=F,美元/金衡盎司,105.04499816894531,117.19499969482422,103.22000122070312,115.08000183105469,537,Yahoo Finance,2026-07-18T11:20:08.770899+00:00
2026-01-26,铜,HG=F,美元/磅,5.980000019073486,5.988999843597412,5.878499984741211,5.984000205993652,720,Yahoo Finance,2026-07-18T11:20:08.770899+00:00
2026-01-26,黄金,GC=F,美元/金衡盎司,5081.5,5095.60009765625,5052.2001953125,5079.7001953125,180,Yahoo Finance,2026-07-18T11:20:08.770899+00:00
2026-01-27,白银,SI=F,美元/金衡盎司,104.4000015258789,110.5199966430664,103.0999984741211,105.52300262451172,131,Yahoo Finance,2026-07-18T11:20:08.770899+00:00
2026-01-27,铜,HG=F,美元/磅,5.831999778747559,5.841000080108643,5.820499897003174,5.828499794006348,917,Yahoo Finance,2026-07-18T11:20:08.770899+00:00
2026-01-27,黄金,GC=F,美元/金衡盎司,5079.89990234375,5079.89990234375,5079.89990234375,5079.89990234375,34,Yahoo Finance,2026-07-18T11:20:08.770899+00:00
2026-01-28,白银,SI=F,美元/金衡盎司,114.57499694824219,114.57499694824219,112.73500061035156,113.11100006103516,1436,Yahoo Finance,2026-07-18T11:20:08.770899+00:00
2026-01-28,铜,HG=F,美元/磅,5.881499767303467,5.894499778747559,5.881499767303467,5.892499923706055,1681,Yahoo Finance,2026-07-18T11:20:08.770899+00:00
2026-01-28,黄金,GC=F,美元/金衡盎司,5301.60009765625,5301.60009765625,5301.60009765625,5301.60009765625,112054,Yahoo Finance,2026-07-18T11:20:08.770899+00:00
2026-01-29,白银,SI=F,美元/金衡盎司,116.88999938964844,121.30000305175781,107.97000122070312,114.03700256347656,1261,Yahoo Finance,2026-07-18T11:20:08.770899+00:00
2026-01-29,铜,HG=F,美元/磅,6.1570000648498535,6.507999897003174,6.131499767303467,6.17549991607666,3804,Yahoo Finance,2026-07-18T11:20:08.770899+00:00
2026-01-29,黄金,GC=F,美元/金衡盎司,5415.7001953125,5586.2001953125,5097.5,5318.39990234375,23709,Yahoo Finance,2026-07-18T11:20:08.770899+00:00
2026-01-30,白银,SI=F,美元/金衡盎司,116.86499786376953,117.79000091552734,76.0250015258789,78.29000091552734,841,Yahoo Finance,2026-07-18T11:20:08.770899+00:00
2026-01-30,铜,HG=F,美元/磅,6.1545000076293945,6.1545000076293945,5.745999813079834,5.896999835968018,1981,Yahoo Finance,2026-07-18T11:20:08.770899+00:00
2026-01-30,黄金,GC=F,美元/金衡盎司,5376.39990234375,5440.5,4700.0,4713.89990234375,8374,Yahoo Finance,2026-07-18T11:20:08.770899+00:00
2026-02-02,白银,SI=F,美元/金衡盎司,81.0,84.38999938964844,73.36000061035156,76.77799987792969,388,Yahoo Finance,2026-07-18T11:20:08.770899+00:00
2026-02-02,铜,HG=F,美元/磅,5.739999771118164,5.859499931335449,5.568999767303467,5.801499843597412,1104,Yahoo Finance,2026-07-18T11:20:08.770899+00:00
2026-02-02,黄金,GC=F,美元/金衡盎司,4807.7001953125,4855.7998046875,4400.0,4622.5,3588,Yahoo Finance,2026-07-18T11:20:08.770899+00:00
2026-02-03,白银,SI=F,美元/金衡盎司,80.125,88.19499969482422,80.0,83.04199981689453,840,Yahoo Finance,2026-07-18T11:20:08.770899+00:00
2026-02-03,铜,HG=F,美元/磅,5.874499797821045,6.07450008392334,5.869500160217285,6.0625,699,Yahoo Finance,2026-07-18T11:20:08.770899+00:00
2026-02-03,黄金,GC=F,美元/金衡盎司,4680.0,4984.60009765625,4674.2998046875,4903.7001953125,1213,Yahoo Finance,2026-07-18T11:20:08.770899+00:00
2026-02-04,白银,SI=F,美元/金衡盎司,87.11000061035156,90.9749984741211,83.625,84.16500091552734,158,Yahoo Finance,2026-07-18T11:20:08.770899+00:00
2026-02-04,铜,HG=F,美元/磅,6.059999942779541,6.078999996185303,5.826000213623047,5.826000213623047,831,Yahoo Finance,2026-07-18T11:20:08.770899+00:00
2026-02-04,黄金,GC=F,美元/金衡盎司,4923.2998046875,5082.2001953125,4897.89990234375,4920.39990234375,3886,Yahoo Finance,2026-07-18T11:20:08.770899+00:00
2026-02-05,白银,SI=F,美元/金衡盎司,88.44000244140625,88.44000244140625,71.08000183105469,76.52899932861328,422,Yahoo Finance,2026-07-18T11:20:08.770899+00:00
2026-02-05,铜,HG=F,美元/磅,5.7769999504089355,5.802999973297119,5.679999828338623,5.798999786376953,884,Yahoo Finance,2026-07-18T11:20:08.770899+00:00
2026-02-05,黄金,GC=F,美元/金衡盎司,5008.7001953125,5012.2998046875,4786.0,4861.39990234375,793,Yahoo Finance,2026-07-18T11:20:08.770899+00:00
2026-02-06,白银,SI=F,美元/金衡盎司,70.40499877929688,77.31999969482422,68.70999908447266,76.73500061035156,118,Yahoo Finance,2026-07-18T11:20:08.770899+00:00
2026-02-06,铜,HG=F,美元/磅,5.650000095367432,5.864500045776367,5.650000095367432,5.863500118255615,421,Yahoo Finance,2026-07-18T11:20:08.770899+00:00
2026-02-06,黄金,GC=F,美元/金衡盎司,4762.0,4958.5,4655.0,4951.2001953125,1386,Yahoo Finance,2026-07-18T11:20:08.770899+00:00
2026-02-09,白银,SI=F,美元/金衡盎司,80.50499725341797,82.06500244140625,79.9800033569336,82.06500244140625,443,Yahoo Finance,2026-07-18T11:20:08.770899+00:00
2026-02-09,铜,HG=F,美元/磅,5.879499912261963,5.952499866485596,5.879499912261963,5.945000171661377,542,Yahoo Finance,2026-07-18T11:20:08.770899+00:00
2026-02-09,黄金,GC=F,美元/金衡盎司,5017.39990234375,5065.7001953125,4979.10009765625,5050.89990234375,170,Yahoo Finance,2026-07-18T11:20:08.770899+00:00
2026-02-10,白银,SI=F,美元/金衡盎司,81.67500305175781,81.67500305175781,79.83999633789062,80.21800231933594,112,Yahoo Finance,2026-07-18T11:20:08.770899+00:00
2026-02-10,铜,HG=F,美元/磅,5.887499809265137,5.901000022888184,5.875500202178955,5.895999908447266,445,Yahoo Finance,2026-07-18T11:20:08.770899+00:00
2026-02-10,黄金,GC=F,美元/金衡盎司,5013.5,5029.0,5002.7001953125,5003.7998046875,281,Yahoo Finance,2026-07-18T11:20:08.770899+00:00
2026-02-11,白银,SI=F,美元/金衡盎司,80.99500274658203,84.47000122070312,80.98500061035156,83.75399780273438,11,Yahoo Finance,2026-07-18T11:20:08.770899+00:00
2026-02-11,铜,HG=F,美元/磅,5.922999858856201,5.952499866485596,5.922999858856201,5.948999881744385,653,Yahoo Finance,2026-07-18T11:20:08.770899+00:00
2026-02-11,黄金,GC=F,美元/金衡盎司,5049.89990234375,5111.2998046875,5041.2998046875,5071.60009765625,2681,Yahoo Finance,2026-07-18T11:20:08.770899+00:00
2026-02-12,白银,SI=F,美元/金衡盎司,82.68499755859375,82.69499969482422,75.5459976196289,75.5459976196289,78,Yahoo Finance,2026-07-18T11:20:08.770899+00:00
2026-02-12,铜,HG=F,美元/磅,5.972499847412109,5.972499847412109,5.75,5.770999908447266,1109,Yahoo Finance,2026-07-18T11:20:08.770899+00:00
2026-02-12,黄金,GC=F,美元/金衡盎司,5060.39990234375,5078.10009765625,4892.0,4923.7001953125,484,Yahoo Finance,2026-07-18T11:20:08.770899+00:00
2026-02-13,白银,SI=F,美元/金衡盎司,75.11000061035156,78.47000122070312,74.83000183105469,77.85099792480469,63,Yahoo Finance,2026-07-18T11:20:08.770899+00:00
2026-02-13,铜,HG=F,美元/磅,5.795499801635742,5.798999786376953,5.699999809265137,5.792500019073486,1584,Yahoo Finance,2026-07-18T11:20:08.770899+00:00
2026-02-13,黄金,GC=F,美元/金衡盎司,4953.0,5043.89990234375,4946.2001953125,5022.0,232,Yahoo Finance,2026-07-18T11:20:08.770899+00:00
2026-02-17,白银,SI=F,美元/金衡盎司,75.3499984741211,75.3499984741211,72.0,73.4469985961914,61,Yahoo Finance,2026-07-18T11:20:08.770899+00:00
2026-02-17,铜,HG=F,美元/磅,5.634500026702881,5.636499881744385,5.632999897003174,5.632999897003174,941,Yahoo Finance,2026-07-18T11:20:08.770899+00:00
2026-02-17,黄金,GC=F,美元/金衡盎司,5020.0,5020.0,4847.7998046875,4882.89990234375,540,Yahoo Finance,2026-07-18T11:20:08.770899+00:00
2026-02-18,白银,SI=F,美元/金衡盎司,75.69999694824219,77.50900268554688,75.69999694824219,77.50900268554688,18,Yahoo Finance,2026-07-18T11:20:08.770899+00:00
2026-02-18,铜,HG=F,美元/磅,5.666999816894531,5.800000190734863,5.666999816894531,5.793499946594238,1156,Yahoo Finance,2026-07-18T11:20:08.770899+00:00
2026-02-18,黄金,GC=F,美元/金衡盎司,4872.2001953125,4987.0,4869.5,4986.5,544,Yahoo Finance,2026-07-18T11:20:08.770899+00:00
2026-02-19,白银,SI=F,美元/金衡盎司,76.94000244140625,78.94000244140625,76.94000244140625,77.56500244140625,208,Yahoo Finance,2026-07-18T11:20:08.770899+00:00
2026-02-19,铜,HG=F,美元/磅,5.735000133514404,5.735000133514404,5.724999904632568,5.730000019073486,993,Yahoo Finance,2026-07-18T11:20:08.770899+00:00
2026-02-19,黄金,GC=F,美元/金衡盎司,5014.7001953125,5014.7001953125,4975.89990234375,4975.89990234375,37,Yahoo Finance,2026-07-18T11:20:08.770899+00:00
2026-02-20,白银,SI=F,美元/金衡盎司,80.45999908447266,84.41500091552734,80.45999908447266,82.28299713134766,30,Yahoo Finance,2026-07-18T11:20:08.770899+00:00
2026-02-20,铜,HG=F,美元/磅,5.742000102996826,5.860499858856201,5.727499961853027,5.830999851226807,658,Yahoo Finance,2026-07-18T11:20:08.770899+00:00
2026-02-20,黄金,GC=F,美元/金衡盎司,5039.5,5072.7001953125,5039.5,5059.2998046875,134,Yahoo Finance,2026-07-18T11:20:08.770899+00:00
2026-02-23,白银,SI=F,美元/金衡盎司,86.49500274658203,87.91500091552734,86.49500274658203,86.52300262451172,41,Yahoo Finance,2026-07-18T11:20:08.770899+00:00
2026-02-23,铜,HG=F,美元/磅,5.880000114440918,5.880000114440918,5.750500202178955,5.7729997634887695,764,Yahoo Finance,2026-07-18T11:20:08.770899+00:00
2026-02-23,黄金,GC=F,美元/金衡盎司,5120.2998046875,5211.60009765625,5120.2998046875,5204.7001953125,779,Yahoo Finance,2026-07-18T11:20:08.770899+00:00
2026-02-24,白银,SI=F,美元/金衡盎司,86.29000091552734,87.45700073242188,86.29000091552734,87.45700073242188,268,Yahoo Finance,2026-07-18T11:20:08.770899+00:00
2026-02-24,铜,HG=F,美元/磅,5.854000091552734,5.928500175476074,5.854000091552734,5.922999858856201,937,Yahoo Finance,2026-07-18T11:20:08.770899+00:00
2026-02-24,黄金,GC=F,美元/金衡盎司,5158.7998046875,5159.0,5112.7001953125,5155.7998046875,88,Yahoo Finance,2026-07-18T11:20:08.770899+00:00
2026-02-25,白银,SI=F,美元/金衡盎司,90.93900299072266,90.93900299072266,90.93900299072266,90.93900299072266,36156,Yahoo Finance,2026-07-18T11:20:08.770899+00:00
2026-02-25,铜,HG=F,美元/磅,5.9704999923706055,5.982999801635742,5.9704999923706055,5.979499816894531,29280,Yahoo Finance,2026-07-18T11:20:08.770899+00:00
2026-02-25,黄金,GC=F,美元/金衡盎司,5166.0,5206.39990234375,5166.0,5206.39990234375,1772,Yahoo Finance,2026-07-18T11:20:08.770899+00:00
2026-02-26,白银,SI=F,美元/金衡盎司,88.92500305175781,90.25499725341797,84.9800033569336,86.99800109863281,6626,Yahoo Finance,2026-07-18T11:20:08.770899+00:00
2026-02-26,铜,HG=F,美元/磅,5.992499828338623,6.000500202178955,5.914000034332275,5.947000026702881,7727,Yahoo Finance,2026-07-18T11:20:08.770899+00:00
2026-02-26,黄金,GC=F,美元/金衡盎司,5177.2001953125,5199.2001953125,5143.89990234375,5176.5,1520,Yahoo Finance,2026-07-18T11:20:08.770899+00:00
2026-02-27,白银,SI=F,美元/金衡盎司,88.06500244140625,93.87999725341797,87.81999969482422,92.68199920654297,1134,Yahoo Finance,2026-07-18T11:20:08.770899+00:00
2026-02-27,铜,HG=F,美元/磅,5.959499835968018,6.079999923706055,5.959499835968018,6.004499912261963,3035,Yahoo Finance,2026-07-18T11:20:08.770899+00:00
2026-02-27,黄金,GC=F,美元/金衡盎司,5186.7001953125,5280.0,5176.7001953125,5230.5,354,Yahoo Finance,2026-07-18T11:20:08.770899+00:00
2026-03-02,白银,SI=F,美元/金衡盎司,95.86000061035156,95.86000061035156,86.22000122070312,88.28399658203125,1338,Yahoo Finance,2026-07-18T11:20:08.770899+00:00
2026-03-02,铜,HG=F,美元/磅,5.9664998054504395,6.0304999351501465,5.876999855041504,5.894499778747559,1695,Yahoo Finance,2026-07-18T11:20:08.770899+00:00
2026-03-02,黄金,GC=F,美元/金衡盎司,5346.60009765625,5405.0,5266.2998046875,5294.39990234375,72,Yahoo Finance,2026-07-18T11:20:08.770899+00:00
2026-03-03,白银,SI=F,美元/金衡盎司,89.58999633789062,90.80000305175781,79.0,82.9229965209961,1600,Yahoo Finance,2026-07-18T11:20:08.770899+00:00
2026-03-03,铜,HG=F,美元/磅,5.909999847412109,5.943999767303467,5.71999979019165,5.773499965667725,1489,Yahoo Finance,2026-07-18T11:20:08.770899+00:00
2026-03-03,黄金,GC=F,美元/金衡盎司,5298.7001953125,5303.7998046875,5023.0,5107.39990234375,1776,Yahoo Finance,2026-07-18T11:20:08.770899+00:00
2026-03-04,白银,SI=F,美元/金衡盎司,83.08499908447266,85.01499938964844,82.63300323486328,82.63300323486328,502,Yahoo Finance,2026-07-18T11:20:08.770899+00:00
2026-03-04,铜,HG=F,美元/磅,5.790500164031982,5.889500141143799,5.789000034332275,5.855000019073486,736,Yahoo Finance,2026-07-18T11:20:08.770899+00:00
2026-03-04,黄金,GC=F,美元/金衡盎司,5130.7001953125,5180.2001953125,5117.2001953125,5120.2001953125,679,Yahoo Finance,2026-07-18T11:20:08.770899+00:00
2026-03-05,白银,SI=F,美元/金衡盎司,84.09500122070312,84.1500015258789,80.95500183105469,81.68699645996094,597,Yahoo Finance,2026-07-18T11:20:08.770899+00:00
2026-03-05,铜,HG=F,美元/磅,5.848999977111816,5.848999977111816,5.730000019073486,5.752999782562256,1705,Yahoo Finance,2026-07-18T11:20:08.770899+00:00
2026-03-05,黄金,GC=F,美元/金衡盎司,5169.5,5169.5,5054.7001953125,5065.2998046875,1701,Yahoo Finance,2026-07-18T11:20:08.770899+00:00
2026-03-06,白银,SI=F,美元/金衡盎司,82.91999816894531,84.33499908447266,81.42500305175781,83.81600189208984,282,Yahoo Finance,2026-07-18T11:20:08.770899+00:00
2026-03-06,铜,HG=F,美元/磅,5.785999774932861,5.791999816894531,5.735499858856201,5.756999969482422,1171,Yahoo Finance,2026-07-18T11:20:08.770899+00:00
2026-03-06,黄金,GC=F,美元/金衡盎司,5121.0,5146.10009765625,5076.10009765625,5146.10009765625,148,Yahoo Finance,2026-07-18T11:20:08.770899+00:00
2026-03-09,白银,SI=F,美元/金衡盎司,82.49500274658203,86.51000213623047,79.5,84.03199768066406,497,Yahoo Finance,2026-07-18T11:20:08.770899+00:00
2026-03-09,铜,HG=F,美元/磅,5.7230000495910645,5.8460001945495605,5.630000114440918,5.80049991607666,1061,Yahoo Finance,2026-07-18T11:20:08.770899+00:00
2026-03-09,黄金,GC=F,美元/金衡盎司,5155.0,5160.60009765625,5077.7001953125,5091.5,639,Yahoo Finance,2026-07-18T11:20:08.770899+00:00
2026-03-10,白银,SI=F,美元/金衡盎司,87.12000274658203,89.58999633789062,87.0,89.08300018310547,106,Yahoo Finance,2026-07-18T11:20:08.770899+00:00
2026-03-10,铜,HG=F,美元/磅,5.8445000648498535,5.90749979019165,5.829500198364258,5.9039998054504395,737,Yahoo Finance,2026-07-18T11:20:08.770899+00:00
2026-03-10,黄金,GC=F,美元/金衡盎司,5138.2001953125,5229.7001953125,5137.60009765625,5229.7001953125,4300,Yahoo Finance,2026-07-18T11:20:08.770899+00:00
2026-03-11,白银,SI=F,美元/金衡盎司,88.54499816894531,88.68000030517578,84.5250015258789,85.06500244140625,1455,Yahoo Finance,2026-07-18T11:20:08.770899+00:00
2026-03-11,铜,HG=F,美元/磅,5.888500213623047,5.888500213623047,5.7895002365112305,5.8454999923706055,853,Yahoo Finance,2026-07-18T11:20:08.770899+00:00
2026-03-11,黄金,GC=F,美元/金衡盎司,5190.7998046875,5191.2998046875,5167.39990234375,5167.39990234375,633,Yahoo Finance,2026-07-18T11:20:08.770899+00:00
2026-03-12,白银,SI=F,美元/金衡盎司,86.56500244140625,87.16000366210938,84.66999816894531,84.66999816894531,284,Yahoo Finance,2026-07-18T11:20:08.770899+00:00
2026-03-12,铜,HG=F,美元/磅,5.8520002365112305,5.852499961853027,5.77400016784668,5.82450008392334,636,Yahoo Finance,2026-07-18T11:20:08.770899+00:00
2026-03-12,黄金,GC=F,美元/金衡盎司,5137.2001953125,5137.2001953125,5115.7998046875,5115.7998046875,410,Yahoo Finance,2026-07-18T11:20:08.770899+00:00
2026-03-13,白银,SI=F,美元/金衡盎司,82.0,83.81500244140625,79.44999694824219,80.91400146484375,856,Yahoo Finance,2026-07-18T11:20:08.770899+00:00
2026-03-13,铜,HG=F,美元/磅,5.729000091552734,5.791999816894531,5.628499984741211,5.7144999504089355,546,Yahoo Finance,2026-07-18T11:20:08.770899+00:00
2026-03-13,黄金,GC=F,美元/金衡盎司,5089.60009765625,5117.0,5009.5,5052.5,479,Yahoo Finance,2026-07-18T11:20:08.770899+00:00
2026-03-16,白银,SI=F,美元/金衡盎司,79.0,80.90499877929688,79.0,80.26300048828125,91,Yahoo Finance,2026-07-18T11:20:08.770899+00:00
2026-03-16,铜,HG=F,美元/磅,5.630000114440918,5.809500217437744,5.630000114440918,5.790500164031982,571,Yahoo Finance,2026-07-18T11:20:08.770899+00:00
2026-03-16,黄金,GC=F,美元/金衡盎司,5001.60009765625,5010.60009765625,4994.0,4994.0,130,Yahoo Finance,2026-07-18T11:20:08.770899+00:00
2026-03-17,白银,SI=F,美元/金衡盎司,80.43000030517578,82.23999786376953,78.58000183105469,79.52999877929688,248,Yahoo Finance,2026-07-18T11:20:08.770899+00:00
2026-03-17,铜,HG=F,美元/磅,5.742000102996826,5.748499870300293,5.699999809265137,5.726500034332275,703,Yahoo Finance,2026-07-18T11:20:08.770899+00:00
2026-03-17,黄金,GC=F,美元/金衡盎司,5017.60009765625,5017.60009765625,4994.2001953125,5001.0,239,Yahoo Finance,2026-07-18T11:20:08.770899+00:00
2026-03-18,白银,SI=F,美元/金衡盎司,76.5,77.73500061035156,74.80000305175781,77.23799896240234,340,Yahoo Finance,2026-07-18T11:20:08.770899+00:00
2026-03-18,铜,HG=F,美元/磅,5.721499919891357,5.734000205993652,5.440000057220459,5.553999900817871,1985,Yahoo Finance,2026-07-18T11:20:08.770899+00:00
2026-03-18,黄金,GC=F,美元/金衡盎司,4949.60009765625,4949.60009765625,4821.7001953125,4889.89990234375,1461,Yahoo Finance,2026-07-18T11:20:08.770899+00:00
2026-03-19,白银,SI=F,美元/金衡盎司,75.70500183105469,76.1050033569336,67.0,70.9020004272461,138,Yahoo Finance,2026-07-18T11:20:08.770899+00:00
2026-03-19,铜,HG=F,美元/磅,5.480000019073486,5.480500221252441,5.2895002365112305,5.433000087738037,1355,Yahoo Finance,2026-07-18T11:20:08.770899+00:00
2026-03-19,黄金,GC=F,美元/金衡盎司,4830.2998046875,4830.2998046875,4554.0,4600.7001953125,627,Yahoo Finance,2026-07-18T11:20:08.770899+00:00
2026-03-20,白银,SI=F,美元/金衡盎司,71.91999816894531,71.92500305175781,69.36000061035156,69.36000061035156,45,Yahoo Finance,2026-07-18T11:20:08.770899+00:00
2026-03-20,铜,HG=F,美元/磅,5.514500141143799,5.514500141143799,5.26800012588501,5.34250020980835,1388,Yahoo Finance,2026-07-18T11:20:08.770899+00:00
2026-03-20,黄金,GC=F,美元/金衡盎司,4686.89990234375,4686.89990234375,4570.39990234375,4570.39990234375,235,Yahoo Finance,2026-07-18T11:20:08.770899+00:00
2026-03-23,白银,SI=F,美元/金衡盎司,64.73999786376953,69.51000213623047,61.09000015258789,69.04900360107422,271,Yahoo Finance,2026-07-18T11:20:08.770899+00:00
2026-03-23,铜,HG=F,美元/磅,5.452499866485596,5.5,5.421999931335449,5.439499855041504,1206,Yahoo Finance,2026-07-18T11:20:08.770899+00:00
2026-03-23,黄金,GC=F,美元/金衡盎司,4353.0,4480.39990234375,4100.7998046875,4404.10009765625,544,Yahoo Finance,2026-07-18T11:20:08.770899+00:00
2026-03-24,白银,SI=F,美元/金衡盎司,69.08999633789062,71.18499755859375,68.55000305175781,69.27400207519531,122,Yahoo Finance,2026-07-18T11:20:08.770899+00:00
2026-03-24,铜,HG=F,美元/磅,5.393499851226807,5.5,5.375999927520752,5.422500133514404,1140,Yahoo Finance,2026-07-18T11:20:08.770899+00:00
2026-03-24,黄金,GC=F,美元/金衡盎司,4338.7001953125,4399.2998046875,4325.2001953125,4399.2998046875,378,Yahoo Finance,2026-07-18T11:20:08.770899+00:00
2026-03-25,白银,SI=F,美元/金衡盎司,71.38999938964844,73.16999816894531,71.2249984741211,72.36100006103516,211,Yahoo Finance,2026-07-18T11:20:08.770899+00:00
2026-03-25,铜,HG=F,美元/磅,5.53249979019165,5.53249979019165,5.493000030517578,5.5289998054504395,811,Yahoo Finance,2026-07-18T11:20:08.770899+00:00
2026-03-25,黄金,GC=F,美元/金衡盎司,4549.0,4551.89990234375,4541.7998046875,4549.7998046875,388,Yahoo Finance,2026-07-18T11:20:08.770899+00:00
2026-03-26,白银,SI=F,美元/金衡盎司,70.1050033569336,70.1050033569336,67.2300033569336,67.6709976196289,31,Yahoo Finance,2026-07-18T11:20:08.770899+00:00
2026-03-26,铜,HG=F,美元/磅,5.463500022888184,5.4770002365112305,5.425000190734863,5.446499824523926,547,Yahoo Finance,2026-07-18T11:20:08.770899+00:00
2026-03-26,黄金,GC=F,美元/金衡盎司,4441.5,4443.10009765625,4375.5,4375.5,1070,Yahoo Finance,2026-07-18T11:20:08.770899+00:00
2026-03-27,白银,SI=F,美元/金衡盎司,67.55000305175781,69.54499816894531,67.54000091552734,69.54499816894531,391,Yahoo Finance,2026-07-18T11:20:08.770899+00:00
2026-03-27,铜,HG=F,美元/磅,5.4670000076293945,5.4670000076293945,5.4670000076293945,5.4670000076293945,4008,Yahoo Finance,2026-07-18T11:20:08.770899+00:00
2026-03-27,黄金,GC=F,美元/金衡盎司,4492.0,4492.0,4492.0,4492.0,74348,Yahoo Finance,2026-07-18T11:20:08.770899+00:00
2026-03-30,白银,SI=F,美元/金衡盎司,67.90499877929688,70.9800033569336,67.81999969482422,70.3239974975586,482,Yahoo Finance,2026-07-18T11:20:08.770899+00:00
2026-03-30,铜,HG=F,美元/磅,5.401000022888184,5.499000072479248,5.401000022888184,5.47599983215332,2377,Yahoo Finance,2026-07-18T11:20:08.770899+00:00
2026-03-30,黄金,GC=F,美元/金衡盎司,4482.7998046875,4579.10009765625,4413.39990234375,4526.0,10816,Yahoo Finance,2026-07-18T11:20:08.770899+00:00
2026-03-31,白银,SI=F,美元/金衡盎司,72.55500030517578,75.16999816894531,72.55500030517578,74.69000244140625,98,Yahoo Finance,2026-07-18T11:20:08.770899+00:00
2026-03-31,铜,HG=F,美元/磅,5.483500003814697,5.627999782562256,5.483500003814697,5.587500095367432,1807,Yahoo Finance,2026-07-18T11:20:08.770899+00:00
2026-03-31,黄金,GC=F,美元/金衡盎司,4510.0,4684.10009765625,4508.60009765625,4647.60009765625,4264,Yahoo Finance,2026-07-18T11:20:08.770899+00:00
2026-04-01,白银,SI=F,美元/金衡盎司,74.34500122070312,75.86699676513672,73.9000015258789,75.86699676513672,81,Yahoo Finance,2026-07-18T11:20:08.770899+00:00
2026-04-01,铜,HG=F,美元/磅,5.616499900817871,5.631499767303467,5.584000110626221,5.624000072479248,1430,Yahoo Finance,2026-07-18T11:20:08.770899+00:00
2026-04-01,黄金,GC=F,美元/金衡盎司,4668.39990234375,4789.10009765625,4668.0,4783.2001953125,1637,Yahoo Finance,2026-07-18T11:20:08.770899+00:00
2026-04-02,白银,SI=F,美元/金衡盎司,73.71499633789062,73.71499633789062,69.83499908447266,72.73500061035156,0,Yahoo Finance,2026-07-18T11:20:08.770899+00:00
2026-04-02,铜,HG=F,美元/磅,5.548999786376953,5.613999843597412,5.548500061035156,5.563000202178955,0,Yahoo Finance,2026-07-18T11:20:08.770899+00:00
2026-04-02,黄金,GC=F,美元/金衡盎司,4764.89990234375,4784.39990234375,4558.89990234375,4651.5,0,Yahoo Finance,2026-07-18T11:20:08.770899+00:00
2026-04-06,白银,SI=F,美元/金衡盎司,71.8499984741211,72.66100311279297,71.8499984741211,72.66100311279297,1,Yahoo Finance,2026-07-18T11:20:08.770899+00:00
2026-04-06,铜,HG=F,美元/磅,5.624499797821045,5.624499797821045,5.567500114440918,5.583499908447266,638,Yahoo Finance,2026-07-18T11:20:08.770899+00:00
2026-04-06,黄金,GC=F,美元/金衡盎司,4656.10009765625,4689.60009765625,4605.0,4656.7998046875,148,Yahoo Finance,2026-07-18T11:20:08.770899+00:00
2026-04-07,白银,SI=F,美元/金衡盎司,71.8949966430664,71.8949966430664,70.0,71.82599639892578,91,Yahoo Finance,2026-07-18T11:20:08.770899+00:00
2026-04-07,铜,HG=F,美元/磅,5.567500114440918,5.567500114440918,5.54449987411499,5.54449987411499,542,Yahoo Finance,2026-07-18T11:20:08.770899+00:00
2026-04-07,黄金,GC=F,美元/金衡盎司,4624.89990234375,4676.2998046875,4608.0,4657.10009765625,327,Yahoo Finance,2026-07-18T11:20:08.770899+00:00
2026-04-08,白银,SI=F,美元/金衡盎司,76.16999816894531,77.44999694824219,75.2239990234375,75.2239990234375,34,Yahoo Finance,2026-07-18T11:20:08.770899+00:00
2026-04-08,铜,HG=F,美元/磅,5.759500026702881,5.763000011444092,5.758999824523926,5.759500026702881,650,Yahoo Finance,2026-07-18T11:20:08.770899+00:00
2026-04-08,黄金,GC=F,美元/金衡盎司,4760.0,4851.0,4738.7998046875,4749.5,405,Yahoo Finance,2026-07-18T11:20:08.770899+00:00
2026-04-09,白银,SI=F,美元/金衡盎司,73.77999877929688,76.2770004272461,73.77999877929688,76.2770004272461,4,Yahoo Finance,2026-07-18T11:20:08.770899+00:00
2026-04-09,铜,HG=F,美元/磅,5.7270002365112305,5.748000144958496,5.7270002365112305,5.748000144958496,2085,Yahoo Finance,2026-07-18T11:20:08.770899+00:00
2026-04-09,黄金,GC=F,美元/金衡盎司,4711.0,4799.10009765625,4711.0,4792.2001953125,1277,Yahoo Finance,2026-07-18T11:20:08.770899+00:00
2026-04-10,白银,SI=F,美元/金衡盎司,75.30500030517578,76.6500015258789,75.30500030517578,76.3239974975586,175,Yahoo Finance,2026-07-18T11:20:08.770899+00:00
2026-04-10,铜,HG=F,美元/磅,5.777500152587891,5.870500087738037,5.770500183105469,5.870500087738037,683,Yahoo Finance,2026-07-18T11:20:08.770899+00:00
2026-04-10,黄金,GC=F,美元/金衡盎司,4745.89990234375,4791.0,4744.89990234375,4761.89990234375,812,Yahoo Finance,2026-07-18T11:20:08.770899+00:00
2026-04-13,白银,SI=F,美元/金衡盎司,72.80000305175781,75.52300262451172,72.79499816894531,75.52300262451172,13,Yahoo Finance,2026-07-18T11:20:08.770899+00:00
2026-04-13,铜,HG=F,美元/磅,5.97599983215332,6.0,5.97599983215332,5.97599983215332,401,Yahoo Finance,2026-07-18T11:20:08.770899+00:00
2026-04-13,黄金,GC=F,美元/金衡盎司,4704.0,4742.39990234375,4704.0,4742.39990234375,32,Yahoo Finance,2026-07-18T11:20:08.770899+00:00
2026-04-14,白银,SI=F,美元/金衡盎司,76.81500244140625,79.58999633789062,76.81500244140625,79.39099884033203,590,Yahoo Finance,2026-07-18T11:20:08.770899+00:00
2026-04-14,铜,HG=F,美元/磅,6.07450008392334,6.079500198364258,6.067999839782715,6.070499897003174,485,Yahoo Finance,2026-07-18T11:20:08.770899+00:00
2026-04-14,黄金,GC=F,美元/金衡盎司,4770.10009765625,4841.60009765625,4770.10009765625,4825.0,288,Yahoo Finance,2026-07-18T11:20:08.770899+00:00
2026-04-15,白银,SI=F,美元/金衡盎司,80.25,80.3499984741211,79.30000305175781,79.49099731445312,473,Yahoo Finance,2026-07-18T11:20:08.770899+00:00
2026-04-15,铜,HG=F,美元/磅,6.072999954223633,6.084000110626221,6.070000171661377,6.072000026702881,394,Yahoo Finance,2026-07-18T11:20:08.770899+00:00
2026-04-15,黄金,GC=F,美元/金衡盎司,4843.60009765625,4843.60009765625,4798.0,4800.0,182,Yahoo Finance,2026-07-18T11:20:08.770899+00:00
2026-04-16,白银,SI=F,美元/金衡盎司,79.17500305175781,79.17500305175781,78.60600280761719,78.60600280761719,504,Yahoo Finance,2026-07-18T11:20:08.770899+00:00
2026-04-16,铜,HG=F,美元/磅,6.065000057220459,6.067999839782715,6.019999980926514,6.066500186920166,1007,Yahoo Finance,2026-07-18T11:20:08.770899+00:00
2026-04-16,黄金,GC=F,美元/金衡盎司,4810.89990234375,4810.89990234375,4785.39990234375,4785.39990234375,805,Yahoo Finance,2026-07-18T11:20:08.770899+00:00
2026-04-17,白银,SI=F,美元/金衡盎司,82.37999725341797,82.83000183105469,81.73799896240234,81.73799896240234,38,Yahoo Finance,2026-07-18T11:20:08.770899+00:00
2026-04-17,铜,HG=F,美元/磅,6.101500034332275,6.105500221252441,6.077000141143799,6.103499889373779,842,Yahoo Finance,2026-07-18T11:20:08.770899+00:00
2026-04-17,黄金,GC=F,美元/金衡盎司,4771.60009765625,4879.7001953125,4767.2001953125,4857.60009765625,1902,Yahoo Finance,2026-07-18T11:20:08.770899+00:00
2026-04-20,白银,SI=F,美元/金衡盎司,79.5250015258789,79.95099639892578,79.50499725341797,79.95099639892578,24,Yahoo Finance,2026-07-18T11:20:08.770899+00:00
2026-04-20,铜,HG=F,美元/磅,5.980000019073486,6.054500102996826,5.980000019073486,6.035999774932861,1058,Yahoo Finance,2026-07-18T11:20:08.770899+00:00
2026-04-20,黄金,GC=F,美元/金衡盎司,4793.89990234375,4811.0,4770.0,4806.60009765625,724,Yahoo Finance,2026-07-18T11:20:08.770899+00:00
2026-04-21,白银,SI=F,美元/金衡盎司,78.94999694824219,78.94999694824219,76.41100311279297,76.41100311279297,34,Yahoo Finance,2026-07-18T11:20:08.770899+00:00
2026-04-21,铜,HG=F,美元/磅,5.999499797821045,6.001500129699707,5.968500137329102,6.001500129699707,924,Yahoo Finance,2026-07-18T11:20:08.770899+00:00
2026-04-21,黄金,GC=F,美元/金衡盎司,4698.39990234375,4705.0,4676.39990234375,4698.39990234375,1197,Yahoo Finance,2026-07-18T11:20:08.770899+00:00
2026-04-22,白银,SI=F,美元/金衡盎司,76.875,77.89299774169922,76.875,77.89299774169922,9,Yahoo Finance,2026-07-18T11:20:08.770899+00:00
2026-04-22,铜,HG=F,美元/磅,6.115499973297119,6.119999885559082,6.11299991607666,6.119999885559082,1149,Yahoo Finance,2026-07-18T11:20:08.770899+00:00
2026-04-22,黄金,GC=F,美元/金衡盎司,4754.2001953125,4754.2001953125,4732.5,4732.5,765,Yahoo Finance,2026-07-18T11:20:08.770899+00:00
2026-04-23,白银,SI=F,美元/金衡盎司,76.30500030517578,76.32499694824219,75.46499633789062,75.46499633789062,21,Yahoo Finance,2026-07-18T11:20:08.770899+00:00
2026-04-23,铜,HG=F,美元/磅,6.0229997634887695,6.075500011444092,6.020999908447266,6.075500011444092,957,Yahoo Finance,2026-07-18T11:20:08.770899+00:00
2026-04-23,黄金,GC=F,美元/金衡盎司,4711.5,4732.39990234375,4705.10009765625,4705.10009765625,292,Yahoo Finance,2026-07-18T11:20:08.770899+00:00
2026-04-24,白银,SI=F,美元/金衡盎司,76.38300323486328,76.38300323486328,76.38300323486328,76.38300323486328,31,Yahoo Finance,2026-07-18T11:20:08.770899+00:00
2026-04-24,铜,HG=F,美元/磅,5.980000019073486,6.023499965667725,5.980000019073486,6.023499965667725,788,Yahoo Finance,2026-07-18T11:20:08.770899+00:00
2026-04-24,黄金,GC=F,美元/金衡盎司,4695.0,4722.2998046875,4657.5,4722.2998046875,45,Yahoo Finance,2026-07-18T11:20:08.770899+00:00
2026-04-27,白银,SI=F,美元/金衡盎司,75.26499938964844,75.33499908447266,74.75499725341797,75.00299835205078,7,Yahoo Finance,2026-07-18T11:20:08.770899+00:00
2026-04-27,铜,HG=F,美元/磅,6.021999835968018,6.021999835968018,6.01800012588501,6.01800012588501,914,Yahoo Finance,2026-07-18T11:20:08.770899+00:00
2026-04-27,黄金,GC=F,美元/金衡盎司,4707.60009765625,4711.10009765625,4675.39990234375,4675.39990234375,538,Yahoo Finance,2026-07-18T11:20:08.770899+00:00
2026-04-28,白银,SI=F,美元/金衡盎司,73.20500183105469,73.20500183105469,73.20500183105469,73.20500183105469,28613,Yahoo Finance,2026-07-18T11:20:08.770899+00:00
2026-04-28,铜,HG=F,美元/磅,5.9145002365112305,5.9145002365112305,5.9145002365112305,5.9145002365112305,23966,Yahoo Finance,2026-07-18T11:20:08.770899+00:00
2026-04-28,黄金,GC=F,美元/金衡盎司,4680.89990234375,4680.89990234375,4591.5,4591.5,2660,Yahoo Finance,2026-07-18T11:20:08.770899+00:00
2026-04-29,白银,SI=F,美元/金衡盎司,72.98500061035156,73.81500244140625,70.88500213623047,71.56900024414062,4128,Yahoo Finance,2026-07-18T11:20:08.770899+00:00
2026-04-29,铜,HG=F,美元/磅,5.923500061035156,5.964000225067139,5.862500190734863,5.878499984741211,4555,Yahoo Finance,2026-07-18T11:20:08.770899+00:00
2026-04-29,黄金,GC=F,美元/金衡盎司,4598.60009765625,4601.60009765625,4515.7001953125,4545.2001953125,507,Yahoo Finance,2026-07-18T11:20:08.770899+00:00
2026-04-30,白银,SI=F,美元/金衡盎司,71.38500213623047,73.8499984741211,71.38500213623047,73.53399658203125,498,Yahoo Finance,2026-07-18T11:20:08.770899+00:00
2026-04-30,铜,HG=F,美元/磅,5.9029998779296875,5.978000164031982,5.892000198364258,5.926000118255615,1622,Yahoo Finance,2026-07-18T11:20:08.770899+00:00
2026-04-30,黄金,GC=F,美元/金衡盎司,4561.89990234375,4636.7001953125,4561.89990234375,4614.7001953125,77,Yahoo Finance,2026-07-18T11:20:08.770899+00:00
2026-05-01,白银,SI=F,美元/金衡盎司,74.41999816894531,76.87999725341797,73.11000061035156,75.95099639892578,598,Yahoo Finance,2026-07-18T11:20:08.770899+00:00
2026-05-01,铜,HG=F,美元/磅,5.933499813079834,5.935999870300293,5.9120001792907715,5.932000160217285,1399,Yahoo Finance,2026-07-18T11:20:08.770899+00:00
2026-05-01,黄金,GC=F,美元/金衡盎司,4636.7001953125,4636.7001953125,4581.7001953125,4629.89990234375,113,Yahoo Finance,2026-07-18T11:20:08.770899+00:00
2026-05-04,白银,SI=F,美元/金衡盎司,75.4000015258789,75.4000015258789,72.5,73.0719985961914,591,Yahoo Finance,2026-07-18T11:20:08.770899+00:00
2026-05-04,铜,HG=F,美元/磅,5.807000160217285,5.89900016784668,5.789999961853027,5.795000076293945,827,Yahoo Finance,2026-07-18T11:20:08.770899+00:00
2026-05-04,黄金,GC=F,美元/金衡盎司,4581.2001953125,4581.2001953125,4512.7001953125,4519.5,20,Yahoo Finance,2026-07-18T11:20:08.770899+00:00
2026-05-05,白银,SI=F,美元/金衡盎司,72.66999816894531,73.94499969482422,72.66999816894531,73.10800170898438,194,Yahoo Finance,2026-07-18T11:20:08.770899+00:00
2026-05-05,铜,HG=F,美元/磅,5.820499897003174,5.9679999351501465,5.819499969482422,5.942999839782715,640,Yahoo Finance,2026-07-18T11:20:08.770899+00:00
2026-05-05,黄金,GC=F,美元/金衡盎司,4547.60009765625,4580.5,4547.60009765625,4555.7998046875,426,Yahoo Finance,2026-07-18T11:20:08.770899+00:00
2026-05-06,白银,SI=F,美元/金衡盎司,73.88999938964844,77.83499908447266,73.7750015258789,76.81099700927734,235,Yahoo Finance,2026-07-18T11:20:08.770899+00:00
2026-05-06,铜,HG=F,美元/磅,5.9604997634887695,6.1554999351501465,5.9604997634887695,6.136499881744385,1278,Yahoo Finance,2026-07-18T11:20:08.770899+00:00
2026-05-06,黄金,GC=F,美元/金衡盎司,4663.60009765625,4712.60009765625,4663.60009765625,4681.89990234375,212,Yahoo Finance,2026-07-18T11:20:08.770899+00:00
2026-05-07,白银,SI=F,美元/金衡盎司,77.87000274658203,82.17500305175781,77.87000274658203,79.70099639892578,301,Yahoo Finance,2026-07-18T11:20:08.770899+00:00
2026-05-07,铜,HG=F,美元/磅,6.145999908447266,6.1875,6.110000133514404,6.127500057220459,738,Yahoo Finance,2026-07-18T11:20:08.770899+00:00
2026-05-07,黄金,GC=F,美元/金衡盎司,4704.7998046875,4736.2001953125,4699.7998046875,4699.7998046875,254,Yahoo Finance,2026-07-18T11:20:08.770899+00:00
2026-05-08,白银,SI=F,美元/金衡盎司,80.81500244140625,81.5999984741211,80.05999755859375,80.3949966430664,14,Yahoo Finance,2026-07-18T11:20:08.770899+00:00
2026-05-08,铜,HG=F,美元/磅,6.052499771118164,6.257999897003174,6.052499771118164,6.249000072479248,661,Yahoo Finance,2026-07-18T11:20:08.770899+00:00
2026-05-08,黄金,GC=F,美元/金衡盎司,4714.39990234375,4724.7998046875,4713.60009765625,4720.39990234375,120,Yahoo Finance,2026-07-18T11:20:08.770899+00:00
2026-05-11,白银,SI=F,美元/金衡盎司,85.6050033569336,86.25,85.0,85.48500061035156,408,Yahoo Finance,2026-07-18T11:20:08.770899+00:00
2026-05-11,铜,HG=F,美元/磅,6.257999897003174,6.447999954223633,6.257999897003174,6.41349983215332,609,Yahoo Finance,2026-07-18T11:20:08.770899+00:00
2026-05-11,黄金,GC=F,美元/金衡盎司,4729.5,4729.5,4718.7001953125,4718.7001953125,36,Yahoo Finance,2026-07-18T11:20:08.770899+00:00
2026-05-12,白银,SI=F,美元/金衡盎司,86.49500274658203,86.91000366210938,83.75,85.12999725341797,418,Yahoo Finance,2026-07-18T11:20:08.770899+00:00
2026-05-12,铜,HG=F,美元/磅,6.434999942779541,6.60099983215332,6.434999942779541,6.485000133514404,782,Yahoo Finance,2026-07-18T11:20:08.770899+00:00
2026-05-12,黄金,GC=F,美元/金衡盎司,4762.2001953125,4765.2001953125,4677.60009765625,4677.60009765625,93,Yahoo Finance,2026-07-18T11:20:08.770899+00:00
2026-05-13,白银,SI=F,美元/金衡盎司,86.93000030517578,88.88800048828125,86.93000030517578,88.88800048828125,137,Yahoo Finance,2026-07-18T11:20:08.770899+00:00
2026-05-13,铜,HG=F,美元/磅,6.5960001945495605,6.644999980926514,6.5960001945495605,6.635499954223633,910,Yahoo Finance,2026-07-18T11:20:08.770899+00:00
2026-05-13,黄金,GC=F,美元/金衡盎司,4722.7001953125,4722.7001953125,4679.5,4697.7001953125,228,Yahoo Finance,2026-07-18T11:20:08.770899+00:00
2026-05-14,白银,SI=F,美元/金衡盎司,87.07499694824219,87.07499694824219,84.9000015258789,84.91200256347656,91,Yahoo Finance,2026-07-18T11:20:08.770899+00:00
2026-05-14,铜,HG=F,美元/磅,6.555500030517578,6.577000141143799,6.547500133514404,6.567500114440918,718,Yahoo Finance,2026-07-18T11:20:08.770899+00:00
2026-05-14,黄金,GC=F,美元/金衡盎司,4678.10009765625,4678.10009765625,4650.2998046875,4678.10009765625,5,Yahoo Finance,2026-07-18T11:20:08.770899+00:00
2026-05-15,白银,SI=F,美元/金衡盎司,80.61000061035156,80.61000061035156,76.00499725341797,77.16100311279297,53,Yahoo Finance,2026-07-18T11:20:08.770899+00:00
2026-05-15,铜,HG=F,美元/磅,6.519999980926514,6.519999980926514,6.231500148773193,6.251500129699707,899,Yahoo Finance,2026-07-18T11:20:08.770899+00:00
2026-05-15,黄金,GC=F,美元/金衡盎司,4615.2001953125,4615.2001953125,4524.2998046875,4555.7998046875,607,Yahoo Finance,2026-07-18T11:20:08.770899+00:00
2026-05-18,白银,SI=F,美元/金衡盎司,75.34500122070312,78.05500030517578,74.74500274658203,77.072998046875,211,Yahoo Finance,2026-07-18T11:20:08.770899+00:00
2026-05-18,铜,HG=F,美元/磅,6.197000026702881,6.2820000648498535,6.197000026702881,6.271999835968018,1463,Yahoo Finance,2026-07-18T11:20:08.770899+00:00
2026-05-18,黄金,GC=F,美元/金衡盎司,4563.0,4570.2998046875,4538.7001953125,4552.5,38,Yahoo Finance,2026-07-18T11:20:08.770899+00:00
2026-05-19,白银,SI=F,美元/金衡盎司,78.46499633789062,78.46499633789062,73.79000091552734,74.8280029296875,50,Yahoo Finance,2026-07-18T11:20:08.770899+00:00
2026-05-19,铜,HG=F,美元/磅,6.254499912261963,6.254499912261963,6.120999813079834,6.164999961853027,1254,Yahoo Finance,2026-07-18T11:20:08.770899+00:00
2026-05-19,黄金,GC=F,美元/金衡盎司,4551.7001953125,4552.60009765625,4506.2001953125,4506.2998046875,875,Yahoo Finance,2026-07-18T11:20:08.770899+00:00
2026-05-20,白银,SI=F,美元/金衡盎司,75.58999633789062,76.42500305175781,75.16999816894531,75.85099792480469,249,Yahoo Finance,2026-07-18T11:20:08.770899+00:00
2026-05-20,铜,HG=F,美元/磅,6.164000034332275,6.301499843597412,6.119999885559082,6.290500164031982,993,Yahoo Finance,2026-07-18T11:20:08.770899+00:00
2026-05-20,黄金,GC=F,美元/金衡盎司,4502.60009765625,4531.2998046875,4465.10009765625,4531.2998046875,981,Yahoo Finance,2026-07-18T11:20:08.770899+00:00
2026-05-21,白银,SI=F,美元/金衡盎司,74.95999908447266,76.87000274658203,74.95999908447266,76.41400146484375,4,Yahoo Finance,2026-07-18T11:20:08.770899+00:00
2026-05-21,铜,HG=F,美元/磅,6.21999979019165,6.261499881744385,6.21999979019165,6.256999969482422,1051,Yahoo Finance,2026-07-18T11:20:08.770899+00:00
2026-05-21,黄金,GC=F,美元/金衡盎司,4507.2001953125,4539.7998046875,4503.7998046875,4539.7998046875,426,Yahoo Finance,2026-07-18T11:20:08.770899+00:00
2026-05-22,白银,SI=F,美元/金衡盎司,76.0199966430664,76.04000091552734,75.89299774169922,75.89299774169922,20,Yahoo Finance,2026-07-18T11:20:08.770899+00:00
2026-05-22,铜,HG=F,美元/磅,6.34499979019165,6.3480000495910645,6.3404998779296875,6.3420000076293945,992,Yahoo Finance,2026-07-18T11:20:08.770899+00:00
2026-05-22,黄金,GC=F,美元/金衡盎司,4519.5,4530.2998046875,4519.10009765625,4521.0,40,Yahoo Finance,2026-07-18T11:20:08.770899+00:00
2026-05-26,白银,SI=F,美元/金衡盎司,77.50499725341797,77.50499725341797,76.09500122070312,76.30500030517578,110,Yahoo Finance,2026-07-18T11:20:08.770899+00:00
2026-05-26,铜,HG=F,美元/磅,6.355000019073486,6.390999794006348,6.335000038146973,6.361000061035156,1840,Yahoo Finance,2026-07-18T11:20:08.770899+00:00
2026-05-26,黄金,GC=F,美元/金衡盎司,4572.7998046875,4572.7998046875,4500.39990234375,4500.39990234375,1261,Yahoo Finance,2026-07-18T11:20:08.770899+00:00
2026-05-27,白银,SI=F,美元/金衡盎司,74.56999969482422,74.75,74.31999969482422,74.5989990234375,863,Yahoo Finance,2026-07-18T11:20:08.770899+00:00
2026-05-27,铜,HG=F,美元/磅,6.417500019073486,6.417500019073486,6.304999828338623,6.304999828338623,2474,Yahoo Finance,2026-07-18T11:20:08.770899+00:00
2026-05-27,黄金,GC=F,美元/金衡盎司,4439.7001953125,4447.5,4439.7001953125,4447.5,81062,Yahoo Finance,2026-07-18T11:20:08.770899+00:00
2026-05-28,白银,SI=F,美元/金衡盎司,73.6500015258789,76.0,71.97000122070312,75.6449966430664,280,Yahoo Finance,2026-07-18T11:20:08.770899+00:00
2026-05-28,铜,HG=F,美元/磅,6.300000190734863,6.399499893188477,6.223499774932861,6.395999908447266,2596,Yahoo Finance,2026-07-18T11:20:08.770899+00:00
2026-05-28,黄金,GC=F,美元/金衡盎司,4453.60009765625,4512.60009765625,4363.5,4499.2998046875,16427,Yahoo Finance,2026-07-18T11:20:08.770899+00:00
2026-05-29,白银,SI=F,美元/金衡盎司,75.5199966430664,75.61599731445312,75.11499786376953,75.61599731445312,23,Yahoo Finance,2026-07-18T11:20:08.770899+00:00
2026-05-29,铜,HG=F,美元/磅,6.392000198364258,6.392000198364258,6.34499979019165,6.359499931335449,1317,Yahoo Finance,2026-07-18T11:20:08.770899+00:00
2026-05-29,黄金,GC=F,美元/金衡盎司,4494.0,4591.7998046875,4487.89990234375,4560.5,1883,Yahoo Finance,2026-07-18T11:20:08.770899+00:00
2026-06-01,白银,SI=F,美元/金衡盎司,74.375,75.6449966430664,74.375,75.00700378417969,82,Yahoo Finance,2026-07-18T11:20:08.770899+00:00
2026-06-01,铜,HG=F,美元/磅,6.544000148773193,6.550000190734863,6.49399995803833,6.52400016784668,1053,Yahoo Finance,2026-07-18T11:20:08.770899+00:00
2026-06-01,黄金,GC=F,美元/金衡盎司,4523.5,4541.39990234375,4449.7001953125,4475.2001953125,835,Yahoo Finance,2026-07-18T11:20:08.770899+00:00
2026-06-02,白银,SI=F,美元/金衡盎司,75.6500015258789,76.0250015258789,75.31099700927734,75.31099700927734,58,Yahoo Finance,2026-07-18T11:20:08.770899+00:00
2026-06-02,铜,HG=F,美元/磅,6.652500152587891,6.652500152587891,6.633999824523926,6.649499893188477,651,Yahoo Finance,2026-07-18T11:20:08.770899+00:00
2026-06-02,黄金,GC=F,美元/金衡盎司,4488.0,4529.5,4474.2001953125,4489.10009765625,456,Yahoo Finance,2026-07-18T11:20:08.770899+00:00
2026-06-03,白银,SI=F,美元/金衡盎司,73.47599792480469,73.47599792480469,73.20999908447266,73.47599792480469,13,Yahoo Finance,2026-07-18T11:20:08.770899+00:00
2026-06-03,铜,HG=F,美元/磅,6.552499771118164,6.552999973297119,6.475500106811523,6.480999946594238,1180,Yahoo Finance,2026-07-18T11:20:08.770899+00:00
2026-06-03,黄金,GC=F,美元/金衡盎司,4471.2001953125,4471.7001953125,4427.2001953125,4436.7001953125,2913,Yahoo Finance,2026-07-18T11:20:08.770899+00:00
2026-06-04,白银,SI=F,美元/金衡盎司,73.08999633789062,74.19999694824219,73.08999633789062,73.77899932861328,138,Yahoo Finance,2026-07-18T11:20:08.770899+00:00
2026-06-04,铜,HG=F,美元/磅,6.505000114440918,6.525000095367432,6.498499870300293,6.511000156402588,541,Yahoo Finance,2026-07-18T11:20:08.770899+00:00
2026-06-04,黄金,GC=F,美元/金衡盎司,4447.39990234375,4509.89990234375,4447.39990234375,4475.7998046875,480,Yahoo Finance,2026-07-18T11:20:08.770899+00:00
2026-06-05,白银,SI=F,美元/金衡盎司,72.57499694824219,72.7300033569336,68.6500015258789,68.94300079345703,62,Yahoo Finance,2026-07-18T11:20:08.770899+00:00
2026-06-05,铜,HG=F,美元/磅,6.391499996185303,6.416500091552734,6.252500057220459,6.263500213623047,564,Yahoo Finance,2026-07-18T11:20:08.770899+00:00
2026-06-05,黄金,GC=F,美元/金衡盎司,4472.2998046875,4472.2998046875,4319.10009765625,4337.10009765625,4062,Yahoo Finance,2026-07-18T11:20:08.770899+00:00
2026-06-08,白银,SI=F,美元/金衡盎司,67.44999694824219,68.80999755859375,66.87000274658203,68.42500305175781,22,Yahoo Finance,2026-07-18T11:20:08.770899+00:00
2026-06-08,铜,HG=F,美元/磅,6.363999843597412,6.363999843597412,6.329500198364258,6.329500198364258,608,Yahoo Finance,2026-07-18T11:20:08.770899+00:00
2026-06-08,黄金,GC=F,美元/金衡盎司,4324.2001953125,4340.89990234375,4284.60009765625,4335.89990234375,357,Yahoo Finance,2026-07-18T11:20:08.770899+00:00
2026-06-09,白银,SI=F,美元/金衡盎司,68.2249984741211,68.81500244140625,65.0,65.09400177001953,81,Yahoo Finance,2026-07-18T11:20:08.770899+00:00
2026-06-09,铜,HG=F,美元/磅,6.291999816894531,6.406000137329102,6.291999816894531,6.302499771118164,373,Yahoo Finance,2026-07-18T11:20:08.770899+00:00
2026-06-09,黄金,GC=F,美元/金衡盎司,4332.7998046875,4344.5,4240.2001953125,4260.0,1292,Yahoo Finance,2026-07-18T11:20:08.770899+00:00
2026-06-10,白银,SI=F,美元/金衡盎司,63.81999969482422,64.5989990234375,63.744998931884766,64.5989990234375,4,Yahoo Finance,2026-07-18T11:20:08.770899+00:00
2026-06-10,铜,HG=F,美元/磅,6.255000114440918,6.255499839782715,6.249000072479248,6.249000072479248,509,Yahoo Finance,2026-07-18T11:20:08.770899+00:00
2026-06-10,黄金,GC=F,美元/金衡盎司,4200.0,4206.7001953125,4100.0,4108.2001953125,525,Yahoo Finance,2026-07-18T11:20:08.770899+00:00
2026-06-11,白银,SI=F,美元/金衡盎司,63.95500183105469,63.98500061035156,63.8849983215332,63.8849983215332,22,Yahoo Finance,2026-07-18T11:20:08.770899+00:00
2026-06-11,铜,HG=F,美元/磅,6.258999824523926,6.258999824523926,6.258999824523926,6.258999824523926,569,Yahoo Finance,2026-07-18T11:20:08.770899+00:00
2026-06-11,黄金,GC=F,美元/金衡盎司,4042.89990234375,4209.7998046875,4031.0,4090.300048828125,1938,Yahoo Finance,2026-07-18T11:20:08.770899+00:00
2026-06-12,白银,SI=F,美元/金衡盎司,67.04499816894531,68.08000183105469,67.0199966430664,67.85900115966797,11,Yahoo Finance,2026-07-18T11:20:08.770899+00:00
2026-06-12,铜,HG=F,美元/磅,6.40500020980835,6.430500030517578,6.40500020980835,6.430500030517578,414,Yahoo Finance,2026-07-18T11:20:08.770899+00:00
2026-06-12,黄金,GC=F,美元/金衡盎司,4208.2998046875,4225.2998046875,4173.2001953125,4215.0,1167,Yahoo Finance,2026-07-18T11:20:08.770899+00:00
2026-06-15,白银,SI=F,美元/金衡盎司,70.06600189208984,70.06600189208984,70.06600189208984,70.06600189208984,0,Yahoo Finance,2026-07-18T11:20:08.770899+00:00
2026-06-15,铜,HG=F,美元/磅,6.5,6.5,6.482500076293945,6.482500076293945,525,Yahoo Finance,2026-07-18T11:20:08.770899+00:00
2026-06-15,黄金,GC=F,美元/金衡盎司,4271.2001953125,4362.0,4269.10009765625,4328.0,1666,Yahoo Finance,2026-07-18T11:20:08.770899+00:00
2026-06-16,白银,SI=F,美元/金衡盎司,69.89900207519531,69.89900207519531,69.89900207519531,69.89900207519531,2,Yahoo Finance,2026-07-18T11:20:08.770899+00:00
2026-06-16,铜,HG=F,美元/磅,6.498000144958496,6.498000144958496,6.473499774932861,6.488999843597412,1828,Yahoo Finance,2026-07-18T11:20:08.770899+00:00
2026-06-16,黄金,GC=F,美元/金衡盎司,4309.5,4345.7998046875,4309.5,4330.89990234375,158,Yahoo Finance,2026-07-18T11:20:08.770899+00:00
2026-06-17,白银,SI=F,美元/金衡盎司,70.30999755859375,70.94999694824219,68.76000213623047,70.69599914550781,22,Yahoo Finance,2026-07-18T11:20:08.770899+00:00
2026-06-17,铜,HG=F,美元/磅,6.4720001220703125,6.481500148773193,6.3354997634887695,6.481500148773193,1446,Yahoo Finance,2026-07-18T11:20:08.770899+00:00
2026-06-17,黄金,GC=F,美元/金衡盎司,4339.0,4377.0,4296.0,4358.89990234375,1961,Yahoo Finance,2026-07-18T11:20:08.770899+00:00
2026-06-18,白银,SI=F,美元/金衡盎司,66.25499725341797,66.25499725341797,66.25499725341797,66.25499725341797,0,Yahoo Finance,2026-07-18T11:20:08.770899+00:00
2026-06-18,铜,HG=F,美元/磅,6.374499797821045,6.374499797821045,6.374499797821045,6.374499797821045,1031,Yahoo Finance,2026-07-18T11:20:08.770899+00:00
2026-06-18,黄金,GC=F,美元/金衡盎司,4279.7998046875,4323.2001953125,4223.7001953125,4224.10009765625,738,Yahoo Finance,2026-07-18T11:20:08.770899+00:00
2026-06-22,白银,SI=F,美元/金衡盎司,65.5270004272461,65.5270004272461,65.5270004272461,65.5270004272461,16,Yahoo Finance,2026-07-18T11:20:08.770899+00:00
2026-06-22,铜,HG=F,美元/磅,6.356500148773193,6.356500148773193,6.356500148773193,6.356500148773193,1163,Yahoo Finance,2026-07-18T11:20:08.770899+00:00
2026-06-22,黄金,GC=F,美元/金衡盎司,4138.7998046875,4216.39990234375,4134.7998046875,4181.89990234375,1197,Yahoo Finance,2026-07-18T11:20:08.770899+00:00
2026-06-23,白银,SI=F,美元/金衡盎司,61.95000076293945,62.02000045776367,61.95000076293945,62.02000045776367,56,Yahoo Finance,2026-07-18T11:20:08.770899+00:00
2026-06-23,铜,HG=F,美元/磅,6.177999973297119,6.178500175476074,6.123000144958496,6.140999794006348,1012,Yahoo Finance,2026-07-18T11:20:08.770899+00:00
2026-06-23,黄金,GC=F,美元/金衡盎司,4127.10009765625,4135.2001953125,4118.5,4129.89990234375,252,Yahoo Finance,2026-07-18T11:20:08.770899+00:00
2026-06-24,白银,SI=F,美元/金衡盎司,59.38999938964844,59.51499938964844,57.25,58.051998138427734,79,Yahoo Finance,2026-07-18T11:20:08.770899+00:00
2026-06-24,铜,HG=F,美元/磅,6.0395002365112305,6.0395002365112305,5.928500175476074,5.942999839782715,507,Yahoo Finance,2026-07-18T11:20:08.770899+00:00
2026-06-24,黄金,GC=F,美元/金衡盎司,4104.39990234375,4104.7001953125,3963.300048828125,3990.300048828125,353,Yahoo Finance,2026-07-18T11:20:08.770899+00:00
2026-06-25,白银,SI=F,美元/金衡盎司,58.3849983215332,58.3849983215332,58.347999572753906,58.347999572753906,148,Yahoo Finance,2026-07-18T11:20:08.770899+00:00
2026-06-25,铜,HG=F,美元/磅,6.038000106811523,6.070499897003174,6.038000106811523,6.070499897003174,660,Yahoo Finance,2026-07-18T11:20:08.770899+00:00
2026-06-25,黄金,GC=F,美元/金衡盎司,3988.39990234375,4030.5,3986.699951171875,4030.5,2724,Yahoo Finance,2026-07-18T11:20:08.770899+00:00
2026-06-26,白银,SI=F,美元/金衡盎司,59.189998626708984,59.21699905395508,59.189998626708984,59.21699905395508,25322,Yahoo Finance,2026-07-18T11:20:08.770899+00:00
2026-06-26,铜,HG=F,美元/磅,6.141499996185303,6.141499996185303,6.141499996185303,6.141499996185303,16018,Yahoo Finance,2026-07-18T11:20:08.770899+00:00
2026-06-26,黄金,GC=F,美元/金衡盎司,4078.699951171875,4078.699951171875,4078.699951171875,4078.699951171875,1431,Yahoo Finance,2026-07-18T11:20:08.770899+00:00
2026-06-29,白银,SI=F,美元/金衡盎司,58.68000030517578,59.125,57.540000915527344,58.17499923706055,3617,Yahoo Finance,2026-07-18T11:20:08.770899+00:00
2026-06-29,铜,HG=F,美元/磅,6.120999813079834,6.175000190734863,6.071499824523926,6.097499847412109,11357,Yahoo Finance,2026-07-18T11:20:08.770899+00:00
2026-06-29,黄金,GC=F,美元/金衡盎司,4057.5,4070.0,4003.199951171875,4022.300048828125,785,Yahoo Finance,2026-07-18T11:20:08.770899+00:00
2026-06-30,白银,SI=F,美元/金衡盎司,58.34000015258789,60.400001525878906,57.03499984741211,59.47700119018555,1886,Yahoo Finance,2026-07-18T11:20:08.770899+00:00
2026-06-30,铜,HG=F,美元/磅,6.112500190734863,6.251999855041504,6.050000190734863,6.192500114440918,1742,Yahoo Finance,2026-07-18T11:20:08.770899+00:00
2026-06-30,黄金,GC=F,美元/金衡盎司,4002.60009765625,4049.699951171875,3962.5,4022.89990234375,1108,Yahoo Finance,2026-07-18T11:20:08.770899+00:00
2026-07-01,白银,SI=F,美元/金衡盎司,58.8650016784668,60.41999816894531,57.32500076293945,60.084999084472656,367,Yahoo Finance,2026-07-18T11:20:08.770899+00:00
2026-07-01,铜,HG=F,美元/磅,6.193999767303467,6.196000099182129,6.071499824523926,6.123499870300293,1240,Yahoo Finance,2026-07-18T11:20:08.770899+00:00
2026-07-01,黄金,GC=F,美元/金衡盎司,4013.10009765625,4100.0,3963.0,4068.300048828125,770,Yahoo Finance,2026-07-18T11:20:08.770899+00:00
2026-07-02,白银,SI=F,美元/金衡盎司,59.470001220703125,61.595001220703125,59.46500015258789,60.643001556396484,197,Yahoo Finance,2026-07-18T11:20:08.770899+00:00
2026-07-02,铜,HG=F,美元/磅,6.104000091552734,6.1545000076293945,6.070000171661377,6.114500045776367,1080,Yahoo Finance,2026-07-18T11:20:08.770899+00:00
2026-07-02,黄金,GC=F,美元/金衡盎司,4067.5,4140.10009765625,4062.0,4112.7001953125,228,Yahoo Finance,2026-07-18T11:20:08.770899+00:00
2026-07-06,白银,SI=F,美元/金衡盎司,62.619998931884766,62.619998931884766,61.6349983215332,61.91999816894531,69,Yahoo Finance,2026-07-18T11:20:08.770899+00:00
2026-07-06,铜,HG=F,美元/磅,6.1545000076293945,6.200500011444092,6.146999835968018,6.177999973297119,1021,Yahoo Finance,2026-07-18T11:20:08.770899+00:00
2026-07-06,黄金,GC=F,美元/金衡盎司,4175.39990234375,4199.7001953125,4134.2001953125,4155.10009765625,1024,Yahoo Finance,2026-07-18T11:20:08.770899+00:00
2026-07-07,白银,SI=F,美元/金衡盎司,61.20500183105469,61.369998931884766,60.20500183105469,60.930999755859375,124,Yahoo Finance,2026-07-18T11:20:08.770899+00:00
2026-07-07,铜,HG=F,美元/磅,6.169000148773193,6.204999923706055,6.117000102996826,6.171500205993652,603,Yahoo Finance,2026-07-18T11:20:08.770899+00:00
2026-07-07,黄金,GC=F,美元/金衡盎司,4126.5,4167.2001953125,4107.2001953125,4145.2998046875,53,Yahoo Finance,2026-07-18T11:20:08.770899+00:00
2026-07-08,白银,SI=F,美元/金衡盎司,60.904998779296875,60.904998779296875,57.7599983215332,58.16400146484375,326,Yahoo Finance,2026-07-18T11:20:08.770899+00:00
2026-07-08,铜,HG=F,美元/磅,6.110499858856201,6.112500190734863,6.015500068664551,6.054500102996826,649,Yahoo Finance,2026-07-18T11:20:08.770899+00:00
2026-07-08,黄金,GC=F,美元/金衡盎司,4116.2998046875,4120.2998046875,4053.0,4070.89990234375,292,Yahoo Finance,2026-07-18T11:20:08.770899+00:00
2026-07-09,白银,SI=F,美元/金衡盎司,59.220001220703125,60.5,58.900001525878906,60.37799835205078,192,Yahoo Finance,2026-07-18T11:20:08.770899+00:00
2026-07-09,铜,HG=F,美元/磅,6.069499969482422,6.236999988555908,6.069499969482422,6.215000152587891,663,Yahoo Finance,2026-07-18T11:20:08.770899+00:00
2026-07-09,黄金,GC=F,美元/金衡盎司,4066.39990234375,4130.60009765625,4064.199951171875,4130.60009765625,13,Yahoo Finance,2026-07-18T11:20:08.770899+00:00
2026-07-10,白银,SI=F,美元/金衡盎司,59.97999954223633,60.345001220703125,59.720001220703125,59.808998107910156,73,Yahoo Finance,2026-07-18T11:20:08.770899+00:00
2026-07-10,铜,HG=F,美元/磅,6.230500221252441,6.240499973297119,6.2170000076293945,6.233500003814697,561,Yahoo Finance,2026-07-18T11:20:08.770899+00:00
2026-07-10,黄金,GC=F,美元/金衡盎司,4122.2998046875,4125.7998046875,4090.60009765625,4104.10009765625,389,Yahoo Finance,2026-07-18T11:20:08.770899+00:00
2026-07-13,白银,SI=F,美元/金衡盎司,58.935001373291016,59.04499816894531,57.5099983215332,57.63399887084961,589,Yahoo Finance,2026-07-18T11:20:08.770899+00:00
2026-07-13,铜,HG=F,美元/磅,6.28000020980835,6.295499801635742,6.230999946594238,6.232999801635742,561,Yahoo Finance,2026-07-18T11:20:08.770899+00:00
2026-07-13,黄金,GC=F,美元/金衡盎司,4081.0,4081.0,3985.89990234375,3997.0,679,Yahoo Finance,2026-07-18T11:20:08.770899+00:00
2026-07-14,白银,SI=F,美元/金衡盎司,57.650001525878906,59.60499954223633,57.51499938964844,58.77199935913086,131,Yahoo Finance,2026-07-18T11:20:08.770899+00:00
2026-07-14,铜,HG=F,美元/磅,6.301000118255615,6.38700008392334,6.301000118255615,6.329999923706055,773,Yahoo Finance,2026-07-18T11:20:08.770899+00:00
2026-07-14,黄金,GC=F,美元/金衡盎司,3995.699951171875,4091.199951171875,3986.5,4061.10009765625,1281,Yahoo Finance,2026-07-18T11:20:08.770899+00:00
2026-07-15,白银,SI=F,美元/金衡盎司,58.69499969482422,58.69499969482422,56.900001525878906,57.11000061035156,568,Yahoo Finance,2026-07-18T11:20:08.770899+00:00
2026-07-15,铜,HG=F,美元/磅,6.316999912261963,6.339000225067139,6.293499946594238,6.293499946594238,941,Yahoo Finance,2026-07-18T11:20:08.770899+00:00
2026-07-15,黄金,GC=F,美元/金衡盎司,4049.10009765625,4070.10009765625,4019.39990234375,4044.0,374,Yahoo Finance,2026-07-18T11:20:08.770899+00:00
2026-07-16,白银,SI=F,美元/金衡盎司,55.915000915527344,56.084999084472656,55.89799880981445,55.89799880981445,1809,Yahoo Finance,2026-07-18T11:20:08.770899+00:00
2026-07-16,铜,HG=F,美元/磅,6.3420000076293945,6.3470001220703125,6.244999885559082,6.296000003814697,1289,Yahoo Finance,2026-07-18T11:20:08.770899+00:00
2026-07-16,黄金,GC=F,美元/金衡盎司,4030.5,4030.5,3972.60009765625,3985.60009765625,812,Yahoo Finance,2026-07-18T11:20:08.770899+00:00
2026-07-17,白银,SI=F,美元/金衡盎司,55.54999923706055,56.03799819946289,55.01499938964844,56.03799819946289,1809,Yahoo Finance,2026-07-18T11:20:08.770899+00:00
2026-07-17,铜,HG=F,美元/磅,6.209499835968018,6.229000091552734,6.150000095367432,6.21999979019165,1289,Yahoo Finance,2026-07-18T11:20:08.770899+00:00
2026-07-17,黄金,GC=F,美元/金衡盎司,3975.5,4017.199951171875,3964.199951171875,4012.699951171875,812,Yahoo Finance,2026-07-18T11:20:08.770899+00:00
