date,symbol,variety,open,high,low,close,settle,pre_settle,volume,open_interest,turnover,source,source_url
2025-07-17,SN2508,SN,262000,262800,260640,261920,261740,263470,62243,22969,1629208.438,SHFE official,https://www.shfe.com.cn/data/tradedata/future/dailydata/kx20250717.dat
2025-07-17,SN2509,SN,262230,262970,260850,262130,261930,263650,26079,20442,683091.4,SHFE official,https://www.shfe.com.cn/data/tradedata/future/dailydata/kx20250717.dat
2025-07-17,SN2510,SN,261980,263010,260840,262210,261940,263640,3768,5881,98699.701,SHFE official,https://www.shfe.com.cn/data/tradedata/future/dailydata/kx20250717.dat
2025-07-17,SN2511,SN,261970,262970,260840,262120,262010,263520,972,1489,25468.105,SHFE official,https://www.shfe.com.cn/data/tradedata/future/dailydata/kx20250717.dat
2025-07-17,SN2512,SN,261440,263000,261010,262150,262120,263440,560,878,14678.955,SHFE official,https://www.shfe.com.cn/data/tradedata/future/dailydata/kx20250717.dat
2025-07-17,SN2601,SN,261500,263310,261380,262350,262400,263120,49,348,1285.789,SHFE official,https://www.shfe.com.cn/data/tradedata/future/dailydata/kx20250717.dat
2025-07-17,SN2602,SN,261980,262290,261930,262290,262080,263410,6,104,157.248,SHFE official,https://www.shfe.com.cn/data/tradedata/future/dailydata/kx20250717.dat
2025-07-17,SN2603,SN,262000,263280,262000,263280,262640,262690,2,84,52.528,SHFE official,https://www.shfe.com.cn/data/tradedata/future/dailydata/kx20250717.dat
2025-07-17,SN2604,SN,,,,262930,262930,263820,0,30,0,SHFE official,https://www.shfe.com.cn/data/tradedata/future/dailydata/kx20250717.dat
2025-07-17,SN2605,SN,262440,262800,262440,262800,262620,263830,2,55,52.524,SHFE official,https://www.shfe.com.cn/data/tradedata/future/dailydata/kx20250717.dat
2025-07-17,SN2606,SN,261140,262990,261140,262990,262240,263980,4,13,104.897,SHFE official,https://www.shfe.com.cn/data/tradedata/future/dailydata/kx20250717.dat
2025-07-17,SN2607,SN,261200,262800,261200,262020,262000,262970,5,2,131.002,SHFE official,https://www.shfe.com.cn/data/tradedata/future/dailydata/kx20250717.dat
2025-07-18,SN2508,SN,261000,266470,260800,264540,263900,261740,68576,19626,1809774.113,SHFE official,https://www.shfe.com.cn/data/tradedata/future/dailydata/kx20250718.dat
2025-07-18,SN2509,SN,261460,266550,261020,264630,264190,261930,27316,20599,721669.506,SHFE official,https://www.shfe.com.cn/data/tradedata/future/dailydata/kx20250718.dat
2025-07-18,SN2510,SN,261340,266480,261200,264590,264280,261940,3938,6029,104077.224,SHFE official,https://www.shfe.com.cn/data/tradedata/future/dailydata/kx20250718.dat
2025-07-18,SN2511,SN,261170,266380,261070,264350,264400,262010,771,1417,20385.657,SHFE official,https://www.shfe.com.cn/data/tradedata/future/dailydata/kx20250718.dat
2025-07-18,SN2512,SN,261900,266580,261900,264450,264710,262120,414,945,10959.28,SHFE official,https://www.shfe.com.cn/data/tradedata/future/dailydata/kx20250718.dat
2025-07-18,SN2601,SN,262320,266300,262320,264430,264790,262400,60,335,1588.752,SHFE official,https://www.shfe.com.cn/data/tradedata/future/dailydata/kx20250718.dat
2025-07-18,SN2602,SN,262930,266020,262930,264720,264700,262080,7,104,185.291,SHFE official,https://www.shfe.com.cn/data/tradedata/future/dailydata/kx20250718.dat
2025-07-18,SN2603,SN,262000,266200,262000,264940,264500,262640,5,84,132.252,SHFE official,https://www.shfe.com.cn/data/tradedata/future/dailydata/kx20250718.dat
2025-07-18,SN2604,SN,265010,265010,265010,265010,265010,262930,1,30,26.501,SHFE official,https://www.shfe.com.cn/data/tradedata/future/dailydata/kx20250718.dat
2025-07-18,SN2605,SN,265430,265930,264950,264950,265510,262620,14,47,371.714,SHFE official,https://www.shfe.com.cn/data/tradedata/future/dailydata/kx20250718.dat
2025-07-18,SN2606,SN,266940,266940,265070,265070,266120,262240,5,12,133.061,SHFE official,https://www.shfe.com.cn/data/tradedata/future/dailydata/kx20250718.dat
2025-07-18,SN2607,SN,264800,265260,264800,265230,265090,262000,3,4,79.529,SHFE official,https://www.shfe.com.cn/data/tradedata/future/dailydata/kx20250718.dat
2025-07-21,SN2508,SN,263800,268090,263200,267250,265570,263900,73273,18692,1945973.315,SHFE official,https://www.shfe.com.cn/data/tradedata/future/dailydata/kx20250721.dat
2025-07-21,SN2509,SN,263550,268380,263450,267470,265900,264190,37852,23410,1006520.258,SHFE official,https://www.shfe.com.cn/data/tradedata/future/dailydata/kx20250721.dat
2025-07-21,SN2510,SN,264360,268140,263370,267280,266240,264280,5755,6604,153223.652,SHFE official,https://www.shfe.com.cn/data/tradedata/future/dailydata/kx20250721.dat
2025-07-21,SN2511,SN,263860,268040,263380,267250,266360,264400,1065,1444,28367.878,SHFE official,https://www.shfe.com.cn/data/tradedata/future/dailydata/kx20250721.dat
2025-07-21,SN2512,SN,264020,268000,263540,267220,266690,264710,661,1128,17628.643,SHFE official,https://www.shfe.com.cn/data/tradedata/future/dailydata/kx20250721.dat
2025-07-21,SN2601,SN,263880,268000,263500,267150,266020,264790,49,349,1303.538,SHFE official,https://www.shfe.com.cn/data/tradedata/future/dailydata/kx20250721.dat
2025-07-21,SN2602,SN,263650,267660,263650,267190,266770,264700,18,101,480.194,SHFE official,https://www.shfe.com.cn/data/tradedata/future/dailydata/kx20250721.dat
2025-07-21,SN2603,SN,265840,267380,265840,267380,266950,264500,4,86,106.78,SHFE official,https://www.shfe.com.cn/data/tradedata/future/dailydata/kx20250721.dat
2025-07-21,SN2604,SN,,,,267120,267120,265010,0,30,0,SHFE official,https://www.shfe.com.cn/data/tradedata/future/dailydata/kx20250721.dat
2025-07-21,SN2605,SN,263850,263850,263850,263850,263850,265510,1,47,26.385,SHFE official,https://www.shfe.com.cn/data/tradedata/future/dailydata/kx20250721.dat
2025-07-21,SN2606,SN,,,,267180,267180,266120,0,12,0,SHFE official,https://www.shfe.com.cn/data/tradedata/future/dailydata/kx20250721.dat
2025-07-21,SN2607,SN,264800,267470,264800,267470,265840,265090,6,4,159.504,SHFE official,https://www.shfe.com.cn/data/tradedata/future/dailydata/kx20250721.dat
2025-07-22,SN2508,SN,268000,268930,265720,268520,267430,265570,63667,16761,1702680.396,SHFE official,https://www.shfe.com.cn/data/tradedata/future/dailydata/kx20250722.dat
2025-07-22,SN2509,SN,268140,269140,265940,268800,267630,265900,32489,24727,869511.264,SHFE official,https://www.shfe.com.cn/data/tradedata/future/dailydata/kx20250722.dat
2025-07-22,SN2510,SN,268000,268960,265940,268560,267520,266240,5454,7019,145909.877,SHFE official,https://www.shfe.com.cn/data/tradedata/future/dailydata/kx20250722.dat
2025-07-22,SN2511,SN,265060,268870,265060,268460,267240,266360,790,1486,21112.162,SHFE official,https://www.shfe.com.cn/data/tradedata/future/dailydata/kx20250722.dat
2025-07-22,SN2512,SN,268500,268680,265980,268350,267210,266690,473,1180,12639.252,SHFE official,https://www.shfe.com.cn/data/tradedata/future/dailydata/kx20250722.dat
2025-07-22,SN2601,SN,268180,268670,266120,268290,267520,266020,57,351,1524.883,SHFE official,https://www.shfe.com.cn/data/tradedata/future/dailydata/kx20250722.dat
2025-07-22,SN2602,SN,268640,268640,267740,267740,268340,266770,3,101,80.502,SHFE official,https://www.shfe.com.cn/data/tradedata/future/dailydata/kx20250722.dat
2025-07-22,SN2603,SN,268200,268550,267140,267240,267930,266950,8,84,214.349,SHFE official,https://www.shfe.com.cn/data/tradedata/future/dailydata/kx20250722.dat
2025-07-22,SN2604,SN,268440,268440,267770,267770,268100,267120,3,30,80.431,SHFE official,https://www.shfe.com.cn/data/tradedata/future/dailydata/kx20250722.dat
2025-07-22,SN2605,SN,267720,267920,267720,267920,267770,263850,4,44,107.108,SHFE official,https://www.shfe.com.cn/data/tradedata/future/dailydata/kx20250722.dat
2025-07-22,SN2606,SN,269000,269000,268100,268100,268590,267180,4,11,107.438,SHFE official,https://www.shfe.com.cn/data/tradedata/future/dailydata/kx20250722.dat
2025-07-22,SN2607,SN,267990,269000,267300,268000,268090,265840,14,3,375.335,SHFE official,https://www.shfe.com.cn/data/tradedata/future/dailydata/kx20250722.dat
2025-07-23,SN2508,SN,268420,270120,267660,268540,268900,267430,69039,15704,1856510.758,SHFE official,https://www.shfe.com.cn/data/tradedata/future/dailydata/kx20250723.dat
2025-07-23,SN2509,SN,268800,270340,267890,268710,269160,267630,42080,26470,1132666.976,SHFE official,https://www.shfe.com.cn/data/tradedata/future/dailydata/kx20250723.dat
2025-07-23,SN2510,SN,268470,270180,267760,268600,269100,267520,4869,7646,131027.261,SHFE official,https://www.shfe.com.cn/data/tradedata/future/dailydata/kx20250723.dat
2025-07-23,SN2511,SN,268680,270110,267770,268640,269000,267240,944,1526,25393.77,SHFE official,https://www.shfe.com.cn/data/tradedata/future/dailydata/kx20250723.dat
2025-07-23,SN2512,SN,269000,270000,267830,268600,268900,267210,546,1182,14682.426,SHFE official,https://www.shfe.com.cn/data/tradedata/future/dailydata/kx20250723.dat
2025-07-23,SN2601,SN,269000,270000,267830,268630,269060,267520,102,364,2744.469,SHFE official,https://www.shfe.com.cn/data/tradedata/future/dailydata/kx20250723.dat
2025-07-23,SN2602,SN,269150,269650,268800,268870,269210,268340,6,100,161.527,SHFE official,https://www.shfe.com.cn/data/tradedata/future/dailydata/kx20250723.dat
2025-07-23,SN2603,SN,268050,268690,267620,267620,267970,267930,10,91,267.973,SHFE official,https://www.shfe.com.cn/data/tradedata/future/dailydata/kx20250723.dat
2025-07-23,SN2604,SN,268530,268530,267890,267890,268310,268100,3,28,80.495,SHFE official,https://www.shfe.com.cn/data/tradedata/future/dailydata/kx20250723.dat
2025-07-23,SN2605,SN,,,,267810,267810,267770,0,44,0,SHFE official,https://www.shfe.com.cn/data/tradedata/future/dailydata/kx20250723.dat
2025-07-23,SN2606,SN,267440,268760,267440,268760,268130,268590,5,12,134.065,SHFE official,https://www.shfe.com.cn/data/tradedata/future/dailydata/kx20250723.dat
2025-07-23,SN2607,SN,269000,270000,268130,268130,269330,268090,10,2,269.333,SHFE official,https://www.shfe.com.cn/data/tradedata/future/dailydata/kx20250723.dat
2025-07-24,SN2508,SN,271810,275750,270900,273950,273670,268900,104530,14958,2860743.919,SHFE official,https://www.shfe.com.cn/data/tradedata/future/dailydata/kx20250724.dat
2025-07-24,SN2509,SN,271210,275960,271210,274160,273920,269160,83951,32751,2299594.94,SHFE official,https://www.shfe.com.cn/data/tradedata/future/dailydata/kx20250724.dat
2025-07-24,SN2510,SN,271020,275580,271020,273940,273780,269100,12657,9269,346527.499,SHFE official,https://www.shfe.com.cn/data/tradedata/future/dailydata/kx20250724.dat
2025-07-24,SN2511,SN,268640,275620,268640,273720,273750,269000,3776,2369,103370.293,SHFE official,https://www.shfe.com.cn/data/tradedata/future/dailydata/kx20250724.dat
2025-07-24,SN2512,SN,273000,275270,271000,273450,273410,268900,1390,1489,38004.441,SHFE official,https://www.shfe.com.cn/data/tradedata/future/dailydata/kx20250724.dat
2025-07-24,SN2601,SN,271530,275400,271130,273660,273290,269060,301,453,8226.08,SHFE official,https://www.shfe.com.cn/data/tradedata/future/dailydata/kx20250724.dat
2025-07-24,SN2602,SN,273550,274580,271380,272580,272970,269210,22,106,600.544,SHFE official,https://www.shfe.com.cn/data/tradedata/future/dailydata/kx20250724.dat
2025-07-24,SN2603,SN,273370,275250,271910,273030,273910,267970,42,117,1150.438,SHFE official,https://www.shfe.com.cn/data/tradedata/future/dailydata/kx20250724.dat
2025-07-24,SN2604,SN,273890,274510,273300,274510,274050,268310,23,42,630.331,SHFE official,https://www.shfe.com.cn/data/tradedata/future/dailydata/kx20250724.dat
2025-07-24,SN2605,SN,272170,274590,271740,273900,273630,267810,21,53,574.623,SHFE official,https://www.shfe.com.cn/data/tradedata/future/dailydata/kx20250724.dat
2025-07-24,SN2606,SN,273870,274310,272590,274000,274010,268130,12,16,328.815,SHFE official,https://www.shfe.com.cn/data/tradedata/future/dailydata/kx20250724.dat
2025-07-24,SN2607,SN,273500,274150,272870,274050,273640,269330,15,5,410.473,SHFE official,https://www.shfe.com.cn/data/tradedata/future/dailydata/kx20250724.dat
2025-07-25,SN2508,SN,272370,272750,269030,271630,270950,273670,66936,11350,1813686.451,SHFE official,https://www.shfe.com.cn/data/tradedata/future/dailydata/kx20250725.dat
2025-07-25,SN2509,SN,272990,273000,269250,272120,271310,273920,67410,33016,1828908.512,SHFE official,https://www.shfe.com.cn/data/tradedata/future/dailydata/kx20250725.dat
2025-07-25,SN2510,SN,274000,274000,269360,272240,271330,273780,9332,10322,253209.662,SHFE official,https://www.shfe.com.cn/data/tradedata/future/dailydata/kx20250725.dat
2025-07-25,SN2511,SN,274000,274000,269240,271890,271140,273750,1401,2432,37987.079,SHFE official,https://www.shfe.com.cn/data/tradedata/future/dailydata/kx20250725.dat
2025-07-25,SN2512,SN,271920,272080,268950,271410,270720,273410,479,1543,12967.94,SHFE official,https://www.shfe.com.cn/data/tradedata/future/dailydata/kx20250725.dat
2025-07-25,SN2601,SN,271000,271580,269010,271580,270860,273290,131,480,3548.327,SHFE official,https://www.shfe.com.cn/data/tradedata/future/dailydata/kx20250725.dat
2025-07-25,SN2602,SN,270900,270900,270900,270900,270900,272970,2,104,54.18,SHFE official,https://www.shfe.com.cn/data/tradedata/future/dailydata/kx20250725.dat
2025-07-25,SN2603,SN,270990,271330,270690,270690,271110,273910,8,119,216.888,SHFE official,https://www.shfe.com.cn/data/tradedata/future/dailydata/kx20250725.dat
2025-07-25,SN2604,SN,,,,272800,272800,274050,0,42,0,SHFE official,https://www.shfe.com.cn/data/tradedata/future/dailydata/kx20250725.dat
2025-07-25,SN2605,SN,268890,272260,268890,271230,270750,273630,4,53,108.301,SHFE official,https://www.shfe.com.cn/data/tradedata/future/dailydata/kx20250725.dat
2025-07-25,SN2606,SN,271970,271970,271970,271970,271970,274010,1,16,27.197,SHFE official,https://www.shfe.com.cn/data/tradedata/future/dailydata/kx20250725.dat
2025-07-25,SN2607,SN,,,,271960,271960,273640,0,5,0,SHFE official,https://www.shfe.com.cn/data/tradedata/future/dailydata/kx20250725.dat
2025-07-28,SN2508,SN,271110,271310,266580,267700,268550,270950,36620,6528,983463.229,SHFE official,https://www.shfe.com.cn/data/tradedata/future/dailydata/kx20250728.dat
2025-07-28,SN2509,SN,271350,272000,266800,267880,268690,271310,99762,31508,2680600.336,SHFE official,https://www.shfe.com.cn/data/tradedata/future/dailydata/kx20250728.dat
2025-07-28,SN2510,SN,271240,271700,267040,268120,268660,271330,13286,11354,356944.124,SHFE official,https://www.shfe.com.cn/data/tradedata/future/dailydata/kx20250728.dat
2025-07-28,SN2511,SN,271360,271520,266990,267960,268390,271140,1805,2655,48445.732,SHFE official,https://www.shfe.com.cn/data/tradedata/future/dailydata/kx20250728.dat
2025-07-28,SN2512,SN,271070,271070,266860,268020,268070,270720,557,1526,14931.717,SHFE official,https://www.shfe.com.cn/data/tradedata/future/dailydata/kx20250728.dat
2025-07-28,SN2601,SN,269000,270060,267000,267850,267800,270860,140,503,3749.285,SHFE official,https://www.shfe.com.cn/data/tradedata/future/dailydata/kx20250728.dat
2025-07-28,SN2602,SN,268190,268290,267030,267030,267920,270900,4,105,107.17,SHFE official,https://www.shfe.com.cn/data/tradedata/future/dailydata/kx20250728.dat
2025-07-28,SN2603,SN,268070,268070,267210,267210,267640,271110,2,118,53.528,SHFE official,https://www.shfe.com.cn/data/tradedata/future/dailydata/kx20250728.dat
2025-07-28,SN2604,SN,,,,269110,269110,272800,0,42,0,SHFE official,https://www.shfe.com.cn/data/tradedata/future/dailydata/kx20250728.dat
2025-07-28,SN2605,SN,269600,269600,267780,268880,268890,270750,6,54,161.334,SHFE official,https://www.shfe.com.cn/data/tradedata/future/dailydata/kx20250728.dat
2025-07-28,SN2606,SN,269600,269600,269600,269600,269600,271970,10,26,269.6,SHFE official,https://www.shfe.com.cn/data/tradedata/future/dailydata/kx20250728.dat
2025-07-28,SN2607,SN,269320,269320,269320,269320,269320,271960,1,5,26.932,SHFE official,https://www.shfe.com.cn/data/tradedata/future/dailydata/kx20250728.dat
2025-07-29,SN2508,SN,268180,269480,265150,266380,267300,268550,13305,4128,355644.059,SHFE official,https://www.shfe.com.cn/data/tradedata/future/dailydata/kx20250729.dat
2025-07-29,SN2509,SN,268550,269700,265350,266660,267360,268690,73248,29121,1958373.141,SHFE official,https://www.shfe.com.cn/data/tradedata/future/dailydata/kx20250729.dat
2025-07-29,SN2510,SN,268120,269800,265620,267060,267290,268660,11448,13590,306001.746,SHFE official,https://www.shfe.com.cn/data/tradedata/future/dailydata/kx20250729.dat
2025-07-29,SN2511,SN,268510,269580,265500,266930,267050,268390,1280,2889,34183.075,SHFE official,https://www.shfe.com.cn/data/tradedata/future/dailydata/kx20250729.dat
2025-07-29,SN2512,SN,268550,269630,265510,266710,267110,268070,361,1560,9642.708,SHFE official,https://www.shfe.com.cn/data/tradedata/future/dailydata/kx20250729.dat
2025-07-29,SN2601,SN,268710,269470,265670,266820,267390,267800,107,499,2861.149,SHFE official,https://www.shfe.com.cn/data/tradedata/future/dailydata/kx20250729.dat
2025-07-29,SN2602,SN,268880,268880,265800,266840,267150,267920,12,104,320.584,SHFE official,https://www.shfe.com.cn/data/tradedata/future/dailydata/kx20250729.dat
2025-07-29,SN2603,SN,269110,269110,266200,267010,267340,267640,9,118,240.612,SHFE official,https://www.shfe.com.cn/data/tradedata/future/dailydata/kx20250729.dat
2025-07-29,SN2604,SN,,,,267850,267850,269110,0,42,0,SHFE official,https://www.shfe.com.cn/data/tradedata/future/dailydata/kx20250729.dat
2025-07-29,SN2605,SN,,,,267880,267880,268890,0,54,0,SHFE official,https://www.shfe.com.cn/data/tradedata/future/dailydata/kx20250729.dat
2025-07-29,SN2606,SN,,,,267960,267960,269600,0,26,0,SHFE official,https://www.shfe.com.cn/data/tradedata/future/dailydata/kx20250729.dat
2025-07-29,SN2607,SN,268480,268480,268480,268480,268480,269320,1,4,26.848,SHFE official,https://www.shfe.com.cn/data/tradedata/future/dailydata/kx20250729.dat
2025-07-30,SN2508,SN,267620,268080,266430,267570,267430,267300,7828,2806,209345.436,SHFE official,https://www.shfe.com.cn/data/tradedata/future/dailydata/kx20250730.dat
2025-07-30,SN2509,SN,267430,268340,266690,267870,267740,267360,61692,28583,1651780.23,SHFE official,https://www.shfe.com.cn/data/tradedata/future/dailydata/kx20250730.dat
2025-07-30,SN2510,SN,267260,268680,267020,268120,268060,267290,8886,14633,238204.239,SHFE official,https://www.shfe.com.cn/data/tradedata/future/dailydata/kx20250730.dat
2025-07-30,SN2511,SN,267370,268510,266940,268200,267960,267050,1027,3111,27519.625,SHFE official,https://www.shfe.com.cn/data/tradedata/future/dailydata/kx20250730.dat
2025-07-30,SN2512,SN,267220,268510,267190,268050,267930,267110,463,1671,12405.441,SHFE official,https://www.shfe.com.cn/data/tradedata/future/dailydata/kx20250730.dat
2025-07-30,SN2601,SN,267550,268650,267500,268150,268080,267390,53,506,1420.837,SHFE official,https://www.shfe.com.cn/data/tradedata/future/dailydata/kx20250730.dat
2025-07-30,SN2602,SN,267480,268690,267480,267860,268000,267150,11,108,294.808,SHFE official,https://www.shfe.com.cn/data/tradedata/future/dailydata/kx20250730.dat
2025-07-30,SN2603,SN,268110,269040,268110,268790,268640,267340,3,119,80.594,SHFE official,https://www.shfe.com.cn/data/tradedata/future/dailydata/kx20250730.dat
2025-07-30,SN2604,SN,269100,269300,269100,269300,269260,267850,5,42,134.63,SHFE official,https://www.shfe.com.cn/data/tradedata/future/dailydata/kx20250730.dat
2025-07-30,SN2605,SN,269100,269100,268680,268680,268890,267880,2,53,53.778,SHFE official,https://www.shfe.com.cn/data/tradedata/future/dailydata/kx20250730.dat
2025-07-30,SN2606,SN,268100,268100,268100,268100,268100,267960,1,27,26.81,SHFE official,https://www.shfe.com.cn/data/tradedata/future/dailydata/kx20250730.dat
2025-07-30,SN2607,SN,,,,268480,268480,268480,0,4,0,SHFE official,https://www.shfe.com.cn/data/tradedata/future/dailydata/kx20250730.dat
2025-07-31,SN2508,SN,267480,267540,264380,265370,265890,267430,3558,1615,94606.447,SHFE official,https://www.shfe.com.cn/data/tradedata/future/dailydata/kx20250731.dat
2025-07-31,SN2509,SN,267900,267950,264670,265290,266160,267740,61840,27818,1645975.91,SHFE official,https://www.shfe.com.cn/data/tradedata/future/dailydata/kx20250731.dat
2025-07-31,SN2510,SN,268090,268100,265010,265700,266440,268060,13434,14590,357939.059,SHFE official,https://www.shfe.com.cn/data/tradedata/future/dailydata/kx20250731.dat
2025-07-31,SN2511,SN,267850,267850,265100,265670,266310,267960,1069,3020,28468.977,SHFE official,https://www.shfe.com.cn/data/tradedata/future/dailydata/kx20250731.dat
2025-07-31,SN2512,SN,267720,267800,264950,265640,266040,267930,337,1722,8965.856,SHFE official,https://www.shfe.com.cn/data/tradedata/future/dailydata/kx20250731.dat
2025-07-31,SN2601,SN,267860,268120,265220,266080,266500,268080,101,515,2691.699,SHFE official,https://www.shfe.com.cn/data/tradedata/future/dailydata/kx20250731.dat
2025-07-31,SN2602,SN,267430,267760,265920,265920,266500,268000,6,108,159.905,SHFE official,https://www.shfe.com.cn/data/tradedata/future/dailydata/kx20250731.dat
2025-07-31,SN2603,SN,266510,266510,266130,266130,266320,268640,2,119,53.264,SHFE official,https://www.shfe.com.cn/data/tradedata/future/dailydata/kx20250731.dat
2025-07-31,SN2604,SN,266870,266870,266870,266870,266870,269260,1,42,26.687,SHFE official,https://www.shfe.com.cn/data/tradedata/future/dailydata/kx20250731.dat
2025-07-31,SN2605,SN,267800,267800,266720,266960,267230,268890,4,55,106.892,SHFE official,https://www.shfe.com.cn/data/tradedata/future/dailydata/kx20250731.dat
2025-07-31,SN2606,SN,267200,267570,266930,267570,267240,268100,16,36,427.596,SHFE official,https://www.shfe.com.cn/data/tradedata/future/dailydata/kx20250731.dat
2025-07-31,SN2607,SN,266010,267040,266010,267040,266520,268480,2,4,53.305,SHFE official,https://www.shfe.com.cn/data/tradedata/future/dailydata/kx20250731.dat
2025-08-01,SN2508,SN,263870,265310,262680,264530,263970,265890,1175,1292,31016.491,SHFE official,https://www.shfe.com.cn/data/tradedata/future/dailydata/kx20250801.dat
2025-08-01,SN2509,SN,263970,265710,262910,264950,264250,266160,58290,27519,1540345.956,SHFE official,https://www.shfe.com.cn/data/tradedata/future/dailydata/kx20250801.dat
2025-08-01,SN2510,SN,264000,266000,263260,265330,264600,266440,13867,15121,366930.784,SHFE official,https://www.shfe.com.cn/data/tradedata/future/dailydata/kx20250801.dat
2025-08-01,SN2511,SN,265470,266000,263380,265220,264620,266310,1441,2977,38132.815,SHFE official,https://www.shfe.com.cn/data/tradedata/future/dailydata/kx20250801.dat
2025-08-01,SN2512,SN,265640,266280,263290,265440,264530,266040,836,1664,22114.991,SHFE official,https://www.shfe.com.cn/data/tradedata/future/dailydata/kx20250801.dat
2025-08-01,SN2601,SN,264130,266360,263440,265980,264800,266500,78,516,2065.496,SHFE official,https://www.shfe.com.cn/data/tradedata/future/dailydata/kx20250801.dat
2025-08-01,SN2602,SN,264170,266130,264170,266050,265000,266500,15,108,397.502,SHFE official,https://www.shfe.com.cn/data/tradedata/future/dailydata/kx20250801.dat
2025-08-01,SN2603,SN,264900,265620,264840,265620,265120,266320,3,117,79.536,SHFE official,https://www.shfe.com.cn/data/tradedata/future/dailydata/kx20250801.dat
2025-08-01,SN2604,SN,,,,266870,266870,266870,0,42,0,SHFE official,https://www.shfe.com.cn/data/tradedata/future/dailydata/kx20250801.dat
2025-08-01,SN2605,SN,265820,267130,265820,267130,266350,267230,3,57,79.905,SHFE official,https://www.shfe.com.cn/data/tradedata/future/dailydata/kx20250801.dat
2025-08-01,SN2606,SN,265520,267430,265520,267430,266530,267240,8,37,213.227,SHFE official,https://www.shfe.com.cn/data/tradedata/future/dailydata/kx20250801.dat
2025-08-01,SN2607,SN,,,,266520,266520,266520,0,4,0,SHFE official,https://www.shfe.com.cn/data/tradedata/future/dailydata/kx20250801.dat
2025-08-04,SN2508,SN,264920,266400,264620,265930,265590,263970,402,1226,10676.86,SHFE official,https://www.shfe.com.cn/data/tradedata/future/dailydata/kx20250804.dat
2025-08-04,SN2509,SN,266200,267140,264980,266490,266150,264250,55445,27212,1475679.216,SHFE official,https://www.shfe.com.cn/data/tradedata/future/dailydata/kx20250804.dat
2025-08-04,SN2510,SN,266650,267470,265280,266730,266410,264600,11170,15232,297586.658,SHFE official,https://www.shfe.com.cn/data/tradedata/future/dailydata/kx20250804.dat
2025-08-04,SN2511,SN,266120,267500,265340,266680,266390,264620,1375,3170,36629.401,SHFE official,https://www.shfe.com.cn/data/tradedata/future/dailydata/kx20250804.dat
2025-08-04,SN2512,SN,266370,267540,265500,266870,266610,264530,445,1696,11864.421,SHFE official,https://www.shfe.com.cn/data/tradedata/future/dailydata/kx20250804.dat
2025-08-04,SN2601,SN,267240,267890,265700,267220,266980,264800,81,532,2162.604,SHFE official,https://www.shfe.com.cn/data/tradedata/future/dailydata/kx20250804.dat
2025-08-04,SN2602,SN,267940,267940,266520,266520,267390,265000,5,105,133.696,SHFE official,https://www.shfe.com.cn/data/tradedata/future/dailydata/kx20250804.dat
2025-08-04,SN2603,SN,268200,268990,266560,267340,267380,265120,9,120,240.646,SHFE official,https://www.shfe.com.cn/data/tradedata/future/dailydata/kx20250804.dat
2025-08-04,SN2604,SN,267490,267490,267450,267450,267470,266870,2,43,53.494,SHFE official,https://www.shfe.com.cn/data/tradedata/future/dailydata/kx20250804.dat
2025-08-04,SN2605,SN,267500,267900,266870,266870,267140,266350,8,60,213.714,SHFE official,https://www.shfe.com.cn/data/tradedata/future/dailydata/kx20250804.dat
2025-08-04,SN2606,SN,268040,268800,267400,268060,268030,266530,6,37,160.818,SHFE official,https://www.shfe.com.cn/data/tradedata/future/dailydata/kx20250804.dat
2025-08-04,SN2607,SN,,,,267110,267110,266520,0,4,0,SHFE official,https://www.shfe.com.cn/data/tradedata/future/dailydata/kx20250804.dat
2025-08-05,SN2508,SN,265930,267130,264800,267010,265600,265590,546,1268,14501.892,SHFE official,https://www.shfe.com.cn/data/tradedata/future/dailydata/kx20250805.dat
2025-08-05,SN2509,SN,266100,267650,265080,267490,266140,266150,42925,26388,1142439.365,SHFE official,https://www.shfe.com.cn/data/tradedata/future/dailydata/kx20250805.dat
2025-08-05,SN2510,SN,266730,267920,265380,267800,266620,266410,10479,15302,279398.715,SHFE official,https://www.shfe.com.cn/data/tradedata/future/dailydata/kx20250805.dat
2025-08-05,SN2511,SN,266520,267890,265510,267660,266700,266390,1165,3288,31071.26,SHFE official,https://www.shfe.com.cn/data/tradedata/future/dailydata/kx20250805.dat
2025-08-05,SN2512,SN,266870,268040,265680,267870,266960,266610,358,1672,9557.466,SHFE official,https://www.shfe.com.cn/data/tradedata/future/dailydata/kx20250805.dat
2025-08-05,SN2601,SN,266380,268160,265780,268100,266920,266980,27,534,720.685,SHFE official,https://www.shfe.com.cn/data/tradedata/future/dailydata/kx20250805.dat
2025-08-05,SN2602,SN,,,,268140,268140,267390,0,105,0,SHFE official,https://www.shfe.com.cn/data/tradedata/future/dailydata/kx20250805.dat
2025-08-05,SN2603,SN,268190,268190,268190,268190,268190,267380,1,121,26.819,SHFE official,https://www.shfe.com.cn/data/tradedata/future/dailydata/kx20250805.dat
2025-08-05,SN2604,SN,,,,268730,268730,267470,0,43,0,SHFE official,https://www.shfe.com.cn/data/tradedata/future/dailydata/kx20250805.dat
2025-08-05,SN2605,SN,267560,267560,266730,267290,267070,267140,4,60,106.831,SHFE official,https://www.shfe.com.cn/data/tradedata/future/dailydata/kx20250805.dat
2025-08-05,SN2606,SN,268710,268810,266660,268810,267870,268030,7,36,187.514,SHFE official,https://www.shfe.com.cn/data/tradedata/future/dailydata/kx20250805.dat
2025-08-05,SN2607,SN,,,,268490,268490,267110,0,4,0,SHFE official,https://www.shfe.com.cn/data/tradedata/future/dailydata/kx20250805.dat
2025-08-06,SN2508,SN,266260,267200,265710,266470,266550,265600,356,1254,9489.332,SHFE official,https://www.shfe.com.cn/data/tradedata/future/dailydata/kx20250806.dat
2025-08-06,SN2509,SN,266870,267700,266080,266940,266860,266140,35662,24719,951698.433,SHFE official,https://www.shfe.com.cn/data/tradedata/future/dailydata/kx20250806.dat
2025-08-06,SN2510,SN,267500,267940,266320,267200,267160,266620,10971,15030,293101.449,SHFE official,https://www.shfe.com.cn/data/tradedata/future/dailydata/kx20250806.dat
2025-08-06,SN2511,SN,267360,267940,266380,267280,267170,266700,1961,3514,52393.224,SHFE official,https://www.shfe.com.cn/data/tradedata/future/dailydata/kx20250806.dat
2025-08-06,SN2512,SN,267050,268070,266360,267180,266980,266960,345,1685,9210.916,SHFE official,https://www.shfe.com.cn/data/tradedata/future/dailydata/kx20250806.dat
2025-08-06,SN2601,SN,267340,268200,266940,267310,267550,266920,79,563,2113.685,SHFE official,https://www.shfe.com.cn/data/tradedata/future/dailydata/kx20250806.dat
2025-08-06,SN2602,SN,266960,268030,266960,268030,267470,268140,6,104,160.482,SHFE official,https://www.shfe.com.cn/data/tradedata/future/dailydata/kx20250806.dat
2025-08-06,SN2603,SN,267150,268370,267150,267970,267930,268190,8,124,214.349,SHFE official,https://www.shfe.com.cn/data/tradedata/future/dailydata/kx20250806.dat
2025-08-06,SN2604,SN,,,,268730,268730,268730,0,43,0,SHFE official,https://www.shfe.com.cn/data/tradedata/future/dailydata/kx20250806.dat
2025-08-06,SN2605,SN,,,,268090,268090,267070,0,60,0,SHFE official,https://www.shfe.com.cn/data/tradedata/future/dailydata/kx20250806.dat
2025-08-06,SN2606,SN,,,,268240,268240,267870,0,36,0,SHFE official,https://www.shfe.com.cn/data/tradedata/future/dailydata/kx20250806.dat
2025-08-06,SN2607,SN,,,,268490,268490,268490,0,4,0,SHFE official,https://www.shfe.com.cn/data/tradedata/future/dailydata/kx20250806.dat
2025-08-07,SN2508,SN,267600,268110,266350,267500,267040,266550,256,1244,6836.328,SHFE official,https://www.shfe.com.cn/data/tradedata/future/dailydata/kx20250807.dat
2025-08-07,SN2509,SN,268000,268700,266550,267940,267530,266860,44115,24776,1180226.959,SHFE official,https://www.shfe.com.cn/data/tradedata/future/dailydata/kx20250807.dat
2025-08-07,SN2510,SN,268000,269000,266800,268250,267850,267160,12814,15721,343233.473,SHFE official,https://www.shfe.com.cn/data/tradedata/future/dailydata/kx20250807.dat
2025-08-07,SN2511,SN,267980,268990,266840,268250,267850,267170,2248,3637,60214.118,SHFE official,https://www.shfe.com.cn/data/tradedata/future/dailydata/kx20250807.dat
2025-08-07,SN2512,SN,268360,268980,266710,268270,267740,266980,304,1716,8139.3,SHFE official,https://www.shfe.com.cn/data/tradedata/future/dailydata/kx20250807.dat
2025-08-07,SN2601,SN,268250,269010,267370,268470,268160,267550,55,571,1474.899,SHFE official,https://www.shfe.com.cn/data/tradedata/future/dailydata/kx20250807.dat
2025-08-07,SN2602,SN,267690,268390,267690,268390,267920,267470,3,104,80.377,SHFE official,https://www.shfe.com.cn/data/tradedata/future/dailydata/kx20250807.dat
2025-08-07,SN2603,SN,267700,268450,267700,268450,268070,267930,2,124,53.615,SHFE official,https://www.shfe.com.cn/data/tradedata/future/dailydata/kx20250807.dat
2025-08-07,SN2604,SN,268810,268810,268810,268810,268810,268730,1,43,26.881,SHFE official,https://www.shfe.com.cn/data/tradedata/future/dailydata/kx20250807.dat
2025-08-07,SN2605,SN,268490,269600,268490,268590,268850,268090,6,59,161.312,SHFE official,https://www.shfe.com.cn/data/tradedata/future/dailydata/kx20250807.dat
2025-08-07,SN2606,SN,269060,269950,268900,268900,269300,268240,3,35,80.791,SHFE official,https://www.shfe.com.cn/data/tradedata/future/dailydata/kx20250807.dat
2025-08-07,SN2607,SN,,,,268580,268580,268490,0,4,0,SHFE official,https://www.shfe.com.cn/data/tradedata/future/dailydata/kx20250807.dat
2025-08-08,SN2508,SN,268100,268200,266830,267500,267630,267040,252,1164,6744.476,SHFE official,https://www.shfe.com.cn/data/tradedata/future/dailydata/kx20250808.dat
2025-08-08,SN2509,SN,268490,268790,267260,267780,268140,267530,42882,24395,1149841.292,SHFE official,https://www.shfe.com.cn/data/tradedata/future/dailydata/kx20250808.dat
2025-08-08,SN2510,SN,268560,268980,267510,268070,268370,267850,11289,15940,302969.721,SHFE official,https://www.shfe.com.cn/data/tradedata/future/dailydata/kx20250808.dat
2025-08-08,SN2511,SN,268420,269090,267500,268060,268360,267850,1934,3893,51902.157,SHFE official,https://www.shfe.com.cn/data/tradedata/future/dailydata/kx20250808.dat
2025-08-08,SN2512,SN,268600,269060,267490,268280,268290,267740,519,1882,13924.45,SHFE official,https://www.shfe.com.cn/data/tradedata/future/dailydata/kx20250808.dat
2025-08-08,SN2601,SN,268850,269100,268000,268400,268500,268160,99,582,2658.202,SHFE official,https://www.shfe.com.cn/data/tradedata/future/dailydata/kx20250808.dat
2025-08-08,SN2602,SN,268200,268510,268200,268510,268430,267920,4,104,107.373,SHFE official,https://www.shfe.com.cn/data/tradedata/future/dailydata/kx20250808.dat
2025-08-08,SN2603,SN,268500,269100,268500,269100,268710,268070,3,123,80.614,SHFE official,https://www.shfe.com.cn/data/tradedata/future/dailydata/kx20250808.dat
2025-08-08,SN2604,SN,268900,268940,268900,268940,268920,268810,3,43,80.678,SHFE official,https://www.shfe.com.cn/data/tradedata/future/dailydata/kx20250808.dat
2025-08-08,SN2605,SN,,,,269110,269110,268850,0,59,0,SHFE official,https://www.shfe.com.cn/data/tradedata/future/dailydata/kx20250808.dat
2025-08-08,SN2606,SN,,,,269300,269300,269300,0,35,0,SHFE official,https://www.shfe.com.cn/data/tradedata/future/dailydata/kx20250808.dat
2025-08-08,SN2607,SN,,,,269050,269050,268580,0,4,0,SHFE official,https://www.shfe.com.cn/data/tradedata/future/dailydata/kx20250808.dat
2025-08-11,SN2508,SN,267200,267900,266500,267900,267200,267630,140,1132,3740.886,SHFE official,https://www.shfe.com.cn/data/tradedata/future/dailydata/kx20250811.dat
2025-08-11,SN2509,SN,268280,268880,266850,268380,267960,268140,52991,24278,1419965.187,SHFE official,https://www.shfe.com.cn/data/tradedata/future/dailydata/kx20250811.dat
2025-08-11,SN2510,SN,268370,269080,267100,268610,268200,268370,13332,15855,357569.777,SHFE official,https://www.shfe.com.cn/data/tradedata/future/dailydata/kx20250811.dat
2025-08-11,SN2511,SN,268700,269000,267150,268570,268170,268360,1821,4030,48834.483,SHFE official,https://www.shfe.com.cn/data/tradedata/future/dailydata/kx20250811.dat
2025-08-11,SN2512,SN,268510,269120,267400,268620,268250,268290,903,1997,24223.593,SHFE official,https://www.shfe.com.cn/data/tradedata/future/dailydata/kx20250811.dat
2025-08-11,SN2601,SN,268400,269220,267560,268790,268540,268500,136,616,3652.264,SHFE official,https://www.shfe.com.cn/data/tradedata/future/dailydata/kx20250811.dat
2025-08-11,SN2602,SN,268130,269060,267500,269060,268300,268430,11,108,295.14,SHFE official,https://www.shfe.com.cn/data/tradedata/future/dailydata/kx20250811.dat
2025-08-11,SN2603,SN,268820,269720,268820,269720,269240,268710,5,122,134.62,SHFE official,https://www.shfe.com.cn/data/tradedata/future/dailydata/kx20250811.dat
2025-08-11,SN2604,SN,269640,269640,269640,269640,269640,268920,1,43,26.964,SHFE official,https://www.shfe.com.cn/data/tradedata/future/dailydata/kx20250811.dat
2025-08-11,SN2605,SN,269900,269900,269900,269900,269900,269110,1,59,26.99,SHFE official,https://www.shfe.com.cn/data/tradedata/future/dailydata/kx20250811.dat
2025-08-11,SN2606,SN,,,,269740,269740,269300,0,35,0,SHFE official,https://www.shfe.com.cn/data/tradedata/future/dailydata/kx20250811.dat
2025-08-11,SN2607,SN,,,,269050,269050,269050,0,4,0,SHFE official,https://www.shfe.com.cn/data/tradedata/future/dailydata/kx20250811.dat
2025-08-12,SN2508,SN,267900,271000,267900,269660,268890,267200,102,1080,2742.762,SHFE official,https://www.shfe.com.cn/data/tradedata/future/dailydata/kx20250812.dat
2025-08-12,SN2509,SN,268480,272000,268100,270200,270410,267960,79102,26525,2139006.722,SHFE official,https://www.shfe.com.cn/data/tradedata/future/dailydata/kx20250812.dat
2025-08-12,SN2510,SN,268650,272200,268280,270400,270600,268200,21730,18133,588014.71,SHFE official,https://www.shfe.com.cn/data/tradedata/future/dailydata/kx20250812.dat
2025-08-12,SN2511,SN,268380,272170,268370,270260,270550,268170,4382,4780,118557.473,SHFE official,https://www.shfe.com.cn/data/tradedata/future/dailydata/kx20250812.dat
2025-08-12,SN2512,SN,268970,271990,268650,270300,270460,268250,1320,2186,35700.893,SHFE official,https://www.shfe.com.cn/data/tradedata/future/dailydata/kx20250812.dat
2025-08-12,SN2601,SN,268890,271990,268600,270540,270640,268540,341,679,9229.045,SHFE official,https://www.shfe.com.cn/data/tradedata/future/dailydata/kx20250812.dat
2025-08-12,SN2602,SN,270270,271280,270190,270700,270740,268300,12,105,324.899,SHFE official,https://www.shfe.com.cn/data/tradedata/future/dailydata/kx20250812.dat
2025-08-12,SN2603,SN,271800,272870,270160,270960,271330,269240,9,121,244.198,SHFE official,https://www.shfe.com.cn/data/tradedata/future/dailydata/kx20250812.dat
2025-08-12,SN2604,SN,270520,272710,270520,272710,271490,269640,4,42,108.596,SHFE official,https://www.shfe.com.cn/data/tradedata/future/dailydata/kx20250812.dat
2025-08-12,SN2605,SN,270620,272010,270620,271870,271490,269900,6,63,162.898,SHFE official,https://www.shfe.com.cn/data/tradedata/future/dailydata/kx20250812.dat
2025-08-12,SN2606,SN,271060,271060,270740,270740,270900,269740,2,35,54.18,SHFE official,https://www.shfe.com.cn/data/tradedata/future/dailydata/kx20250812.dat
2025-08-12,SN2607,SN,,,,270450,270450,269050,0,4,0,SHFE official,https://www.shfe.com.cn/data/tradedata/future/dailydata/kx20250812.dat
2025-08-13,SN2508,SN,270290,270500,268230,268250,270040,268890,100,1018,2700.442,SHFE official,https://www.shfe.com.cn/data/tradedata/future/dailydata/kx20250813.dat
2025-08-13,SN2509,SN,270340,271000,269050,269820,270150,270410,41715,25370,1126970.229,SHFE official,https://www.shfe.com.cn/data/tradedata/future/dailydata/kx20250813.dat
2025-08-13,SN2510,SN,270740,271270,269200,270050,270360,270600,13538,18234,366016.368,SHFE official,https://www.shfe.com.cn/data/tradedata/future/dailydata/kx20250813.dat
2025-08-13,SN2511,SN,270480,271100,269260,269950,270280,270550,2093,4939,56570.737,SHFE official,https://www.shfe.com.cn/data/tradedata/future/dailydata/kx20250813.dat
2025-08-13,SN2512,SN,270120,271000,269230,269860,270120,270460,555,2269,14991.728,SHFE official,https://www.shfe.com.cn/data/tradedata/future/dailydata/kx20250813.dat
2025-08-13,SN2601,SN,270350,271030,269340,270170,270430,270640,130,684,3515.591,SHFE official,https://www.shfe.com.cn/data/tradedata/future/dailydata/kx20250813.dat
2025-08-13,SN2602,SN,271080,271080,270660,270700,270820,270740,4,106,108.33,SHFE official,https://www.shfe.com.cn/data/tradedata/future/dailydata/kx20250813.dat
2025-08-13,SN2603,SN,271370,271370,271370,271370,271370,271330,1,121,27.137,SHFE official,https://www.shfe.com.cn/data/tradedata/future/dailydata/kx20250813.dat
2025-08-13,SN2604,SN,271500,271610,270120,270120,271040,271490,5,42,135.523,SHFE official,https://www.shfe.com.cn/data/tradedata/future/dailydata/kx20250813.dat
2025-08-13,SN2605,SN,271420,271420,271420,271420,271420,271490,1,64,27.142,SHFE official,https://www.shfe.com.cn/data/tradedata/future/dailydata/kx20250813.dat
2025-08-13,SN2606,SN,272080,272080,271960,271960,272020,270900,2,35,54.404,SHFE official,https://www.shfe.com.cn/data/tradedata/future/dailydata/kx20250813.dat
2025-08-13,SN2607,SN,,,,270450,270450,270450,0,4,0,SHFE official,https://www.shfe.com.cn/data/tradedata/future/dailydata/kx20250813.dat
2025-08-14,SN2508,SN,268450,268650,267200,267250,268020,270040,74,976,1983.41,SHFE official,https://www.shfe.com.cn/data/tradedata/future/dailydata/kx20250814.dat
2025-08-14,SN2509,SN,269130,269790,267100,267420,268590,270150,45190,23456,1213772.637,SHFE official,https://www.shfe.com.cn/data/tradedata/future/dailydata/kx20250814.dat
2025-08-14,SN2510,SN,269920,270030,267320,267720,268790,270360,17040,17931,458023.811,SHFE official,https://www.shfe.com.cn/data/tradedata/future/dailydata/kx20250814.dat
2025-08-14,SN2511,SN,269500,269970,267450,267820,268730,270280,2198,5156,59068.016,SHFE official,https://www.shfe.com.cn/data/tradedata/future/dailydata/kx20250814.dat
2025-08-14,SN2512,SN,269310,269750,267150,267660,268770,270120,795,2359,21367.293,SHFE official,https://www.shfe.com.cn/data/tradedata/future/dailydata/kx20250814.dat
2025-08-14,SN2601,SN,269110,269940,267270,267610,269010,270430,200,713,5380.332,SHFE official,https://www.shfe.com.cn/data/tradedata/future/dailydata/kx20250814.dat
2025-08-14,SN2602,SN,269550,269630,267570,267640,268040,270820,53,119,1420.63,SHFE official,https://www.shfe.com.cn/data/tradedata/future/dailydata/kx20250814.dat
2025-08-14,SN2603,SN,268760,268760,267970,268180,268220,271370,5,123,134.111,SHFE official,https://www.shfe.com.cn/data/tradedata/future/dailydata/kx20250814.dat
2025-08-14,SN2604,SN,270690,270690,268560,268720,269100,271040,13,43,349.839,SHFE official,https://www.shfe.com.cn/data/tradedata/future/dailydata/kx20250814.dat
2025-08-14,SN2605,SN,270410,270410,269300,269300,269530,271420,55,103,1482.428,SHFE official,https://www.shfe.com.cn/data/tradedata/future/dailydata/kx20250814.dat
2025-08-14,SN2606,SN,269820,270330,269800,269880,269850,272020,15,44,404.782,SHFE official,https://www.shfe.com.cn/data/tradedata/future/dailydata/kx20250814.dat
2025-08-14,SN2607,SN,269300,271120,269300,271120,270500,270450,15,4,405.76,SHFE official,https://www.shfe.com.cn/data/tradedata/future/dailydata/kx20250814.dat
2025-08-15,SN2508,SN,264650,266210,264650,266210,265230,268020,48,978,1273.114,SHFE official,https://www.shfe.com.cn/data/tradedata/future/dailydata/kx20250815.dat
2025-08-15,SN2509,SN,267160,267750,265240,266820,266560,268590,45382,22061,1209716.915,SHFE official,https://www.shfe.com.cn/data/tradedata/future/dailydata/kx20250815.dat
2025-08-15,SN2510,SN,267720,267980,265480,267130,266760,268790,16112,17715,429811.808,SHFE official,https://www.shfe.com.cn/data/tradedata/future/dailydata/kx20250815.dat
2025-08-15,SN2511,SN,267480,268090,265670,267360,266920,268730,3748,5506,100044.403,SHFE official,https://www.shfe.com.cn/data/tradedata/future/dailydata/kx20250815.dat
2025-08-15,SN2512,SN,267340,267820,265620,267210,266710,268770,828,2452,22083.905,SHFE official,https://www.shfe.com.cn/data/tradedata/future/dailydata/kx20250815.dat
2025-08-15,SN2601,SN,267660,267950,265900,267570,266830,269010,171,709,4562.844,SHFE official,https://www.shfe.com.cn/data/tradedata/future/dailydata/kx20250815.dat
2025-08-15,SN2602,SN,267770,267820,266190,267820,267020,268040,7,118,186.916,SHFE official,https://www.shfe.com.cn/data/tradedata/future/dailydata/kx20250815.dat
2025-08-15,SN2603,SN,267840,267840,266680,266680,267330,268220,4,123,106.932,SHFE official,https://www.shfe.com.cn/data/tradedata/future/dailydata/kx20250815.dat
2025-08-15,SN2604,SN,268230,268280,268230,268280,268250,269100,2,42,53.651,SHFE official,https://www.shfe.com.cn/data/tradedata/future/dailydata/kx20250815.dat
2025-08-15,SN2605,SN,269000,269000,267540,268760,268550,269530,36,122,966.812,SHFE official,https://www.shfe.com.cn/data/tradedata/future/dailydata/kx20250815.dat
2025-08-15,SN2606,SN,268260,268260,268260,268260,268260,269850,1,45,26.826,SHFE official,https://www.shfe.com.cn/data/tradedata/future/dailydata/kx20250815.dat
2025-08-15,SN2607,SN,,,,269500,269500,270500,0,4,0,SHFE official,https://www.shfe.com.cn/data/tradedata/future/dailydata/kx20250815.dat
2025-08-18,SN2509,SN,266820,267610,266210,267020,266860,266560,34781,22096,928174.595,SHFE official,https://www.shfe.com.cn/data/tradedata/future/dailydata/kx20250818.dat
2025-08-18,SN2510,SN,267410,267920,266500,267290,267150,266760,14605,17957,390181.276,SHFE official,https://www.shfe.com.cn/data/tradedata/future/dailydata/kx20250818.dat
2025-08-18,SN2511,SN,267490,268030,266670,267510,267260,266920,2826,5471,75529.296,SHFE official,https://www.shfe.com.cn/data/tradedata/future/dailydata/kx20250818.dat
2025-08-18,SN2512,SN,267250,267970,266730,267400,267220,266710,610,2539,16300.92,SHFE official,https://www.shfe.com.cn/data/tradedata/future/dailydata/kx20250818.dat
2025-08-18,SN2601,SN,267570,268120,267010,267690,267430,266830,52,702,1390.672,SHFE official,https://www.shfe.com.cn/data/tradedata/future/dailydata/kx20250818.dat
2025-08-18,SN2602,SN,267480,267480,267480,267480,267480,267020,1,118,26.748,SHFE official,https://www.shfe.com.cn/data/tradedata/future/dailydata/kx20250818.dat
2025-08-18,SN2603,SN,268020,268020,267970,267970,267990,267330,2,124,53.599,SHFE official,https://www.shfe.com.cn/data/tradedata/future/dailydata/kx20250818.dat
2025-08-18,SN2604,SN,268460,269260,268420,269260,268640,268250,4,44,107.456,SHFE official,https://www.shfe.com.cn/data/tradedata/future/dailydata/kx20250818.dat
2025-08-18,SN2605,SN,268360,268960,268360,268960,268430,268550,8,128,214.748,SHFE official,https://www.shfe.com.cn/data/tradedata/future/dailydata/kx20250818.dat
2025-08-18,SN2606,SN,,,,269000,269000,268260,0,45,0,SHFE official,https://www.shfe.com.cn/data/tradedata/future/dailydata/kx20250818.dat
2025-08-18,SN2607,SN,,,,269320,269320,269500,0,4,0,SHFE official,https://www.shfe.com.cn/data/tradedata/future/dailydata/kx20250818.dat
2025-08-18,SN2608,SN,,,,269500,269500,269500,0,0,0,SHFE official,https://www.shfe.com.cn/data/tradedata/future/dailydata/kx20250818.dat
2025-08-19,SN2509,SN,266560,268170,265450,268090,266510,266860,44882,21004,1196163.323,SHFE official,https://www.shfe.com.cn/data/tradedata/future/dailydata/kx20250819.dat
2025-08-19,SN2510,SN,267050,268400,265760,268320,266810,267150,18894,18597,504123.531,SHFE official,https://www.shfe.com.cn/data/tradedata/future/dailydata/kx20250819.dat
2025-08-19,SN2511,SN,268000,268630,265980,268590,267200,267260,2887,5881,77143.262,SHFE official,https://www.shfe.com.cn/data/tradedata/future/dailydata/kx20250819.dat
2025-08-19,SN2512,SN,267250,268580,266000,268290,267290,267220,889,2609,23762.942,SHFE official,https://www.shfe.com.cn/data/tradedata/future/dailydata/kx20250819.dat
2025-08-19,SN2601,SN,267130,268840,266280,268290,267310,267430,91,710,2432.603,SHFE official,https://www.shfe.com.cn/data/tradedata/future/dailydata/kx20250819.dat
2025-08-19,SN2602,SN,267120,268620,266610,268620,267470,267480,9,117,240.726,SHFE official,https://www.shfe.com.cn/data/tradedata/future/dailydata/kx20250819.dat
2025-08-19,SN2603,SN,267670,268200,267610,268200,267820,267990,3,126,80.348,SHFE official,https://www.shfe.com.cn/data/tradedata/future/dailydata/kx20250819.dat
2025-08-19,SN2604,SN,,,,268820,268820,268640,0,44,0,SHFE official,https://www.shfe.com.cn/data/tradedata/future/dailydata/kx20250819.dat
2025-08-19,SN2605,SN,,,,269170,269170,268430,0,128,0,SHFE official,https://www.shfe.com.cn/data/tradedata/future/dailydata/kx20250819.dat
2025-08-19,SN2606,SN,,,,269000,269000,269000,0,45,0,SHFE official,https://www.shfe.com.cn/data/tradedata/future/dailydata/kx20250819.dat
2025-08-19,SN2607,SN,,,,269440,269440,269320,0,4,0,SHFE official,https://www.shfe.com.cn/data/tradedata/future/dailydata/kx20250819.dat
2025-08-19,SN2608,SN,,,,269500,269500,269500,0,0,0,SHFE official,https://www.shfe.com.cn/data/tradedata/future/dailydata/kx20250819.dat
2025-08-20,SN2509,SN,268090,269620,266320,267840,268440,266510,64459,19377,1730372.115,SHFE official,https://www.shfe.com.cn/data/tradedata/future/dailydata/kx20250820.dat
2025-08-20,SN2510,SN,268330,269760,266540,268070,268560,266810,28694,18195,770625.507,SHFE official,https://www.shfe.com.cn/data/tradedata/future/dailydata/kx20250820.dat
2025-08-20,SN2511,SN,268330,269850,266650,268120,268710,267200,4897,5831,131590.669,SHFE official,https://www.shfe.com.cn/data/tradedata/future/dailydata/kx20250820.dat
2025-08-20,SN2512,SN,268290,269830,266700,268350,268650,267290,1002,2578,26918.865,SHFE official,https://www.shfe.com.cn/data/tradedata/future/dailydata/kx20250820.dat
2025-08-20,SN2601,SN,268570,270000,266860,268290,269100,267310,307,717,8261.555,SHFE official,https://www.shfe.com.cn/data/tradedata/future/dailydata/kx20250820.dat
2025-08-20,SN2602,SN,269660,269690,267880,268260,268940,267470,18,126,484.103,SHFE official,https://www.shfe.com.cn/data/tradedata/future/dailydata/kx20250820.dat
2025-08-20,SN2603,SN,269910,270530,268500,268500,269610,267820,11,127,296.577,SHFE official,https://www.shfe.com.cn/data/tradedata/future/dailydata/kx20250820.dat
2025-08-20,SN2604,SN,,,,268820,268820,268820,0,44,0,SHFE official,https://www.shfe.com.cn/data/tradedata/future/dailydata/kx20250820.dat
2025-08-20,SN2605,SN,271100,271100,271100,271100,271100,269170,1,128,27.11,SHFE official,https://www.shfe.com.cn/data/tradedata/future/dailydata/kx20250820.dat
2025-08-20,SN2606,SN,,,,269290,269290,269000,0,45,0,SHFE official,https://www.shfe.com.cn/data/tradedata/future/dailydata/kx20250820.dat
2025-08-20,SN2607,SN,,,,269440,269440,269440,0,4,0,SHFE official,https://www.shfe.com.cn/data/tradedata/future/dailydata/kx20250820.dat
2025-08-20,SN2608,SN,,,,269500,269500,269500,0,0,0,SHFE official,https://www.shfe.com.cn/data/tradedata/future/dailydata/kx20250820.dat
2025-08-21,SN2509,SN,267520,269040,266420,266480,267650,268440,36709,18744,982516.966,SHFE official,https://www.shfe.com.cn/data/tradedata/future/dailydata/kx20250821.dat
2025-08-21,SN2510,SN,267850,269290,266700,266720,267830,268560,20378,18099,545803.928,SHFE official,https://www.shfe.com.cn/data/tradedata/future/dailydata/kx20250821.dat
2025-08-21,SN2511,SN,267700,269380,266850,266920,267910,268710,3101,6167,83081.124,SHFE official,https://www.shfe.com.cn/data/tradedata/future/dailydata/kx20250821.dat
2025-08-21,SN2512,SN,267880,269490,266860,267040,268060,268650,555,2665,14877.491,SHFE official,https://www.shfe.com.cn/data/tradedata/future/dailydata/kx20250821.dat
2025-08-21,SN2601,SN,268180,269420,267110,267310,268310,269100,106,728,2844.151,SHFE official,https://www.shfe.com.cn/data/tradedata/future/dailydata/kx20250821.dat
2025-08-21,SN2602,SN,267920,267930,267920,267930,267920,268940,2,127,53.585,SHFE official,https://www.shfe.com.cn/data/tradedata/future/dailydata/kx20250821.dat
2025-08-21,SN2603,SN,,,,267910,267910,269610,0,127,0,SHFE official,https://www.shfe.com.cn/data/tradedata/future/dailydata/kx20250821.dat
2025-08-21,SN2604,SN,,,,268440,268440,268820,0,44,0,SHFE official,https://www.shfe.com.cn/data/tradedata/future/dailydata/kx20250821.dat
2025-08-21,SN2605,SN,270420,270420,269000,269000,269900,271100,3,127,80.972,SHFE official,https://www.shfe.com.cn/data/tradedata/future/dailydata/kx20250821.dat
2025-08-21,SN2606,SN,269250,269250,269250,269250,269250,269290,3,46,80.775,SHFE official,https://www.shfe.com.cn/data/tradedata/future/dailydata/kx20250821.dat
2025-08-21,SN2607,SN,,,,269440,269440,269440,0,4,0,SHFE official,https://www.shfe.com.cn/data/tradedata/future/dailydata/kx20250821.dat
2025-08-21,SN2608,SN,,,,269500,269500,269500,0,0,0,SHFE official,https://www.shfe.com.cn/data/tradedata/future/dailydata/kx20250821.dat
2025-08-22,SN2509,SN,267050,267530,265040,265930,266330,267650,34606,18073,921669.185,SHFE official,https://www.shfe.com.cn/data/tradedata/future/dailydata/kx20250822.dat
2025-08-22,SN2510,SN,266500,267800,265330,266130,266530,267830,23047,19324,614282.289,SHFE official,https://www.shfe.com.cn/data/tradedata/future/dailydata/kx20250822.dat
2025-08-22,SN2511,SN,267030,267910,265530,266430,266670,267910,3468,6629,92483.403,SHFE official,https://www.shfe.com.cn/data/tradedata/future/dailydata/kx20250822.dat
2025-08-22,SN2512,SN,267040,267890,265580,266510,266700,268060,640,2772,17069.353,SHFE official,https://www.shfe.com.cn/data/tradedata/future/dailydata/kx20250822.dat
2025-08-22,SN2601,SN,267300,267990,266000,266790,267070,268310,200,764,5341.402,SHFE official,https://www.shfe.com.cn/data/tradedata/future/dailydata/kx20250822.dat
2025-08-22,SN2602,SN,268090,268090,266530,266790,267140,267920,30,131,801.421,SHFE official,https://www.shfe.com.cn/data/tradedata/future/dailydata/kx20250822.dat
2025-08-22,SN2603,SN,267610,267610,267350,267480,267450,267910,13,127,347.686,SHFE official,https://www.shfe.com.cn/data/tradedata/future/dailydata/kx20250822.dat
2025-08-22,SN2604,SN,268150,268620,267420,267420,268060,268440,3,45,80.419,SHFE official,https://www.shfe.com.cn/data/tradedata/future/dailydata/kx20250822.dat
2025-08-22,SN2605,SN,268540,268900,267590,267590,268340,269900,3,127,80.503,SHFE official,https://www.shfe.com.cn/data/tradedata/future/dailydata/kx20250822.dat
2025-08-22,SN2606,SN,268810,268810,267740,268280,268190,269250,4,45,107.278,SHFE official,https://www.shfe.com.cn/data/tradedata/future/dailydata/kx20250822.dat
2025-08-22,SN2607,SN,269800,269800,266880,266920,268340,269440,6,4,161.008,SHFE official,https://www.shfe.com.cn/data/tradedata/future/dailydata/kx20250822.dat
2025-08-22,SN2608,SN,270160,270350,268940,268940,269810,269500,3,2,80.945,SHFE official,https://www.shfe.com.cn/data/tradedata/future/dailydata/kx20250822.dat
2025-08-25,SN2509,SN,266000,271090,266000,269570,269030,266330,62749,13540,1688189.134,SHFE official,https://www.shfe.com.cn/data/tradedata/future/dailydata/kx20250825.dat
2025-08-25,SN2510,SN,266590,271350,266220,269890,269340,266530,52881,22562,1424341.516,SHFE official,https://www.shfe.com.cn/data/tradedata/future/dailydata/kx20250825.dat
2025-08-25,SN2511,SN,266480,271410,266480,270060,269660,266670,9436,7718,254452.854,SHFE official,https://www.shfe.com.cn/data/tradedata/future/dailydata/kx20250825.dat
2025-08-25,SN2512,SN,266990,271500,266930,270160,269710,266700,2512,3367,67751.512,SHFE official,https://www.shfe.com.cn/data/tradedata/future/dailydata/kx20250825.dat
2025-08-25,SN2601,SN,267070,271550,267070,270190,269710,267070,761,946,20525.229,SHFE official,https://www.shfe.com.cn/data/tradedata/future/dailydata/kx20250825.dat
2025-08-25,SN2602,SN,267890,271470,267890,270560,269800,267140,28,135,755.447,SHFE official,https://www.shfe.com.cn/data/tradedata/future/dailydata/kx20250825.dat
2025-08-25,SN2603,SN,268000,271370,268000,271050,270160,267450,22,136,594.365,SHFE official,https://www.shfe.com.cn/data/tradedata/future/dailydata/kx20250825.dat
2025-08-25,SN2604,SN,270150,273890,269710,271330,271600,268060,11,50,298.764,SHFE official,https://www.shfe.com.cn/data/tradedata/future/dailydata/kx20250825.dat
2025-08-25,SN2605,SN,271470,274230,270770,271800,271840,268340,15,134,407.771,SHFE official,https://www.shfe.com.cn/data/tradedata/future/dailydata/kx20250825.dat
2025-08-25,SN2606,SN,271000,273280,271000,271750,271820,268190,17,47,462.098,SHFE official,https://www.shfe.com.cn/data/tradedata/future/dailydata/kx20250825.dat
2025-08-25,SN2607,SN,271600,271600,271600,271600,271600,268340,1,4,27.16,SHFE official,https://www.shfe.com.cn/data/tradedata/future/dailydata/kx20250825.dat
2025-08-25,SN2608,SN,272450,272450,272450,272450,272450,269810,1,3,27.245,SHFE official,https://www.shfe.com.cn/data/tradedata/future/dailydata/kx20250825.dat
2025-08-26,SN2509,SN,268690,270350,268330,269420,269350,269030,26972,9915,726502.208,SHFE official,https://www.shfe.com.cn/data/tradedata/future/dailydata/kx20250826.dat
2025-08-26,SN2510,SN,269770,270690,268660,269760,269730,269340,39088,25992,1054348.13,SHFE official,https://www.shfe.com.cn/data/tradedata/future/dailydata/kx20250826.dat
2025-08-26,SN2511,SN,269880,270800,268810,269920,269930,269660,7154,8214,193114.529,SHFE official,https://www.shfe.com.cn/data/tradedata/future/dailydata/kx20250826.dat
2025-08-26,SN2512,SN,270120,270700,268800,269820,269870,269710,1752,3874,47282.031,SHFE official,https://www.shfe.com.cn/data/tradedata/future/dailydata/kx20250826.dat
2025-08-26,SN2601,SN,269650,270660,268800,270070,269800,269710,747,1243,20154.709,SHFE official,https://www.shfe.com.cn/data/tradedata/future/dailydata/kx20250826.dat
2025-08-26,SN2602,SN,269870,270640,269680,270090,270010,269800,16,139,432.016,SHFE official,https://www.shfe.com.cn/data/tradedata/future/dailydata/kx20250826.dat
2025-08-26,SN2603,SN,270120,271060,270120,270540,270300,270160,10,140,270.304,SHFE official,https://www.shfe.com.cn/data/tradedata/future/dailydata/kx20250826.dat
2025-08-26,SN2604,SN,270500,270770,270430,270430,270550,271600,5,54,135.278,SHFE official,https://www.shfe.com.cn/data/tradedata/future/dailydata/kx20250826.dat
2025-08-26,SN2605,SN,270780,270780,270710,270710,270740,271840,2,132,54.149,SHFE official,https://www.shfe.com.cn/data/tradedata/future/dailydata/kx20250826.dat
2025-08-26,SN2606,SN,270320,271900,270240,271820,270910,271820,14,52,379.274,SHFE official,https://www.shfe.com.cn/data/tradedata/future/dailydata/kx20250826.dat
2025-08-26,SN2607,SN,270920,271500,270580,271500,270930,271600,7,9,189.653,SHFE official,https://www.shfe.com.cn/data/tradedata/future/dailydata/kx20250826.dat
2025-08-26,SN2608,SN,272680,272680,270700,271880,271730,272450,6,5,163.043,SHFE official,https://www.shfe.com.cn/data/tradedata/future/dailydata/kx20250826.dat
2025-08-27,SN2509,SN,269620,273060,268670,271320,270810,269350,23636,5945,640094.106,SHFE official,https://www.shfe.com.cn/data/tradedata/future/dailydata/kx20250827.dat
2025-08-27,SN2510,SN,269550,273570,269030,271790,271490,269730,90281,33309,2451100.143,SHFE official,https://www.shfe.com.cn/data/tradedata/future/dailydata/kx20250827.dat
2025-08-27,SN2511,SN,270280,273610,269200,272040,271880,269930,16951,10803,460878.71,SHFE official,https://www.shfe.com.cn/data/tradedata/future/dailydata/kx20250827.dat
2025-08-27,SN2512,SN,270920,273500,269260,272070,271990,269870,3797,4762,103274.854,SHFE official,https://www.shfe.com.cn/data/tradedata/future/dailydata/kx20250827.dat
2025-08-27,SN2601,SN,269930,273490,269280,272180,272130,269800,1670,1862,45447.033,SHFE official,https://www.shfe.com.cn/data/tradedata/future/dailydata/kx20250827.dat
2025-08-27,SN2602,SN,270230,272990,270220,272560,272110,270010,52,167,1414.98,SHFE official,https://www.shfe.com.cn/data/tradedata/future/dailydata/kx20250827.dat
2025-08-27,SN2603,SN,269990,272570,269990,272520,271400,270300,48,171,1302.734,SHFE official,https://www.shfe.com.cn/data/tradedata/future/dailydata/kx20250827.dat
2025-08-27,SN2604,SN,271820,272890,271820,272890,272420,270550,4,53,108.97,SHFE official,https://www.shfe.com.cn/data/tradedata/future/dailydata/kx20250827.dat
2025-08-27,SN2605,SN,270500,274340,270500,272730,272750,270740,73,96,1991.084,SHFE official,https://www.shfe.com.cn/data/tradedata/future/dailydata/kx20250827.dat
2025-08-27,SN2606,SN,272850,274540,272750,273210,273130,270910,23,57,628.215,SHFE official,https://www.shfe.com.cn/data/tradedata/future/dailydata/kx20250827.dat
2025-08-27,SN2607,SN,270520,274630,270520,273250,273260,270930,10,6,273.267,SHFE official,https://www.shfe.com.cn/data/tradedata/future/dailydata/kx20250827.dat
2025-08-27,SN2608,SN,270950,272140,270950,272140,271540,271730,2,6,54.309,SHFE official,https://www.shfe.com.cn/data/tradedata/future/dailydata/kx20250827.dat
2025-08-28,SN2509,SN,271470,272860,270800,272210,271850,270810,8805,4226,239365.363,SHFE official,https://www.shfe.com.cn/data/tradedata/future/dailydata/kx20250828.dat
2025-08-28,SN2510,SN,271940,273360,271210,272680,272350,271490,69202,35483,1884733.66,SHFE official,https://www.shfe.com.cn/data/tradedata/future/dailydata/kx20250828.dat
2025-08-28,SN2511,SN,272360,273540,271420,272850,272610,271880,12399,12307,338009.938,SHFE official,https://www.shfe.com.cn/data/tradedata/future/dailydata/kx20250828.dat
2025-08-28,SN2512,SN,272420,273500,271510,272940,272570,271990,2189,4972,59667.615,SHFE official,https://www.shfe.com.cn/data/tradedata/future/dailydata/kx20250828.dat
2025-08-28,SN2601,SN,272540,273580,271660,272700,272740,272130,900,1844,24547.168,SHFE official,https://www.shfe.com.cn/data/tradedata/future/dailydata/kx20250828.dat
2025-08-28,SN2602,SN,272250,273920,272230,272800,273250,272110,40,154,1093.032,SHFE official,https://www.shfe.com.cn/data/tradedata/future/dailydata/kx20250828.dat
2025-08-28,SN2603,SN,272290,273850,272050,272060,272980,271400,17,169,464.067,SHFE official,https://www.shfe.com.cn/data/tradedata/future/dailydata/kx20250828.dat
2025-08-28,SN2604,SN,273110,273110,272970,273040,273030,272420,7,52,191.126,SHFE official,https://www.shfe.com.cn/data/tradedata/future/dailydata/kx20250828.dat
2025-08-28,SN2605,SN,272340,274000,272220,273030,272960,272750,26,107,709.696,SHFE official,https://www.shfe.com.cn/data/tradedata/future/dailydata/kx20250828.dat
2025-08-28,SN2606,SN,273980,273980,273980,273980,273980,273130,1,56,27.398,SHFE official,https://www.shfe.com.cn/data/tradedata/future/dailydata/kx20250828.dat
2025-08-28,SN2607,SN,,,,273270,273270,273260,0,6,0,SHFE official,https://www.shfe.com.cn/data/tradedata/future/dailydata/kx20250828.dat
2025-08-28,SN2608,SN,,,,273360,273360,271540,0,6,0,SHFE official,https://www.shfe.com.cn/data/tradedata/future/dailydata/kx20250828.dat
2025-08-29,SN2509,SN,272750,278540,272350,278300,274520,271850,7345,2638,201636.406,SHFE official,https://www.shfe.com.cn/data/tradedata/future/dailydata/kx20250829.dat
2025-08-29,SN2510,SN,274000,278880,272810,278650,275810,272350,144881,46298,3995992.14,SHFE official,https://www.shfe.com.cn/data/tradedata/future/dailydata/kx20250829.dat
2025-08-29,SN2511,SN,274000,279000,273120,278750,276040,272610,31434,15843,867713.851,SHFE official,https://www.shfe.com.cn/data/tradedata/future/dailydata/kx20250829.dat
2025-08-29,SN2512,SN,273780,278840,272820,278590,276090,272570,6473,6712,178715.72,SHFE official,https://www.shfe.com.cn/data/tradedata/future/dailydata/kx20250829.dat
2025-08-29,SN2601,SN,274000,278520,273000,278200,275800,272740,2273,2448,62689.532,SHFE official,https://www.shfe.com.cn/data/tradedata/future/dailydata/kx20250829.dat
2025-08-29,SN2602,SN,273420,278290,273150,278290,274410,273250,61,183,1673.954,SHFE official,https://www.shfe.com.cn/data/tradedata/future/dailydata/kx20250829.dat
2025-08-29,SN2603,SN,274320,277000,274320,277000,275990,272980,6,170,165.595,SHFE official,https://www.shfe.com.cn/data/tradedata/future/dailydata/kx20250829.dat
2025-08-29,SN2604,SN,274310,274310,274310,274310,274310,273030,1,52,27.431,SHFE official,https://www.shfe.com.cn/data/tradedata/future/dailydata/kx20250829.dat
2025-08-29,SN2605,SN,274990,278550,273920,278550,276340,272960,14,114,386.884,SHFE official,https://www.shfe.com.cn/data/tradedata/future/dailydata/kx20250829.dat
2025-08-29,SN2606,SN,277450,278630,277450,278630,278230,273980,3,56,83.471,SHFE official,https://www.shfe.com.cn/data/tradedata/future/dailydata/kx20250829.dat
2025-08-29,SN2607,SN,,,,276450,276450,273270,0,6,0,SHFE official,https://www.shfe.com.cn/data/tradedata/future/dailydata/kx20250829.dat
2025-08-29,SN2608,SN,273800,278690,273800,278690,275770,273360,6,9,165.465,SHFE official,https://www.shfe.com.cn/data/tradedata/future/dailydata/kx20250829.dat
2025-09-01,SN2509,SN,280000,280000,271300,272900,273340,274520,2222,1986,60737.162,SHFE official,https://www.shfe.com.cn/data/tradedata/future/dailydata/kx20250901.dat
2025-09-01,SN2510,SN,278810,279010,271540,273240,273770,275810,146445,35983,4009265.12,SHFE official,https://www.shfe.com.cn/data/tradedata/future/dailydata/kx20250901.dat
2025-09-01,SN2511,SN,279000,279300,271800,273460,274070,276040,33209,15953,910182.421,SHFE official,https://www.shfe.com.cn/data/tradedata/future/dailydata/kx20250901.dat
2025-09-01,SN2512,SN,279510,279510,271820,273510,274230,276090,5533,6360,151731.664,SHFE official,https://www.shfe.com.cn/data/tradedata/future/dailydata/kx20250901.dat
2025-09-01,SN2601,SN,279000,279000,271870,273630,273920,275800,2233,2763,61167.302,SHFE official,https://www.shfe.com.cn/data/tradedata/future/dailydata/kx20250901.dat
2025-09-01,SN2602,SN,275340,275340,272000,273310,273260,274410,220,322,6011.933,SHFE official,https://www.shfe.com.cn/data/tradedata/future/dailydata/kx20250901.dat
2025-09-01,SN2603,SN,274800,274800,273010,273010,273800,275990,4,167,109.523,SHFE official,https://www.shfe.com.cn/data/tradedata/future/dailydata/kx20250901.dat
2025-09-01,SN2604,SN,276740,276750,273210,273210,275560,274310,3,51,82.67,SHFE official,https://www.shfe.com.cn/data/tradedata/future/dailydata/kx20250901.dat
2025-09-01,SN2605,SN,276730,276730,272910,274100,273970,276340,26,114,712.335,SHFE official,https://www.shfe.com.cn/data/tradedata/future/dailydata/kx20250901.dat
2025-09-01,SN2606,SN,273720,274150,273720,274150,273820,278230,13,59,355.972,SHFE official,https://www.shfe.com.cn/data/tradedata/future/dailydata/kx20250901.dat
2025-09-01,SN2607,SN,275740,275740,272810,273400,273970,276450,5,5,136.985,SHFE official,https://www.shfe.com.cn/data/tradedata/future/dailydata/kx20250901.dat
2025-09-01,SN2608,SN,275730,275730,273820,274570,274470,275770,9,9,247.024,SHFE official,https://www.shfe.com.cn/data/tradedata/future/dailydata/kx20250901.dat
2025-09-02,SN2509,SN,273500,275110,273280,273660,273850,273340,644,1896,17636.234,SHFE official,https://www.shfe.com.cn/data/tradedata/future/dailydata/kx20250902.dat
2025-09-02,SN2510,SN,273500,275500,273300,273980,274360,273770,70585,34947,1936624.74,SHFE official,https://www.shfe.com.cn/data/tradedata/future/dailydata/kx20250902.dat
2025-09-02,SN2511,SN,274180,275640,273760,274180,274560,274070,13548,16013,371975.32,SHFE official,https://www.shfe.com.cn/data/tradedata/future/dailydata/kx20250902.dat
2025-09-02,SN2512,SN,274040,275590,273790,274120,274460,274230,2739,6476,75174.732,SHFE official,https://www.shfe.com.cn/data/tradedata/future/dailydata/kx20250902.dat
2025-09-02,SN2601,SN,274040,275330,273560,274080,274300,273920,1734,2785,47565.149,SHFE official,https://www.shfe.com.cn/data/tradedata/future/dailydata/kx20250902.dat
2025-09-02,SN2602,SN,273930,275000,273920,273980,274250,273260,117,408,3208.83,SHFE official,https://www.shfe.com.cn/data/tradedata/future/dailydata/kx20250902.dat
2025-09-02,SN2603,SN,274490,275270,274000,274000,274600,273800,94,237,2581.319,SHFE official,https://www.shfe.com.cn/data/tradedata/future/dailydata/kx20250902.dat
2025-09-02,SN2604,SN,274420,274870,274420,274870,274500,275560,8,54,219.602,SHFE official,https://www.shfe.com.cn/data/tradedata/future/dailydata/kx20250902.dat
2025-09-02,SN2605,SN,274710,275040,274470,274720,274770,273970,11,117,302.256,SHFE official,https://www.shfe.com.cn/data/tradedata/future/dailydata/kx20250902.dat
2025-09-02,SN2606,SN,274980,275100,274850,274850,274980,273820,50,96,1374.907,SHFE official,https://www.shfe.com.cn/data/tradedata/future/dailydata/kx20250902.dat
2025-09-02,SN2607,SN,,,,274280,274280,273970,0,5,0,SHFE official,https://www.shfe.com.cn/data/tradedata/future/dailydata/kx20250902.dat
2025-09-02,SN2608,SN,275480,275480,275480,275480,275480,274470,1,9,27.548,SHFE official,https://www.shfe.com.cn/data/tradedata/future/dailydata/kx20250902.dat
2025-09-03,SN2509,SN,273660,274100,271810,272700,272650,273850,472,1746,12869.342,SHFE official,https://www.shfe.com.cn/data/tradedata/future/dailydata/kx20250903.dat
2025-09-03,SN2510,SN,273980,274670,272060,273120,273110,274360,71671,33999,1957421.504,SHFE official,https://www.shfe.com.cn/data/tradedata/future/dailydata/kx20250903.dat
2025-09-03,SN2511,SN,273800,274870,272270,273430,273310,274560,15963,16418,436294.134,SHFE official,https://www.shfe.com.cn/data/tradedata/future/dailydata/kx20250903.dat
2025-09-03,SN2512,SN,274120,274800,272250,273260,273250,274460,3672,6709,100338.883,SHFE official,https://www.shfe.com.cn/data/tradedata/future/dailydata/kx20250903.dat
2025-09-03,SN2601,SN,273880,274670,272310,273230,273230,274300,1296,2819,35411.342,SHFE official,https://www.shfe.com.cn/data/tradedata/future/dailydata/kx20250903.dat
2025-09-03,SN2602,SN,272980,274180,272220,273370,273190,274250,47,414,1283.997,SHFE official,https://www.shfe.com.cn/data/tradedata/future/dailydata/kx20250903.dat
2025-09-03,SN2603,SN,274000,274650,272600,273050,273880,274600,45,238,1232.482,SHFE official,https://www.shfe.com.cn/data/tradedata/future/dailydata/kx20250903.dat
2025-09-03,SN2604,SN,274470,274470,274470,274470,274470,274500,1,54,27.447,SHFE official,https://www.shfe.com.cn/data/tradedata/future/dailydata/kx20250903.dat
2025-09-03,SN2605,SN,272990,274790,272990,273890,273540,274770,9,118,246.189,SHFE official,https://www.shfe.com.cn/data/tradedata/future/dailydata/kx20250903.dat
2025-09-03,SN2606,SN,273950,273950,273750,273750,273820,274980,4,97,109.53,SHFE official,https://www.shfe.com.cn/data/tradedata/future/dailydata/kx20250903.dat
2025-09-03,SN2607,SN,,,,274280,274280,274280,0,5,0,SHFE official,https://www.shfe.com.cn/data/tradedata/future/dailydata/kx20250903.dat
2025-09-03,SN2608,SN,,,,274450,274450,275480,0,9,0,SHFE official,https://www.shfe.com.cn/data/tradedata/future/dailydata/kx20250903.dat
2025-09-04,SN2509,SN,272700,273440,271000,271820,272280,272650,602,1886,16391.414,SHFE official,https://www.shfe.com.cn/data/tradedata/future/dailydata/kx20250904.dat
2025-09-04,SN2510,SN,272830,274150,271330,272020,272800,273110,64984,31788,1772793.987,SHFE official,https://www.shfe.com.cn/data/tradedata/future/dailydata/kx20250904.dat
2025-09-04,SN2511,SN,272880,274410,271600,272370,273040,273310,12814,16207,349885.622,SHFE official,https://www.shfe.com.cn/data/tradedata/future/dailydata/kx20250904.dat
2025-09-04,SN2512,SN,273210,274400,271630,272480,273170,273250,3901,6952,106565.23,SHFE official,https://www.shfe.com.cn/data/tradedata/future/dailydata/kx20250904.dat
2025-09-04,SN2601,SN,272760,274040,271350,272070,272850,273230,1421,3045,38772.283,SHFE official,https://www.shfe.com.cn/data/tradedata/future/dailydata/kx20250904.dat
2025-09-04,SN2602,SN,273400,273760,271280,271950,272590,273190,84,444,2289.833,SHFE official,https://www.shfe.com.cn/data/tradedata/future/dailydata/kx20250904.dat
2025-09-04,SN2603,SN,274070,274150,271500,272300,272670,273880,19,245,518.09,SHFE official,https://www.shfe.com.cn/data/tradedata/future/dailydata/kx20250904.dat
2025-09-04,SN2604,SN,,,,273030,273030,274470,0,54,0,SHFE official,https://www.shfe.com.cn/data/tradedata/future/dailydata/kx20250904.dat
2025-09-04,SN2605,SN,,,,272840,272840,273540,0,118,0,SHFE official,https://www.shfe.com.cn/data/tradedata/future/dailydata/kx20250904.dat
2025-09-04,SN2606,SN,274690,274690,273130,273130,273740,273820,3,97,82.124,SHFE official,https://www.shfe.com.cn/data/tradedata/future/dailydata/kx20250904.dat
2025-09-04,SN2607,SN,273700,273700,273700,273700,273700,274280,1,4,27.37,SHFE official,https://www.shfe.com.cn/data/tradedata/future/dailydata/kx20250904.dat
2025-09-04,SN2608,SN,274450,274450,274450,274450,274450,274450,1,9,27.445,SHFE official,https://www.shfe.com.cn/data/tradedata/future/dailydata/kx20250904.dat
2025-09-05,SN2509,SN,272230,272840,270860,272030,271760,272280,454,1852,12338.314,SHFE official,https://www.shfe.com.cn/data/tradedata/future/dailydata/kx20250905.dat
2025-09-05,SN2510,SN,272300,273360,271030,272460,272250,272800,54111,30127,1473211.368,SHFE official,https://www.shfe.com.cn/data/tradedata/future/dailydata/kx20250905.dat
2025-09-05,SN2511,SN,271970,273560,271300,272680,272440,273040,12744,16138,347205.398,SHFE official,https://www.shfe.com.cn/data/tradedata/future/dailydata/kx20250905.dat
2025-09-05,SN2512,SN,272500,273510,271060,272790,272380,273170,3139,6917,85500.178,SHFE official,https://www.shfe.com.cn/data/tradedata/future/dailydata/kx20250905.dat
2025-09-05,SN2601,SN,272130,273200,271080,272440,272240,272850,610,3036,16607.199,SHFE official,https://www.shfe.com.cn/data/tradedata/future/dailydata/kx20250905.dat
2025-09-05,SN2602,SN,272440,272750,270730,272310,271860,272590,59,442,1604.017,SHFE official,https://www.shfe.com.cn/data/tradedata/future/dailydata/kx20250905.dat
2025-09-05,SN2603,SN,273000,273000,271420,272660,272070,272670,29,242,789.028,SHFE official,https://www.shfe.com.cn/data/tradedata/future/dailydata/kx20250905.dat
2025-09-05,SN2604,SN,,,,273030,273030,273030,0,54,0,SHFE official,https://www.shfe.com.cn/data/tradedata/future/dailydata/kx20250905.dat
2025-09-05,SN2605,SN,273520,273870,272000,273100,273110,272840,6,118,163.867,SHFE official,https://www.shfe.com.cn/data/tradedata/future/dailydata/kx20250905.dat
2025-09-05,SN2606,SN,272800,273280,272800,273280,272980,273740,5,97,136.49,SHFE official,https://www.shfe.com.cn/data/tradedata/future/dailydata/kx20250905.dat
2025-09-05,SN2607,SN,273350,273350,271980,273250,272930,273700,6,4,163.763,SHFE official,https://www.shfe.com.cn/data/tradedata/future/dailydata/kx20250905.dat
2025-09-05,SN2608,SN,272990,272990,272960,272960,272970,274450,2,8,54.595,SHFE official,https://www.shfe.com.cn/data/tradedata/future/dailydata/kx20250905.dat
2025-09-08,SN2509,SN,272030,273640,268870,270340,270130,271760,554,1794,14965.264,SHFE official,https://www.shfe.com.cn/data/tradedata/future/dailydata/kx20250908.dat
2025-09-08,SN2510,SN,273340,274380,269090,270700,271110,272250,79322,28793,2150562.05,SHFE official,https://www.shfe.com.cn/data/tradedata/future/dailydata/kx20250908.dat
2025-09-08,SN2511,SN,273380,274520,269290,270930,271190,272440,20358,16346,552106.013,SHFE official,https://www.shfe.com.cn/data/tradedata/future/dailydata/kx20250908.dat
2025-09-08,SN2512,SN,273330,274450,269270,271000,270980,272380,6390,6756,173162.599,SHFE official,https://www.shfe.com.cn/data/tradedata/future/dailydata/kx20250908.dat
2025-09-08,SN2601,SN,274050,274200,269250,270920,270710,272240,1463,3072,39606.169,SHFE official,https://www.shfe.com.cn/data/tradedata/future/dailydata/kx20250908.dat
2025-09-08,SN2602,SN,273390,274000,269200,270870,271430,271860,101,455,2741.508,SHFE official,https://www.shfe.com.cn/data/tradedata/future/dailydata/kx20250908.dat
2025-09-08,SN2603,SN,273740,273820,269560,270730,271600,272070,13,245,353.092,SHFE official,https://www.shfe.com.cn/data/tradedata/future/dailydata/kx20250908.dat
2025-09-08,SN2604,SN,270560,270560,270340,270340,270450,273030,2,54,54.09,SHFE official,https://www.shfe.com.cn/data/tradedata/future/dailydata/kx20250908.dat
2025-09-08,SN2605,SN,273860,274200,270000,271350,271370,273110,23,122,624.152,SHFE official,https://www.shfe.com.cn/data/tradedata/future/dailydata/kx20250908.dat
2025-09-08,SN2606,SN,274620,275040,271070,271510,273640,272980,6,97,164.186,SHFE official,https://www.shfe.com.cn/data/tradedata/future/dailydata/kx20250908.dat
2025-09-08,SN2607,SN,,,,272320,272320,272930,0,4,0,SHFE official,https://www.shfe.com.cn/data/tradedata/future/dailydata/kx20250908.dat
2025-09-08,SN2608,SN,272080,272080,272080,272080,272080,272970,1,9,27.208,SHFE official,https://www.shfe.com.cn/data/tradedata/future/dailydata/kx20250908.dat
2025-09-08,SNefp,SN,,271760,271760,,,,28,,,SHFE official,https://www.shfe.com.cn/data/tradedata/future/dailydata/kx20250908.dat
2025-09-09,SN2509,SN,270340,270340,268920,268920,269640,270130,22,1774,593.222,SHFE official,https://www.shfe.com.cn/data/tradedata/future/dailydata/kx20250909.dat
2025-09-09,SN2510,SN,271000,271510,268640,269620,269790,271110,47484,28206,1281113.594,SHFE official,https://www.shfe.com.cn/data/tradedata/future/dailydata/kx20250909.dat
2025-09-09,SN2511,SN,271680,271680,268920,269850,270010,271190,12678,16451,342326.022,SHFE official,https://www.shfe.com.cn/data/tradedata/future/dailydata/kx20250909.dat
2025-09-09,SN2512,SN,271570,271710,269000,269970,270020,270980,3101,7119,83735.742,SHFE official,https://www.shfe.com.cn/data/tradedata/future/dailydata/kx20250909.dat
2025-09-09,SN2601,SN,271420,271420,268980,269980,269950,270710,768,3110,20732.885,SHFE official,https://www.shfe.com.cn/data/tradedata/future/dailydata/kx20250909.dat
2025-09-09,SN2602,SN,270020,270690,269000,269960,269870,271430,143,458,3859.194,SHFE official,https://www.shfe.com.cn/data/tradedata/future/dailydata/kx20250909.dat
2025-09-09,SN2603,SN,270410,270930,269400,270100,270180,271600,32,253,864.577,SHFE official,https://www.shfe.com.cn/data/tradedata/future/dailydata/kx20250909.dat
2025-09-09,SN2604,SN,270220,270760,269600,270460,270260,270450,10,60,270.261,SHFE official,https://www.shfe.com.cn/data/tradedata/future/dailydata/kx20250909.dat
2025-09-09,SN2605,SN,271240,271650,269990,270520,270760,271370,18,128,487.375,SHFE official,https://www.shfe.com.cn/data/tradedata/future/dailydata/kx20250909.dat
2025-09-09,SN2606,SN,270730,271840,270160,271840,270710,273640,6,97,162.43,SHFE official,https://www.shfe.com.cn/data/tradedata/future/dailydata/kx20250909.dat
2025-09-09,SN2607,SN,270190,270190,270160,270160,270170,272320,3,7,81.051,SHFE official,https://www.shfe.com.cn/data/tradedata/future/dailydata/kx20250909.dat
2025-09-09,SN2608,SN,271720,271960,270580,271960,271420,272080,3,11,81.426,SHFE official,https://www.shfe.com.cn/data/tradedata/future/dailydata/kx20250909.dat
2025-09-10,SN2509,SN,268920,270250,267940,270250,268520,269640,178,1742,4779.81,SHFE official,https://www.shfe.com.cn/data/tradedata/future/dailydata/kx20250910.dat
2025-09-10,SN2510,SN,269080,271060,268010,270430,269480,269790,48660,27350,1311327.867,SHFE official,https://www.shfe.com.cn/data/tradedata/future/dailydata/kx20250910.dat
2025-09-10,SN2511,SN,269260,271330,268240,270760,269720,270010,14912,16906,402213.984,SHFE official,https://www.shfe.com.cn/data/tradedata/future/dailydata/kx20250910.dat
2025-09-10,SN2512,SN,269680,271350,268400,270760,269940,270020,3022,7166,81576.158,SHFE official,https://www.shfe.com.cn/data/tradedata/future/dailydata/kx20250910.dat
2025-09-10,SN2601,SN,269670,271320,268440,270780,270340,269950,1142,3306,30873.927,SHFE official,https://www.shfe.com.cn/data/tradedata/future/dailydata/kx20250910.dat
2025-09-10,SN2602,SN,268700,270960,268310,270400,270030,269870,234,528,6318.853,SHFE official,https://www.shfe.com.cn/data/tradedata/future/dailydata/kx20250910.dat
2025-09-10,SN2603,SN,269310,270790,269200,270450,270300,270180,97,297,2621.937,SHFE official,https://www.shfe.com.cn/data/tradedata/future/dailydata/kx20250910.dat
2025-09-10,SN2604,SN,269950,271040,269950,271000,270750,270260,5,58,135.378,SHFE official,https://www.shfe.com.cn/data/tradedata/future/dailydata/kx20250910.dat
2025-09-10,SN2605,SN,271200,271360,271200,271360,271250,270760,3,131,81.376,SHFE official,https://www.shfe.com.cn/data/tradedata/future/dailydata/kx20250910.dat
2025-09-10,SN2606,SN,269320,269320,269320,269320,269320,270710,1,97,26.932,SHFE official,https://www.shfe.com.cn/data/tradedata/future/dailydata/kx20250910.dat
2025-09-10,SN2607,SN,,,,270950,270950,270170,0,7,0,SHFE official,https://www.shfe.com.cn/data/tradedata/future/dailydata/kx20250910.dat
2025-09-10,SN2608,SN,271420,271420,271420,271420,271420,271420,1,11,27.142,SHFE official,https://www.shfe.com.cn/data/tradedata/future/dailydata/kx20250910.dat
2025-09-11,SN2509,SN,270250,270400,270250,270400,270340,268520,220,1722,5947.5,SHFE official,https://www.shfe.com.cn/data/tradedata/future/dailydata/kx20250911.dat
2025-09-11,SN2510,SN,271180,272680,270430,271260,271410,269480,57815,26606,1569202.917,SHFE official,https://www.shfe.com.cn/data/tradedata/future/dailydata/kx20250911.dat
2025-09-11,SN2511,SN,271320,272920,270680,271480,271610,269720,15035,17016,408377.788,SHFE official,https://www.shfe.com.cn/data/tradedata/future/dailydata/kx20250911.dat
2025-09-11,SN2512,SN,271110,272900,270750,271460,271690,269940,2888,7176,78466.921,SHFE official,https://www.shfe.com.cn/data/tradedata/future/dailydata/kx20250911.dat
2025-09-11,SN2601,SN,271150,272710,270680,271510,271500,270340,980,3406,26607.16,SHFE official,https://www.shfe.com.cn/data/tradedata/future/dailydata/kx20250911.dat
2025-09-11,SN2602,SN,270960,272380,270510,271250,271650,270030,115,534,3124.018,SHFE official,https://www.shfe.com.cn/data/tradedata/future/dailydata/kx20250911.dat
2025-09-11,SN2603,SN,271120,271120,271120,271120,271120,270300,1,298,27.112,SHFE official,https://www.shfe.com.cn/data/tradedata/future/dailydata/kx20250911.dat
2025-09-11,SN2604,SN,272020,272340,272020,272340,272180,270750,2,57,54.436,SHFE official,https://www.shfe.com.cn/data/tradedata/future/dailydata/kx20250911.dat
2025-09-11,SN2605,SN,271900,272940,271500,271500,272460,271250,8,136,217.973,SHFE official,https://www.shfe.com.cn/data/tradedata/future/dailydata/kx20250911.dat
2025-09-11,SN2606,SN,,,,271900,271900,269320,0,97,0,SHFE official,https://www.shfe.com.cn/data/tradedata/future/dailydata/kx20250911.dat
2025-09-11,SN2607,SN,272670,273520,272670,272880,273090,270950,5,8,136.547,SHFE official,https://www.shfe.com.cn/data/tradedata/future/dailydata/kx20250911.dat
2025-09-11,SN2608,SN,272380,272380,272370,272370,272370,271420,2,11,54.475,SHFE official,https://www.shfe.com.cn/data/tradedata/future/dailydata/kx20250911.dat
2025-09-12,SN2509,SN,272880,274500,272880,273180,273970,270340,284,1520,7780.794,SHFE official,https://www.shfe.com.cn/data/tradedata/future/dailydata/kx20250912.dat
2025-09-12,SN2510,SN,271610,274900,270650,273950,272850,271410,69879,27490,1906695.564,SHFE official,https://www.shfe.com.cn/data/tradedata/future/dailydata/kx20250912.dat
2025-09-12,SN2511,SN,272000,275070,270900,274150,273260,271610,19918,18280,544284.466,SHFE official,https://www.shfe.com.cn/data/tradedata/future/dailydata/kx20250912.dat
2025-09-12,SN2512,SN,271980,275090,270990,273950,273380,271690,4833,7426,132128.007,SHFE official,https://www.shfe.com.cn/data/tradedata/future/dailydata/kx20250912.dat
2025-09-12,SN2601,SN,271680,275000,270920,274190,273380,271500,1160,3498,31713.042,SHFE official,https://www.shfe.com.cn/data/tradedata/future/dailydata/kx20250912.dat
2025-09-12,SN2602,SN,270870,274560,270870,273850,273590,271650,85,584,2325.543,SHFE official,https://www.shfe.com.cn/data/tradedata/future/dailydata/kx20250912.dat
2025-09-12,SN2603,SN,272030,274190,272030,273950,273110,271120,31,313,846.663,SHFE official,https://www.shfe.com.cn/data/tradedata/future/dailydata/kx20250912.dat
2025-09-12,SN2604,SN,272870,273920,272870,273920,273390,272180,2,58,54.679,SHFE official,https://www.shfe.com.cn/data/tradedata/future/dailydata/kx20250912.dat
2025-09-12,SN2605,SN,271610,275120,271610,274610,273940,272460,17,143,465.699,SHFE official,https://www.shfe.com.cn/data/tradedata/future/dailydata/kx20250912.dat
2025-09-12,SN2606,SN,274360,274360,274230,274230,274310,271900,3,99,82.295,SHFE official,https://www.shfe.com.cn/data/tradedata/future/dailydata/kx20250912.dat
2025-09-12,SN2607,SN,273280,275340,272570,274730,273480,273090,11,10,300.832,SHFE official,https://www.shfe.com.cn/data/tradedata/future/dailydata/kx20250912.dat
2025-09-12,SN2608,SN,275020,275280,274560,274560,274950,272370,3,12,82.486,SHFE official,https://www.shfe.com.cn/data/tradedata/future/dailydata/kx20250912.dat
2025-09-15,SN2509,SN,273700,275090,272600,275090,273540,273970,40,1512,1094.194,SHFE official,https://www.shfe.com.cn/data/tradedata/future/dailydata/kx20250915.dat
2025-09-15,SN2510,SN,273880,275030,272320,273960,273890,272850,54239,26117,1485582.251,SHFE official,https://www.shfe.com.cn/data/tradedata/future/dailydata/kx20250915.dat
2025-09-15,SN2511,SN,274580,275200,272500,274150,273950,273260,18524,18255,507469.892,SHFE official,https://www.shfe.com.cn/data/tradedata/future/dailydata/kx20250915.dat
2025-09-15,SN2512,SN,273850,275160,272460,273950,273810,273380,3800,7590,104050.817,SHFE official,https://www.shfe.com.cn/data/tradedata/future/dailydata/kx20250915.dat
2025-09-15,SN2601,SN,273540,275070,272490,274170,274030,273380,894,3703,24498.661,SHFE official,https://www.shfe.com.cn/data/tradedata/future/dailydata/kx20250915.dat
2025-09-15,SN2602,SN,273790,274760,272180,273950,273700,273590,223,691,6103.692,SHFE official,https://www.shfe.com.cn/data/tradedata/future/dailydata/kx20250915.dat
2025-09-15,SN2603,SN,273810,274960,273690,273740,274260,273110,27,323,740.521,SHFE official,https://www.shfe.com.cn/data/tradedata/future/dailydata/kx20250915.dat
2025-09-15,SN2604,SN,274160,274810,274160,274740,274510,273390,11,60,301.962,SHFE official,https://www.shfe.com.cn/data/tradedata/future/dailydata/kx20250915.dat
2025-09-15,SN2605,SN,274490,275190,273970,274590,274580,273940,51,145,1400.397,SHFE official,https://www.shfe.com.cn/data/tradedata/future/dailydata/kx20250915.dat
2025-09-15,SN2606,SN,274690,275270,273930,274860,274940,274310,23,104,632.374,SHFE official,https://www.shfe.com.cn/data/tradedata/future/dailydata/kx20250915.dat
2025-09-15,SN2607,SN,275640,275920,274710,275270,275260,273480,25,19,688.163,SHFE official,https://www.shfe.com.cn/data/tradedata/future/dailydata/kx20250915.dat
2025-09-15,SN2608,SN,275410,276270,275060,275060,275630,274950,15,23,413.446,SHFE official,https://www.shfe.com.cn/data/tradedata/future/dailydata/kx20250915.dat
2025-09-16,SN2510,SN,273030,273840,271770,272730,272740,273890,60693,24273,1655400.635,SHFE official,https://www.shfe.com.cn/data/tradedata/future/dailydata/kx20250916.dat
2025-09-16,SN2511,SN,273420,274090,272020,273030,273020,273950,21870,18962,597097.163,SHFE official,https://www.shfe.com.cn/data/tradedata/future/dailydata/kx20250916.dat
2025-09-16,SN2512,SN,273270,274180,272000,273020,273040,273810,4099,7835,111920.971,SHFE official,https://www.shfe.com.cn/data/tradedata/future/dailydata/kx20250916.dat
2025-09-16,SN2601,SN,273350,274280,272040,273060,273310,274030,873,3818,23860.029,SHFE official,https://www.shfe.com.cn/data/tradedata/future/dailydata/kx20250916.dat
2025-09-16,SN2602,SN,272990,274000,271900,273310,273130,273700,133,662,3632.71,SHFE official,https://www.shfe.com.cn/data/tradedata/future/dailydata/kx20250916.dat
2025-09-16,SN2603,SN,273200,274130,272480,273200,273430,274260,57,315,1558.574,SHFE official,https://www.shfe.com.cn/data/tradedata/future/dailydata/kx20250916.dat
2025-09-16,SN2604,SN,273260,273860,272900,272900,273380,274510,9,60,246.048,SHFE official,https://www.shfe.com.cn/data/tradedata/future/dailydata/kx20250916.dat
2025-09-16,SN2605,SN,273000,274000,273000,273920,273620,274580,10,146,273.629,SHFE official,https://www.shfe.com.cn/data/tradedata/future/dailydata/kx20250916.dat
2025-09-16,SN2606,SN,274180,274180,273980,273980,274060,274940,3,103,82.22,SHFE official,https://www.shfe.com.cn/data/tradedata/future/dailydata/kx20250916.dat
2025-09-16,SN2607,SN,275180,275180,275180,275180,275180,275260,1,18,27.518,SHFE official,https://www.shfe.com.cn/data/tradedata/future/dailydata/kx20250916.dat
2025-09-16,SN2608,SN,275620,275620,275620,275620,275620,275630,3,26,82.686,SHFE official,https://www.shfe.com.cn/data/tradedata/future/dailydata/kx20250916.dat
2025-09-16,SN2609,SN,,,,275630,275630,275630,0,0,0,SHFE official,https://www.shfe.com.cn/data/tradedata/future/dailydata/kx20250916.dat
2025-09-17,SN2510,SN,273190,274530,271370,272540,273090,272740,55355,23007,1511695.672,SHFE official,https://www.shfe.com.cn/data/tradedata/future/dailydata/kx20250917.dat
2025-09-17,SN2511,SN,273600,274830,271680,272890,273310,273020,19022,19365,519893.086,SHFE official,https://www.shfe.com.cn/data/tradedata/future/dailydata/kx20250917.dat
2025-09-17,SN2512,SN,273600,274800,271740,272980,273260,273040,4412,7849,120565.008,SHFE official,https://www.shfe.com.cn/data/tradedata/future/dailydata/kx20250917.dat
2025-09-17,SN2601,SN,273860,274770,271670,272880,272970,273310,837,3882,22847.924,SHFE official,https://www.shfe.com.cn/data/tradedata/future/dailydata/kx20250917.dat
2025-09-17,SN2602,SN,273710,274530,271600,272820,273360,273130,126,695,3444.375,SHFE official,https://www.shfe.com.cn/data/tradedata/future/dailydata/kx20250917.dat
2025-09-17,SN2603,SN,274320,274700,272160,272890,272790,273430,38,321,1036.617,SHFE official,https://www.shfe.com.cn/data/tradedata/future/dailydata/kx20250917.dat
2025-09-17,SN2604,SN,274680,274880,272620,272620,274190,273380,10,59,274.199,SHFE official,https://www.shfe.com.cn/data/tradedata/future/dailydata/kx20250917.dat
2025-09-17,SN2605,SN,274650,274910,272580,272920,273160,273620,16,150,437.068,SHFE official,https://www.shfe.com.cn/data/tradedata/future/dailydata/kx20250917.dat
2025-09-17,SN2606,SN,272960,272960,272960,272960,272960,274060,13,91,354.848,SHFE official,https://www.shfe.com.cn/data/tradedata/future/dailydata/kx20250917.dat
2025-09-17,SN2607,SN,273590,273590,273170,273520,273500,275180,11,23,300.857,SHFE official,https://www.shfe.com.cn/data/tradedata/future/dailydata/kx20250917.dat
2025-09-17,SN2608,SN,273920,273920,273770,273770,273820,275620,3,24,82.146,SHFE official,https://www.shfe.com.cn/data/tradedata/future/dailydata/kx20250917.dat
2025-09-17,SN2609,SN,275340,275340,272950,272950,274140,275630,2,1,54.829,SHFE official,https://www.shfe.com.cn/data/tradedata/future/dailydata/kx20250917.dat
2025-09-18,SN2510,SN,271000,271600,268460,269100,270240,273090,66986,22824,1810231.55,SHFE official,https://www.shfe.com.cn/data/tradedata/future/dailydata/kx20250918.dat
2025-09-18,SN2511,SN,271200,271940,268770,269460,270460,273310,28334,19975,766331.658,SHFE official,https://www.shfe.com.cn/data/tradedata/future/dailydata/kx20250918.dat
2025-09-18,SN2512,SN,271220,272040,268940,269680,270420,273260,6874,8454,185891.352,SHFE official,https://www.shfe.com.cn/data/tradedata/future/dailydata/kx20250918.dat
2025-09-18,SN2601,SN,271180,272090,268880,269640,270430,272970,1608,4020,43485.651,SHFE official,https://www.shfe.com.cn/data/tradedata/future/dailydata/kx20250918.dat
2025-09-18,SN2602,SN,271070,271630,269000,269540,270580,273360,270,725,7305.865,SHFE official,https://www.shfe.com.cn/data/tradedata/future/dailydata/kx20250918.dat
2025-09-18,SN2603,SN,271420,272010,269250,269330,270650,272790,100,330,2706.537,SHFE official,https://www.shfe.com.cn/data/tradedata/future/dailydata/kx20250918.dat
2025-09-18,SN2604,SN,272000,272320,269840,269840,271420,274190,10,57,271.428,SHFE official,https://www.shfe.com.cn/data/tradedata/future/dailydata/kx20250918.dat
2025-09-18,SN2605,SN,271400,272250,269580,269860,270780,273160,23,152,622.812,SHFE official,https://www.shfe.com.cn/data/tradedata/future/dailydata/kx20250918.dat
2025-09-18,SN2606,SN,271880,272550,270940,270940,271460,272960,10,86,271.461,SHFE official,https://www.shfe.com.cn/data/tradedata/future/dailydata/kx20250918.dat
2025-09-18,SN2607,SN,271660,272480,271660,272420,272240,273500,4,23,108.899,SHFE official,https://www.shfe.com.cn/data/tradedata/future/dailydata/kx20250918.dat
2025-09-18,SN2608,SN,271890,273120,271680,271680,272130,273820,4,25,108.855,SHFE official,https://www.shfe.com.cn/data/tradedata/future/dailydata/kx20250918.dat
2025-09-18,SN2609,SN,,,,271810,271810,274140,0,1,0,SHFE official,https://www.shfe.com.cn/data/tradedata/future/dailydata/kx20250918.dat
2025-09-19,SN2510,SN,268270,269600,267310,268770,268470,270240,56060,20216,1505084.776,SHFE official,https://www.shfe.com.cn/data/tradedata/future/dailydata/kx20250919.dat
2025-09-19,SN2511,SN,268190,269870,267670,269110,268840,270460,27106,20469,728729.882,SHFE official,https://www.shfe.com.cn/data/tradedata/future/dailydata/kx20250919.dat
2025-09-19,SN2512,SN,268680,270000,267850,269250,269060,270420,5527,8924,148712.795,SHFE official,https://www.shfe.com.cn/data/tradedata/future/dailydata/kx20250919.dat
2025-09-19,SN2601,SN,268510,270070,267880,269450,269200,270430,1850,4444,49802.77,SHFE official,https://www.shfe.com.cn/data/tradedata/future/dailydata/kx20250919.dat
2025-09-19,SN2602,SN,268490,270220,268020,269460,269420,270580,512,775,13794.705,SHFE official,https://www.shfe.com.cn/data/tradedata/future/dailydata/kx20250919.dat
2025-09-19,SN2603,SN,268200,270510,267920,269660,269440,270650,385,459,10373.539,SHFE official,https://www.shfe.com.cn/data/tradedata/future/dailydata/kx20250919.dat
2025-09-19,SN2604,SN,268300,270330,268300,270330,270080,271420,76,114,2052.651,SHFE official,https://www.shfe.com.cn/data/tradedata/future/dailydata/kx20250919.dat
2025-09-19,SN2605,SN,269700,270620,268800,270090,269840,270780,51,150,1376.218,SHFE official,https://www.shfe.com.cn/data/tradedata/future/dailydata/kx20250919.dat
2025-09-19,SN2606,SN,269130,271000,268180,270730,269920,271460,24,90,647.828,SHFE official,https://www.shfe.com.cn/data/tradedata/future/dailydata/kx20250919.dat
2025-09-19,SN2607,SN,269290,271200,269290,271200,270550,272240,3,22,81.166,SHFE official,https://www.shfe.com.cn/data/tradedata/future/dailydata/kx20250919.dat
2025-09-19,SN2608,SN,269400,271330,269400,271330,270360,272130,2,24,54.073,SHFE official,https://www.shfe.com.cn/data/tradedata/future/dailydata/kx20250919.dat
2025-09-19,SN2609,SN,271330,271330,271330,271330,271330,271810,2,2,54.266,SHFE official,https://www.shfe.com.cn/data/tradedata/future/dailydata/kx20250919.dat
2025-09-22,SN2510,SN,268250,273570,268100,272510,271360,268470,64565,16287,1752046.977,SHFE official,https://www.shfe.com.cn/data/tradedata/future/dailydata/kx20250922.dat
2025-09-22,SN2511,SN,268550,273870,268510,272800,271840,268840,36739,21523,998721.265,SHFE official,https://www.shfe.com.cn/data/tradedata/future/dailydata/kx20250922.dat
2025-09-22,SN2512,SN,268490,273900,268490,272920,272050,269060,5899,8982,160484.387,SHFE official,https://www.shfe.com.cn/data/tradedata/future/dailydata/kx20250922.dat
2025-09-22,SN2601,SN,268790,273930,268790,272940,272270,269200,2075,4525,56497.965,SHFE official,https://www.shfe.com.cn/data/tradedata/future/dailydata/kx20250922.dat
2025-09-22,SN2602,SN,268980,273680,268980,273020,271620,269420,301,790,8176.017,SHFE official,https://www.shfe.com.cn/data/tradedata/future/dailydata/kx20250922.dat
2025-09-22,SN2603,SN,270190,273560,270190,273030,271420,269440,391,564,10612.614,SHFE official,https://www.shfe.com.cn/data/tradedata/future/dailydata/kx20250922.dat
2025-09-22,SN2604,SN,270650,274650,270650,272980,271610,270080,51,142,1385.251,SHFE official,https://www.shfe.com.cn/data/tradedata/future/dailydata/kx20250922.dat
2025-09-22,SN2605,SN,270920,274550,270920,273000,272210,269840,46,157,1252.191,SHFE official,https://www.shfe.com.cn/data/tradedata/future/dailydata/kx20250922.dat
2025-09-22,SN2606,SN,271540,274800,271540,273840,272850,269920,15,98,409.279,SHFE official,https://www.shfe.com.cn/data/tradedata/future/dailydata/kx20250922.dat
2025-09-22,SN2607,SN,270830,273620,270830,273560,272590,270550,7,22,190.819,SHFE official,https://www.shfe.com.cn/data/tradedata/future/dailydata/kx20250922.dat
2025-09-22,SN2608,SN,271030,271030,271030,271030,271030,270360,1,24,27.103,SHFE official,https://www.shfe.com.cn/data/tradedata/future/dailydata/kx20250922.dat
2025-09-22,SN2609,SN,272680,275640,272680,275640,274160,271330,2,3,54.832,SHFE official,https://www.shfe.com.cn/data/tradedata/future/dailydata/kx20250922.dat
2025-09-23,SN2510,SN,271500,271700,269050,269880,270250,271360,52377,13227,1415539.167,SHFE official,https://www.shfe.com.cn/data/tradedata/future/dailydata/kx20250923.dat
2025-09-23,SN2511,SN,271700,272070,269430,270170,270590,271840,37175,22977,1005928.224,SHFE official,https://www.shfe.com.cn/data/tradedata/future/dailydata/kx20250923.dat
2025-09-23,SN2512,SN,272000,272340,269620,270340,270770,272050,6469,9113,175162.234,SHFE official,https://www.shfe.com.cn/data/tradedata/future/dailydata/kx20250923.dat
2025-09-23,SN2601,SN,271500,272630,269720,270330,270840,272270,1830,4788,49564.725,SHFE official,https://www.shfe.com.cn/data/tradedata/future/dailydata/kx20250923.dat
2025-09-23,SN2602,SN,271650,271780,269770,270420,270970,271620,528,914,14307.278,SHFE official,https://www.shfe.com.cn/data/tradedata/future/dailydata/kx20250923.dat
2025-09-23,SN2603,SN,271830,271920,270040,270800,270870,271420,127,589,3440.077,SHFE official,https://www.shfe.com.cn/data/tradedata/future/dailydata/kx20250923.dat
2025-09-23,SN2604,SN,270480,272000,270480,270800,271120,271610,16,147,433.798,SHFE official,https://www.shfe.com.cn/data/tradedata/future/dailydata/kx20250923.dat
2025-09-23,SN2605,SN,270560,271690,270300,270890,270970,272210,16,157,433.564,SHFE official,https://www.shfe.com.cn/data/tradedata/future/dailydata/kx20250923.dat
2025-09-23,SN2606,SN,270760,271740,270760,271160,271080,272850,6,97,162.65,SHFE official,https://www.shfe.com.cn/data/tradedata/future/dailydata/kx20250923.dat
2025-09-23,SN2607,SN,,,,272210,272210,272590,0,22,0,SHFE official,https://www.shfe.com.cn/data/tradedata/future/dailydata/kx20250923.dat
2025-09-23,SN2608,SN,272800,272800,272800,272800,272800,271030,1,25,27.28,SHFE official,https://www.shfe.com.cn/data/tradedata/future/dailydata/kx20250923.dat
2025-09-23,SN2609,SN,,,,272720,272720,274160,0,3,0,SHFE official,https://www.shfe.com.cn/data/tradedata/future/dailydata/kx20250923.dat
2025-09-24,SN2510,SN,269880,272530,269880,271650,271570,270250,42728,10808,1160402.49,SHFE official,https://www.shfe.com.cn/data/tradedata/future/dailydata/kx20250924.dat
2025-09-24,SN2511,SN,271200,272860,270590,272060,271840,270590,35857,23505,974748.921,SHFE official,https://www.shfe.com.cn/data/tradedata/future/dailydata/kx20250924.dat
2025-09-24,SN2512,SN,270840,272970,270810,272180,272030,270770,6485,9575,176415.58,SHFE official,https://www.shfe.com.cn/data/tradedata/future/dailydata/kx20250924.dat
2025-09-24,SN2601,SN,270820,273020,270820,272240,272140,270840,1676,5103,45611.5,SHFE official,https://www.shfe.com.cn/data/tradedata/future/dailydata/kx20250924.dat
2025-09-24,SN2602,SN,271060,273070,271060,272390,272100,270970,196,929,5333.19,SHFE official,https://www.shfe.com.cn/data/tradedata/future/dailydata/kx20250924.dat
2025-09-24,SN2603,SN,271780,273390,269110,272640,272640,270870,200,648,5452.996,SHFE official,https://www.shfe.com.cn/data/tradedata/future/dailydata/kx20250924.dat
2025-09-24,SN2604,SN,272330,273170,272330,273060,272870,271120,28,164,764.045,SHFE official,https://www.shfe.com.cn/data/tradedata/future/dailydata/kx20250924.dat
2025-09-24,SN2605,SN,272530,273660,271910,273600,273140,270970,22,162,600.926,SHFE official,https://www.shfe.com.cn/data/tradedata/future/dailydata/kx20250924.dat
2025-09-24,SN2606,SN,273350,273350,273290,273290,273310,271080,3,96,81.993,SHFE official,https://www.shfe.com.cn/data/tradedata/future/dailydata/kx20250924.dat
2025-09-24,SN2607,SN,273540,273600,272800,272800,273200,272210,10,22,273.201,SHFE official,https://www.shfe.com.cn/data/tradedata/future/dailydata/kx20250924.dat
2025-09-24,SN2608,SN,273360,273400,273360,273400,273380,272800,3,26,82.016,SHFE official,https://www.shfe.com.cn/data/tradedata/future/dailydata/kx20250924.dat
2025-09-24,SN2609,SN,273670,273670,273670,273670,273670,272720,1,4,27.367,SHFE official,https://www.shfe.com.cn/data/tradedata/future/dailydata/kx20250924.dat
2025-09-25,SN2510,SN,272690,274180,271700,273710,273150,271570,41218,7521,1125884.341,SHFE official,https://www.shfe.com.cn/data/tradedata/future/dailydata/kx20250925.dat
2025-09-25,SN2511,SN,272530,274490,272020,274100,273490,271840,54713,27057,1496379.31,SHFE official,https://www.shfe.com.cn/data/tradedata/future/dailydata/kx20250925.dat
2025-09-25,SN2512,SN,273000,274600,272150,273990,273700,272030,12391,11447,339150.11,SHFE official,https://www.shfe.com.cn/data/tradedata/future/dailydata/kx20250925.dat
2025-09-25,SN2601,SN,273140,274610,272290,274310,273840,272140,2519,5765,68982.495,SHFE official,https://www.shfe.com.cn/data/tradedata/future/dailydata/kx20250925.dat
2025-09-25,SN2602,SN,273020,274660,272580,274290,273860,272100,181,972,4956.969,SHFE official,https://www.shfe.com.cn/data/tradedata/future/dailydata/kx20250925.dat
2025-09-25,SN2603,SN,273000,274880,272790,274250,274180,272640,288,711,7896.595,SHFE official,https://www.shfe.com.cn/data/tradedata/future/dailydata/kx20250925.dat
2025-09-25,SN2604,SN,274870,275170,273780,274730,274410,272870,24,165,658.599,SHFE official,https://www.shfe.com.cn/data/tradedata/future/dailydata/kx20250925.dat
2025-09-25,SN2605,SN,274260,275160,274260,274960,274840,273140,17,161,467.236,SHFE official,https://www.shfe.com.cn/data/tradedata/future/dailydata/kx20250925.dat
2025-09-25,SN2606,SN,275230,275290,274420,275290,274920,273310,6,97,164.953,SHFE official,https://www.shfe.com.cn/data/tradedata/future/dailydata/kx20250925.dat
2025-09-25,SN2607,SN,275410,275410,274440,274950,274910,273200,8,21,219.929,SHFE official,https://www.shfe.com.cn/data/tradedata/future/dailydata/kx20250925.dat
2025-09-25,SN2608,SN,275460,275660,274690,275610,275220,273380,5,28,137.613,SHFE official,https://www.shfe.com.cn/data/tradedata/future/dailydata/kx20250925.dat
2025-09-25,SN2609,SN,276240,276240,276240,276240,276240,273670,2,5,55.248,SHFE official,https://www.shfe.com.cn/data/tradedata/future/dailydata/kx20250925.dat
2025-09-26,SN2510,SN,273450,274650,271920,273600,273130,273150,19446,4270,531146.112,SHFE official,https://www.shfe.com.cn/data/tradedata/future/dailydata/kx20250926.dat
2025-09-26,SN2511,SN,273500,275100,272320,274070,273550,273490,64707,29291,1770098.76,SHFE official,https://www.shfe.com.cn/data/tradedata/future/dailydata/kx20250926.dat
2025-09-26,SN2512,SN,274580,275300,272450,273900,273960,273700,12123,13915,332123.646,SHFE official,https://www.shfe.com.cn/data/tradedata/future/dailydata/kx20250926.dat
2025-09-26,SN2601,SN,273820,275300,272560,274490,273970,273840,2492,6193,68275.579,SHFE official,https://www.shfe.com.cn/data/tradedata/future/dailydata/kx20250926.dat
2025-09-26,SN2602,SN,273780,275200,272640,274270,274200,273860,533,1134,14615.385,SHFE official,https://www.shfe.com.cn/data/tradedata/future/dailydata/kx20250926.dat
2025-09-26,SN2603,SN,274160,275060,272960,274160,274160,274180,432,820,11844.004,SHFE official,https://www.shfe.com.cn/data/tradedata/future/dailydata/kx20250926.dat
2025-09-26,SN2604,SN,274090,275430,273460,274520,274280,274410,57,207,1563.406,SHFE official,https://www.shfe.com.cn/data/tradedata/future/dailydata/kx20250926.dat
2025-09-26,SN2605,SN,273370,276120,273370,274800,274930,274840,13,160,357.42,SHFE official,https://www.shfe.com.cn/data/tradedata/future/dailydata/kx20250926.dat
2025-09-26,SN2606,SN,274380,274990,274380,274990,274760,274920,9,97,247.291,SHFE official,https://www.shfe.com.cn/data/tradedata/future/dailydata/kx20250926.dat
2025-09-26,SN2607,SN,274260,275300,273760,275120,274780,274910,9,22,247.304,SHFE official,https://www.shfe.com.cn/data/tradedata/future/dailydata/kx20250926.dat
2025-09-26,SN2608,SN,274810,276140,274700,275710,275430,275220,6,28,165.259,SHFE official,https://www.shfe.com.cn/data/tradedata/future/dailydata/kx20250926.dat
2025-09-26,SN2609,SN,275410,275870,275410,275870,275640,276240,2,5,55.128,SHFE official,https://www.shfe.com.cn/data/tradedata/future/dailydata/kx20250926.dat
2025-09-29,SN2510,SN,273050,273760,270280,271910,272130,273130,9325,2499,253770.367,SHFE official,https://www.shfe.com.cn/data/tradedata/future/dailydata/kx20250929.dat
2025-09-29,SN2511,SN,274070,274240,270610,272410,272520,273550,60149,26590,1639237.527,SHFE official,https://www.shfe.com.cn/data/tradedata/future/dailydata/kx20250929.dat
2025-09-29,SN2512,SN,273900,274440,271030,272820,272770,273960,12525,14676,341648.512,SHFE official,https://www.shfe.com.cn/data/tradedata/future/dailydata/kx20250929.dat
2025-09-29,SN2601,SN,274250,274260,271170,272770,272990,273970,1790,6264,48865.694,SHFE official,https://www.shfe.com.cn/data/tradedata/future/dailydata/kx20250929.dat
2025-09-29,SN2602,SN,273760,273920,271110,273330,272820,274200,316,1138,8621.273,SHFE official,https://www.shfe.com.cn/data/tradedata/future/dailydata/kx20250929.dat
2025-09-29,SN2603,SN,273370,274020,271250,273270,272840,274160,217,823,5920.656,SHFE official,https://www.shfe.com.cn/data/tradedata/future/dailydata/kx20250929.dat
2025-09-29,SN2604,SN,273820,274000,271530,273440,273300,274280,18,208,491.948,SHFE official,https://www.shfe.com.cn/data/tradedata/future/dailydata/kx20250929.dat
2025-09-29,SN2605,SN,274160,274260,272310,273780,273470,274930,14,166,382.858,SHFE official,https://www.shfe.com.cn/data/tradedata/future/dailydata/kx20250929.dat
2025-09-29,SN2606,SN,274610,274790,273990,274060,274360,274760,10,97,274.367,SHFE official,https://www.shfe.com.cn/data/tradedata/future/dailydata/kx20250929.dat
2025-09-29,SN2607,SN,274890,275050,273660,273660,274550,274780,8,21,219.643,SHFE official,https://www.shfe.com.cn/data/tradedata/future/dailydata/kx20250929.dat
2025-09-29,SN2608,SN,274910,274910,274910,274910,274910,275430,1,29,27.491,SHFE official,https://www.shfe.com.cn/data/tradedata/future/dailydata/kx20250929.dat
2025-09-29,SN2609,SN,,,,274820,274820,275640,0,5,0,SHFE official,https://www.shfe.com.cn/data/tradedata/future/dailydata/kx20250929.dat
2025-09-30,SN2510,SN,273650,282400,273590,274990,278060,272130,6892,1472,191641.037,SHFE official,https://www.shfe.com.cn/data/tradedata/future/dailydata/kx20250930.dat
2025-09-30,SN2511,SN,274170,283000,274170,275070,278760,272520,181031,28744,5046488.263,SHFE official,https://www.shfe.com.cn/data/tradedata/future/dailydata/kx20250930.dat
2025-09-30,SN2512,SN,274260,283020,274260,275440,278700,272770,44529,16027,1241058.643,SHFE official,https://www.shfe.com.cn/data/tradedata/future/dailydata/kx20250930.dat
2025-09-30,SN2601,SN,274490,283000,274490,275500,278760,272990,9971,7090,277956.025,SHFE official,https://www.shfe.com.cn/data/tradedata/future/dailydata/kx20250930.dat
2025-09-30,SN2602,SN,276230,282790,275110,275940,278620,272820,3230,1792,89997.169,SHFE official,https://www.shfe.com.cn/data/tradedata/future/dailydata/kx20250930.dat
2025-09-30,SN2603,SN,275140,282080,274940,276060,278480,272840,1374,1099,38263.457,SHFE official,https://www.shfe.com.cn/data/tradedata/future/dailydata/kx20250930.dat
2025-09-30,SN2604,SN,276270,282170,275680,275980,279250,273300,239,215,6674.239,SHFE official,https://www.shfe.com.cn/data/tradedata/future/dailydata/kx20250930.dat
2025-09-30,SN2605,SN,276600,282500,275740,275800,277730,273470,151,172,4193.823,SHFE official,https://www.shfe.com.cn/data/tradedata/future/dailydata/kx20250930.dat
2025-09-30,SN2606,SN,277540,282840,275300,276180,277860,274360,127,52,3528.922,SHFE official,https://www.shfe.com.cn/data/tradedata/future/dailydata/kx20250930.dat
2025-09-30,SN2607,SN,277560,282820,275610,276260,278390,274550,48,16,1336.314,SHFE official,https://www.shfe.com.cn/data/tradedata/future/dailydata/kx20250930.dat
2025-09-30,SN2608,SN,277660,283970,275630,276270,279230,274910,42,23,1172.784,SHFE official,https://www.shfe.com.cn/data/tradedata/future/dailydata/kx20250930.dat
2025-09-30,SN2609,SN,282590,282590,275380,275900,279080,274820,9,9,251.18,SHFE official,https://www.shfe.com.cn/data/tradedata/future/dailydata/kx20250930.dat
2025-10-09,SN2510,SN,281000,287770,281000,287770,284870,278060,246,1416,7007.872,SHFE official,https://www.shfe.com.cn/data/tradedata/future/dailydata/kx20251009.dat
2025-10-09,SN2511,SN,280200,288460,280180,287090,285070,278760,78981,34948,2251558.144,SHFE official,https://www.shfe.com.cn/data/tradedata/future/dailydata/kx20251009.dat
2025-10-09,SN2512,SN,280530,288860,280530,287370,285420,278700,33406,20638,953493.066,SHFE official,https://www.shfe.com.cn/data/tradedata/future/dailydata/kx20251009.dat
2025-10-09,SN2601,SN,280550,288910,280500,287450,285490,278760,10353,9028,295568.694,SHFE official,https://www.shfe.com.cn/data/tradedata/future/dailydata/kx20251009.dat
2025-10-09,SN2602,SN,281000,288710,281000,287390,285460,278620,1695,2121,48386.414,SHFE official,https://www.shfe.com.cn/data/tradedata/future/dailydata/kx20251009.dat
2025-10-09,SN2603,SN,281620,288380,280700,287070,285280,278480,598,1274,17060.301,SHFE official,https://www.shfe.com.cn/data/tradedata/future/dailydata/kx20251009.dat
2025-10-09,SN2604,SN,281490,288260,280880,287270,284800,279250,320,367,9113.71,SHFE official,https://www.shfe.com.cn/data/tradedata/future/dailydata/kx20251009.dat
2025-10-09,SN2605,SN,275800,288230,275800,287240,285020,277730,159,165,4531.881,SHFE official,https://www.shfe.com.cn/data/tradedata/future/dailydata/kx20251009.dat
2025-10-09,SN2606,SN,282760,288000,281860,288000,285390,277860,15,52,428.088,SHFE official,https://www.shfe.com.cn/data/tradedata/future/dailydata/kx20251009.dat
2025-10-09,SN2607,SN,282600,287420,282600,287420,284640,278390,5,16,142.322,SHFE official,https://www.shfe.com.cn/data/tradedata/future/dailydata/kx20251009.dat
2025-10-09,SN2608,SN,285460,287330,283660,287330,285520,279230,7,22,199.864,SHFE official,https://www.shfe.com.cn/data/tradedata/future/dailydata/kx20251009.dat
2025-10-09,SN2609,SN,286550,289090,286550,287760,287820,279080,6,9,172.697,SHFE official,https://www.shfe.com.cn/data/tradedata/future/dailydata/kx20251009.dat
2025-10-10,SN2510,SN,289000,289990,286540,286540,288270,284870,126,1334,3632.292,SHFE official,https://www.shfe.com.cn/data/tradedata/future/dailydata/kx20251010.dat
2025-10-10,SN2511,SN,289500,290640,285440,286350,288430,285070,105146,34660,3032808.297,SHFE official,https://www.shfe.com.cn/data/tradedata/future/dailydata/kx20251010.dat
2025-10-10,SN2512,SN,288500,290950,285630,286550,288660,285420,37307,21471,1076936.138,SHFE official,https://www.shfe.com.cn/data/tradedata/future/dailydata/kx20251010.dat
2025-10-10,SN2601,SN,288750,291000,285750,286550,288660,285490,9172,9259,264761.471,SHFE official,https://www.shfe.com.cn/data/tradedata/future/dailydata/kx20251010.dat
2025-10-10,SN2602,SN,288940,290820,285600,286590,288930,285460,2033,2193,58740.371,SHFE official,https://www.shfe.com.cn/data/tradedata/future/dailydata/kx20251010.dat
2025-10-10,SN2603,SN,289240,290640,285910,286560,289020,285280,878,1457,25376.231,SHFE official,https://www.shfe.com.cn/data/tradedata/future/dailydata/kx20251010.dat
2025-10-10,SN2604,SN,287270,290600,285960,286390,288650,284800,369,542,10651.546,SHFE official,https://www.shfe.com.cn/data/tradedata/future/dailydata/kx20251010.dat
2025-10-10,SN2605,SN,285020,291300,285020,286400,288950,285020,161,198,4652.166,SHFE official,https://www.shfe.com.cn/data/tradedata/future/dailydata/kx20251010.dat
2025-10-10,SN2606,SN,288000,291030,286460,286680,288740,285390,47,56,1357.12,SHFE official,https://www.shfe.com.cn/data/tradedata/future/dailydata/kx20251010.dat
2025-10-10,SN2607,SN,290400,290410,286370,286370,288440,284640,9,18,259.603,SHFE official,https://www.shfe.com.cn/data/tradedata/future/dailydata/kx20251010.dat
2025-10-10,SN2608,SN,289760,290800,286300,286300,289090,285520,7,23,202.364,SHFE official,https://www.shfe.com.cn/data/tradedata/future/dailydata/kx20251010.dat
2025-10-10,SN2609,SN,288880,288880,286700,286700,287680,287820,3,10,86.304,SHFE official,https://www.shfe.com.cn/data/tradedata/future/dailydata/kx20251010.dat
2025-10-13,SN2510,SN,286540,286660,280750,281930,282760,288270,70,1282,1979.326,SHFE official,https://www.shfe.com.cn/data/tradedata/future/dailydata/kx20251013.dat
2025-10-13,SN2511,SN,287030,287420,280600,282110,283550,288430,106939,30938,3032287.057,SHFE official,https://www.shfe.com.cn/data/tradedata/future/dailydata/kx20251013.dat
2025-10-13,SN2512,SN,287510,287660,280830,282300,283610,288660,40534,19878,1149616.076,SHFE official,https://www.shfe.com.cn/data/tradedata/future/dailydata/kx20251013.dat
2025-10-13,SN2601,SN,286550,287500,281000,282570,283460,288660,8879,9302,251692.117,SHFE official,https://www.shfe.com.cn/data/tradedata/future/dailydata/kx20251013.dat
2025-10-13,SN2602,SN,287260,287450,280990,282380,283290,288930,2508,2422,71051.161,SHFE official,https://www.shfe.com.cn/data/tradedata/future/dailydata/kx20251013.dat
2025-10-13,SN2603,SN,286850,287360,280990,282480,283900,289020,511,1518,14507.541,SHFE official,https://www.shfe.com.cn/data/tradedata/future/dailydata/kx20251013.dat
2025-10-13,SN2604,SN,286370,287300,281140,282220,283870,288650,196,571,5563.932,SHFE official,https://www.shfe.com.cn/data/tradedata/future/dailydata/kx20251013.dat
2025-10-13,SN2605,SN,287020,287710,280740,282650,283660,288950,129,210,3659.259,SHFE official,https://www.shfe.com.cn/data/tradedata/future/dailydata/kx20251013.dat
2025-10-13,SN2606,SN,282970,285320,281570,281630,282530,288740,38,63,1073.638,SHFE official,https://www.shfe.com.cn/data/tradedata/future/dailydata/kx20251013.dat
2025-10-13,SN2607,SN,286080,286080,281680,282120,283050,288440,16,16,452.89,SHFE official,https://www.shfe.com.cn/data/tradedata/future/dailydata/kx20251013.dat
2025-10-13,SN2608,SN,287000,287000,281280,282600,283690,289090,16,18,453.911,SHFE official,https://www.shfe.com.cn/data/tradedata/future/dailydata/kx20251013.dat
2025-10-13,SN2609,SN,288000,288000,283160,283390,284540,287680,6,13,170.725,SHFE official,https://www.shfe.com.cn/data/tradedata/future/dailydata/kx20251013.dat
2025-10-14,SN2510,SN,283100,283100,279880,280000,281340,282760,106,1262,2982.216,SHFE official,https://www.shfe.com.cn/data/tradedata/future/dailydata/kx20251014.dat
2025-10-14,SN2511,SN,282800,284130,279310,280430,282140,283550,77953,29326,2199422.077,SHFE official,https://www.shfe.com.cn/data/tradedata/future/dailydata/kx20251014.dat
2025-10-14,SN2512,SN,283890,284310,279520,280680,282320,283610,31545,20191,890609.723,SHFE official,https://www.shfe.com.cn/data/tradedata/future/dailydata/kx20251014.dat
2025-10-14,SN2601,SN,283050,284450,279760,280880,282460,283460,8673,9281,244979.535,SHFE official,https://www.shfe.com.cn/data/tradedata/future/dailydata/kx20251014.dat
2025-10-14,SN2602,SN,282630,284290,279560,280860,282390,283290,1895,2525,53513.266,SHFE official,https://www.shfe.com.cn/data/tradedata/future/dailydata/kx20251014.dat
2025-10-14,SN2603,SN,283090,284230,279500,280810,282460,283900,421,1564,11891.888,SHFE official,https://www.shfe.com.cn/data/tradedata/future/dailydata/kx20251014.dat
2025-10-14,SN2604,SN,283680,284200,279980,280500,282290,283870,231,587,6520.913,SHFE official,https://www.shfe.com.cn/data/tradedata/future/dailydata/kx20251014.dat
2025-10-14,SN2605,SN,283580,284330,279800,280340,282370,283660,59,216,1666.033,SHFE official,https://www.shfe.com.cn/data/tradedata/future/dailydata/kx20251014.dat
2025-10-14,SN2606,SN,284270,284270,280560,281200,282730,282530,17,64,480.655,SHFE official,https://www.shfe.com.cn/data/tradedata/future/dailydata/kx20251014.dat
2025-10-14,SN2607,SN,283170,283850,280590,280590,282610,283050,15,21,423.925,SHFE official,https://www.shfe.com.cn/data/tradedata/future/dailydata/kx20251014.dat
2025-10-14,SN2608,SN,284990,284990,281120,281120,283550,283690,44,49,1247.635,SHFE official,https://www.shfe.com.cn/data/tradedata/future/dailydata/kx20251014.dat
2025-10-14,SN2609,SN,283780,284530,280830,282320,282990,284540,18,24,509.387,SHFE official,https://www.shfe.com.cn/data/tradedata/future/dailydata/kx20251014.dat
2025-10-15,SN2510,SN,281190,281890,271030,281890,280420,281340,56,1280,1570.354,SHFE official,https://www.shfe.com.cn/data/tradedata/future/dailydata/kx20251015.dat
2025-10-15,SN2511,SN,279050,281900,278200,281710,280410,282140,56904,28565,1595684.964,SHFE official,https://www.shfe.com.cn/data/tradedata/future/dailydata/kx20251015.dat
2025-10-15,SN2512,SN,279500,282300,278510,282060,280740,282320,20578,20945,577716.346,SHFE official,https://www.shfe.com.cn/data/tradedata/future/dailydata/kx20251015.dat
2025-10-15,SN2601,SN,279890,282350,278700,282100,281030,282460,5123,9507,143971.83,SHFE official,https://www.shfe.com.cn/data/tradedata/future/dailydata/kx20251015.dat
2025-10-15,SN2602,SN,279500,282240,278590,282090,280790,282390,1325,2699,37205.712,SHFE official,https://www.shfe.com.cn/data/tradedata/future/dailydata/kx20251015.dat
2025-10-15,SN2603,SN,279570,282250,279000,282090,280770,282460,566,1693,15891.782,SHFE official,https://www.shfe.com.cn/data/tradedata/future/dailydata/kx20251015.dat
2025-10-15,SN2604,SN,279000,281860,279000,281820,280770,282290,178,665,4997.854,SHFE official,https://www.shfe.com.cn/data/tradedata/future/dailydata/kx20251015.dat
2025-10-15,SN2605,SN,279000,282000,279000,281860,280720,282370,44,216,1235.187,SHFE official,https://www.shfe.com.cn/data/tradedata/future/dailydata/kx20251015.dat
2025-10-15,SN2606,SN,280020,282310,280020,281380,281340,282730,37,74,1040.982,SHFE official,https://www.shfe.com.cn/data/tradedata/future/dailydata/kx20251015.dat
2025-10-15,SN2607,SN,280090,282040,280090,282040,280840,282610,12,21,337.015,SHFE official,https://www.shfe.com.cn/data/tradedata/future/dailydata/kx20251015.dat
2025-10-15,SN2608,SN,281180,282800,280230,282490,281330,283550,19,53,534.534,SHFE official,https://www.shfe.com.cn/data/tradedata/future/dailydata/kx20251015.dat
2025-10-15,SN2609,SN,,,,282990,282990,282990,0,24,0,SHFE official,https://www.shfe.com.cn/data/tradedata/future/dailydata/kx20251015.dat
2025-10-16,SN2511,SN,280600,282050,278100,281350,280030,280410,61156,26792,1712600.011,SHFE official,https://www.shfe.com.cn/data/tradedata/future/dailydata/kx20251016.dat
2025-10-16,SN2512,SN,281050,282450,278590,281720,280450,280740,25392,21681,712133.064,SHFE official,https://www.shfe.com.cn/data/tradedata/future/dailydata/kx20251016.dat
2025-10-16,SN2601,SN,281210,282570,278700,281860,280580,281030,4793,9488,134485.74,SHFE official,https://www.shfe.com.cn/data/tradedata/future/dailydata/kx20251016.dat
2025-10-16,SN2602,SN,281130,282590,278830,281860,280680,280790,1461,2865,41007.704,SHFE official,https://www.shfe.com.cn/data/tradedata/future/dailydata/kx20251016.dat
2025-10-16,SN2603,SN,279610,282410,278800,281700,280540,280770,522,1757,14644.38,SHFE official,https://www.shfe.com.cn/data/tradedata/future/dailydata/kx20251016.dat
2025-10-16,SN2604,SN,279430,282080,279040,281730,280560,280770,112,698,3142.372,SHFE official,https://www.shfe.com.cn/data/tradedata/future/dailydata/kx20251016.dat
2025-10-16,SN2605,SN,281030,282100,278900,281590,280280,280720,17,216,476.487,SHFE official,https://www.shfe.com.cn/data/tradedata/future/dailydata/kx20251016.dat
2025-10-16,SN2606,SN,279500,282500,279500,282500,280690,281340,15,75,421.039,SHFE official,https://www.shfe.com.cn/data/tradedata/future/dailydata/kx20251016.dat
2025-10-16,SN2607,SN,280980,282330,280240,281700,281020,280840,12,23,337.227,SHFE official,https://www.shfe.com.cn/data/tradedata/future/dailydata/kx20251016.dat
2025-10-16,SN2608,SN,280000,282820,279850,281100,281860,281330,19,64,535.543,SHFE official,https://www.shfe.com.cn/data/tradedata/future/dailydata/kx20251016.dat
2025-10-16,SN2609,SN,,,,282990,282990,282990,0,24,0,SHFE official,https://www.shfe.com.cn/data/tradedata/future/dailydata/kx20251016.dat
2025-10-16,SN2610,SN,282500,282500,281650,281650,282070,282990,2,0,56.415,SHFE official,https://www.shfe.com.cn/data/tradedata/future/dailydata/kx20251016.dat
2025-10-17,SN2511,SN,280200,283470,279640,280750,281380,280030,60963,25308,1715397.382,SHFE official,https://www.shfe.com.cn/data/tradedata/future/dailydata/kx20251017.dat
2025-10-17,SN2512,SN,281140,283950,280120,281180,281840,280450,27560,23711,776753.262,SHFE official,https://www.shfe.com.cn/data/tradedata/future/dailydata/kx20251017.dat
2025-10-17,SN2601,SN,280820,284050,280230,281390,281930,280580,6017,9851,169637.353,SHFE official,https://www.shfe.com.cn/data/tradedata/future/dailydata/kx20251017.dat
2025-10-17,SN2602,SN,280110,283910,280110,281350,282070,280680,1223,2991,34497.191,SHFE official,https://www.shfe.com.cn/data/tradedata/future/dailydata/kx20251017.dat
2025-10-17,SN2603,SN,281090,283760,280130,281380,281950,280540,519,1871,14633.582,SHFE official,https://www.shfe.com.cn/data/tradedata/future/dailydata/kx20251017.dat
2025-10-17,SN2604,SN,280750,283780,280340,281000,282360,280560,216,794,6099.088,SHFE official,https://www.shfe.com.cn/data/tradedata/future/dailydata/kx20251017.dat
2025-10-17,SN2605,SN,281340,283070,281000,281000,282090,280280,22,220,620.609,SHFE official,https://www.shfe.com.cn/data/tradedata/future/dailydata/kx20251017.dat
2025-10-17,SN2606,SN,282650,283590,281770,282060,282500,280690,30,76,847.502,SHFE official,https://www.shfe.com.cn/data/tradedata/future/dailydata/kx20251017.dat
2025-10-17,SN2607,SN,283080,283450,282050,282900,282610,281020,27,32,763.052,SHFE official,https://www.shfe.com.cn/data/tradedata/future/dailydata/kx20251017.dat
2025-10-17,SN2608,SN,282450,284400,282450,283300,282980,281860,49,87,1386.627,SHFE official,https://www.shfe.com.cn/data/tradedata/future/dailydata/kx20251017.dat
2025-10-17,SN2609,SN,284350,284350,282460,282460,283360,282990,3,24,85.008,SHFE official,https://www.shfe.com.cn/data/tradedata/future/dailydata/kx20251017.dat
2025-10-17,SN2610,SN,,,,282070,282070,282070,0,0,0,SHFE official,https://www.shfe.com.cn/data/tradedata/future/dailydata/kx20251017.dat
2025-10-20,SN2511,SN,278500,280360,277280,279340,278950,281380,61538,22556,1716619.187,SHFE official,https://www.shfe.com.cn/data/tradedata/future/dailydata/kx20251020.dat
2025-10-20,SN2512,SN,278890,280780,277700,279840,279380,281840,35238,25090,984499.95,SHFE official,https://www.shfe.com.cn/data/tradedata/future/dailydata/kx20251020.dat
2025-10-20,SN2601,SN,279590,280910,277920,280070,279520,281930,8254,9875,230717.139,SHFE official,https://www.shfe.com.cn/data/tradedata/future/dailydata/kx20251020.dat
2025-10-20,SN2602,SN,279130,280850,277950,279850,279580,282070,2306,3105,64473.036,SHFE official,https://www.shfe.com.cn/data/tradedata/future/dailydata/kx20251020.dat
2025-10-20,SN2603,SN,278480,280670,278000,279590,279470,281950,726,1817,20289.949,SHFE official,https://www.shfe.com.cn/data/tradedata/future/dailydata/kx20251020.dat
2025-10-20,SN2604,SN,278710,280640,278380,279670,279690,282360,293,776,8195.186,SHFE official,https://www.shfe.com.cn/data/tradedata/future/dailydata/kx20251020.dat
2025-10-20,SN2605,SN,280680,280680,278050,279610,279650,282090,68,217,1901.679,SHFE official,https://www.shfe.com.cn/data/tradedata/future/dailydata/kx20251020.dat
2025-10-20,SN2606,SN,279090,281150,278300,280670,279860,282500,47,89,1315.364,SHFE official,https://www.shfe.com.cn/data/tradedata/future/dailydata/kx20251020.dat
2025-10-20,SN2607,SN,279490,281180,279210,280780,280420,282610,15,28,420.637,SHFE official,https://www.shfe.com.cn/data/tradedata/future/dailydata/kx20251020.dat
2025-10-20,SN2608,SN,279860,281580,279610,281060,280550,282980,24,87,673.342,SHFE official,https://www.shfe.com.cn/data/tradedata/future/dailydata/kx20251020.dat
2025-10-20,SN2609,SN,280530,281990,279500,281420,280620,283360,6,25,168.377,SHFE official,https://www.shfe.com.cn/data/tradedata/future/dailydata/kx20251020.dat
2025-10-20,SN2610,SN,,,,281950,281950,282070,0,0,0,SHFE official,https://www.shfe.com.cn/data/tradedata/future/dailydata/kx20251020.dat
2025-10-21,SN2511,SN,278930,281830,278510,280870,280630,278950,47366,19553,1329273.318,SHFE official,https://www.shfe.com.cn/data/tradedata/future/dailydata/kx20251021.dat
2025-10-21,SN2512,SN,278780,282280,278780,281290,281110,279380,38716,28200,1088372.747,SHFE official,https://www.shfe.com.cn/data/tradedata/future/dailydata/kx20251021.dat
2025-10-21,SN2601,SN,278960,282330,278960,281390,281190,279520,5702,10501,160339.834,SHFE official,https://www.shfe.com.cn/data/tradedata/future/dailydata/kx20251021.dat
2025-10-21,SN2602,SN,279090,282290,278750,281320,281230,279580,1068,3183,30035.822,SHFE official,https://www.shfe.com.cn/data/tradedata/future/dailydata/kx20251021.dat
2025-10-21,SN2603,SN,280170,281820,280170,281130,281090,279470,343,1837,9641.443,SHFE official,https://www.shfe.com.cn/data/tradedata/future/dailydata/kx20251021.dat
2025-10-21,SN2604,SN,279950,282000,279950,281540,281150,279690,119,802,3345.693,SHFE official,https://www.shfe.com.cn/data/tradedata/future/dailydata/kx20251021.dat
2025-10-21,SN2605,SN,280390,282200,280330,281240,281350,279650,38,219,1069.15,SHFE official,https://www.shfe.com.cn/data/tradedata/future/dailydata/kx20251021.dat
2025-10-21,SN2606,SN,280990,282070,280730,280730,281260,279860,3,89,84.379,SHFE official,https://www.shfe.com.cn/data/tradedata/future/dailydata/kx20251021.dat
2025-10-21,SN2607,SN,281150,282640,281150,282310,282010,280420,9,28,253.812,SHFE official,https://www.shfe.com.cn/data/tradedata/future/dailydata/kx20251021.dat
2025-10-21,SN2608,SN,281890,282900,281890,282150,282490,280550,17,87,480.239,SHFE official,https://www.shfe.com.cn/data/tradedata/future/dailydata/kx20251021.dat
2025-10-21,SN2609,SN,283250,283250,281880,281880,282560,280620,3,25,84.768,SHFE official,https://www.shfe.com.cn/data/tradedata/future/dailydata/kx20251021.dat
2025-10-21,SN2610,SN,,,,282220,282220,281950,0,0,0,SHFE official,https://www.shfe.com.cn/data/tradedata/future/dailydata/kx20251021.dat
2025-10-22,SN2511,SN,280650,281950,279690,281680,280940,280630,38638,17330,1085515.072,SHFE official,https://www.shfe.com.cn/data/tradedata/future/dailydata/kx20251022.dat
2025-10-22,SN2512,SN,282200,282250,280050,282050,281350,281110,37158,30248,1045452.556,SHFE official,https://www.shfe.com.cn/data/tradedata/future/dailydata/kx20251022.dat
2025-10-22,SN2601,SN,281440,282270,280130,282140,281440,281190,4996,11084,140610.082,SHFE official,https://www.shfe.com.cn/data/tradedata/future/dailydata/kx20251022.dat
2025-10-22,SN2602,SN,281410,282210,280280,282060,281460,281230,1238,3381,34845.106,SHFE official,https://www.shfe.com.cn/data/tradedata/future/dailydata/kx20251022.dat
2025-10-22,SN2603,SN,281400,282010,279970,281760,281280,281090,528,1882,14851.695,SHFE official,https://www.shfe.com.cn/data/tradedata/future/dailydata/kx20251022.dat
2025-10-22,SN2604,SN,281790,282000,280670,281800,281520,281150,101,807,2843.362,SHFE official,https://www.shfe.com.cn/data/tradedata/future/dailydata/kx20251022.dat
2025-10-22,SN2605,SN,281320,281770,280690,281520,281270,281350,23,213,646.929,SHFE official,https://www.shfe.com.cn/data/tradedata/future/dailydata/kx20251022.dat
2025-10-22,SN2606,SN,281680,281780,280880,281420,281400,281260,11,88,309.548,SHFE official,https://www.shfe.com.cn/data/tradedata/future/dailydata/kx20251022.dat
2025-10-22,SN2607,SN,281970,282000,281180,282000,281800,282010,21,25,591.795,SHFE official,https://www.shfe.com.cn/data/tradedata/future/dailydata/kx20251022.dat
2025-10-22,SN2608,SN,282300,282300,281320,281590,282100,282490,36,61,1015.563,SHFE official,https://www.shfe.com.cn/data/tradedata/future/dailydata/kx20251022.dat
2025-10-22,SN2609,SN,281860,282190,281860,282190,282000,282560,3,25,84.602,SHFE official,https://www.shfe.com.cn/data/tradedata/future/dailydata/kx20251022.dat
2025-10-22,SN2610,SN,283880,283880,281960,282130,282590,282220,7,4,197.813,SHFE official,https://www.shfe.com.cn/data/tradedata/future/dailydata/kx20251022.dat
2025-10-23,SN2511,SN,280770,281540,279440,281230,280460,280940,30865,14931,865648.903,SHFE official,https://www.shfe.com.cn/data/tradedata/future/dailydata/kx20251023.dat
2025-10-23,SN2512,SN,281430,282000,279830,281650,280890,281350,43378,32025,1218478.36,SHFE official,https://www.shfe.com.cn/data/tradedata/future/dailydata/kx20251023.dat
2025-10-23,SN2601,SN,281560,282140,279930,281870,281070,281440,4978,11384,139918.293,SHFE official,https://www.shfe.com.cn/data/tradedata/future/dailydata/kx20251023.dat
2025-10-23,SN2602,SN,281520,282160,280050,281830,281080,281460,1648,3600,46322.377,SHFE official,https://www.shfe.com.cn/data/tradedata/future/dailydata/kx20251023.dat
2025-10-23,SN2603,SN,280760,281990,279900,281770,281070,281280,568,1920,15964.96,SHFE official,https://www.shfe.com.cn/data/tradedata/future/dailydata/kx20251023.dat
2025-10-23,SN2604,SN,280200,281950,280000,281950,280690,281520,71,818,1992.935,SHFE official,https://www.shfe.com.cn/data/tradedata/future/dailydata/kx20251023.dat
2025-10-23,SN2605,SN,280650,281370,280250,281080,280750,281270,15,213,421.137,SHFE official,https://www.shfe.com.cn/data/tradedata/future/dailydata/kx20251023.dat
2025-10-23,SN2606,SN,280320,281950,280280,281950,280900,281400,12,89,337.089,SHFE official,https://www.shfe.com.cn/data/tradedata/future/dailydata/kx20251023.dat
2025-10-23,SN2607,SN,281360,281360,280520,280700,280850,281800,6,26,168.514,SHFE official,https://www.shfe.com.cn/data/tradedata/future/dailydata/kx20251023.dat
2025-10-23,SN2608,SN,280820,281640,280640,281640,281340,282100,7,66,196.943,SHFE official,https://www.shfe.com.cn/data/tradedata/future/dailydata/kx20251023.dat
2025-10-23,SN2609,SN,,,,282000,282000,282000,0,25,0,SHFE official,https://www.shfe.com.cn/data/tradedata/future/dailydata/kx20251023.dat
2025-10-23,SN2610,SN,,,,282590,282590,282590,0,4,0,SHFE official,https://www.shfe.com.cn/data/tradedata/future/dailydata/kx20251023.dat
2025-10-24,SN2511,SN,281300,284310,281190,283810,282940,280460,31927,11641,903373.666,SHFE official,https://www.shfe.com.cn/data/tradedata/future/dailydata/kx20251024.dat
2025-10-24,SN2512,SN,282530,284780,282020,284300,283460,280890,70781,38076,2006382.472,SHFE official,https://www.shfe.com.cn/data/tradedata/future/dailydata/kx20251024.dat
2025-10-24,SN2601,SN,281320,284880,281320,284400,283540,281070,9842,12451,279065.342,SHFE official,https://www.shfe.com.cn/data/tradedata/future/dailydata/kx20251024.dat
2025-10-24,SN2602,SN,282460,284980,282350,284450,283470,281080,1996,3737,56580.783,SHFE official,https://www.shfe.com.cn/data/tradedata/future/dailydata/kx20251024.dat
2025-10-24,SN2603,SN,282450,284860,282330,284380,283650,281070,825,2006,23401.733,SHFE official,https://www.shfe.com.cn/data/tradedata/future/dailydata/kx20251024.dat
2025-10-24,SN2604,SN,282500,284500,282200,284080,283520,280690,230,874,6521.017,SHFE official,https://www.shfe.com.cn/data/tradedata/future/dailydata/kx20251024.dat
2025-10-24,SN2605,SN,283000,284500,282060,284410,283510,280750,81,217,2296.461,SHFE official,https://www.shfe.com.cn/data/tradedata/future/dailydata/kx20251024.dat
2025-10-24,SN2606,SN,283190,284880,282550,284080,283940,280900,29,80,823.434,SHFE official,https://www.shfe.com.cn/data/tradedata/future/dailydata/kx20251024.dat
2025-10-24,SN2607,SN,284280,284550,282750,283700,283860,280850,22,28,624.509,SHFE official,https://www.shfe.com.cn/data/tradedata/future/dailydata/kx20251024.dat
2025-10-24,SN2608,SN,284040,284040,282010,283710,283500,281340,42,61,1190.728,SHFE official,https://www.shfe.com.cn/data/tradedata/future/dailydata/kx20251024.dat
2025-10-24,SN2609,SN,284720,284720,283640,283700,283760,282000,13,21,368.888,SHFE official,https://www.shfe.com.cn/data/tradedata/future/dailydata/kx20251024.dat
2025-10-24,SN2610,SN,,,,282590,282590,282590,0,4,0,SHFE official,https://www.shfe.com.cn/data/tradedata/future/dailydata/kx20251024.dat
2025-10-27,SN2511,SN,282550,289110,281600,286150,284410,282940,31077,9032,883886.949,SHFE official,https://www.shfe.com.cn/data/tradedata/future/dailydata/kx20251027.dat
2025-10-27,SN2512,SN,283260,289590,282030,286720,284960,283460,102206,45084,2912473.715,SHFE official,https://www.shfe.com.cn/data/tradedata/future/dailydata/kx20251027.dat
2025-10-27,SN2601,SN,283900,289670,282260,286920,285570,283540,17266,14333,493077.993,SHFE official,https://www.shfe.com.cn/data/tradedata/future/dailydata/kx20251027.dat
2025-10-27,SN2602,SN,283680,289720,282440,287010,286180,283470,4195,3920,120055.18,SHFE official,https://www.shfe.com.cn/data/tradedata/future/dailydata/kx20251027.dat
2025-10-27,SN2603,SN,283750,289500,282440,286660,285840,283650,917,2066,26211.648,SHFE official,https://www.shfe.com.cn/data/tradedata/future/dailydata/kx20251027.dat
2025-10-27,SN2604,SN,282560,289340,282380,286800,285740,283520,523,1011,14944.301,SHFE official,https://www.shfe.com.cn/data/tradedata/future/dailydata/kx20251027.dat
2025-10-27,SN2605,SN,282540,289180,282540,287120,285860,283510,207,293,5917.339,SHFE official,https://www.shfe.com.cn/data/tradedata/future/dailydata/kx20251027.dat
2025-10-27,SN2606,SN,283150,289090,282190,288220,285380,283940,44,75,1255.709,SHFE official,https://www.shfe.com.cn/data/tradedata/future/dailydata/kx20251027.dat
2025-10-27,SN2607,SN,282490,288040,282490,286940,283630,283860,16,28,453.823,SHFE official,https://www.shfe.com.cn/data/tradedata/future/dailydata/kx20251027.dat
2025-10-27,SN2608,SN,283300,286790,283300,286790,284540,283500,9,63,256.094,SHFE official,https://www.shfe.com.cn/data/tradedata/future/dailydata/kx20251027.dat
2025-10-27,SN2609,SN,283670,286710,282550,286710,283740,283760,12,23,340.492,SHFE official,https://www.shfe.com.cn/data/tradedata/future/dailydata/kx20251027.dat
2025-10-27,SN2610,SN,283790,283790,282920,282920,283290,282590,3,7,84.988,SHFE official,https://www.shfe.com.cn/data/tradedata/future/dailydata/kx20251027.dat
2025-10-28,SN2511,SN,287050,287150,281680,282780,284610,284410,13883,6200,395128.009,SHFE official,https://www.shfe.com.cn/data/tradedata/future/dailydata/kx20251028.dat
2025-10-28,SN2512,SN,287050,287690,282160,283170,284870,284960,88270,40436,2514565.028,SHFE official,https://www.shfe.com.cn/data/tradedata/future/dailydata/kx20251028.dat
2025-10-28,SN2601,SN,287290,287850,282350,283420,284800,285570,18851,16114,536882.593,SHFE official,https://www.shfe.com.cn/data/tradedata/future/dailydata/kx20251028.dat
2025-10-28,SN2602,SN,287050,287770,282380,283450,285010,286180,3106,4367,88527.169,SHFE official,https://www.shfe.com.cn/data/tradedata/future/dailydata/kx20251028.dat
2025-10-28,SN2603,SN,287000,287600,282220,283060,284650,285840,722,2158,20552.255,SHFE official,https://www.shfe.com.cn/data/tradedata/future/dailydata/kx20251028.dat
2025-10-28,SN2604,SN,286750,287450,282200,283060,284960,285740,506,1093,14419.151,SHFE official,https://www.shfe.com.cn/data/tradedata/future/dailydata/kx20251028.dat
2025-10-28,SN2605,SN,287260,287300,282260,282480,284500,285860,140,335,3983.047,SHFE official,https://www.shfe.com.cn/data/tradedata/future/dailydata/kx20251028.dat
2025-10-28,SN2606,SN,285800,286110,282140,282140,284760,285380,41,87,1167.556,SHFE official,https://www.shfe.com.cn/data/tradedata/future/dailydata/kx20251028.dat
2025-10-28,SN2607,SN,284440,285210,283780,284520,284560,283630,18,28,512.216,SHFE official,https://www.shfe.com.cn/data/tradedata/future/dailydata/kx20251028.dat
2025-10-28,SN2608,SN,284480,284480,284240,284240,284360,284540,2,63,56.872,SHFE official,https://www.shfe.com.cn/data/tradedata/future/dailydata/kx20251028.dat
2025-10-28,SN2609,SN,285800,285800,282600,282600,284420,283740,12,22,341.312,SHFE official,https://www.shfe.com.cn/data/tradedata/future/dailydata/kx20251028.dat
2025-10-28,SN2610,SN,283000,283000,283000,283000,283000,283290,1,8,28.3,SHFE official,https://www.shfe.com.cn/data/tradedata/future/dailydata/kx20251028.dat
2025-10-29,SN2511,SN,284070,286920,284070,286170,285630,284610,5683,5215,162326.672,SHFE official,https://www.shfe.com.cn/data/tradedata/future/dailydata/kx20251029.dat
2025-10-29,SN2512,SN,284880,287390,284690,286720,286250,284870,77861,41157,2228774.446,SHFE official,https://www.shfe.com.cn/data/tradedata/future/dailydata/kx20251029.dat
2025-10-29,SN2601,SN,285110,287500,284800,286950,286360,284800,18350,18570,525481.537,SHFE official,https://www.shfe.com.cn/data/tradedata/future/dailydata/kx20251029.dat
2025-10-29,SN2602,SN,284920,287490,284920,286890,286350,285010,3388,5120,97016.894,SHFE official,https://www.shfe.com.cn/data/tradedata/future/dailydata/kx20251029.dat
2025-10-29,SN2603,SN,284990,287150,284990,286450,286090,284650,761,2329,21772.041,SHFE official,https://www.shfe.com.cn/data/tradedata/future/dailydata/kx20251029.dat
2025-10-29,SN2604,SN,285950,287170,284740,286060,285930,284960,616,1306,17613.409,SHFE official,https://www.shfe.com.cn/data/tradedata/future/dailydata/kx20251029.dat
2025-10-29,SN2605,SN,284840,286500,284500,286060,285540,284500,291,481,8309.308,SHFE official,https://www.shfe.com.cn/data/tradedata/future/dailydata/kx20251029.dat
2025-10-29,SN2606,SN,285600,286740,284440,285400,285560,284760,82,135,2341.673,SHFE official,https://www.shfe.com.cn/data/tradedata/future/dailydata/kx20251029.dat
2025-10-29,SN2607,SN,285940,286680,284400,285840,285820,284560,27,30,771.715,SHFE official,https://www.shfe.com.cn/data/tradedata/future/dailydata/kx20251029.dat
2025-10-29,SN2608,SN,285950,286020,285300,285400,285620,284360,7,62,199.939,SHFE official,https://www.shfe.com.cn/data/tradedata/future/dailydata/kx20251029.dat
2025-10-29,SN2609,SN,286150,286400,285380,285720,285840,284420,7,22,200.089,SHFE official,https://www.shfe.com.cn/data/tradedata/future/dailydata/kx20251029.dat
2025-10-29,SN2610,SN,286260,286260,285540,285540,285850,283000,4,7,114.343,SHFE official,https://www.shfe.com.cn/data/tradedata/future/dailydata/kx20251029.dat
2025-10-30,SN2511,SN,286480,286480,282400,283040,284160,285630,5482,3537,155777.98,SHFE official,https://www.shfe.com.cn/data/tradedata/future/dailydata/kx20251030.dat
2025-10-30,SN2512,SN,286360,286720,282900,283600,284690,286250,74299,38515,2115281.77,SHFE official,https://www.shfe.com.cn/data/tradedata/future/dailydata/kx20251030.dat
2025-10-30,SN2601,SN,286500,286880,283150,283800,284820,286360,20521,19817,584480.365,SHFE official,https://www.shfe.com.cn/data/tradedata/future/dailydata/kx20251030.dat
2025-10-30,SN2602,SN,286890,287080,283230,283830,285010,286350,3855,5798,109874.612,SHFE official,https://www.shfe.com.cn/data/tradedata/future/dailydata/kx20251030.dat
2025-10-30,SN2603,SN,286710,286710,283000,283510,284530,286090,645,2498,18352.524,SHFE official,https://www.shfe.com.cn/data/tradedata/future/dailydata/kx20251030.dat
2025-10-30,SN2604,SN,285530,286060,282970,283230,284520,285930,289,1342,8222.675,SHFE official,https://www.shfe.com.cn/data/tradedata/future/dailydata/kx20251030.dat
2025-10-30,SN2605,SN,284770,285800,282880,283060,284500,285540,81,479,2304.511,SHFE official,https://www.shfe.com.cn/data/tradedata/future/dailydata/kx20251030.dat
2025-10-30,SN2606,SN,284800,285500,283000,283000,284410,285560,23,141,654.153,SHFE official,https://www.shfe.com.cn/data/tradedata/future/dailydata/kx20251030.dat
2025-10-30,SN2607,SN,285360,285360,282960,283330,284000,285820,10,31,284.002,SHFE official,https://www.shfe.com.cn/data/tradedata/future/dailydata/kx20251030.dat
2025-10-30,SN2608,SN,285350,285350,282880,283090,283970,285620,4,62,113.589,SHFE official,https://www.shfe.com.cn/data/tradedata/future/dailydata/kx20251030.dat
2025-10-30,SN2609,SN,284260,285870,283830,283930,284840,285840,8,21,227.878,SHFE official,https://www.shfe.com.cn/data/tradedata/future/dailydata/kx20251030.dat
2025-10-30,SN2610,SN,284780,284780,284780,284780,284780,285850,1,8,28.478,SHFE official,https://www.shfe.com.cn/data/tradedata/future/dailydata/kx20251030.dat
2025-10-31,SN2511,SN,282250,285840,281430,283310,283290,284160,3229,2180,91475.508,SHFE official,https://www.shfe.com.cn/data/tradedata/future/dailydata/kx20251031.dat
2025-10-31,SN2512,SN,283300,286460,282050,283910,283740,284690,72347,36714,2052827.545,SHFE official,https://www.shfe.com.cn/data/tradedata/future/dailydata/kx20251031.dat
2025-10-31,SN2601,SN,283590,286710,282340,284250,284150,284820,18477,20416,525032.647,SHFE official,https://www.shfe.com.cn/data/tradedata/future/dailydata/kx20251031.dat
2025-10-31,SN2602,SN,283160,286710,282410,284370,284510,285010,4301,6168,122368.57,SHFE official,https://www.shfe.com.cn/data/tradedata/future/dailydata/kx20251031.dat
2025-10-31,SN2603,SN,283000,286280,282220,284020,284330,284530,500,2507,14216.866,SHFE official,https://www.shfe.com.cn/data/tradedata/future/dailydata/kx20251031.dat
2025-10-31,SN2604,SN,282100,286100,281970,283640,283900,284520,514,1414,14592.947,SHFE official,https://www.shfe.com.cn/data/tradedata/future/dailydata/kx20251031.dat
2025-10-31,SN2605,SN,283240,285580,281970,283300,283860,284500,172,517,4882.44,SHFE official,https://www.shfe.com.cn/data/tradedata/future/dailydata/kx20251031.dat
2025-10-31,SN2606,SN,282190,285000,281510,283430,283780,284410,54,166,1532.417,SHFE official,https://www.shfe.com.cn/data/tradedata/future/dailydata/kx20251031.dat
2025-10-31,SN2607,SN,281670,285530,281670,283460,283980,284000,15,30,425.982,SHFE official,https://www.shfe.com.cn/data/tradedata/future/dailydata/kx20251031.dat
2025-10-31,SN2608,SN,284340,285470,284040,285470,284740,283970,13,57,370.169,SHFE official,https://www.shfe.com.cn/data/tradedata/future/dailydata/kx20251031.dat
2025-10-31,SN2609,SN,281750,282300,281650,282300,281930,284840,5,20,140.965,SHFE official,https://www.shfe.com.cn/data/tradedata/future/dailydata/kx20251031.dat
2025-10-31,SN2610,SN,281850,284400,281850,284400,283560,284780,4,9,113.425,SHFE official,https://www.shfe.com.cn/data/tradedata/future/dailydata/kx20251031.dat
2025-11-03,SN2511,SN,284840,286000,284210,285200,285060,283290,908,1886,25883.934,SHFE official,https://www.shfe.com.cn/data/tradedata/future/dailydata/kx20251103.dat
2025-11-03,SN2512,SN,285580,286750,284550,285760,285620,283740,69211,36562,1976821.67,SHFE official,https://www.shfe.com.cn/data/tradedata/future/dailydata/kx20251103.dat
2025-11-03,SN2601,SN,285500,286910,284760,285980,285810,284150,21132,21682,603985.636,SHFE official,https://www.shfe.com.cn/data/tradedata/future/dailydata/kx20251103.dat
2025-11-03,SN2602,SN,285670,286950,284730,285980,285860,284510,5052,6773,144416.503,SHFE official,https://www.shfe.com.cn/data/tradedata/future/dailydata/kx20251103.dat
2025-11-03,SN2603,SN,285680,286450,284510,285430,285500,284330,547,2599,15617.382,SHFE official,https://www.shfe.com.cn/data/tradedata/future/dailydata/kx20251103.dat
2025-11-03,SN2604,SN,285990,286230,284260,285400,285320,283900,532,1538,15179.412,SHFE official,https://www.shfe.com.cn/data/tradedata/future/dailydata/kx20251103.dat
2025-11-03,SN2605,SN,285460,285990,284000,285060,285170,283860,171,598,4876.431,SHFE official,https://www.shfe.com.cn/data/tradedata/future/dailydata/kx20251103.dat
2025-11-03,SN2606,SN,284130,285670,283840,285670,284850,283780,45,181,1281.851,SHFE official,https://www.shfe.com.cn/data/tradedata/future/dailydata/kx20251103.dat
2025-11-03,SN2607,SN,284740,285270,284430,285270,284740,283980,28,33,797.275,SHFE official,https://www.shfe.com.cn/data/tradedata/future/dailydata/kx20251103.dat
2025-11-03,SN2608,SN,284740,285500,284030,285500,284750,284740,10,56,284.757,SHFE official,https://www.shfe.com.cn/data/tradedata/future/dailydata/kx20251103.dat
2025-11-03,SN2609,SN,284800,284800,284250,284250,284530,281930,8,20,227.628,SHFE official,https://www.shfe.com.cn/data/tradedata/future/dailydata/kx20251103.dat
2025-11-03,SN2610,SN,,,,284680,284680,283560,0,9,0,SHFE official,https://www.shfe.com.cn/data/tradedata/future/dailydata/kx20251103.dat
2025-11-04,SN2511,SN,285200,285500,282560,282800,283900,285060,402,1754,11412.978,SHFE official,https://www.shfe.com.cn/data/tradedata/future/dailydata/kx20251104.dat
2025-11-04,SN2512,SN,285500,285820,283020,283730,284610,285620,62832,34378,1788267.741,SHFE official,https://www.shfe.com.cn/data/tradedata/future/dailydata/kx20251104.dat
2025-11-04,SN2601,SN,286010,286100,283270,284060,284860,285810,17150,21505,488542.288,SHFE official,https://www.shfe.com.cn/data/tradedata/future/dailydata/kx20251104.dat
2025-11-04,SN2602,SN,285950,286130,283340,284170,284840,285860,3467,7025,98754.818,SHFE official,https://www.shfe.com.cn/data/tradedata/future/dailydata/kx20251104.dat
2025-11-04,SN2603,SN,285480,285750,283030,283700,284540,285500,723,2768,20572.818,SHFE official,https://www.shfe.com.cn/data/tradedata/future/dailydata/kx20251104.dat
2025-11-04,SN2604,SN,285280,285620,282780,283500,284350,285320,315,1626,8957.217,SHFE official,https://www.shfe.com.cn/data/tradedata/future/dailydata/kx20251104.dat
2025-11-04,SN2605,SN,284680,285180,282610,283110,284370,285170,96,630,2730.017,SHFE official,https://www.shfe.com.cn/data/tradedata/future/dailydata/kx20251104.dat
2025-11-04,SN2606,SN,285670,285670,282200,282450,283900,284850,27,180,766.537,SHFE official,https://www.shfe.com.cn/data/tradedata/future/dailydata/kx20251104.dat
2025-11-04,SN2607,SN,284100,284360,282550,282550,283810,284740,13,33,368.965,SHFE official,https://www.shfe.com.cn/data/tradedata/future/dailydata/kx20251104.dat
2025-11-04,SN2608,SN,284090,284090,283610,283610,283870,284750,9,57,255.491,SHFE official,https://www.shfe.com.cn/data/tradedata/future/dailydata/kx20251104.dat
2025-11-04,SN2609,SN,284340,284340,282130,282130,283740,284530,7,20,198.619,SHFE official,https://www.shfe.com.cn/data/tradedata/future/dailydata/kx20251104.dat
2025-11-04,SN2610,SN,283750,283750,282210,282210,283230,284680,3,7,84.97,SHFE official,https://www.shfe.com.cn/data/tradedata/future/dailydata/kx20251104.dat
2025-11-05,SN2511,SN,283000,284020,279150,281440,281120,283900,618,1398,17373.3,SHFE official,https://www.shfe.com.cn/data/tradedata/future/dailydata/kx20251105.dat
2025-11-05,SN2512,SN,283550,284570,279200,282090,282030,284610,71165,32622,2007068.237,SHFE official,https://www.shfe.com.cn/data/tradedata/future/dailydata/kx20251105.dat
2025-11-05,SN2601,SN,283510,284780,279470,282190,282110,284860,21904,21703,617939.833,SHFE official,https://www.shfe.com.cn/data/tradedata/future/dailydata/kx20251105.dat
2025-11-05,SN2602,SN,284010,284890,279610,282200,282110,284840,4715,7127,133017.332,SHFE official,https://www.shfe.com.cn/data/tradedata/future/dailydata/kx20251105.dat
2025-11-05,SN2603,SN,283360,284450,279370,282100,281590,284540,1011,2781,28468.963,SHFE official,https://www.shfe.com.cn/data/tradedata/future/dailydata/kx20251105.dat
2025-11-05,SN2604,SN,284090,284300,279450,281810,281710,284350,222,1646,6254.018,SHFE official,https://www.shfe.com.cn/data/tradedata/future/dailydata/kx20251105.dat
2025-11-05,SN2605,SN,283630,283900,279000,281820,281220,284370,157,637,4415.166,SHFE official,https://www.shfe.com.cn/data/tradedata/future/dailydata/kx20251105.dat
2025-11-05,SN2606,SN,283590,283590,279000,281280,281290,283900,33,184,928.28,SHFE official,https://www.shfe.com.cn/data/tradedata/future/dailydata/kx20251105.dat
2025-11-05,SN2607,SN,282250,282950,280180,281670,281730,283810,13,30,366.257,SHFE official,https://www.shfe.com.cn/data/tradedata/future/dailydata/kx20251105.dat
2025-11-05,SN2608,SN,282660,282920,280000,280840,281330,283870,19,49,534.529,SHFE official,https://www.shfe.com.cn/data/tradedata/future/dailydata/kx20251105.dat
2025-11-05,SN2609,SN,282350,282900,282220,282220,282480,283740,9,20,254.237,SHFE official,https://www.shfe.com.cn/data/tradedata/future/dailydata/kx20251105.dat
2025-11-05,SN2610,SN,,,,282470,282470,283230,0,7,0,SHFE official,https://www.shfe.com.cn/data/tradedata/future/dailydata/kx20251105.dat
2025-11-05,SNefp,SN,,283900,283900,,,,76,,,SHFE official,https://www.shfe.com.cn/data/tradedata/future/dailydata/kx20251105.dat
2025-11-06,SN2511,SN,281060,283460,281060,283140,282740,281120,170,1310,4806.65,SHFE official,https://www.shfe.com.cn/data/tradedata/future/dailydata/kx20251106.dat
2025-11-06,SN2512,SN,281990,283970,281200,283420,282800,282030,46812,30385,1323864.305,SHFE official,https://www.shfe.com.cn/data/tradedata/future/dailydata/kx20251106.dat
2025-11-06,SN2601,SN,281010,284180,281010,283650,283100,282110,13764,21928,389671.692,SHFE official,https://www.shfe.com.cn/data/tradedata/future/dailydata/kx20251106.dat
2025-11-06,SN2602,SN,282030,284200,281550,283640,283190,282110,2490,7125,70514.459,SHFE official,https://www.shfe.com.cn/data/tradedata/future/dailydata/kx20251106.dat
2025-11-06,SN2603,SN,282290,283910,281500,283450,282930,281590,819,2929,23172.523,SHFE official,https://www.shfe.com.cn/data/tradedata/future/dailydata/kx20251106.dat
2025-11-06,SN2604,SN,281630,283690,281550,283220,283110,281710,264,1739,7474.3,SHFE official,https://www.shfe.com.cn/data/tradedata/future/dailydata/kx20251106.dat
2025-11-06,SN2605,SN,282250,283230,281940,282900,282900,281220,87,651,2461.235,SHFE official,https://www.shfe.com.cn/data/tradedata/future/dailydata/kx20251106.dat
2025-11-06,SN2606,SN,282090,283000,281880,282410,282410,281290,16,184,451.859,SHFE official,https://www.shfe.com.cn/data/tradedata/future/dailydata/kx20251106.dat
2025-11-06,SN2607,SN,281380,282730,281380,282730,282180,281730,13,29,366.842,SHFE official,https://www.shfe.com.cn/data/tradedata/future/dailydata/kx20251106.dat
2025-11-06,SN2608,SN,281370,282490,281370,282490,281960,281330,7,49,197.372,SHFE official,https://www.shfe.com.cn/data/tradedata/future/dailydata/kx20251106.dat
2025-11-06,SN2609,SN,281690,282690,281690,281950,282210,282480,8,19,225.77,SHFE official,https://www.shfe.com.cn/data/tradedata/future/dailydata/kx20251106.dat
2025-11-06,SN2610,SN,,,,282550,282550,282470,0,7,0,SHFE official,https://www.shfe.com.cn/data/tradedata/future/dailydata/kx20251106.dat
2025-11-07,SN2511,SN,283630,284280,282260,283030,282970,282740,266,1178,7527.116,SHFE official,https://www.shfe.com.cn/data/tradedata/future/dailydata/kx20251107.dat
2025-11-07,SN2512,SN,284000,284760,282590,283510,283620,282800,46181,30090,1309826.442,SHFE official,https://www.shfe.com.cn/data/tradedata/future/dailydata/kx20251107.dat
2025-11-07,SN2601,SN,284350,284990,282880,283750,283940,283100,13869,22640,393799.994,SHFE official,https://www.shfe.com.cn/data/tradedata/future/dailydata/kx20251107.dat
2025-11-07,SN2602,SN,284100,285000,283010,283820,284080,283190,3236,7549,91931.054,SHFE official,https://www.shfe.com.cn/data/tradedata/future/dailydata/kx20251107.dat
2025-11-07,SN2603,SN,283560,284720,282720,283520,283540,282930,772,2970,21889.898,SHFE official,https://www.shfe.com.cn/data/tradedata/future/dailydata/kx20251107.dat
2025-11-07,SN2604,SN,283880,284460,282620,283440,283510,283110,192,1777,5443.535,SHFE official,https://www.shfe.com.cn/data/tradedata/future/dailydata/kx20251107.dat
2025-11-07,SN2605,SN,283480,284020,282430,283200,283170,282900,70,670,1982.239,SHFE official,https://www.shfe.com.cn/data/tradedata/future/dailydata/kx20251107.dat
2025-11-07,SN2606,SN,283600,283650,282020,282830,282720,282410,14,186,395.814,SHFE official,https://www.shfe.com.cn/data/tradedata/future/dailydata/kx20251107.dat
2025-11-07,SN2607,SN,282710,283100,282080,282860,282590,282180,27,30,763.01,SHFE official,https://www.shfe.com.cn/data/tradedata/future/dailydata/kx20251107.dat
2025-11-07,SN2608,SN,283560,283560,282420,282420,282850,281960,7,48,197.995,SHFE official,https://www.shfe.com.cn/data/tradedata/future/dailydata/kx20251107.dat
2025-11-07,SN2609,SN,282100,282880,282010,282010,282330,282210,6,19,169.403,SHFE official,https://www.shfe.com.cn/data/tradedata/future/dailydata/kx20251107.dat
2025-11-07,SN2610,SN,,,,282690,282690,282550,0,7,0,SHFE official,https://www.shfe.com.cn/data/tradedata/future/dailydata/kx20251107.dat
2025-11-10,SN2511,SN,284220,287100,284200,285980,285390,282970,276,1168,7876.962,SHFE official,https://www.shfe.com.cn/data/tradedata/future/dailydata/kx20251110.dat
2025-11-10,SN2512,SN,283980,287700,283920,286560,285790,283620,70764,34257,2022394.855,SHFE official,https://www.shfe.com.cn/data/tradedata/future/dailydata/kx20251110.dat
2025-11-10,SN2601,SN,284470,287940,284260,286820,286090,283940,22942,24372,656367.049,SHFE official,https://www.shfe.com.cn/data/tradedata/future/dailydata/kx20251110.dat
2025-11-10,SN2602,SN,284140,287900,284140,286920,286130,284080,6849,8240,195972.847,SHFE official,https://www.shfe.com.cn/data/tradedata/future/dailydata/kx20251110.dat
2025-11-10,SN2603,SN,284150,287650,284150,286730,286190,283540,1481,3159,42385.005,SHFE official,https://www.shfe.com.cn/data/tradedata/future/dailydata/kx20251110.dat
2025-11-10,SN2604,SN,284820,287310,284350,286470,285850,283510,467,1934,13349.57,SHFE official,https://www.shfe.com.cn/data/tradedata/future/dailydata/kx20251110.dat
2025-11-10,SN2605,SN,284370,287030,284000,286190,285440,283170,430,847,12274.013,SHFE official,https://www.shfe.com.cn/data/tradedata/future/dailydata/kx20251110.dat
2025-11-10,SN2606,SN,284280,286080,283570,286080,285180,282720,123,239,3507.772,SHFE official,https://www.shfe.com.cn/data/tradedata/future/dailydata/kx20251110.dat
2025-11-10,SN2607,SN,284480,285920,283290,284640,284040,282590,25,30,710.121,SHFE official,https://www.shfe.com.cn/data/tradedata/future/dailydata/kx20251110.dat
2025-11-10,SN2608,SN,283950,285450,283400,285450,283960,282850,19,48,539.539,SHFE official,https://www.shfe.com.cn/data/tradedata/future/dailydata/kx20251110.dat
2025-11-10,SN2609,SN,284360,286390,283630,286090,284870,282330,12,20,341.848,SHFE official,https://www.shfe.com.cn/data/tradedata/future/dailydata/kx20251110.dat
2025-11-10,SN2610,SN,283860,283860,283860,283860,283860,282690,1,8,28.386,SHFE official,https://www.shfe.com.cn/data/tradedata/future/dailydata/kx20251110.dat
2025-11-11,SN2511,SN,285980,287020,285980,287020,286190,285390,54,1184,1545.472,SHFE official,https://www.shfe.com.cn/data/tradedata/future/dailydata/kx20251111.dat
2025-11-11,SN2512,SN,287510,288450,286200,288180,287410,285790,49439,36392,1420935.634,SHFE official,https://www.shfe.com.cn/data/tradedata/future/dailydata/kx20251111.dat
2025-11-11,SN2601,SN,287640,288700,286430,288370,287680,286090,17908,26697,515184.157,SHFE official,https://www.shfe.com.cn/data/tradedata/future/dailydata/kx20251111.dat
2025-11-11,SN2602,SN,287650,288700,286460,288470,287630,286130,4004,8839,115169.802,SHFE official,https://www.shfe.com.cn/data/tradedata/future/dailydata/kx20251111.dat
2025-11-11,SN2603,SN,287430,288430,286330,288190,287420,286190,822,3230,23626.129,SHFE official,https://www.shfe.com.cn/data/tradedata/future/dailydata/kx20251111.dat
2025-11-11,SN2604,SN,287440,288030,286060,287920,287290,285850,383,2043,11003.55,SHFE official,https://www.shfe.com.cn/data/tradedata/future/dailydata/kx20251111.dat
2025-11-11,SN2605,SN,287000,287580,285770,287390,286970,285440,260,990,7461.318,SHFE official,https://www.shfe.com.cn/data/tradedata/future/dailydata/kx20251111.dat
2025-11-11,SN2606,SN,286020,287000,284820,286700,286160,285180,57,273,1631.146,SHFE official,https://www.shfe.com.cn/data/tradedata/future/dailydata/kx20251111.dat
2025-11-11,SN2607,SN,285820,286720,284880,286720,285910,284040,14,33,400.277,SHFE official,https://www.shfe.com.cn/data/tradedata/future/dailydata/kx20251111.dat
2025-11-11,SN2608,SN,285440,286430,285300,286430,285820,283960,12,49,342.984,SHFE official,https://www.shfe.com.cn/data/tradedata/future/dailydata/kx20251111.dat
2025-11-11,SN2609,SN,286350,286350,286350,286350,286350,284870,1,19,28.635,SHFE official,https://www.shfe.com.cn/data/tradedata/future/dailydata/kx20251111.dat
2025-11-11,SN2610,SN,,,,286600,286600,283860,0,8,0,SHFE official,https://www.shfe.com.cn/data/tradedata/future/dailydata/kx20251111.dat
2025-11-11,SNefp,SN,,285390,285390,,,,18,,,SHFE official,https://www.shfe.com.cn/data/tradedata/future/dailydata/kx20251111.dat
2025-11-12,SN2511,SN,287020,291070,287020,290820,289430,286190,108,1184,3125.854,SHFE official,https://www.shfe.com.cn/data/tradedata/future/dailydata/kx20251112.dat
2025-11-12,SN2512,SN,288180,293300,288100,292440,291510,287410,124419,40779,3626979.413,SHFE official,https://www.shfe.com.cn/data/tradedata/future/dailydata/kx20251112.dat
2025-11-12,SN2601,SN,288420,293590,288330,292820,291740,287680,44863,32575,1308872.67,SHFE official,https://www.shfe.com.cn/data/tradedata/future/dailydata/kx20251112.dat
2025-11-12,SN2602,SN,288470,293590,288440,292800,291690,287630,10507,9929,306483.799,SHFE official,https://www.shfe.com.cn/data/tradedata/future/dailydata/kx20251112.dat
2025-11-12,SN2603,SN,288270,293360,288260,292350,291500,287420,3252,3512,94798.407,SHFE official,https://www.shfe.com.cn/data/tradedata/future/dailydata/kx20251112.dat
2025-11-12,SN2604,SN,288080,292920,288080,292050,291050,287290,636,2203,18510.986,SHFE official,https://www.shfe.com.cn/data/tradedata/future/dailydata/kx20251112.dat
2025-11-12,SN2605,SN,288000,292630,288000,291670,291070,286970,622,1221,18104.887,SHFE official,https://www.shfe.com.cn/data/tradedata/future/dailydata/kx20251112.dat
2025-11-12,SN2606,SN,287000,292000,287000,291410,290220,286160,232,388,6733.184,SHFE official,https://www.shfe.com.cn/data/tradedata/future/dailydata/kx20251112.dat
2025-11-12,SN2607,SN,287660,291750,287660,290910,290170,285910,30,37,870.523,SHFE official,https://www.shfe.com.cn/data/tradedata/future/dailydata/kx20251112.dat
2025-11-12,SN2608,SN,289110,291760,288750,291030,289740,285820,34,54,985.144,SHFE official,https://www.shfe.com.cn/data/tradedata/future/dailydata/kx20251112.dat
2025-11-12,SN2609,SN,290380,291240,289310,290260,290130,286350,11,18,319.148,SHFE official,https://www.shfe.com.cn/data/tradedata/future/dailydata/kx20251112.dat
2025-11-12,SN2610,SN,290500,290500,290010,290010,290250,286600,2,10,58.051,SHFE official,https://www.shfe.com.cn/data/tradedata/future/dailydata/kx20251112.dat
2025-11-13,SN2511,SN,297250,297250,297250,297250,297250,289430,2,1184,59.45,SHFE official,https://www.shfe.com.cn/data/tradedata/future/dailydata/kx20251113.dat
2025-11-13,SN2512,SN,293300,299980,293300,298140,296700,291510,151802,43594,4504096.249,SHFE official,https://www.shfe.com.cn/data/tradedata/future/dailydata/kx20251113.dat
2025-11-13,SN2601,SN,293570,300390,293570,298530,297190,291740,56300,38549,1673227.787,SHFE official,https://www.shfe.com.cn/data/tradedata/future/dailydata/kx20251113.dat
2025-11-13,SN2602,SN,293840,300350,293730,298640,297360,291690,9943,10887,295672.246,SHFE official,https://www.shfe.com.cn/data/tradedata/future/dailydata/kx20251113.dat
2025-11-13,SN2603,SN,293220,300080,293220,298340,297300,291500,3505,3675,104204.719,SHFE official,https://www.shfe.com.cn/data/tradedata/future/dailydata/kx20251113.dat
2025-11-13,SN2604,SN,293500,299530,293200,298040,297130,291050,482,2267,14321.812,SHFE official,https://www.shfe.com.cn/data/tradedata/future/dailydata/kx20251113.dat
2025-11-13,SN2605,SN,293300,299690,292860,297790,296660,291070,372,1335,11036.039,SHFE official,https://www.shfe.com.cn/data/tradedata/future/dailydata/kx20251113.dat
2025-11-13,SN2606,SN,293000,299000,292230,297170,296230,290220,138,466,4088.056,SHFE official,https://www.shfe.com.cn/data/tradedata/future/dailydata/kx20251113.dat
2025-11-13,SN2607,SN,296500,298530,295440,298530,296340,290170,21,37,622.328,SHFE official,https://www.shfe.com.cn/data/tradedata/future/dailydata/kx20251113.dat
2025-11-13,SN2608,SN,293000,298870,293000,296050,296350,289740,22,55,651.974,SHFE official,https://www.shfe.com.cn/data/tradedata/future/dailydata/kx20251113.dat
2025-11-13,SN2609,SN,292480,299180,292480,299180,295970,290130,12,23,355.172,SHFE official,https://www.shfe.com.cn/data/tradedata/future/dailydata/kx20251113.dat
2025-11-13,SN2610,SN,288480,296940,288480,296370,293050,290250,7,11,205.136,SHFE official,https://www.shfe.com.cn/data/tradedata/future/dailydata/kx20251113.dat
2025-11-14,SN2511,SN,292400,292990,292000,292000,292500,297250,12,1188,351.008,SHFE official,https://www.shfe.com.cn/data/tradedata/future/dailydata/kx20251114.dat
2025-11-14,SN2512,SN,297000,297000,291030,291450,294250,296700,103936,36341,3058377.137,SHFE official,https://www.shfe.com.cn/data/tradedata/future/dailydata/kx20251114.dat
2025-11-14,SN2601,SN,297770,297770,291280,291900,294540,297190,43051,35111,1268048.851,SHFE official,https://www.shfe.com.cn/data/tradedata/future/dailydata/kx20251114.dat
2025-11-14,SN2602,SN,298000,298000,291580,291940,294450,297360,9788,11400,288211.688,SHFE official,https://www.shfe.com.cn/data/tradedata/future/dailydata/kx20251114.dat
2025-11-14,SN2603,SN,297840,297840,291420,291750,294320,297300,2662,3746,78349.627,SHFE official,https://www.shfe.com.cn/data/tradedata/future/dailydata/kx20251114.dat
2025-11-14,SN2604,SN,297940,297940,291430,291700,293620,297130,412,2254,12097.451,SHFE official,https://www.shfe.com.cn/data/tradedata/future/dailydata/kx20251114.dat
2025-11-14,SN2605,SN,296330,296410,291200,291420,293800,296660,143,1314,4201.39,SHFE official,https://www.shfe.com.cn/data/tradedata/future/dailydata/kx20251114.dat
2025-11-14,SN2606,SN,295180,295830,290640,290640,293130,296230,73,459,2139.882,SHFE official,https://www.shfe.com.cn/data/tradedata/future/dailydata/kx20251114.dat
2025-11-14,SN2607,SN,295370,295370,293280,294020,294020,296340,12,38,352.83,SHFE official,https://www.shfe.com.cn/data/tradedata/future/dailydata/kx20251114.dat
2025-11-14,SN2608,SN,294320,295510,291470,291470,293660,296350,27,60,792.884,SHFE official,https://www.shfe.com.cn/data/tradedata/future/dailydata/kx20251114.dat
2025-11-14,SN2609,SN,295520,295520,292450,292520,293100,295970,5,20,146.553,SHFE official,https://www.shfe.com.cn/data/tradedata/future/dailydata/kx20251114.dat
2025-11-14,SN2610,SN,293190,293190,291480,291480,292050,293050,3,12,87.615,SHFE official,https://www.shfe.com.cn/data/tradedata/future/dailydata/kx20251114.dat
2025-11-17,SN2511,SN,290110,290490,289840,290300,290160,292500,16,1204,464.258,SHFE official,https://www.shfe.com.cn/data/tradedata/future/dailydata/kx20251117.dat
2025-11-17,SN2512,SN,291040,291860,288230,290360,289940,294250,78290,31904,2269987.385,SHFE official,https://www.shfe.com.cn/data/tradedata/future/dailydata/kx20251117.dat
2025-11-17,SN2601,SN,291700,292210,288690,290920,290400,294540,36710,34233,1066086.416,SHFE official,https://www.shfe.com.cn/data/tradedata/future/dailydata/kx20251117.dat
2025-11-17,SN2602,SN,292000,292280,288760,291130,290510,294450,8025,11621,233141.489,SHFE official,https://www.shfe.com.cn/data/tradedata/future/dailydata/kx20251117.dat
2025-11-17,SN2603,SN,291850,292050,288690,291120,290300,294320,2063,3793,59889.701,SHFE official,https://www.shfe.com.cn/data/tradedata/future/dailydata/kx20251117.dat
2025-11-17,SN2604,SN,291600,291600,288500,290620,290130,293620,439,2235,12736.937,SHFE official,https://www.shfe.com.cn/data/tradedata/future/dailydata/kx20251117.dat
2025-11-17,SN2605,SN,291000,291740,288420,290290,289670,293800,168,1247,4866.49,SHFE official,https://www.shfe.com.cn/data/tradedata/future/dailydata/kx20251117.dat
2025-11-17,SN2606,SN,290000,291360,288350,289960,289420,293130,62,436,1794.45,SHFE official,https://www.shfe.com.cn/data/tradedata/future/dailydata/kx20251117.dat
2025-11-17,SN2607,SN,289110,291280,288400,290880,290330,294020,19,34,551.629,SHFE official,https://www.shfe.com.cn/data/tradedata/future/dailydata/kx20251117.dat
2025-11-17,SN2608,SN,289390,291300,288300,290070,290210,293660,26,57,754.568,SHFE official,https://www.shfe.com.cn/data/tradedata/future/dailydata/kx20251117.dat
2025-11-17,SN2609,SN,289240,291460,288970,290830,290150,293100,13,24,377.196,SHFE official,https://www.shfe.com.cn/data/tradedata/future/dailydata/kx20251117.dat
2025-11-17,SN2610,SN,290000,291480,289220,289220,290350,292050,16,20,464.572,SHFE official,https://www.shfe.com.cn/data/tradedata/future/dailydata/kx20251117.dat
2025-11-18,SN2512,SN,290850,291820,288100,288890,289930,289940,67408,27950,1954399.597,SHFE official,https://www.shfe.com.cn/data/tradedata/future/dailydata/kx20251118.dat
2025-11-18,SN2601,SN,290500,292390,288730,289480,290410,290400,34830,35152,1011520.073,SHFE official,https://www.shfe.com.cn/data/tradedata/future/dailydata/kx20251118.dat
2025-11-18,SN2602,SN,291440,292600,289030,289850,290500,290510,9474,10855,275223.771,SHFE official,https://www.shfe.com.cn/data/tradedata/future/dailydata/kx20251118.dat
2025-11-18,SN2603,SN,291170,292500,289080,290070,290290,290300,1773,3679,51469.443,SHFE official,https://www.shfe.com.cn/data/tradedata/future/dailydata/kx20251118.dat
2025-11-18,SN2604,SN,290920,292170,289000,289900,290360,290130,443,2199,12863.302,SHFE official,https://www.shfe.com.cn/data/tradedata/future/dailydata/kx20251118.dat
2025-11-18,SN2605,SN,291200,291830,289000,289610,290150,289670,127,1242,3685.031,SHFE official,https://www.shfe.com.cn/data/tradedata/future/dailydata/kx20251118.dat
2025-11-18,SN2606,SN,291520,291520,288850,288850,290240,289420,23,434,667.558,SHFE official,https://www.shfe.com.cn/data/tradedata/future/dailydata/kx20251118.dat
2025-11-18,SN2607,SN,290010,290800,288820,288820,290130,290330,17,36,493.222,SHFE official,https://www.shfe.com.cn/data/tradedata/future/dailydata/kx20251118.dat
2025-11-18,SN2608,SN,291280,291280,290300,290300,290630,290210,8,56,232.507,SHFE official,https://www.shfe.com.cn/data/tradedata/future/dailydata/kx20251118.dat
2025-11-18,SN2609,SN,291140,291150,290640,290640,290910,290150,8,24,232.732,SHFE official,https://www.shfe.com.cn/data/tradedata/future/dailydata/kx20251118.dat
2025-11-18,SN2610,SN,289620,289620,289620,289620,289620,290350,1,20,28.962,SHFE official,https://www.shfe.com.cn/data/tradedata/future/dailydata/kx20251118.dat
2025-11-18,SN2611,SN,,,,290350,290350,290350,0,0,0,SHFE official,https://www.shfe.com.cn/data/tradedata/future/dailydata/kx20251118.dat
2025-11-19,SN2512,SN,289360,294520,289360,293370,292380,289930,93871,27645,2744688.048,SHFE official,https://www.shfe.com.cn/data/tradedata/future/dailydata/kx20251119.dat
2025-11-19,SN2601,SN,290300,295110,290020,294020,293030,290410,58304,40035,1708504.197,SHFE official,https://www.shfe.com.cn/data/tradedata/future/dailydata/kx20251119.dat
2025-11-19,SN2602,SN,290450,295340,290400,294130,293450,290500,8676,11244,254600.008,SHFE official,https://www.shfe.com.cn/data/tradedata/future/dailydata/kx20251119.dat
2025-11-19,SN2603,SN,290070,295190,290070,294200,293480,290290,1578,3710,46311.728,SHFE official,https://www.shfe.com.cn/data/tradedata/future/dailydata/kx20251119.dat
2025-11-19,SN2604,SN,291050,295270,291050,294110,293630,290360,435,2240,12773.099,SHFE official,https://www.shfe.com.cn/data/tradedata/future/dailydata/kx20251119.dat
2025-11-19,SN2605,SN,292900,295000,291940,293660,293200,290150,93,1239,2726.786,SHFE official,https://www.shfe.com.cn/data/tradedata/future/dailydata/kx20251119.dat
2025-11-19,SN2606,SN,290120,294310,290120,293820,292750,290240,36,448,1053.917,SHFE official,https://www.shfe.com.cn/data/tradedata/future/dailydata/kx20251119.dat
2025-11-19,SN2607,SN,292910,294010,291910,294010,292620,290130,15,40,438.94,SHFE official,https://www.shfe.com.cn/data/tradedata/future/dailydata/kx20251119.dat
2025-11-19,SN2608,SN,291880,292450,291880,292150,292150,290630,9,55,262.943,SHFE official,https://www.shfe.com.cn/data/tradedata/future/dailydata/kx20251119.dat
2025-11-19,SN2609,SN,292670,293750,291730,293750,292500,290910,20,23,585.008,SHFE official,https://www.shfe.com.cn/data/tradedata/future/dailydata/kx20251119.dat
2025-11-19,SN2610,SN,,,,293260,293260,289620,0,20,0,SHFE official,https://www.shfe.com.cn/data/tradedata/future/dailydata/kx20251119.dat
2025-11-19,SN2611,SN,,,,292980,292980,290350,0,0,0,SHFE official,https://www.shfe.com.cn/data/tradedata/future/dailydata/kx20251119.dat
2025-11-20,SN2512,SN,294350,295900,291200,292030,293470,292380,67334,24513,1976116.4,SHFE official,https://www.shfe.com.cn/data/tradedata/future/dailydata/kx20251120.dat
2025-11-20,SN2601,SN,294610,296500,291700,292530,293920,293030,47145,39159,1385702.589,SHFE official,https://www.shfe.com.cn/data/tradedata/future/dailydata/kx20251120.dat
2025-11-20,SN2602,SN,295200,296630,292010,292840,294020,293450,8204,11389,241219.656,SHFE official,https://www.shfe.com.cn/data/tradedata/future/dailydata/kx20251120.dat
2025-11-20,SN2603,SN,295310,296630,292050,292940,293840,293480,1288,3748,37847.351,SHFE official,https://www.shfe.com.cn/data/tradedata/future/dailydata/kx20251120.dat
2025-11-20,SN2604,SN,295460,296630,292050,292850,293550,293630,361,2273,10597.224,SHFE official,https://www.shfe.com.cn/data/tradedata/future/dailydata/kx20251120.dat
2025-11-20,SN2605,SN,295280,296140,291990,292370,294220,293200,70,1242,2059.561,SHFE official,https://www.shfe.com.cn/data/tradedata/future/dailydata/kx20251120.dat
2025-11-20,SN2606,SN,295600,295600,291670,291800,293060,292750,18,451,527.51,SHFE official,https://www.shfe.com.cn/data/tradedata/future/dailydata/kx20251120.dat
2025-11-20,SN2607,SN,293920,294680,291540,291610,293020,292620,20,41,586.049,SHFE official,https://www.shfe.com.cn/data/tradedata/future/dailydata/kx20251120.dat
2025-11-20,SN2608,SN,295590,295590,291800,291900,293220,292150,18,53,527.798,SHFE official,https://www.shfe.com.cn/data/tradedata/future/dailydata/kx20251120.dat
2025-11-20,SN2609,SN,295930,295930,291750,291750,292900,292500,14,24,410.068,SHFE official,https://www.shfe.com.cn/data/tradedata/future/dailydata/kx20251120.dat
2025-11-20,SN2610,SN,,,,293120,293120,293260,0,20,0,SHFE official,https://www.shfe.com.cn/data/tradedata/future/dailydata/kx20251120.dat
2025-11-20,SN2611,SN,,,,292980,292980,292980,0,0,0,SHFE official,https://www.shfe.com.cn/data/tradedata/future/dailydata/kx20251120.dat
2025-11-21,SN2512,SN,293320,294470,289530,290740,292120,293470,56118,21582,1639335.672,SHFE official,https://www.shfe.com.cn/data/tradedata/future/dailydata/kx20251121.dat
2025-11-21,SN2601,SN,294440,294970,290030,291370,292570,293920,48083,36980,1406768.722,SHFE official,https://www.shfe.com.cn/data/tradedata/future/dailydata/kx20251121.dat
2025-11-21,SN2602,SN,294060,295160,290370,291760,292480,294020,10455,11914,305797.391,SHFE official,https://www.shfe.com.cn/data/tradedata/future/dailydata/kx20251121.dat
2025-11-21,SN2603,SN,294500,295080,290520,292020,292430,293840,2775,3964,81150.058,SHFE official,https://www.shfe.com.cn/data/tradedata/future/dailydata/kx20251121.dat
2025-11-21,SN2604,SN,295300,295300,290510,291950,292360,293550,823,2292,24061.981,SHFE official,https://www.shfe.com.cn/data/tradedata/future/dailydata/kx20251121.dat
2025-11-21,SN2605,SN,294070,294120,290600,291850,292070,294220,69,1248,2015.291,SHFE official,https://www.shfe.com.cn/data/tradedata/future/dailydata/kx20251121.dat
2025-11-21,SN2606,SN,293320,293720,290000,291200,291860,293060,32,451,933.957,SHFE official,https://www.shfe.com.cn/data/tradedata/future/dailydata/kx20251121.dat
2025-11-21,SN2607,SN,294090,294090,289860,290360,291900,293020,24,43,700.58,SHFE official,https://www.shfe.com.cn/data/tradedata/future/dailydata/kx20251121.dat
2025-11-21,SN2608,SN,293700,293900,293010,293580,293450,293220,9,54,264.109,SHFE official,https://www.shfe.com.cn/data/tradedata/future/dailydata/kx20251121.dat
2025-11-21,SN2609,SN,293760,293760,290940,291000,292410,292900,13,23,380.134,SHFE official,https://www.shfe.com.cn/data/tradedata/future/dailydata/kx20251121.dat
2025-11-21,SN2610,SN,,,,291800,291800,293120,0,20,0,SHFE official,https://www.shfe.com.cn/data/tradedata/future/dailydata/kx20251121.dat
2025-11-21,SN2611,SN,,,,292210,292210,292980,0,0,0,SHFE official,https://www.shfe.com.cn/data/tradedata/future/dailydata/kx20251121.dat
2025-11-24,SN2512,SN,291240,296340,290450,292860,293460,292120,69596,18347,2042406.126,SHFE official,https://www.shfe.com.cn/data/tradedata/future/dailydata/kx20251124.dat
2025-11-24,SN2601,SN,292190,296950,291070,293510,294230,292570,79841,42170,2349210.673,SHFE official,https://www.shfe.com.cn/data/tradedata/future/dailydata/kx20251124.dat
2025-11-24,SN2602,SN,291760,297280,291470,293930,295000,292480,13360,13498,394132.976,SHFE official,https://www.shfe.com.cn/data/tradedata/future/dailydata/kx20251124.dat
2025-11-24,SN2603,SN,292020,297260,291600,294220,294870,292430,4121,4407,121516.001,SHFE official,https://www.shfe.com.cn/data/tradedata/future/dailydata/kx20251124.dat
2025-11-24,SN2604,SN,292490,297240,291740,293870,295210,292360,1026,2454,30289.375,SHFE official,https://www.shfe.com.cn/data/tradedata/future/dailydata/kx20251124.dat
2025-11-24,SN2605,SN,292440,296940,291600,293890,295200,292070,300,1384,8856.219,SHFE official,https://www.shfe.com.cn/data/tradedata/future/dailydata/kx20251124.dat
2025-11-24,SN2606,SN,292510,296330,291000,293120,293950,291860,65,456,1910.727,SHFE official,https://www.shfe.com.cn/data/tradedata/future/dailydata/kx20251124.dat
2025-11-24,SN2607,SN,292760,296020,291180,292860,293740,291900,27,47,793.121,SHFE official,https://www.shfe.com.cn/data/tradedata/future/dailydata/kx20251124.dat
2025-11-24,SN2608,SN,292370,296360,290680,293170,292380,293450,20,57,584.762,SHFE official,https://www.shfe.com.cn/data/tradedata/future/dailydata/kx20251124.dat
2025-11-24,SN2609,SN,290910,296600,290830,295490,292670,292410,25,22,731.679,SHFE official,https://www.shfe.com.cn/data/tradedata/future/dailydata/kx20251124.dat
2025-11-24,SN2610,SN,292580,294630,292060,294630,292820,291800,9,17,263.539,SHFE official,https://www.shfe.com.cn/data/tradedata/future/dailydata/kx20251124.dat
2025-11-24,SN2611,SN,295800,295800,295800,295800,295800,292210,2,2,59.16,SHFE official,https://www.shfe.com.cn/data/tradedata/future/dailydata/kx20251124.dat
2025-11-25,SN2512,SN,294460,296130,293670,294640,294680,293460,27280,12356,803900.285,SHFE official,https://www.shfe.com.cn/data/tradedata/future/dailydata/kx20251125.dat
2025-11-25,SN2601,SN,295180,296760,294290,295290,295390,294230,77707,44785,2295462.405,SHFE official,https://www.shfe.com.cn/data/tradedata/future/dailydata/kx20251125.dat
2025-11-25,SN2602,SN,295200,297120,294720,295260,295930,295000,11914,15220,352574.112,SHFE official,https://www.shfe.com.cn/data/tradedata/future/dailydata/kx20251125.dat
2025-11-25,SN2603,SN,295170,297380,294930,295920,296020,294870,3449,4928,102099.859,SHFE official,https://www.shfe.com.cn/data/tradedata/future/dailydata/kx20251125.dat
2025-11-25,SN2604,SN,295240,297140,295050,295730,295870,295210,411,2430,12160.353,SHFE official,https://www.shfe.com.cn/data/tradedata/future/dailydata/kx20251125.dat
2025-11-25,SN2605,SN,295190,296540,294370,295630,295650,295200,67,1383,1980.865,SHFE official,https://www.shfe.com.cn/data/tradedata/future/dailydata/kx20251125.dat
2025-11-25,SN2606,SN,294910,296300,293980,294850,294860,293950,22,454,648.703,SHFE official,https://www.shfe.com.cn/data/tradedata/future/dailydata/kx20251125.dat
2025-11-25,SN2607,SN,294100,296180,294100,295040,294930,293740,14,48,412.91,SHFE official,https://www.shfe.com.cn/data/tradedata/future/dailydata/kx20251125.dat
2025-11-25,SN2608,SN,294480,296000,294090,295420,294880,292380,29,62,855.156,SHFE official,https://www.shfe.com.cn/data/tradedata/future/dailydata/kx20251125.dat
2025-11-25,SN2609,SN,294440,295710,294200,295710,294610,292670,13,23,382.994,SHFE official,https://www.shfe.com.cn/data/tradedata/future/dailydata/kx20251125.dat
2025-11-25,SN2610,SN,294900,294900,294900,294900,294900,292820,10,16,294.9,SHFE official,https://www.shfe.com.cn/data/tradedata/future/dailydata/kx20251125.dat
2025-11-25,SN2611,SN,,,,295480,295480,295800,0,2,0,SHFE official,https://www.shfe.com.cn/data/tradedata/future/dailydata/kx20251125.dat
2025-11-26,SN2512,SN,295060,296810,293170,295230,295360,294680,17725,9479,523527.061,SHFE official,https://www.shfe.com.cn/data/tradedata/future/dailydata/kx20251126.dat
2025-11-26,SN2601,SN,296060,297500,293770,295880,295960,295390,96629,44727,2859923.148,SHFE official,https://www.shfe.com.cn/data/tradedata/future/dailydata/kx20251126.dat
2025-11-26,SN2602,SN,296590,297990,294250,296360,296410,295930,15586,18176,461989.758,SHFE official,https://www.shfe.com.cn/data/tradedata/future/dailydata/kx20251126.dat
2025-11-26,SN2603,SN,296090,297910,294360,296480,296460,296020,3685,5397,109248.812,SHFE official,https://www.shfe.com.cn/data/tradedata/future/dailydata/kx20251126.dat
2025-11-26,SN2604,SN,296240,297900,294370,296510,296230,295870,370,2468,10960.649,SHFE official,https://www.shfe.com.cn/data/tradedata/future/dailydata/kx20251126.dat
2025-11-26,SN2605,SN,296000,297660,293940,296200,295670,295650,172,1459,5085.654,SHFE official,https://www.shfe.com.cn/data/tradedata/future/dailydata/kx20251126.dat
2025-11-26,SN2606,SN,296000,296790,293980,295450,295510,294860,30,459,886.532,SHFE official,https://www.shfe.com.cn/data/tradedata/future/dailydata/kx20251126.dat
2025-11-26,SN2607,SN,295940,296720,293800,295300,295000,294930,28,50,826.007,SHFE official,https://www.shfe.com.cn/data/tradedata/future/dailydata/kx20251126.dat
2025-11-26,SN2608,SN,294920,295360,294020,295290,294560,294880,14,61,412.387,SHFE official,https://www.shfe.com.cn/data/tradedata/future/dailydata/kx20251126.dat
2025-11-26,SN2609,SN,294780,294780,293600,294300,294110,294610,12,22,352.932,SHFE official,https://www.shfe.com.cn/data/tradedata/future/dailydata/kx20251126.dat
2025-11-26,SN2610,SN,,,,295490,295490,294900,0,16,0,SHFE official,https://www.shfe.com.cn/data/tradedata/future/dailydata/kx20251126.dat
2025-11-26,SN2611,SN,,,,295480,295480,295480,0,2,0,SHFE official,https://www.shfe.com.cn/data/tradedata/future/dailydata/kx20251126.dat
2025-11-27,SN2512,SN,295890,304080,295510,301460,299860,295360,22063,7010,661586.909,SHFE official,https://www.shfe.com.cn/data/tradedata/future/dailydata/kx20251127.dat
2025-11-27,SN2601,SN,297000,304970,296240,302200,300440,295960,172496,54843,5182549.496,SHFE official,https://www.shfe.com.cn/data/tradedata/future/dailydata/kx20251127.dat
2025-11-27,SN2602,SN,296880,305310,296800,302560,301470,296410,27238,21523,821152.083,SHFE official,https://www.shfe.com.cn/data/tradedata/future/dailydata/kx20251127.dat
2025-11-27,SN2603,SN,297510,305370,296880,302650,301930,296460,6821,6643,205949.071,SHFE official,https://www.shfe.com.cn/data/tradedata/future/dailydata/kx20251127.dat
2025-11-27,SN2604,SN,297320,305280,296940,302280,301480,296230,1637,3042,49353.061,SHFE official,https://www.shfe.com.cn/data/tradedata/future/dailydata/kx20251127.dat
2025-11-27,SN2605,SN,297020,304780,296500,302020,300690,295670,752,1840,22612.396,SHFE official,https://www.shfe.com.cn/data/tradedata/future/dailydata/kx20251127.dat
2025-11-27,SN2606,SN,296380,303850,296220,301380,300820,295510,194,529,5836.099,SHFE official,https://www.shfe.com.cn/data/tradedata/future/dailydata/kx20251127.dat
2025-11-27,SN2607,SN,296350,303550,296350,301620,300030,295000,56,65,1680.203,SHFE official,https://www.shfe.com.cn/data/tradedata/future/dailydata/kx20251127.dat
2025-11-27,SN2608,SN,296300,303330,296300,300960,299910,294560,20,67,599.825,SHFE official,https://www.shfe.com.cn/data/tradedata/future/dailydata/kx20251127.dat
2025-11-27,SN2609,SN,296960,303660,296960,301240,299890,294110,18,24,539.809,SHFE official,https://www.shfe.com.cn/data/tradedata/future/dailydata/kx20251127.dat
2025-11-27,SN2610,SN,296400,303120,296400,303120,298810,295490,3,15,89.645,SHFE official,https://www.shfe.com.cn/data/tradedata/future/dailydata/kx20251127.dat
2025-11-27,SN2611,SN,296670,296930,296670,296930,296800,295480,2,3,59.36,SHFE official,https://www.shfe.com.cn/data/tradedata/future/dailydata/kx20251127.dat
2025-11-28,SN2512,SN,299850,305240,296840,304060,300050,299860,9786,3965,293630.356,SHFE official,https://www.shfe.com.cn/data/tradedata/future/dailydata/kx20251128.dat
2025-11-28,SN2601,SN,300990,306060,297500,305040,301500,300440,164904,56356,4971997.638,SHFE official,https://www.shfe.com.cn/data/tradedata/future/dailydata/kx20251128.dat
2025-11-28,SN2602,SN,301980,306550,298220,305340,302070,301470,32281,25542,975117.531,SHFE official,https://www.shfe.com.cn/data/tradedata/future/dailydata/kx20251128.dat
2025-11-28,SN2603,SN,301790,306600,298360,305320,302670,301930,6676,7413,202068.645,SHFE official,https://www.shfe.com.cn/data/tradedata/future/dailydata/kx20251128.dat
2025-11-28,SN2604,SN,299710,306350,298240,305490,302960,301480,1057,3399,32023.211,SHFE official,https://www.shfe.com.cn/data/tradedata/future/dailydata/kx20251128.dat
2025-11-28,SN2605,SN,300740,305960,298010,304870,302300,300690,639,2145,19317.249,SHFE official,https://www.shfe.com.cn/data/tradedata/future/dailydata/kx20251128.dat
2025-11-28,SN2606,SN,300660,305730,297060,304730,301710,300820,136,561,4103.359,SHFE official,https://www.shfe.com.cn/data/tradedata/future/dailydata/kx20251128.dat
2025-11-28,SN2607,SN,299680,305460,297790,303870,301360,300030,30,66,904.083,SHFE official,https://www.shfe.com.cn/data/tradedata/future/dailydata/kx20251128.dat
2025-11-28,SN2608,SN,299600,305050,297650,304630,301110,299910,36,72,1084.001,SHFE official,https://www.shfe.com.cn/data/tradedata/future/dailydata/kx20251128.dat
2025-11-28,SN2609,SN,298390,301910,297310,301370,299290,299890,20,23,598.586,SHFE official,https://www.shfe.com.cn/data/tradedata/future/dailydata/kx20251128.dat
2025-11-28,SN2610,SN,298890,299370,298840,299370,299110,298810,6,15,179.466,SHFE official,https://www.shfe.com.cn/data/tradedata/future/dailydata/kx20251128.dat
2025-11-28,SN2611,SN,,,,303820,303820,296800,0,3,0,SHFE official,https://www.shfe.com.cn/data/tradedata/future/dailydata/kx20251128.dat
2025-12-01,SN2512,SN,306010,312950,304150,305910,306500,300050,2815,3034,86282.011,SHFE official,https://www.shfe.com.cn/data/tradedata/future/dailydata/kx20251201.dat
2025-12-01,SN2601,SN,306500,313700,304860,306580,307730,301500,206252,52425,6347137.504,SHFE official,https://www.shfe.com.cn/data/tradedata/future/dailydata/kx20251201.dat
2025-12-01,SN2602,SN,306970,314280,305360,307140,308490,302070,41511,27361,1280595.511,SHFE official,https://www.shfe.com.cn/data/tradedata/future/dailydata/kx20251201.dat
2025-12-01,SN2603,SN,307000,314380,305430,307380,309120,302670,11477,8517,354779.463,SHFE official,https://www.shfe.com.cn/data/tradedata/future/dailydata/kx20251201.dat
2025-12-01,SN2604,SN,307000,314200,305550,306950,308740,302960,2135,3698,65917.695,SHFE official,https://www.shfe.com.cn/data/tradedata/future/dailydata/kx20251201.dat
2025-12-01,SN2605,SN,306850,313540,305090,306910,307580,302300,1047,2334,32204.101,SHFE official,https://www.shfe.com.cn/data/tradedata/future/dailydata/kx20251201.dat
2025-12-01,SN2606,SN,305130,313200,304500,306350,307180,301710,292,704,8969.693,SHFE official,https://www.shfe.com.cn/data/tradedata/future/dailydata/kx20251201.dat
2025-12-01,SN2607,SN,306000,312140,304830,306870,308090,301360,39,79,1201.57,SHFE official,https://www.shfe.com.cn/data/tradedata/future/dailydata/kx20251201.dat
2025-12-01,SN2608,SN,304580,312310,304580,306500,306780,301110,29,80,889.662,SHFE official,https://www.shfe.com.cn/data/tradedata/future/dailydata/kx20251201.dat
2025-12-01,SN2609,SN,307020,309290,304670,308670,306170,299290,17,25,520.498,SHFE official,https://www.shfe.com.cn/data/tradedata/future/dailydata/kx20251201.dat
2025-12-01,SN2610,SN,305390,308590,304720,308590,305790,299110,6,13,183.477,SHFE official,https://www.shfe.com.cn/data/tradedata/future/dailydata/kx20251201.dat
2025-12-01,SN2611,SN,305100,305100,305100,305100,305100,303820,3,5,91.53,SHFE official,https://www.shfe.com.cn/data/tradedata/future/dailydata/kx20251201.dat
2025-12-02,SN2512,SN,303810,307060,303040,306160,305230,306500,926,2912,28264.6,SHFE official,https://www.shfe.com.cn/data/tradedata/future/dailydata/kx20251202.dat
2025-12-02,SN2601,SN,305000,308100,303500,306980,305800,307730,134175,49218,4103191.481,SHFE official,https://www.shfe.com.cn/data/tradedata/future/dailydata/kx20251202.dat
2025-12-02,SN2602,SN,305500,308630,304130,307500,306400,308490,23408,27645,717239.75,SHFE official,https://www.shfe.com.cn/data/tradedata/future/dailydata/kx20251202.dat
2025-12-02,SN2603,SN,306370,308750,304220,307780,306640,309120,6984,8849,214157.93,SHFE official,https://www.shfe.com.cn/data/tradedata/future/dailydata/kx20251202.dat
2025-12-02,SN2604,SN,306380,308730,304130,307520,306660,308740,1255,3921,38486.614,SHFE official,https://www.shfe.com.cn/data/tradedata/future/dailydata/kx20251202.dat
2025-12-02,SN2605,SN,304970,308110,303640,307130,305950,307580,363,2316,11106.083,SHFE official,https://www.shfe.com.cn/data/tradedata/future/dailydata/kx20251202.dat
2025-12-02,SN2606,SN,305000,307650,303800,306540,305640,307180,157,702,4798.625,SHFE official,https://www.shfe.com.cn/data/tradedata/future/dailydata/kx20251202.dat
2025-12-02,SN2607,SN,305860,306480,303380,305010,305120,308090,24,80,732.308,SHFE official,https://www.shfe.com.cn/data/tradedata/future/dailydata/kx20251202.dat
2025-12-02,SN2608,SN,306300,306750,304000,305600,305450,306780,28,79,855.274,SHFE official,https://www.shfe.com.cn/data/tradedata/future/dailydata/kx20251202.dat
2025-12-02,SN2609,SN,305960,306470,303620,305240,305880,306170,24,24,734.119,SHFE official,https://www.shfe.com.cn/data/tradedata/future/dailydata/kx20251202.dat
2025-12-02,SN2610,SN,304670,304670,304670,304670,304670,305790,1,13,30.467,SHFE official,https://www.shfe.com.cn/data/tradedata/future/dailydata/kx20251202.dat
2025-12-02,SN2611,SN,305700,305700,305700,305700,305700,305100,1,6,30.57,SHFE official,https://www.shfe.com.cn/data/tradedata/future/dailydata/kx20251202.dat
2025-12-03,SN2512,SN,305520,313040,304500,311370,308730,305230,344,2874,10620.446,SHFE official,https://www.shfe.com.cn/data/tradedata/future/dailydata/kx20251203.dat
2025-12-03,SN2601,SN,305880,314120,304670,312370,309340,305800,206009,53055,6372791.539,SHFE official,https://www.shfe.com.cn/data/tradedata/future/dailydata/kx20251203.dat
2025-12-03,SN2602,SN,307440,314720,305230,312990,310400,306400,44791,31207,1390354.06,SHFE official,https://www.shfe.com.cn/data/tradedata/future/dailydata/kx20251203.dat
2025-12-03,SN2603,SN,307090,314820,305450,313060,310780,306640,9918,9123,308239.464,SHFE official,https://www.shfe.com.cn/data/tradedata/future/dailydata/kx20251203.dat
2025-12-03,SN2604,SN,306960,314400,305400,312940,310490,306660,2016,3884,62595.93,SHFE official,https://www.shfe.com.cn/data/tradedata/future/dailydata/kx20251203.dat
2025-12-03,SN2605,SN,306410,314000,305020,312750,310090,305950,728,2334,22575.112,SHFE official,https://www.shfe.com.cn/data/tradedata/future/dailydata/kx20251203.dat
2025-12-03,SN2606,SN,305290,313200,304360,311780,309440,305640,135,715,4177.449,SHFE official,https://www.shfe.com.cn/data/tradedata/future/dailydata/kx20251203.dat
2025-12-03,SN2607,SN,304510,312610,304420,310000,310350,305120,42,92,1303.506,SHFE official,https://www.shfe.com.cn/data/tradedata/future/dailydata/kx20251203.dat
2025-12-03,SN2608,SN,307270,313000,306040,310520,308430,305450,123,156,3793.691,SHFE official,https://www.shfe.com.cn/data/tradedata/future/dailydata/kx20251203.dat
2025-12-03,SN2609,SN,304350,312250,304350,312250,307750,305880,29,28,892.491,SHFE official,https://www.shfe.com.cn/data/tradedata/future/dailydata/kx20251203.dat
2025-12-03,SN2610,SN,304270,312570,304270,312570,307710,304670,20,12,615.439,SHFE official,https://www.shfe.com.cn/data/tradedata/future/dailydata/kx20251203.dat
2025-12-03,SN2611,SN,307510,312230,307510,312230,309870,305700,2,6,61.974,SHFE official,https://www.shfe.com.cn/data/tradedata/future/dailydata/kx20251203.dat
2025-12-04,SN2512,SN,313410,322590,313410,315520,318030,308730,770,2668,24488.742,SHFE official,https://www.shfe.com.cn/data/tradedata/future/dailydata/kx20251204.dat
2025-12-04,SN2601,SN,312930,323700,312930,316230,318380,309340,344967,52057,10983269.958,SHFE official,https://www.shfe.com.cn/data/tradedata/future/dailydata/kx20251204.dat
2025-12-04,SN2602,SN,313360,324360,313360,316970,319030,310400,79327,34418,2530780.231,SHFE official,https://www.shfe.com.cn/data/tradedata/future/dailydata/kx20251204.dat
2025-12-04,SN2603,SN,313890,324590,313890,317360,319330,310780,18985,10742,606251.271,SHFE official,https://www.shfe.com.cn/data/tradedata/future/dailydata/kx20251204.dat
2025-12-04,SN2604,SN,313800,324280,313800,317100,318940,310490,2894,4066,92302.296,SHFE official,https://www.shfe.com.cn/data/tradedata/future/dailydata/kx20251204.dat
2025-12-04,SN2605,SN,313400,324020,313400,316700,318820,310090,1787,2492,56973.821,SHFE official,https://www.shfe.com.cn/data/tradedata/future/dailydata/kx20251204.dat
2025-12-04,SN2606,SN,313200,323560,313200,316360,318160,309440,389,842,12376.618,SHFE official,https://www.shfe.com.cn/data/tradedata/future/dailydata/kx20251204.dat
2025-12-04,SN2607,SN,314080,321000,314080,316240,317500,310350,45,98,1428.788,SHFE official,https://www.shfe.com.cn/data/tradedata/future/dailydata/kx20251204.dat
2025-12-04,SN2608,SN,314000,322510,313780,314990,317500,308430,193,250,6127.93,SHFE official,https://www.shfe.com.cn/data/tradedata/future/dailydata/kx20251204.dat
2025-12-04,SN2609,SN,314410,322570,314290,315340,317640,307750,63,41,2001.136,SHFE official,https://www.shfe.com.cn/data/tradedata/future/dailydata/kx20251204.dat
2025-12-04,SN2610,SN,316810,319560,315560,315700,318360,307710,14,14,445.714,SHFE official,https://www.shfe.com.cn/data/tradedata/future/dailydata/kx20251204.dat
2025-12-04,SN2611,SN,318190,318190,315240,315800,316980,309870,7,9,221.892,SHFE official,https://www.shfe.com.cn/data/tradedata/future/dailydata/kx20251204.dat
2025-12-05,SN2512,SN,315360,320300,313250,316950,316590,318030,266,2542,8421.3,SHFE official,https://www.shfe.com.cn/data/tradedata/future/dailydata/kx20251205.dat
2025-12-05,SN2601,SN,315140,321200,313750,317500,318060,318380,291276,50788,9264442.799,SHFE official,https://www.shfe.com.cn/data/tradedata/future/dailydata/kx20251205.dat
2025-12-05,SN2602,SN,316230,321870,314330,318150,318550,319030,59975,35355,1910522.387,SHFE official,https://www.shfe.com.cn/data/tradedata/future/dailydata/kx20251205.dat
2025-12-05,SN2603,SN,316890,322090,315000,318740,319060,319330,13645,11308,435358.151,SHFE official,https://www.shfe.com.cn/data/tradedata/future/dailydata/kx20251205.dat
2025-12-05,SN2604,SN,315850,321880,314720,318440,318630,318940,2136,4114,68059.803,SHFE official,https://www.shfe.com.cn/data/tradedata/future/dailydata/kx20251205.dat
2025-12-05,SN2605,SN,315900,321480,314140,318030,317760,318820,1465,2901,46552.504,SHFE official,https://www.shfe.com.cn/data/tradedata/future/dailydata/kx20251205.dat
2025-12-05,SN2606,SN,315000,320680,315000,317450,317370,318160,321,973,10187.833,SHFE official,https://www.shfe.com.cn/data/tradedata/future/dailydata/kx20251205.dat
2025-12-05,SN2607,SN,317950,319460,314650,318220,317850,317500,43,97,1366.782,SHFE official,https://www.shfe.com.cn/data/tradedata/future/dailydata/kx20251205.dat
2025-12-05,SN2608,SN,315040,320230,314000,316630,316920,317500,53,255,1679.696,SHFE official,https://www.shfe.com.cn/data/tradedata/future/dailydata/kx20251205.dat
2025-12-05,SN2609,SN,316920,319800,315140,317620,316990,317640,29,41,919.273,SHFE official,https://www.shfe.com.cn/data/tradedata/future/dailydata/kx20251205.dat
2025-12-05,SN2610,SN,317430,320100,315540,316900,318780,318360,20,15,637.561,SHFE official,https://www.shfe.com.cn/data/tradedata/future/dailydata/kx20251205.dat
2025-12-05,SN2611,SN,315800,320180,315000,316940,317550,316980,11,11,349.309,SHFE official,https://www.shfe.com.cn/data/tradedata/future/dailydata/kx20251205.dat
2025-12-08,SN2512,SN,314500,319620,313500,318850,315540,316590,696,2334,21961.984,SHFE official,https://www.shfe.com.cn/data/tradedata/future/dailydata/kx20251208.dat
2025-12-08,SN2601,SN,316010,320660,313900,319200,316640,318060,227244,48471,7195637.183,SHFE official,https://www.shfe.com.cn/data/tradedata/future/dailydata/kx20251208.dat
2025-12-08,SN2602,SN,317000,321320,314530,319810,317280,318550,47690,34763,1513121.863,SHFE official,https://www.shfe.com.cn/data/tradedata/future/dailydata/kx20251208.dat
2025-12-08,SN2603,SN,317510,321660,314970,320140,317790,319060,9647,11230,306576.307,SHFE official,https://www.shfe.com.cn/data/tradedata/future/dailydata/kx20251208.dat
2025-12-08,SN2604,SN,317120,321500,315000,320190,317540,318630,1868,4138,59318.267,SHFE official,https://www.shfe.com.cn/data/tradedata/future/dailydata/kx20251208.dat
2025-12-08,SN2605,SN,316270,321150,314600,319920,317110,317760,1060,2919,33614.413,SHFE official,https://www.shfe.com.cn/data/tradedata/future/dailydata/kx20251208.dat
2025-12-08,SN2606,SN,315400,320100,314520,319190,317030,317370,146,1007,4628.779,SHFE official,https://www.shfe.com.cn/data/tradedata/future/dailydata/kx20251208.dat
2025-12-08,SN2607,SN,314610,319930,314090,318730,315780,317850,45,88,1421.016,SHFE official,https://www.shfe.com.cn/data/tradedata/future/dailydata/kx20251208.dat
2025-12-08,SN2608,SN,315240,319370,313850,318190,316060,316920,56,266,1769.973,SHFE official,https://www.shfe.com.cn/data/tradedata/future/dailydata/kx20251208.dat
2025-12-08,SN2609,SN,315440,319000,314050,318400,316780,316990,27,40,855.315,SHFE official,https://www.shfe.com.cn/data/tradedata/future/dailydata/kx20251208.dat
2025-12-08,SN2610,SN,314220,317030,314220,317030,315850,318780,10,15,315.854,SHFE official,https://www.shfe.com.cn/data/tradedata/future/dailydata/kx20251208.dat
2025-12-08,SN2611,SN,314660,316580,313690,313690,314960,317550,5,12,157.484,SHFE official,https://www.shfe.com.cn/data/tradedata/future/dailydata/kx20251208.dat
2025-12-09,SN2512,SN,318850,318850,311200,312120,315260,315540,412,2190,12988.904,SHFE official,https://www.shfe.com.cn/data/tradedata/future/dailydata/kx20251209.dat
2025-12-09,SN2601,SN,319000,319000,311000,312320,315610,316640,191926,43424,6057526.531,SHFE official,https://www.shfe.com.cn/data/tradedata/future/dailydata/kx20251209.dat
2025-12-09,SN2602,SN,319010,319780,311660,312910,316140,317280,42834,34716,1354174.601,SHFE official,https://www.shfe.com.cn/data/tradedata/future/dailydata/kx20251209.dat
2025-12-09,SN2603,SN,320100,320140,312000,313400,316330,317790,8054,10896,254778.772,SHFE official,https://www.shfe.com.cn/data/tradedata/future/dailydata/kx20251209.dat
2025-12-09,SN2604,SN,318990,319600,312000,313340,316470,317540,1415,4073,44781.601,SHFE official,https://www.shfe.com.cn/data/tradedata/future/dailydata/kx20251209.dat
2025-12-09,SN2605,SN,318900,319440,312000,313210,316080,317110,770,2924,24338.454,SHFE official,https://www.shfe.com.cn/data/tradedata/future/dailydata/kx20251209.dat
2025-12-09,SN2606,SN,318890,318890,311220,312760,315890,317030,197,989,6223.197,SHFE official,https://www.shfe.com.cn/data/tradedata/future/dailydata/kx20251209.dat
2025-12-09,SN2607,SN,317900,317900,312030,312150,315580,315780,29,86,915.189,SHFE official,https://www.shfe.com.cn/data/tradedata/future/dailydata/kx20251209.dat
2025-12-09,SN2608,SN,316920,317210,311000,311890,315800,316060,123,235,3884.399,SHFE official,https://www.shfe.com.cn/data/tradedata/future/dailydata/kx20251209.dat
2025-12-09,SN2609,SN,317140,317140,312270,312740,315000,316780,8,40,252.003,SHFE official,https://www.shfe.com.cn/data/tradedata/future/dailydata/kx20251209.dat
2025-12-09,SN2610,SN,312300,312870,312300,312870,312680,315850,3,16,93.804,SHFE official,https://www.shfe.com.cn/data/tradedata/future/dailydata/kx20251209.dat
2025-12-09,SN2611,SN,315010,315010,315010,315010,315010,314960,1,13,31.501,SHFE official,https://www.shfe.com.cn/data/tradedata/future/dailydata/kx20251209.dat
2025-12-10,SN2512,SN,313270,322500,313270,322500,316400,315260,160,2208,5062.4,SHFE official,https://www.shfe.com.cn/data/tradedata/future/dailydata/kx20251210.dat
2025-12-10,SN2601,SN,314820,324210,312350,322630,317360,315610,211108,47499,6699865.341,SHFE official,https://www.shfe.com.cn/data/tradedata/future/dailydata/kx20251210.dat
2025-12-10,SN2602,SN,315000,324790,313020,323400,318430,316140,54652,39277,1740327.26,SHFE official,https://www.shfe.com.cn/data/tradedata/future/dailydata/kx20251210.dat
2025-12-10,SN2603,SN,315460,325000,313510,323540,319200,316330,9813,11320,313236.888,SHFE official,https://www.shfe.com.cn/data/tradedata/future/dailydata/kx20251210.dat
2025-12-10,SN2604,SN,315520,325020,313550,323600,319290,316470,2070,4303,66093.85,SHFE official,https://www.shfe.com.cn/data/tradedata/future/dailydata/kx20251210.dat
2025-12-10,SN2605,SN,315500,324640,313360,323050,319500,316080,1050,2944,33548.457,SHFE official,https://www.shfe.com.cn/data/tradedata/future/dailydata/kx20251210.dat
2025-12-10,SN2606,SN,315430,324000,313170,322980,318680,315890,102,972,3250.596,SHFE official,https://www.shfe.com.cn/data/tradedata/future/dailydata/kx20251210.dat
2025-12-10,SN2607,SN,313470,323150,312620,323020,316650,315580,19,85,601.637,SHFE official,https://www.shfe.com.cn/data/tradedata/future/dailydata/kx20251210.dat
2025-12-10,SN2608,SN,314550,323370,312700,323370,316660,315800,45,233,1424.979,SHFE official,https://www.shfe.com.cn/data/tradedata/future/dailydata/kx20251210.dat
2025-12-10,SN2609,SN,312900,323680,312900,323280,318430,315000,36,46,1146.355,SHFE official,https://www.shfe.com.cn/data/tradedata/future/dailydata/kx20251210.dat
2025-12-10,SN2610,SN,316320,323510,316320,323510,319260,312680,12,14,383.123,SHFE official,https://www.shfe.com.cn/data/tradedata/future/dailydata/kx20251210.dat
2025-12-10,SN2611,SN,312720,320240,312360,318510,316460,315010,8,13,253.175,SHFE official,https://www.shfe.com.cn/data/tradedata/future/dailydata/kx20251210.dat
2025-12-11,SN2512,SN,322500,322500,315000,318710,319610,316400,212,2176,6775.762,SHFE official,https://www.shfe.com.cn/data/tradedata/future/dailydata/kx20251211.dat
2025-12-11,SN2601,SN,321570,323160,314700,320600,318540,317360,226914,42785,7228287.743,SHFE official,https://www.shfe.com.cn/data/tradedata/future/dailydata/kx20251211.dat
2025-12-11,SN2602,SN,322950,323990,315650,321310,319400,318430,66434,41778,2121943.919,SHFE official,https://www.shfe.com.cn/data/tradedata/future/dailydata/kx20251211.dat
2025-12-11,SN2603,SN,322610,324350,316110,321790,320030,319200,11842,11799,378984.811,SHFE official,https://www.shfe.com.cn/data/tradedata/future/dailydata/kx20251211.dat
2025-12-11,SN2604,SN,322750,324570,316240,321770,320060,319290,2675,4541,85618.245,SHFE official,https://www.shfe.com.cn/data/tradedata/future/dailydata/kx20251211.dat
2025-12-11,SN2605,SN,321480,324210,316000,321220,319810,319500,785,2901,25105.777,SHFE official,https://www.shfe.com.cn/data/tradedata/future/dailydata/kx20251211.dat
2025-12-11,SN2606,SN,321150,323200,315990,320800,319630,318680,185,1022,5913.213,SHFE official,https://www.shfe.com.cn/data/tradedata/future/dailydata/kx20251211.dat
2025-12-11,SN2607,SN,320030,320550,315000,320110,318770,316650,30,82,956.32,SHFE official,https://www.shfe.com.cn/data/tradedata/future/dailydata/kx20251211.dat
2025-12-11,SN2608,SN,319840,322820,314810,320000,318420,316660,88,239,2802.168,SHFE official,https://www.shfe.com.cn/data/tradedata/future/dailydata/kx20251211.dat
2025-12-11,SN2609,SN,320800,321900,315000,319810,318260,318430,31,51,986.614,SHFE official,https://www.shfe.com.cn/data/tradedata/future/dailydata/kx20251211.dat
2025-12-11,SN2610,SN,317730,321950,315990,318460,318530,319260,4,15,127.413,SHFE official,https://www.shfe.com.cn/data/tradedata/future/dailydata/kx20251211.dat
2025-12-11,SN2611,SN,322170,326220,315080,320140,320510,316460,35,26,1121.79,SHFE official,https://www.shfe.com.cn/data/tradedata/future/dailydata/kx20251211.dat
2025-12-12,SN2512,SN,322610,335710,322610,332720,330220,319610,360,1904,11888.1,SHFE official,https://www.shfe.com.cn/data/tradedata/future/dailydata/kx20251212.dat
2025-12-12,SN2601,SN,322340,338800,322050,333000,330380,318540,348523,48298,11514517.343,SHFE official,https://www.shfe.com.cn/data/tradedata/future/dailydata/kx20251212.dat
2025-12-12,SN2602,SN,322880,339600,322690,333720,331000,319400,104771,45272,3467987.238,SHFE official,https://www.shfe.com.cn/data/tradedata/future/dailydata/kx20251212.dat
2025-12-12,SN2603,SN,323210,339900,323160,334240,331920,320030,23522,13348,780755.271,SHFE official,https://www.shfe.com.cn/data/tradedata/future/dailydata/kx20251212.dat
2025-12-12,SN2604,SN,323380,340000,323380,334450,331190,320060,4663,5048,154436.498,SHFE official,https://www.shfe.com.cn/data/tradedata/future/dailydata/kx20251212.dat
2025-12-12,SN2605,SN,322830,339570,322830,334050,331970,319810,1952,3115,64801.866,SHFE official,https://www.shfe.com.cn/data/tradedata/future/dailydata/kx20251212.dat
2025-12-12,SN2606,SN,324200,338900,324200,333660,330870,319630,240,1066,7941.104,SHFE official,https://www.shfe.com.cn/data/tradedata/future/dailydata/kx20251212.dat
2025-12-12,SN2607,SN,323330,339630,323330,333930,331230,318770,30,87,993.719,SHFE official,https://www.shfe.com.cn/data/tradedata/future/dailydata/kx20251212.dat
2025-12-12,SN2608,SN,322240,336240,322240,333410,331020,318420,247,198,8176.32,SHFE official,https://www.shfe.com.cn/data/tradedata/future/dailydata/kx20251212.dat
2025-12-12,SN2609,SN,323030,336800,323030,333490,330720,318260,44,52,1455.192,SHFE official,https://www.shfe.com.cn/data/tradedata/future/dailydata/kx20251212.dat
2025-12-12,SN2610,SN,323000,337810,323000,337810,329560,318530,25,24,823.917,SHFE official,https://www.shfe.com.cn/data/tradedata/future/dailydata/kx20251212.dat
2025-12-12,SN2611,SN,323540,335770,323540,334150,329720,320510,19,21,626.485,SHFE official,https://www.shfe.com.cn/data/tradedata/future/dailydata/kx20251212.dat
2025-12-15,SN2512,SN,329530,337890,323500,324500,329590,330220,108,1902,3559.614,SHFE official,https://www.shfe.com.cn/data/tradedata/future/dailydata/kx20251215.dat
2025-12-15,SN2601,SN,330000,338800,324000,327390,331060,330380,382401,39770,12660064.444,SHFE official,https://www.shfe.com.cn/data/tradedata/future/dailydata/kx20251215.dat
2025-12-15,SN2602,SN,331110,339580,324660,328240,331080,331000,135572,43899,4488604.751,SHFE official,https://www.shfe.com.cn/data/tradedata/future/dailydata/kx20251215.dat
2025-12-15,SN2603,SN,332360,340000,325200,328490,330680,331920,31338,12422,1036287.131,SHFE official,https://www.shfe.com.cn/data/tradedata/future/dailydata/kx20251215.dat
2025-12-15,SN2604,SN,331500,340200,325650,328680,331810,331190,7290,5365,241894.889,SHFE official,https://www.shfe.com.cn/data/tradedata/future/dailydata/kx20251215.dat
2025-12-15,SN2605,SN,333550,339880,325320,328560,331240,331970,2907,3036,96291.864,SHFE official,https://www.shfe.com.cn/data/tradedata/future/dailydata/kx20251215.dat
2025-12-15,SN2606,SN,333000,339110,325000,328040,329170,330870,566,1199,18631.058,SHFE official,https://www.shfe.com.cn/data/tradedata/future/dailydata/kx20251215.dat
2025-12-15,SN2607,SN,335400,337810,324800,325600,330560,331230,38,87,1256.155,SHFE official,https://www.shfe.com.cn/data/tradedata/future/dailydata/kx20251215.dat
2025-12-15,SN2608,SN,330660,338420,324770,326600,329300,331020,229,226,7541.12,SHFE official,https://www.shfe.com.cn/data/tradedata/future/dailydata/kx20251215.dat
2025-12-15,SN2609,SN,335590,337800,324930,325300,329520,330720,63,77,2075.998,SHFE official,https://www.shfe.com.cn/data/tradedata/future/dailydata/kx20251215.dat
2025-12-15,SN2610,SN,335210,335210,325000,327590,327620,329560,12,26,393.145,SHFE official,https://www.shfe.com.cn/data/tradedata/future/dailydata/kx20251215.dat
2025-12-15,SN2611,SN,335430,337300,325000,325050,329420,329720,23,26,757.668,SHFE official,https://www.shfe.com.cn/data/tradedata/future/dailydata/kx20251215.dat
2025-12-16,SN2601,SN,328490,329580,317170,320620,323010,331060,222618,32285,7190789.716,SHFE official,https://www.shfe.com.cn/data/tradedata/future/dailydata/kx20251216.dat
2025-12-16,SN2602,SN,329580,330550,317810,321260,323410,331080,95974,40691,3103958.662,SHFE official,https://www.shfe.com.cn/data/tradedata/future/dailydata/kx20251216.dat
2025-12-16,SN2603,SN,328910,330720,318420,321750,323120,330680,17631,12899,569705.723,SHFE official,https://www.shfe.com.cn/data/tradedata/future/dailydata/kx20251216.dat
2025-12-16,SN2604,SN,328970,331050,318700,321870,323210,331810,5140,5930,166134.906,SHFE official,https://www.shfe.com.cn/data/tradedata/future/dailydata/kx20251216.dat
2025-12-16,SN2605,SN,329970,330740,318510,321910,323230,331240,1810,2870,58505.952,SHFE official,https://www.shfe.com.cn/data/tradedata/future/dailydata/kx20251216.dat
2025-12-16,SN2606,SN,328700,328700,318500,322000,322800,329170,430,1112,13880.702,SHFE official,https://www.shfe.com.cn/data/tradedata/future/dailydata/kx20251216.dat
2025-12-16,SN2607,SN,327530,327530,318510,320300,322710,330560,92,133,2969.015,SHFE official,https://www.shfe.com.cn/data/tradedata/future/dailydata/kx20251216.dat
2025-12-16,SN2608,SN,327850,327850,319290,322080,323210,329300,205,215,6625.9,SHFE official,https://www.shfe.com.cn/data/tradedata/future/dailydata/kx20251216.dat
2025-12-16,SN2609,SN,328990,328990,319750,321280,324610,329520,65,84,2110.012,SHFE official,https://www.shfe.com.cn/data/tradedata/future/dailydata/kx20251216.dat
2025-12-16,SN2610,SN,327780,327860,320000,321060,324750,327620,43,50,1396.459,SHFE official,https://www.shfe.com.cn/data/tradedata/future/dailydata/kx20251216.dat
2025-12-16,SN2611,SN,327510,327510,320010,322820,324690,329420,37,42,1201.376,SHFE official,https://www.shfe.com.cn/data/tradedata/future/dailydata/kx20251216.dat
2025-12-16,SN2612,SN,330970,330970,324320,324320,325830,329420,18,15,586.502,SHFE official,https://www.shfe.com.cn/data/tradedata/future/dailydata/kx20251216.dat
2025-12-17,SN2601,SN,323630,330130,321250,328600,325010,323010,166838,32130,5422434.888,SHFE official,https://www.shfe.com.cn/data/tradedata/future/dailydata/kx20251217.dat
2025-12-17,SN2602,SN,324200,330900,321880,329340,325930,323410,88252,43247,2876451.697,SHFE official,https://www.shfe.com.cn/data/tradedata/future/dailydata/kx20251217.dat
2025-12-17,SN2603,SN,324300,331330,322400,329680,326930,323120,15941,13887,521168.958,SHFE official,https://www.shfe.com.cn/data/tradedata/future/dailydata/kx20251217.dat
2025-12-17,SN2604,SN,324800,331520,322620,329960,327050,323210,3653,6682,119473.861,SHFE official,https://www.shfe.com.cn/data/tradedata/future/dailydata/kx20251217.dat
2025-12-17,SN2605,SN,324700,331420,322590,330090,326890,323230,1359,2942,44424.568,SHFE official,https://www.shfe.com.cn/data/tradedata/future/dailydata/kx20251217.dat
2025-12-17,SN2606,SN,323630,330780,323270,329860,327030,322800,115,1114,3760.861,SHFE official,https://www.shfe.com.cn/data/tradedata/future/dailydata/kx20251217.dat
2025-12-17,SN2607,SN,324130,330000,322440,330000,326220,322710,31,139,1011.299,SHFE official,https://www.shfe.com.cn/data/tradedata/future/dailydata/kx20251217.dat
2025-12-17,SN2608,SN,324130,331580,322860,329000,326200,323210,53,213,1728.868,SHFE official,https://www.shfe.com.cn/data/tradedata/future/dailydata/kx20251217.dat
2025-12-17,SN2609,SN,324220,331500,322610,329710,326440,324610,33,93,1077.265,SHFE official,https://www.shfe.com.cn/data/tradedata/future/dailydata/kx20251217.dat
2025-12-17,SN2610,SN,324460,331000,323120,331000,327150,324750,6,49,196.295,SHFE official,https://www.shfe.com.cn/data/tradedata/future/dailydata/kx20251217.dat
2025-12-17,SN2611,SN,323460,330120,323460,328510,327270,324690,5,40,163.637,SHFE official,https://www.shfe.com.cn/data/tradedata/future/dailydata/kx20251217.dat
2025-12-17,SN2612,SN,328740,332280,328740,332280,329950,325830,5,17,164.978,SHFE official,https://www.shfe.com.cn/data/tradedata/future/dailydata/kx20251217.dat
2025-12-18,SN2601,SN,331000,339000,329730,334380,335000,325010,243529,33908,8158417.579,SHFE official,https://www.shfe.com.cn/data/tradedata/future/dailydata/kx20251218.dat
2025-12-18,SN2602,SN,332180,339860,330610,335360,335840,325930,147436,49488,4951551.092,SHFE official,https://www.shfe.com.cn/data/tradedata/future/dailydata/kx20251218.dat
2025-12-18,SN2603,SN,332000,340210,331060,335760,336120,326930,28146,14588,946063.016,SHFE official,https://www.shfe.com.cn/data/tradedata/future/dailydata/kx20251218.dat
2025-12-18,SN2604,SN,332000,340300,331400,335930,336730,327050,6869,7302,231300.118,SHFE official,https://www.shfe.com.cn/data/tradedata/future/dailydata/kx20251218.dat
2025-12-18,SN2605,SN,331690,340000,330410,335730,336370,326890,3185,3088,107135.44,SHFE official,https://www.shfe.com.cn/data/tradedata/future/dailydata/kx20251218.dat
2025-12-18,SN2606,SN,332000,339530,332000,335300,336370,327030,414,1171,13925.873,SHFE official,https://www.shfe.com.cn/data/tradedata/future/dailydata/kx20251218.dat
2025-12-18,SN2607,SN,332000,339260,331150,335070,336360,326220,78,160,2623.659,SHFE official,https://www.shfe.com.cn/data/tradedata/future/dailydata/kx20251218.dat
2025-12-18,SN2608,SN,332000,339470,331310,336380,335900,326200,87,197,2922.388,SHFE official,https://www.shfe.com.cn/data/tradedata/future/dailydata/kx20251218.dat
2025-12-18,SN2609,SN,332000,339600,332000,338000,336140,326440,76,99,2554.684,SHFE official,https://www.shfe.com.cn/data/tradedata/future/dailydata/kx20251218.dat
2025-12-18,SN2610,SN,334220,338770,334220,336910,336640,327150,31,39,1043.597,SHFE official,https://www.shfe.com.cn/data/tradedata/future/dailydata/kx20251218.dat
2025-12-18,SN2611,SN,335000,340000,334000,336800,336410,327270,20,44,672.825,SHFE official,https://www.shfe.com.cn/data/tradedata/future/dailydata/kx20251218.dat
2025-12-18,SN2612,SN,332280,338150,332280,337480,336740,329950,17,21,572.458,SHFE official,https://www.shfe.com.cn/data/tradedata/future/dailydata/kx20251218.dat
2025-12-19,SN2601,SN,337000,343740,334680,343040,338840,335000,240305,33801,8142564.013,SHFE official,https://www.shfe.com.cn/data/tradedata/future/dailydata/kx20251219.dat
2025-12-19,SN2602,SN,338000,344590,335400,343970,339820,335840,184902,56604,6283459.553,SHFE official,https://www.shfe.com.cn/data/tradedata/future/dailydata/kx20251219.dat
2025-12-19,SN2603,SN,338460,344900,335810,344330,340290,336120,25642,16109,872595.432,SHFE official,https://www.shfe.com.cn/data/tradedata/future/dailydata/kx20251219.dat
2025-12-19,SN2604,SN,338110,344880,336110,344270,340560,336730,5550,7725,189016.003,SHFE official,https://www.shfe.com.cn/data/tradedata/future/dailydata/kx20251219.dat
2025-12-19,SN2605,SN,338330,344630,335750,343900,340720,336370,3881,3754,132235.312,SHFE official,https://www.shfe.com.cn/data/tradedata/future/dailydata/kx20251219.dat
2025-12-19,SN2606,SN,337750,344000,335500,343220,339710,336370,328,1224,11142.782,SHFE official,https://www.shfe.com.cn/data/tradedata/future/dailydata/kx20251219.dat
2025-12-19,SN2607,SN,337310,343000,336210,343000,339520,336360,58,155,1969.265,SHFE official,https://www.shfe.com.cn/data/tradedata/future/dailydata/kx20251219.dat
2025-12-19,SN2608,SN,338970,343650,336340,343310,339390,335900,76,192,2579.424,SHFE official,https://www.shfe.com.cn/data/tradedata/future/dailydata/kx20251219.dat
2025-12-19,SN2609,SN,337220,343000,336500,342510,339360,336140,92,97,3122.148,SHFE official,https://www.shfe.com.cn/data/tradedata/future/dailydata/kx20251219.dat
2025-12-19,SN2610,SN,337810,340250,337540,338220,339030,336640,31,22,1051.013,SHFE official,https://www.shfe.com.cn/data/tradedata/future/dailydata/kx20251219.dat
2025-12-19,SN2611,SN,339320,343000,337000,343000,339410,336410,35,42,1187.943,SHFE official,https://www.shfe.com.cn/data/tradedata/future/dailydata/kx20251219.dat
2025-12-19,SN2612,SN,339000,342200,336570,342200,339430,336740,24,16,814.641,SHFE official,https://www.shfe.com.cn/data/tradedata/future/dailydata/kx20251219.dat
2025-12-22,SN2601,SN,344880,347500,335620,340440,342040,338840,239865,29247,8204496.601,SHFE official,https://www.shfe.com.cn/data/tradedata/future/dailydata/kx20251222.dat
2025-12-22,SN2602,SN,345600,348460,336500,341260,342860,339820,245140,56499,8405087.838,SHFE official,https://www.shfe.com.cn/data/tradedata/future/dailydata/kx20251222.dat
2025-12-22,SN2603,SN,345400,348760,336810,341430,343140,340290,40537,16391,1390994.27,SHFE official,https://www.shfe.com.cn/data/tradedata/future/dailydata/kx20251222.dat
2025-12-22,SN2604,SN,345000,348760,336800,341600,342720,340560,11626,7984,398452.703,SHFE official,https://www.shfe.com.cn/data/tradedata/future/dailydata/kx20251222.dat
2025-12-22,SN2605,SN,346080,348300,336880,341840,343080,340720,5427,4125,186194.821,SHFE official,https://www.shfe.com.cn/data/tradedata/future/dailydata/kx20251222.dat
2025-12-22,SN2606,SN,346020,348110,336520,341240,342070,339710,870,1642,29760.69,SHFE official,https://www.shfe.com.cn/data/tradedata/future/dailydata/kx20251222.dat
2025-12-22,SN2607,SN,347340,347340,337000,340280,339740,339520,54,158,1834.647,SHFE official,https://www.shfe.com.cn/data/tradedata/future/dailydata/kx20251222.dat
2025-12-22,SN2608,SN,344790,347330,337210,340390,340670,339390,60,180,2044.057,SHFE official,https://www.shfe.com.cn/data/tradedata/future/dailydata/kx20251222.dat
2025-12-22,SN2609,SN,346000,346580,338000,340630,341220,339360,65,105,2217.937,SHFE official,https://www.shfe.com.cn/data/tradedata/future/dailydata/kx20251222.dat
2025-12-22,SN2610,SN,345940,346200,336720,341030,341330,339030,47,51,1604.261,SHFE official,https://www.shfe.com.cn/data/tradedata/future/dailydata/kx20251222.dat
2025-12-22,SN2611,SN,346000,346000,337000,337000,341750,339410,23,42,786.03,SHFE official,https://www.shfe.com.cn/data/tradedata/future/dailydata/kx20251222.dat
2025-12-22,SN2612,SN,345360,345520,337060,340500,341020,339430,35,19,1193.575,SHFE official,https://www.shfe.com.cn/data/tradedata/future/dailydata/kx20251222.dat
2025-12-23,SN2601,SN,338890,343800,337020,343710,340710,342040,90345,21260,3078199.761,SHFE official,https://www.shfe.com.cn/data/tradedata/future/dailydata/kx20251223.dat
2025-12-23,SN2602,SN,339650,344750,339030,344750,341680,342860,228643,61161,7812457.091,SHFE official,https://www.shfe.com.cn/data/tradedata/future/dailydata/kx20251223.dat
2025-12-23,SN2603,SN,340000,344970,339040,344950,342110,343140,23934,18426,818814.497,SHFE official,https://www.shfe.com.cn/data/tradedata/future/dailydata/kx20251223.dat
2025-12-23,SN2604,SN,339600,345150,339580,344480,342250,342720,3814,8346,130537.724,SHFE official,https://www.shfe.com.cn/data/tradedata/future/dailydata/kx20251223.dat
2025-12-23,SN2605,SN,339780,344680,339640,344680,342240,343080,2293,4333,78475.862,SHFE official,https://www.shfe.com.cn/data/tradedata/future/dailydata/kx20251223.dat
2025-12-23,SN2606,SN,338970,344140,338820,343780,342040,342070,354,1676,12108.485,SHFE official,https://www.shfe.com.cn/data/tradedata/future/dailydata/kx20251223.dat
2025-12-23,SN2607,SN,340490,343700,339500,341000,341430,339740,28,159,956.018,SHFE official,https://www.shfe.com.cn/data/tradedata/future/dailydata/kx20251223.dat
2025-12-23,SN2608,SN,340950,343960,340000,343480,341990,340670,38,170,1299.589,SHFE official,https://www.shfe.com.cn/data/tradedata/future/dailydata/kx20251223.dat
2025-12-23,SN2609,SN,341420,344090,340200,342710,341660,341220,60,81,2049.978,SHFE official,https://www.shfe.com.cn/data/tradedata/future/dailydata/kx20251223.dat
2025-12-23,SN2610,SN,341820,344350,339810,344350,343030,341330,25,47,857.579,SHFE official,https://www.shfe.com.cn/data/tradedata/future/dailydata/kx20251223.dat
2025-12-23,SN2611,SN,341530,344430,339360,342340,341810,341750,14,37,478.539,SHFE official,https://www.shfe.com.cn/data/tradedata/future/dailydata/kx20251223.dat
2025-12-23,SN2612,SN,342500,344610,340130,344610,342600,341020,13,20,445.385,SHFE official,https://www.shfe.com.cn/data/tradedata/future/dailydata/kx20251223.dat
2025-12-24,SN2601,SN,344270,348230,333320,340790,339160,340710,79849,16174,2708221.103,SHFE official,https://www.shfe.com.cn/data/tradedata/future/dailydata/kx20251224.dat
2025-12-24,SN2602,SN,346000,349200,334000,341800,339880,341680,368780,56040,12534129.555,SHFE official,https://www.shfe.com.cn/data/tradedata/future/dailydata/kx20251224.dat
2025-12-24,SN2603,SN,346310,349450,334600,342050,340390,342110,40519,21286,1379234.968,SHFE official,https://www.shfe.com.cn/data/tradedata/future/dailydata/kx20251224.dat
2025-12-24,SN2604,SN,345350,349460,334720,342450,341250,342250,9238,8399,315250.738,SHFE official,https://www.shfe.com.cn/data/tradedata/future/dailydata/kx20251224.dat
2025-12-24,SN2605,SN,346610,349040,335000,342450,340780,342240,5157,4244,175741.351,SHFE official,https://www.shfe.com.cn/data/tradedata/future/dailydata/kx20251224.dat
2025-12-24,SN2606,SN,348200,348420,334820,342930,339800,342040,812,1733,27591.775,SHFE official,https://www.shfe.com.cn/data/tradedata/future/dailydata/kx20251224.dat
2025-12-24,SN2607,SN,348210,348210,334880,342340,339740,341430,216,264,7338.467,SHFE official,https://www.shfe.com.cn/data/tradedata/future/dailydata/kx20251224.dat
2025-12-24,SN2608,SN,347880,348300,335840,343010,339920,341990,148,161,5030.849,SHFE official,https://www.shfe.com.cn/data/tradedata/future/dailydata/kx20251224.dat
2025-12-24,SN2609,SN,347720,349000,336500,343660,340120,341660,129,111,4387.634,SHFE official,https://www.shfe.com.cn/data/tradedata/future/dailydata/kx20251224.dat
2025-12-24,SN2610,SN,349160,349160,338690,342790,341080,343030,62,78,2114.709,SHFE official,https://www.shfe.com.cn/data/tradedata/future/dailydata/kx20251224.dat
2025-12-24,SN2611,SN,344440,345190,338120,344870,340980,341810,98,106,3341.687,SHFE official,https://www.shfe.com.cn/data/tradedata/future/dailydata/kx20251224.dat
2025-12-24,SN2612,SN,345320,346200,338000,343690,341730,342600,42,37,1435.27,SHFE official,https://www.shfe.com.cn/data/tradedata/future/dailydata/kx20251224.dat
2025-12-25,SN2601,SN,341060,341060,327500,335020,333130,339160,50203,12949,1672427.054,SHFE official,https://www.shfe.com.cn/data/tradedata/future/dailydata/kx20251225.dat
2025-12-25,SN2602,SN,340100,341200,328270,335880,333960,339880,298226,53244,9959718.093,SHFE official,https://www.shfe.com.cn/data/tradedata/future/dailydata/kx20251225.dat
2025-12-25,SN2603,SN,341750,341750,328990,336360,334650,340390,33940,21615,1135827.097,SHFE official,https://www.shfe.com.cn/data/tradedata/future/dailydata/kx20251225.dat
2025-12-25,SN2604,SN,342210,342210,329310,336540,335310,341250,8301,8946,278345.652,SHFE official,https://www.shfe.com.cn/data/tradedata/future/dailydata/kx20251225.dat
2025-12-25,SN2605,SN,343000,343000,329300,336800,334960,340780,3077,4090,103068.381,SHFE official,https://www.shfe.com.cn/data/tradedata/future/dailydata/kx20251225.dat
2025-12-25,SN2606,SN,339780,339780,329270,336400,334430,339800,355,1724,11872.422,SHFE official,https://www.shfe.com.cn/data/tradedata/future/dailydata/kx20251225.dat
2025-12-25,SN2607,SN,338550,338550,330090,336700,334670,339740,55,265,1840.734,SHFE official,https://www.shfe.com.cn/data/tradedata/future/dailydata/kx20251225.dat
2025-12-25,SN2608,SN,338620,338620,330260,337780,335430,339920,49,156,1643.629,SHFE official,https://www.shfe.com.cn/data/tradedata/future/dailydata/kx20251225.dat
2025-12-25,SN2609,SN,338600,339630,331710,338450,336240,340120,71,105,2387.325,SHFE official,https://www.shfe.com.cn/data/tradedata/future/dailydata/kx20251225.dat
2025-12-25,SN2610,SN,339360,339360,334500,339220,337970,341080,11,84,371.77,SHFE official,https://www.shfe.com.cn/data/tradedata/future/dailydata/kx20251225.dat
2025-12-25,SN2611,SN,339370,339950,332290,337680,336480,340980,20,112,672.977,SHFE official,https://www.shfe.com.cn/data/tradedata/future/dailydata/kx20251225.dat
2025-12-25,SN2612,SN,339260,339650,333000,339650,336290,341730,12,46,403.551,SHFE official,https://www.shfe.com.cn/data/tradedata/future/dailydata/kx20251225.dat
2025-12-25,SNefp,SN,,338660,338660,,,,32,,,SHFE official,https://www.shfe.com.cn/data/tradedata/future/dailydata/kx20251225.dat
2025-12-26,SN2601,SN,334830,343430,331830,337560,337050,333130,34482,9637,1162244.306,SHFE official,https://www.shfe.com.cn/data/tradedata/future/dailydata/kx20251226.dat
2025-12-26,SN2602,SN,338640,344470,332820,338550,337950,333960,369071,52276,12472764.059,SHFE official,https://www.shfe.com.cn/data/tradedata/future/dailydata/kx20251226.dat
2025-12-26,SN2603,SN,338000,344800,333500,338680,338540,334650,45919,23065,1554548.53,SHFE official,https://www.shfe.com.cn/data/tradedata/future/dailydata/kx20251226.dat
2025-12-26,SN2604,SN,338880,345000,334000,339110,339120,335310,10687,9106,362419.132,SHFE official,https://www.shfe.com.cn/data/tradedata/future/dailydata/kx20251226.dat
2025-12-26,SN2605,SN,338740,345000,334000,338910,338170,334960,5859,4988,198138.868,SHFE official,https://www.shfe.com.cn/data/tradedata/future/dailydata/kx20251226.dat
2025-12-26,SN2606,SN,338630,344500,334000,338460,339000,334430,1134,2042,38442.91,SHFE official,https://www.shfe.com.cn/data/tradedata/future/dailydata/kx20251226.dat
2025-12-26,SN2607,SN,339070,345000,334470,338030,339160,334670,586,434,19874.905,SHFE official,https://www.shfe.com.cn/data/tradedata/future/dailydata/kx20251226.dat
2025-12-26,SN2608,SN,339780,345130,335230,338010,339430,335430,479,286,16259.104,SHFE official,https://www.shfe.com.cn/data/tradedata/future/dailydata/kx20251226.dat
2025-12-26,SN2609,SN,340390,345660,336270,338750,340060,336240,337,263,11460.293,SHFE official,https://www.shfe.com.cn/data/tradedata/future/dailydata/kx20251226.dat
2025-12-26,SN2610,SN,344430,345000,338360,342000,341760,337970,44,70,1503.758,SHFE official,https://www.shfe.com.cn/data/tradedata/future/dailydata/kx20251226.dat
2025-12-26,SN2611,SN,345450,346940,337710,342260,342110,336480,50,111,1710.551,SHFE official,https://www.shfe.com.cn/data/tradedata/future/dailydata/kx20251226.dat
2025-12-26,SN2612,SN,343000,347670,337870,343520,340980,336290,101,90,3443.916,SHFE official,https://www.shfe.com.cn/data/tradedata/future/dailydata/kx20251226.dat
2025-12-29,SN2601,SN,336790,348810,330330,333770,340820,337050,19931,7695,679293.334,SHFE official,https://www.shfe.com.cn/data/tradedata/future/dailydata/kx20251229.dat
2025-12-29,SN2602,SN,339680,349980,330960,334590,342340,337950,453324,50161,15519125.995,SHFE official,https://www.shfe.com.cn/data/tradedata/future/dailydata/kx20251229.dat
2025-12-29,SN2603,SN,338600,350520,331410,335310,342710,338540,80376,26143,2754578.788,SHFE official,https://www.shfe.com.cn/data/tradedata/future/dailydata/kx20251229.dat
2025-12-29,SN2604,SN,339110,350240,332140,335720,341980,339120,16835,9911,575736.937,SHFE official,https://www.shfe.com.cn/data/tradedata/future/dailydata/kx20251229.dat
2025-12-29,SN2605,SN,339400,350000,331900,335090,342910,338170,5820,5317,199577.984,SHFE official,https://www.shfe.com.cn/data/tradedata/future/dailydata/kx20251229.dat
2025-12-29,SN2606,SN,338120,348800,331320,334780,342610,339000,2130,2706,72977.518,SHFE official,https://www.shfe.com.cn/data/tradedata/future/dailydata/kx20251229.dat
2025-12-29,SN2607,SN,338860,347800,333180,334310,342270,339160,814,649,27860.965,SHFE official,https://www.shfe.com.cn/data/tradedata/future/dailydata/kx20251229.dat
2025-12-29,SN2608,SN,340280,347800,331100,331980,342370,339430,577,624,19755.058,SHFE official,https://www.shfe.com.cn/data/tradedata/future/dailydata/kx20251229.dat
2025-12-29,SN2609,SN,340930,348750,330090,333340,343170,340060,111,270,3809.282,SHFE official,https://www.shfe.com.cn/data/tradedata/future/dailydata/kx20251229.dat
2025-12-29,SN2610,SN,339980,349650,331580,331580,344310,341760,81,74,2788.972,SHFE official,https://www.shfe.com.cn/data/tradedata/future/dailydata/kx20251229.dat
2025-12-29,SN2611,SN,341140,350310,334000,334000,343970,342110,83,117,2854.976,SHFE official,https://www.shfe.com.cn/data/tradedata/future/dailydata/kx20251229.dat
2025-12-29,SN2612,SN,343300,351000,335000,335000,344270,340980,58,98,1996.798,SHFE official,https://www.shfe.com.cn/data/tradedata/future/dailydata/kx20251229.dat
2025-12-30,SN2601,SN,333040,335690,316200,326090,324410,340820,14413,4865,467582.776,SHFE official,https://www.shfe.com.cn/data/tradedata/future/dailydata/kx20251230.dat
2025-12-30,SN2602,SN,334200,336740,316730,326330,324380,342340,441257,43769,14313522.766,SHFE official,https://www.shfe.com.cn/data/tradedata/future/dailydata/kx20251230.dat
2025-12-30,SN2603,SN,336590,337530,317240,327180,325500,342710,86592,26351,2818632.581,SHFE official,https://www.shfe.com.cn/data/tradedata/future/dailydata/kx20251230.dat
2025-12-30,SN2604,SN,336000,337820,317010,326960,324940,341980,23179,9371,753183.017,SHFE official,https://www.shfe.com.cn/data/tradedata/future/dailydata/kx20251230.dat
2025-12-30,SN2605,SN,335000,337140,316530,327500,324140,342910,9493,5207,307713.277,SHFE official,https://www.shfe.com.cn/data/tradedata/future/dailydata/kx20251230.dat
2025-12-30,SN2606,SN,334780,356800,316000,326940,324740,342610,1197,2685,38871.629,SHFE official,https://www.shfe.com.cn/data/tradedata/future/dailydata/kx20251230.dat
2025-12-30,SN2607,SN,334700,334700,315900,326730,324260,342270,450,634,14591.977,SHFE official,https://www.shfe.com.cn/data/tradedata/future/dailydata/kx20251230.dat
2025-12-30,SN2608,SN,333220,334600,318000,328010,325530,342370,402,621,13086.641,SHFE official,https://www.shfe.com.cn/data/tradedata/future/dailydata/kx20251230.dat
2025-12-30,SN2609,SN,333600,335030,317810,328910,325670,343170,136,279,4429.125,SHFE official,https://www.shfe.com.cn/data/tradedata/future/dailydata/kx20251230.dat
2025-12-30,SN2610,SN,335270,335270,318050,329530,326300,344310,169,165,5514.597,SHFE official,https://www.shfe.com.cn/data/tradedata/future/dailydata/kx20251230.dat
2025-12-30,SN2611,SN,336280,336290,320090,329680,328480,343970,104,155,3416.262,SHFE official,https://www.shfe.com.cn/data/tradedata/future/dailydata/kx20251230.dat
2025-12-30,SN2612,SN,335000,335000,321160,330550,327340,344270,47,113,1538.535,SHFE official,https://www.shfe.com.cn/data/tradedata/future/dailydata/kx20251230.dat
2025-12-31,SN2601,SN,326090,331360,318500,327680,326060,324410,5022,3910,163750.029,SHFE official,https://www.shfe.com.cn/data/tradedata/future/dailydata/kx20251231.dat
2025-12-31,SN2602,SN,327910,331950,319330,322920,326370,324380,297836,37928,9720577.471,SHFE official,https://www.shfe.com.cn/data/tradedata/future/dailydata/kx20251231.dat
2025-12-31,SN2603,SN,327580,332780,320050,323690,326800,325500,54953,24883,1795916.461,SHFE official,https://www.shfe.com.cn/data/tradedata/future/dailydata/kx20251231.dat
2025-12-31,SN2604,SN,328780,332980,320350,323760,326820,324940,17652,10411,576918.915,SHFE official,https://www.shfe.com.cn/data/tradedata/future/dailydata/kx20251231.dat
2025-12-31,SN2605,SN,329080,332970,320340,324110,326330,324140,7464,5729,243573.593,SHFE official,https://www.shfe.com.cn/data/tradedata/future/dailydata/kx20251231.dat
2025-12-31,SN2606,SN,329870,332640,319160,323050,325730,324740,1197,2784,38989.891,SHFE official,https://www.shfe.com.cn/data/tradedata/future/dailydata/kx20251231.dat
2025-12-31,SN2607,SN,328880,332100,318390,323010,324640,324260,372,727,12076.722,SHFE official,https://www.shfe.com.cn/data/tradedata/future/dailydata/kx20251231.dat
2025-12-31,SN2608,SN,329530,332730,318550,323470,324380,325530,290,726,9407.164,SHFE official,https://www.shfe.com.cn/data/tradedata/future/dailydata/kx20251231.dat
2025-12-31,SN2609,SN,331750,333070,319690,323230,326280,325670,115,280,3752.26,SHFE official,https://www.shfe.com.cn/data/tradedata/future/dailydata/kx20251231.dat
2025-12-31,SN2610,SN,333620,333680,320460,323720,327620,326300,52,159,1703.66,SHFE official,https://www.shfe.com.cn/data/tradedata/future/dailydata/kx20251231.dat
2025-12-31,SN2611,SN,332000,335000,321930,323840,329410,328480,40,155,1317.662,SHFE official,https://www.shfe.com.cn/data/tradedata/future/dailydata/kx20251231.dat
2025-12-31,SN2612,SN,330620,334650,324170,325960,330350,327340,43,96,1420.544,SHFE official,https://www.shfe.com.cn/data/tradedata/future/dailydata/kx20251231.dat
2026-01-05,SN2601,SN,326090,334760,325500,334030,331940,326060,1932,3366,64131.248,SHFE official,https://www.shfe.com.cn/data/tradedata/future/dailydata/kx20260105.dat
2026-01-05,SN2602,SN,326000,335260,326000,334370,332450,326370,148000,38437,4920323.99,SHFE official,https://www.shfe.com.cn/data/tradedata/future/dailydata/kx20260105.dat
2026-01-05,SN2603,SN,325900,335800,325900,335030,332760,326800,35429,26370,1178960.263,SHFE official,https://www.shfe.com.cn/data/tradedata/future/dailydata/kx20260105.dat
2026-01-05,SN2604,SN,323720,336120,323720,335190,333100,326820,9220,10296,307121.825,SHFE official,https://www.shfe.com.cn/data/tradedata/future/dailydata/kx20260105.dat
2026-01-05,SN2605,SN,326470,336120,326470,335340,333330,326330,5618,6330,187267.18,SHFE official,https://www.shfe.com.cn/data/tradedata/future/dailydata/kx20260105.dat
2026-01-05,SN2606,SN,327360,335710,327360,335710,332550,325730,430,2846,14299.913,SHFE official,https://www.shfe.com.cn/data/tradedata/future/dailydata/kx20260105.dat
2026-01-05,SN2607,SN,329370,334960,327800,334000,333030,324640,114,737,3796.613,SHFE official,https://www.shfe.com.cn/data/tradedata/future/dailydata/kx20260105.dat
2026-01-05,SN2608,SN,328250,334600,328250,334520,332780,324380,88,725,2928.513,SHFE official,https://www.shfe.com.cn/data/tradedata/future/dailydata/kx20260105.dat
2026-01-05,SN2609,SN,329220,335020,329220,334110,333920,326280,147,308,4908.742,SHFE official,https://www.shfe.com.cn/data/tradedata/future/dailydata/kx20260105.dat
2026-01-05,SN2610,SN,332460,335680,332460,334330,334750,327620,48,160,1606.809,SHFE official,https://www.shfe.com.cn/data/tradedata/future/dailydata/kx20260105.dat
2026-01-05,SN2611,SN,333000,337000,332080,336710,334880,329410,32,157,1071.621,SHFE official,https://www.shfe.com.cn/data/tradedata/future/dailydata/kx20260105.dat
2026-01-05,SN2612,SN,329110,337550,329110,335640,334820,330350,35,112,1171.894,SHFE official,https://www.shfe.com.cn/data/tradedata/future/dailydata/kx20260105.dat
2026-01-06,SN2601,SN,332520,349480,330390,348170,339000,331940,1180,3070,40002.626,SHFE official,https://www.shfe.com.cn/data/tradedata/future/dailydata/kx20260106.dat
2026-01-06,SN2602,SN,332990,350510,330550,348820,340870,332450,324985,41195,11077823.351,SHFE official,https://www.shfe.com.cn/data/tradedata/future/dailydata/kx20260106.dat
2026-01-06,SN2603,SN,333970,351010,331110,349410,341850,332760,74508,32333,2547104.807,SHFE official,https://www.shfe.com.cn/data/tradedata/future/dailydata/kx20260106.dat
2026-01-06,SN2604,SN,333180,351270,331350,349400,342540,333100,16205,11073,555101.78,SHFE official,https://www.shfe.com.cn/data/tradedata/future/dailydata/kx20260106.dat
2026-01-06,SN2605,SN,333830,351110,331400,349210,342840,333330,10022,7526,343601.026,SHFE official,https://www.shfe.com.cn/data/tradedata/future/dailydata/kx20260106.dat
2026-01-06,SN2606,SN,332980,350000,330800,347520,344810,332550,2922,3517,100754.427,SHFE official,https://www.shfe.com.cn/data/tradedata/future/dailydata/kx20260106.dat
2026-01-06,SN2607,SN,330560,348410,330560,346090,342470,333030,1233,971,42227.601,SHFE official,https://www.shfe.com.cn/data/tradedata/future/dailydata/kx20260106.dat
2026-01-06,SN2608,SN,331660,348220,330580,345210,341970,332780,821,902,28076.141,SHFE official,https://www.shfe.com.cn/data/tradedata/future/dailydata/kx20260106.dat
2026-01-06,SN2609,SN,330900,349130,330880,345150,340670,333920,530,284,18055.579,SHFE official,https://www.shfe.com.cn/data/tradedata/future/dailydata/kx20260106.dat
2026-01-06,SN2610,SN,331560,349680,331560,344070,341810,334750,279,110,9536.659,SHFE official,https://www.shfe.com.cn/data/tradedata/future/dailydata/kx20260106.dat
2026-01-06,SN2611,SN,332400,349740,330680,343790,341900,334880,193,115,6598.799,SHFE official,https://www.shfe.com.cn/data/tradedata/future/dailydata/kx20260106.dat
2026-01-06,SN2612,SN,334150,349010,333900,344170,341790,334820,120,103,4101.484,SHFE official,https://www.shfe.com.cn/data/tradedata/future/dailydata/kx20260106.dat
2026-01-07,SN2601,SN,348170,364450,346820,357800,354770,339000,640,2954,22705.732,SHFE official,https://www.shfe.com.cn/data/tradedata/future/dailydata/kx20260107.dat
2026-01-07,SN2602,SN,348300,364240,347050,359050,356150,340870,459909,43969,16379900.038,SHFE official,https://www.shfe.com.cn/data/tradedata/future/dailydata/kx20260107.dat
2026-01-07,SN2603,SN,349510,365000,347700,359600,356500,341850,107812,35508,3843572.091,SHFE official,https://www.shfe.com.cn/data/tradedata/future/dailydata/kx20260107.dat
2026-01-07,SN2604,SN,349370,365310,347750,359780,357460,342540,26911,11855,961966.67,SHFE official,https://www.shfe.com.cn/data/tradedata/future/dailydata/kx20260107.dat
2026-01-07,SN2605,SN,348400,364900,347450,359600,357110,342840,15152,7694,541103.174,SHFE official,https://www.shfe.com.cn/data/tradedata/future/dailydata/kx20260107.dat
2026-01-07,SN2606,SN,347740,363590,346630,358960,355780,344810,2575,3797,91614.185,SHFE official,https://www.shfe.com.cn/data/tradedata/future/dailydata/kx20260107.dat
2026-01-07,SN2607,SN,347310,361900,345370,356700,355100,342470,600,1018,21306.249,SHFE official,https://www.shfe.com.cn/data/tradedata/future/dailydata/kx20260107.dat
2026-01-07,SN2608,SN,346990,361350,344000,356690,352310,341970,664,925,23393.773,SHFE official,https://www.shfe.com.cn/data/tradedata/future/dailydata/kx20260107.dat
2026-01-07,SN2609,SN,348680,361490,344130,355470,350920,340670,287,386,10071.471,SHFE official,https://www.shfe.com.cn/data/tradedata/future/dailydata/kx20260107.dat
2026-01-07,SN2610,SN,347570,361650,344660,355980,352270,341810,57,106,2007.973,SHFE official,https://www.shfe.com.cn/data/tradedata/future/dailydata/kx20260107.dat
2026-01-07,SN2611,SN,347840,359060,343350,355000,352500,341900,61,113,2150.294,SHFE official,https://www.shfe.com.cn/data/tradedata/future/dailydata/kx20260107.dat
2026-01-07,SN2612,SN,348160,359900,343960,354050,352520,341790,79,113,2784.927,SHFE official,https://www.shfe.com.cn/data/tradedata/future/dailydata/kx20260107.dat
2026-01-08,SN2601,SN,357800,358470,343600,349290,350780,354770,766,2744,26870.382,SHFE official,https://www.shfe.com.cn/data/tradedata/future/dailydata/kx20260108.dat
2026-01-08,SN2602,SN,356000,359300,343590,349640,352830,356150,400445,38798,14129216.033,SHFE official,https://www.shfe.com.cn/data/tradedata/future/dailydata/kx20260108.dat
2026-01-08,SN2603,SN,356870,359900,344000,350310,353140,356500,106134,33707,3748065.683,SHFE official,https://www.shfe.com.cn/data/tradedata/future/dailydata/kx20260108.dat
2026-01-08,SN2604,SN,358420,360000,344380,350250,353050,357460,24213,11636,854853.016,SHFE official,https://www.shfe.com.cn/data/tradedata/future/dailydata/kx20260108.dat
2026-01-08,SN2605,SN,358750,359660,343970,350190,352690,357110,12573,7402,443440.111,SHFE official,https://www.shfe.com.cn/data/tradedata/future/dailydata/kx20260108.dat
2026-01-08,SN2606,SN,355170,358860,343640,349340,352320,355780,1747,3813,61551.143,SHFE official,https://www.shfe.com.cn/data/tradedata/future/dailydata/kx20260108.dat
2026-01-08,SN2607,SN,355530,357150,341990,347140,350100,355100,324,1080,11343.556,SHFE official,https://www.shfe.com.cn/data/tradedata/future/dailydata/kx20260108.dat
2026-01-08,SN2608,SN,354550,356160,340660,345900,350130,352310,251,925,8788.315,SHFE official,https://www.shfe.com.cn/data/tradedata/future/dailydata/kx20260108.dat
2026-01-08,SN2609,SN,353510,354390,340830,345880,348360,350920,139,377,4842.317,SHFE official,https://www.shfe.com.cn/data/tradedata/future/dailydata/kx20260108.dat
2026-01-08,SN2610,SN,351500,353970,341470,345000,349750,352270,25,102,874.383,SHFE official,https://www.shfe.com.cn/data/tradedata/future/dailydata/kx20260108.dat
2026-01-08,SN2611,SN,349530,354490,340050,345130,349940,352500,27,111,944.856,SHFE official,https://www.shfe.com.cn/data/tradedata/future/dailydata/kx20260108.dat
2026-01-08,SN2612,SN,356140,356210,340910,344370,348640,352520,86,117,2998.344,SHFE official,https://www.shfe.com.cn/data/tradedata/future/dailydata/kx20260108.dat
2026-01-08,SNefp,SN,,354770,354770,,,,30,,,SHFE official,https://www.shfe.com.cn/data/tradedata/future/dailydata/kx20260108.dat
2026-01-09,SN2601,SN,349290,352910,343100,352910,347890,350780,98,2704,3409.39,SHFE official,https://www.shfe.com.cn/data/tradedata/future/dailydata/kx20260109.dat
2026-01-09,SN2602,SN,352020,356350,342680,352540,349000,352830,253086,40737,8832859.475,SHFE official,https://www.shfe.com.cn/data/tradedata/future/dailydata/kx20260109.dat
2026-01-09,SN2603,SN,355270,356830,343040,353000,349660,353140,99952,35804,3495021.266,SHFE official,https://www.shfe.com.cn/data/tradedata/future/dailydata/kx20260109.dat
2026-01-09,SN2604,SN,351900,356780,343420,353100,349420,353050,15141,12064,529066.385,SHFE official,https://www.shfe.com.cn/data/tradedata/future/dailydata/kx20260109.dat
2026-01-09,SN2605,SN,352870,356690,343020,353000,349640,352690,9188,7681,321257.726,SHFE official,https://www.shfe.com.cn/data/tradedata/future/dailydata/kx20260109.dat
2026-01-09,SN2606,SN,352100,355300,342480,351970,348540,352320,769,3927,26803.223,SHFE official,https://www.shfe.com.cn/data/tradedata/future/dailydata/kx20260109.dat
2026-01-09,SN2607,SN,349280,354000,340660,350470,347700,350100,272,1144,9457.71,SHFE official,https://www.shfe.com.cn/data/tradedata/future/dailydata/kx20260109.dat
2026-01-09,SN2608,SN,345000,353000,340310,350380,347180,350130,142,928,4929.956,SHFE official,https://www.shfe.com.cn/data/tradedata/future/dailydata/kx20260109.dat
2026-01-09,SN2609,SN,344560,352760,340460,350460,344510,348360,115,384,3961.894,SHFE official,https://www.shfe.com.cn/data/tradedata/future/dailydata/kx20260109.dat
2026-01-09,SN2610,SN,348670,350550,340600,349410,345620,349750,15,99,518.439,SHFE official,https://www.shfe.com.cn/data/tradedata/future/dailydata/kx20260109.dat
2026-01-09,SN2611,SN,346460,349590,341000,349580,345250,349940,14,110,483.358,SHFE official,https://www.shfe.com.cn/data/tradedata/future/dailydata/kx20260109.dat
2026-01-09,SN2612,SN,347090,351800,340000,350740,347110,348640,23,113,798.355,SHFE official,https://www.shfe.com.cn/data/tradedata/future/dailydata/kx20260109.dat
2026-01-12,SN2601,SN,352910,374760,347880,372480,364050,347890,116,2730,4222.992,SHFE official,https://www.shfe.com.cn/data/tradedata/future/dailydata/kx20260112.dat
2026-01-12,SN2602,SN,354990,376920,354100,376920,364320,349000,282983,50635,10309857.569,SHFE official,https://www.shfe.com.cn/data/tradedata/future/dailydata/kx20260112.dat
2026-01-12,SN2603,SN,353400,377630,353400,377630,364950,349660,117232,43946,4278404.454,SHFE official,https://www.shfe.com.cn/data/tradedata/future/dailydata/kx20260112.dat
2026-01-12,SN2604,SN,354500,377370,354500,377370,364510,349420,21805,14483,794833.945,SHFE official,https://www.shfe.com.cn/data/tradedata/future/dailydata/kx20260112.dat
2026-01-12,SN2605,SN,354890,377610,354800,377610,366560,349640,13363,9817,489841.723,SHFE official,https://www.shfe.com.cn/data/tradedata/future/dailydata/kx20260112.dat
2026-01-12,SN2606,SN,354270,376420,354080,376420,365460,348540,1906,4361,69658.318,SHFE official,https://www.shfe.com.cn/data/tradedata/future/dailydata/kx20260112.dat
2026-01-12,SN2607,SN,354010,375510,352530,374950,367940,347700,603,1167,22186.84,SHFE official,https://www.shfe.com.cn/data/tradedata/future/dailydata/kx20260112.dat
2026-01-12,SN2608,SN,353390,374950,352130,374950,369450,347180,605,981,22351.817,SHFE official,https://www.shfe.com.cn/data/tradedata/future/dailydata/kx20260112.dat
2026-01-12,SN2609,SN,353020,372070,352000,372070,365210,344510,186,464,6792.99,SHFE official,https://www.shfe.com.cn/data/tradedata/future/dailydata/kx20260112.dat
2026-01-12,SN2610,SN,353140,373260,351060,373260,365400,345620,41,102,1498.169,SHFE official,https://www.shfe.com.cn/data/tradedata/future/dailydata/kx20260112.dat
2026-01-12,SN2611,SN,353790,372500,352430,372500,365130,345250,54,114,1971.728,SHFE official,https://www.shfe.com.cn/data/tradedata/future/dailydata/kx20260112.dat
2026-01-12,SN2612,SN,351350,374870,351350,374500,370420,347110,88,135,3259.781,SHFE official,https://www.shfe.com.cn/data/tradedata/future/dailydata/kx20260112.dat
2026-01-13,SN2601,SN,381900,392990,375830,380580,382350,364050,130,2698,4970.648,SHFE official,https://www.shfe.com.cn/data/tradedata/future/dailydata/kx20260113.dat
2026-01-13,SN2602,SN,381000,395000,375330,379330,382570,364320,470223,42853,17989632.309,SHFE official,https://www.shfe.com.cn/data/tradedata/future/dailydata/kx20260113.dat
2026-01-13,SN2603,SN,381000,395470,376000,380010,383050,364950,192763,47519,7383875.495,SHFE official,https://www.shfe.com.cn/data/tradedata/future/dailydata/kx20260113.dat
2026-01-13,SN2604,SN,382370,393860,375240,379360,382140,364510,40908,15551,1563263.805,SHFE official,https://www.shfe.com.cn/data/tradedata/future/dailydata/kx20260113.dat
2026-01-13,SN2605,SN,379120,392800,374700,378580,381710,366560,29920,10193,1142095.331,SHFE official,https://www.shfe.com.cn/data/tradedata/future/dailydata/kx20260113.dat
2026-01-13,SN2606,SN,379590,391000,374090,377750,381200,365460,3110,4678,118556.228,SHFE official,https://www.shfe.com.cn/data/tradedata/future/dailydata/kx20260113.dat
2026-01-13,SN2607,SN,379590,390000,372750,376310,380900,367940,573,1219,21825.66,SHFE official,https://www.shfe.com.cn/data/tradedata/future/dailydata/kx20260113.dat
2026-01-13,SN2608,SN,375200,390000,372190,376300,380290,369450,430,976,16352.896,SHFE official,https://www.shfe.com.cn/data/tradedata/future/dailydata/kx20260113.dat
2026-01-13,SN2609,SN,378990,389830,372350,375150,380030,365210,391,454,14859.383,SHFE official,https://www.shfe.com.cn/data/tradedata/future/dailydata/kx20260113.dat
2026-01-13,SN2610,SN,378810,386830,372000,377260,376840,365400,67,106,2524.857,SHFE official,https://www.shfe.com.cn/data/tradedata/future/dailydata/kx20260113.dat
2026-01-13,SN2611,SN,380810,383800,370520,377090,375740,365130,77,112,2893.222,SHFE official,https://www.shfe.com.cn/data/tradedata/future/dailydata/kx20260113.dat
2026-01-13,SN2612,SN,380000,388990,371430,375880,378460,370420,135,162,5109.247,SHFE official,https://www.shfe.com.cn/data/tradedata/future/dailydata/kx20260113.dat
2026-01-14,SN2601,SN,379680,409900,379680,409900,392390,382350,22,2698,863.278,SHFE official,https://www.shfe.com.cn/data/tradedata/future/dailydata/kx20260114.dat
2026-01-14,SN2602,SN,382390,413170,381900,413170,399820,382570,404698,42405,16180792.498,SHFE official,https://www.shfe.com.cn/data/tradedata/future/dailydata/kx20260114.dat
2026-01-14,SN2603,SN,381990,413690,381990,413690,400620,383050,187917,55548,7528364.316,SHFE official,https://www.shfe.com.cn/data/tradedata/future/dailydata/kx20260114.dat
2026-01-14,SN2604,SN,379840,412710,379840,412710,400350,382140,36782,18145,1472592.511,SHFE official,https://www.shfe.com.cn/data/tradedata/future/dailydata/kx20260114.dat
2026-01-14,SN2605,SN,380000,412240,380000,412240,399080,381710,27188,11793,1085019.444,SHFE official,https://www.shfe.com.cn/data/tradedata/future/dailydata/kx20260114.dat
2026-01-14,SN2606,SN,380100,411690,380100,411690,401050,381200,2902,4709,116386.251,SHFE official,https://www.shfe.com.cn/data/tradedata/future/dailydata/kx20260114.dat
2026-01-14,SN2607,SN,378830,411370,378830,411360,399320,380900,705,1312,28152.131,SHFE official,https://www.shfe.com.cn/data/tradedata/future/dailydata/kx20260114.dat
2026-01-14,SN2608,SN,379540,410710,379540,410710,402140,380290,369,981,14839.115,SHFE official,https://www.shfe.com.cn/data/tradedata/future/dailydata/kx20260114.dat
2026-01-14,SN2609,SN,382090,410430,382050,410430,399740,380030,335,508,13391.378,SHFE official,https://www.shfe.com.cn/data/tradedata/future/dailydata/kx20260114.dat
2026-01-14,SN2610,SN,387500,406980,387500,406980,397320,376840,66,116,2622.373,SHFE official,https://www.shfe.com.cn/data/tradedata/future/dailydata/kx20260114.dat
2026-01-14,SN2611,SN,383240,405790,382510,405790,393710,375740,91,118,3582.771,SHFE official,https://www.shfe.com.cn/data/tradedata/future/dailydata/kx20260114.dat
2026-01-14,SN2612,SN,383920,408730,382500,408730,396680,378460,168,185,6664.359,SHFE official,https://www.shfe.com.cn/data/tradedata/future/dailydata/kx20260114.dat
2026-01-15,SN2601,SN,421800,423780,421800,423780,423030,392390,16,2692,676.86,SHFE official,https://www.shfe.com.cn/data/tradedata/future/dailydata/kx20260115.dat
2026-01-15,SN2602,SN,420000,443380,420000,433000,433000,399820,592217,38481,25643353.551,SHFE official,https://www.shfe.com.cn/data/tradedata/future/dailydata/kx20260115.dat
2026-01-15,SN2603,SN,424520,444380,421330,433700,433570,400620,301805,52516,13085403.278,SHFE official,https://www.shfe.com.cn/data/tradedata/future/dailydata/kx20260115.dat
2026-01-15,SN2604,SN,423800,444190,421000,432880,433200,400350,61340,17977,2657257.186,SHFE official,https://www.shfe.com.cn/data/tradedata/future/dailydata/kx20260115.dat
2026-01-15,SN2605,SN,420240,442970,420000,432470,432970,399080,47408,12491,2052643.946,SHFE official,https://www.shfe.com.cn/data/tradedata/future/dailydata/kx20260115.dat
2026-01-15,SN2606,SN,415400,433130,415400,431800,429950,401050,7041,4613,302728.396,SHFE official,https://www.shfe.com.cn/data/tradedata/future/dailydata/kx20260115.dat
2026-01-15,SN2607,SN,418000,431260,418000,429940,428100,399320,1532,1174,65585.435,SHFE official,https://www.shfe.com.cn/data/tradedata/future/dailydata/kx20260115.dat
2026-01-15,SN2608,SN,423970,440870,419280,428800,430510,402140,891,998,38358.462,SHFE official,https://www.shfe.com.cn/data/tradedata/future/dailydata/kx20260115.dat
2026-01-15,SN2609,SN,423390,431710,418230,430000,428380,399740,744,476,31871.537,SHFE official,https://www.shfe.com.cn/data/tradedata/future/dailydata/kx20260115.dat
2026-01-15,SN2610,SN,418830,439920,417760,427020,428920,397320,276,165,11838.218,SHFE official,https://www.shfe.com.cn/data/tradedata/future/dailydata/kx20260115.dat
2026-01-15,SN2611,SN,417810,437010,417440,427910,427980,393710,299,125,12796.784,SHFE official,https://www.shfe.com.cn/data/tradedata/future/dailydata/kx20260115.dat
2026-01-15,SN2612,SN,415000,428410,415000,428320,425160,396680,407,186,17304.297,SHFE official,https://www.shfe.com.cn/data/tradedata/future/dailydata/kx20260115.dat
2026-01-16,SN2602,SN,433040,436440,397030,405240,414270,433000,429257,31288,17782994.527,SHFE official,https://www.shfe.com.cn/data/tradedata/future/dailydata/kx20260116.dat
2026-01-16,SN2603,SN,435990,436980,397040,405190,414500,433570,258042,47530,10695849.362,SHFE official,https://www.shfe.com.cn/data/tradedata/future/dailydata/kx20260116.dat
2026-01-16,SN2604,SN,433200,436110,397260,404740,414690,433200,50028,17873,2074648.235,SHFE official,https://www.shfe.com.cn/data/tradedata/future/dailydata/kx20260116.dat
2026-01-16,SN2605,SN,435010,435760,397000,404240,413960,432970,45159,11679,1869426.573,SHFE official,https://www.shfe.com.cn/data/tradedata/future/dailydata/kx20260116.dat
2026-01-16,SN2606,SN,431800,434280,396700,404010,412380,429950,4901,4399,202111.226,SHFE official,https://www.shfe.com.cn/data/tradedata/future/dailydata/kx20260116.dat
2026-01-16,SN2607,SN,432080,433180,396000,403210,412770,428100,1037,1057,42805.216,SHFE official,https://www.shfe.com.cn/data/tradedata/future/dailydata/kx20260116.dat
2026-01-16,SN2608,SN,432680,432710,397610,404750,412780,430510,910,902,37563.615,SHFE official,https://www.shfe.com.cn/data/tradedata/future/dailydata/kx20260116.dat
2026-01-16,SN2609,SN,430000,431520,398000,405010,411780,428380,636,423,26189.399,SHFE official,https://www.shfe.com.cn/data/tradedata/future/dailydata/kx20260116.dat
2026-01-16,SN2610,SN,431800,431800,399100,403700,410100,428920,142,152,5823.465,SHFE official,https://www.shfe.com.cn/data/tradedata/future/dailydata/kx20260116.dat
2026-01-16,SN2611,SN,428380,428380,400000,400000,411270,427980,141,127,5799.027,SHFE official,https://www.shfe.com.cn/data/tradedata/future/dailydata/kx20260116.dat
2026-01-16,SN2612,SN,428320,431040,396030,403600,414170,425160,265,174,10975.621,SHFE official,https://www.shfe.com.cn/data/tradedata/future/dailydata/kx20260116.dat
2026-01-16,SN2701,SN,422770,426790,395000,400000,413230,425160,26,11,1074.404,SHFE official,https://www.shfe.com.cn/data/tradedata/future/dailydata/kx20260116.dat
2026-01-19,SN2602,SN,393700,397910,377510,389500,387070,414270,294711,26378,11407393.542,SHFE official,https://www.shfe.com.cn/data/tradedata/future/dailydata/kx20260119.dat
2026-01-19,SN2603,SN,398000,398000,377530,390090,387070,414500,219578,42138,8499318.28,SHFE official,https://www.shfe.com.cn/data/tradedata/future/dailydata/kx20260119.dat
2026-01-19,SN2604,SN,393180,396960,376900,390240,387130,414690,42386,18890,1640896.223,SHFE official,https://www.shfe.com.cn/data/tradedata/future/dailydata/kx20260119.dat
2026-01-19,SN2605,SN,392800,396800,376580,390010,387260,413960,33953,13166,1314874.766,SHFE official,https://www.shfe.com.cn/data/tradedata/future/dailydata/kx20260119.dat
2026-01-19,SN2606,SN,396490,396490,376000,389210,386430,412380,3908,4573,151019.069,SHFE official,https://www.shfe.com.cn/data/tradedata/future/dailydata/kx20260119.dat
2026-01-19,SN2607,SN,400480,400480,376600,389090,385800,412770,690,1089,26620.274,SHFE official,https://www.shfe.com.cn/data/tradedata/future/dailydata/kx20260119.dat
2026-01-19,SN2608,SN,396300,396300,376510,388870,384670,412780,598,859,23003.54,SHFE official,https://www.shfe.com.cn/data/tradedata/future/dailydata/kx20260119.dat
2026-01-19,SN2609,SN,400000,400000,374250,389230,386570,411780,527,356,20372.564,SHFE official,https://www.shfe.com.cn/data/tradedata/future/dailydata/kx20260119.dat
2026-01-19,SN2610,SN,391410,393580,375160,387330,384500,410100,160,133,6152.024,SHFE official,https://www.shfe.com.cn/data/tradedata/future/dailydata/kx20260119.dat
2026-01-19,SN2611,SN,393000,394810,377870,391650,385040,411270,124,105,4774.579,SHFE official,https://www.shfe.com.cn/data/tradedata/future/dailydata/kx20260119.dat
2026-01-19,SN2612,SN,395000,395000,378310,389240,385550,414170,158,181,6091.787,SHFE official,https://www.shfe.com.cn/data/tradedata/future/dailydata/kx20260119.dat
2026-01-19,SN2701,SN,389250,411990,377340,390180,388480,413230,47,28,1825.86,SHFE official,https://www.shfe.com.cn/data/tradedata/future/dailydata/kx20260119.dat
2026-01-20,SN2602,SN,381840,404400,381100,399000,395520,387070,247636,23827,9794512.514,SHFE official,https://www.shfe.com.cn/data/tradedata/future/dailydata/kx20260120.dat
2026-01-20,SN2603,SN,383200,404900,381540,399430,396160,387070,202654,45673,8028382.854,SHFE official,https://www.shfe.com.cn/data/tradedata/future/dailydata/kx20260120.dat
2026-01-20,SN2604,SN,383490,404900,381240,399740,396310,387130,34026,20503,1348492.2,SHFE official,https://www.shfe.com.cn/data/tradedata/future/dailydata/kx20260120.dat
2026-01-20,SN2605,SN,383710,405030,382000,399860,396540,387260,24240,13996,961216.763,SHFE official,https://www.shfe.com.cn/data/tradedata/future/dailydata/kx20260120.dat
2026-01-20,SN2606,SN,381950,404730,380550,399000,395670,386430,2957,4808,116999.893,SHFE official,https://www.shfe.com.cn/data/tradedata/future/dailydata/kx20260120.dat
2026-01-20,SN2607,SN,383160,403390,383160,398430,395300,385800,391,1096,15456.419,SHFE official,https://www.shfe.com.cn/data/tradedata/future/dailydata/kx20260120.dat
2026-01-20,SN2608,SN,378430,402210,378430,397480,394010,384670,167,862,6580.033,SHFE official,https://www.shfe.com.cn/data/tradedata/future/dailydata/kx20260120.dat
2026-01-20,SN2609,SN,383820,403360,383810,399390,394710,386570,256,362,10104.729,SHFE official,https://www.shfe.com.cn/data/tradedata/future/dailydata/kx20260120.dat
2026-01-20,SN2610,SN,392000,402720,387590,398000,395330,384500,36,139,1423.194,SHFE official,https://www.shfe.com.cn/data/tradedata/future/dailydata/kx20260120.dat
2026-01-20,SN2611,SN,388730,403220,388730,394650,393810,385040,20,103,787.622,SHFE official,https://www.shfe.com.cn/data/tradedata/future/dailydata/kx20260120.dat
2026-01-20,SN2612,SN,386560,403760,386560,397080,395700,385550,71,182,2809.482,SHFE official,https://www.shfe.com.cn/data/tradedata/future/dailydata/kx20260120.dat
2026-01-20,SN2701,SN,383300,403340,383300,397970,394690,388480,34,40,1341.965,SHFE official,https://www.shfe.com.cn/data/tradedata/future/dailydata/kx20260120.dat
2026-01-21,SN2602,SN,408000,420970,388330,418420,402200,395520,281963,22979,11340610.886,SHFE official,https://www.shfe.com.cn/data/tradedata/future/dailydata/kx20260121.dat
2026-01-21,SN2603,SN,406170,421590,388870,419100,402680,396160,269364,49894,10846974.099,SHFE official,https://www.shfe.com.cn/data/tradedata/future/dailydata/kx20260121.dat
2026-01-21,SN2604,SN,406120,421490,389000,419050,402910,396310,33595,20921,1353596.657,SHFE official,https://www.shfe.com.cn/data/tradedata/future/dailydata/kx20260121.dat
2026-01-21,SN2605,SN,403510,421530,389200,419110,403830,396540,31332,14738,1265309.214,SHFE official,https://www.shfe.com.cn/data/tradedata/future/dailydata/kx20260121.dat
2026-01-21,SN2606,SN,404790,421000,388890,418460,403450,395670,2793,4765,112683.787,SHFE official,https://www.shfe.com.cn/data/tradedata/future/dailydata/kx20260121.dat
2026-01-21,SN2607,SN,407500,419750,389000,417330,403350,395300,616,1060,24846.924,SHFE official,https://www.shfe.com.cn/data/tradedata/future/dailydata/kx20260121.dat
2026-01-21,SN2608,SN,404620,418750,388000,416540,403970,394010,191,882,7715.831,SHFE official,https://www.shfe.com.cn/data/tradedata/future/dailydata/kx20260121.dat
2026-01-21,SN2609,SN,401920,418160,389000,415690,404290,394710,221,358,8934.826,SHFE official,https://www.shfe.com.cn/data/tradedata/future/dailydata/kx20260121.dat
2026-01-21,SN2610,SN,406530,416740,390000,415690,403440,395330,52,140,2097.898,SHFE official,https://www.shfe.com.cn/data/tradedata/future/dailydata/kx20260121.dat
2026-01-21,SN2611,SN,390190,417220,390000,415100,408760,393810,20,106,817.53,SHFE official,https://www.shfe.com.cn/data/tradedata/future/dailydata/kx20260121.dat
2026-01-21,SN2612,SN,402500,417000,390940,414630,402230,395700,82,196,3298.358,SHFE official,https://www.shfe.com.cn/data/tradedata/future/dailydata/kx20260121.dat
2026-01-21,SN2701,SN,399630,417430,389910,415010,403070,394690,34,38,1370.442,SHFE official,https://www.shfe.com.cn/data/tradedata/future/dailydata/kx20260121.dat
2026-01-22,SN2602,SN,417000,421460,396600,409010,409900,402200,275621,22314,11297884.529,SHFE official,https://www.shfe.com.cn/data/tradedata/future/dailydata/kx20260122.dat
2026-01-22,SN2603,SN,417400,422000,397200,409900,410260,402680,329467,49125,13517017.455,SHFE official,https://www.shfe.com.cn/data/tradedata/future/dailydata/kx20260122.dat
2026-01-22,SN2604,SN,418340,422110,397670,409990,410340,402910,44634,21747,1831530.956,SHFE official,https://www.shfe.com.cn/data/tradedata/future/dailydata/kx20260122.dat
2026-01-22,SN2605,SN,417200,422160,397580,410500,411080,403830,37016,15308,1521668.444,SHFE official,https://www.shfe.com.cn/data/tradedata/future/dailydata/kx20260122.dat
2026-01-22,SN2606,SN,417010,421350,397560,410180,410180,403450,3021,4846,123918.343,SHFE official,https://www.shfe.com.cn/data/tradedata/future/dailydata/kx20260122.dat
2026-01-22,SN2607,SN,414320,420000,396370,408570,410150,403350,495,1055,20302.896,SHFE official,https://www.shfe.com.cn/data/tradedata/future/dailydata/kx20260122.dat
2026-01-22,SN2608,SN,417240,419270,396700,408210,409910,403970,136,885,5574.843,SHFE official,https://www.shfe.com.cn/data/tradedata/future/dailydata/kx20260122.dat
2026-01-22,SN2609,SN,414120,418590,396830,408410,409340,404290,152,362,6222.068,SHFE official,https://www.shfe.com.cn/data/tradedata/future/dailydata/kx20260122.dat
2026-01-22,SN2610,SN,416660,418130,402810,407130,412850,403440,17,135,701.848,SHFE official,https://www.shfe.com.cn/data/tradedata/future/dailydata/kx20260122.dat
2026-01-22,SN2611,SN,418350,418390,395010,406930,406650,408760,52,108,2114.62,SHFE official,https://www.shfe.com.cn/data/tradedata/future/dailydata/kx20260122.dat
2026-01-22,SN2612,SN,413740,418590,395370,408290,406960,402230,85,196,3459.188,SHFE official,https://www.shfe.com.cn/data/tradedata/future/dailydata/kx20260122.dat
2026-01-22,SN2701,SN,418490,418490,397810,407220,407300,403070,48,39,1955.041,SHFE official,https://www.shfe.com.cn/data/tradedata/future/dailydata/kx20260122.dat
2026-01-23,SN2602,SN,407300,433800,401010,428740,418090,409900,149294,16202,6241841.762,SHFE official,https://www.shfe.com.cn/data/tradedata/future/dailydata/kx20260123.dat
2026-01-23,SN2603,SN,404000,434600,404000,429570,419610,410260,378618,56254,15887305.055,SHFE official,https://www.shfe.com.cn/data/tradedata/future/dailydata/kx20260123.dat
2026-01-23,SN2604,SN,406200,435000,404550,430090,420730,410340,38539,23030,1621464.249,SHFE official,https://www.shfe.com.cn/data/tradedata/future/dailydata/kx20260123.dat
2026-01-23,SN2605,SN,410000,434860,405000,430070,420820,411080,30996,15803,1304380.751,SHFE official,https://www.shfe.com.cn/data/tradedata/future/dailydata/kx20260123.dat
2026-01-23,SN2606,SN,408870,434490,404500,429870,423150,410180,4493,5273,190125.206,SHFE official,https://www.shfe.com.cn/data/tradedata/future/dailydata/kx20260123.dat
2026-01-23,SN2607,SN,406830,432580,404260,428640,420190,410150,382,1091,16051.407,SHFE official,https://www.shfe.com.cn/data/tradedata/future/dailydata/kx20260123.dat
2026-01-23,SN2608,SN,405000,431310,404340,428430,415670,409910,224,912,9311.082,SHFE official,https://www.shfe.com.cn/data/tradedata/future/dailydata/kx20260123.dat
2026-01-23,SN2609,SN,406400,431950,405990,428310,421570,409340,125,372,5269.716,SHFE official,https://www.shfe.com.cn/data/tradedata/future/dailydata/kx20260123.dat
2026-01-23,SN2610,SN,404710,432220,403920,426550,420460,412850,38,134,1597.757,SHFE official,https://www.shfe.com.cn/data/tradedata/future/dailydata/kx20260123.dat
2026-01-23,SN2611,SN,404090,430120,404090,428170,418740,406650,46,114,1926.214,SHFE official,https://www.shfe.com.cn/data/tradedata/future/dailydata/kx20260123.dat
2026-01-23,SN2612,SN,404140,432190,404140,427260,420310,406960,122,199,5127.858,SHFE official,https://www.shfe.com.cn/data/tradedata/future/dailydata/kx20260123.dat
2026-01-23,SN2701,SN,405570,427370,405570,427370,414920,407300,14,34,580.892,SHFE official,https://www.shfe.com.cn/data/tradedata/future/dailydata/kx20260123.dat
2026-01-26,SN2602,SN,433000,461380,421500,424960,441930,418090,146306,14153,6465721.375,SHFE official,https://www.shfe.com.cn/data/tradedata/future/dailydata/kx20260126.dat
2026-01-26,SN2603,SN,438850,462720,423020,425340,442600,419610,565176,55233,25014791.186,SHFE official,https://www.shfe.com.cn/data/tradedata/future/dailydata/kx20260126.dat
2026-01-26,SN2604,SN,435500,463050,423630,425330,442380,420730,76816,24196,3398255.357,SHFE official,https://www.shfe.com.cn/data/tradedata/future/dailydata/kx20260126.dat
2026-01-26,SN2605,SN,435110,463120,424000,425000,442320,420820,54031,16280,2389924.174,SHFE official,https://www.shfe.com.cn/data/tradedata/future/dailydata/kx20260126.dat
2026-01-26,SN2606,SN,437040,462750,424260,427720,440830,423150,8548,5714,376824.538,SHFE official,https://www.shfe.com.cn/data/tradedata/future/dailydata/kx20260126.dat
2026-01-26,SN2607,SN,435000,460660,423830,423830,438920,420190,1220,1158,53548.391,SHFE official,https://www.shfe.com.cn/data/tradedata/future/dailydata/kx20260126.dat
2026-01-26,SN2608,SN,435000,459160,423030,423780,441420,415670,536,983,23660.613,SHFE official,https://www.shfe.com.cn/data/tradedata/future/dailydata/kx20260126.dat
2026-01-26,SN2609,SN,435000,459000,423650,424920,439840,421570,498,476,21904.255,SHFE official,https://www.shfe.com.cn/data/tradedata/future/dailydata/kx20260126.dat
2026-01-26,SN2610,SN,435830,457450,426000,426000,441060,420460,88,138,3881.336,SHFE official,https://www.shfe.com.cn/data/tradedata/future/dailydata/kx20260126.dat
2026-01-26,SN2611,SN,434180,456270,425620,425800,439140,418740,64,103,2810.555,SHFE official,https://www.shfe.com.cn/data/tradedata/future/dailydata/kx20260126.dat
2026-01-26,SN2612,SN,434920,459270,424000,424910,441490,420310,138,226,6092.573,SHFE official,https://www.shfe.com.cn/data/tradedata/future/dailydata/kx20260126.dat
2026-01-26,SN2701,SN,433660,457030,424590,429000,440410,414920,60,50,2642.514,SHFE official,https://www.shfe.com.cn/data/tradedata/future/dailydata/kx20260126.dat
2026-01-27,SN2602,SN,436630,451570,421110,450220,433350,441930,49624,10395,2150499.349,SHFE official,https://www.shfe.com.cn/data/tradedata/future/dailydata/kx20260127.dat
2026-01-27,SN2603,SN,434790,452500,421800,451160,434650,442600,351975,55071,15298811.658,SHFE official,https://www.shfe.com.cn/data/tradedata/future/dailydata/kx20260127.dat
2026-01-27,SN2604,SN,436980,452990,422320,451810,435830,442380,43863,24829,1911711.825,SHFE official,https://www.shfe.com.cn/data/tradedata/future/dailydata/kx20260127.dat
2026-01-27,SN2605,SN,435880,453650,423000,452200,435670,442320,32405,17556,1411789.757,SHFE official,https://www.shfe.com.cn/data/tradedata/future/dailydata/kx20260127.dat
2026-01-27,SN2606,SN,438160,453000,423140,452240,435230,440830,6029,5988,262403.861,SHFE official,https://www.shfe.com.cn/data/tradedata/future/dailydata/kx20260127.dat
2026-01-27,SN2607,SN,435590,451670,423660,451000,432920,438920,1182,1139,51172.219,SHFE official,https://www.shfe.com.cn/data/tradedata/future/dailydata/kx20260127.dat
2026-01-27,SN2608,SN,430090,450520,422910,450080,434310,441420,404,969,17546.171,SHFE official,https://www.shfe.com.cn/data/tradedata/future/dailydata/kx20260127.dat
2026-01-27,SN2609,SN,431040,451040,422510,449820,433430,439840,494,418,21411.551,SHFE official,https://www.shfe.com.cn/data/tradedata/future/dailydata/kx20260127.dat
2026-01-27,SN2610,SN,430350,448920,423160,448920,435770,441060,59,132,2571.076,SHFE official,https://www.shfe.com.cn/data/tradedata/future/dailydata/kx20260127.dat
2026-01-27,SN2611,SN,434450,435700,428600,433510,431930,439140,39,105,1684.535,SHFE official,https://www.shfe.com.cn/data/tradedata/future/dailydata/kx20260127.dat
2026-01-27,SN2612,SN,433180,452130,429270,451550,437010,441490,113,231,4938.248,SHFE official,https://www.shfe.com.cn/data/tradedata/future/dailydata/kx20260127.dat
2026-01-27,SN2701,SN,434940,453060,425000,451650,433950,440410,39,58,1692.41,SHFE official,https://www.shfe.com.cn/data/tradedata/future/dailydata/kx20260127.dat
2026-01-28,SN2602,SN,445210,461000,429460,443080,444390,433350,47330,7799,2103324.239,SHFE official,https://www.shfe.com.cn/data/tradedata/future/dailydata/kx20260128.dat
2026-01-28,SN2603,SN,447000,462000,430700,443800,444870,434650,467621,52024,20803154.74,SHFE official,https://www.shfe.com.cn/data/tradedata/future/dailydata/kx20260128.dat
2026-01-28,SN2604,SN,448000,462490,431000,444290,445650,435830,63846,23906,2845315.47,SHFE official,https://www.shfe.com.cn/data/tradedata/future/dailydata/kx20260128.dat
2026-01-28,SN2605,SN,449030,462750,431500,444920,445750,435670,51656,17779,2302574.76,SHFE official,https://www.shfe.com.cn/data/tradedata/future/dailydata/kx20260128.dat
2026-01-28,SN2606,SN,448480,462020,432000,445130,447490,435230,7892,6130,353161.436,SHFE official,https://www.shfe.com.cn/data/tradedata/future/dailydata/kx20260128.dat
2026-01-28,SN2607,SN,446330,461110,431000,444380,443240,432920,963,1152,42684.49,SHFE official,https://www.shfe.com.cn/data/tradedata/future/dailydata/kx20260128.dat
2026-01-28,SN2608,SN,449780,461270,431000,441480,444380,434310,500,971,22219.03,SHFE official,https://www.shfe.com.cn/data/tradedata/future/dailydata/kx20260128.dat
2026-01-28,SN2609,SN,445890,460790,430360,444420,445460,433430,417,396,18575.907,SHFE official,https://www.shfe.com.cn/data/tradedata/future/dailydata/kx20260128.dat
2026-01-28,SN2610,SN,445410,459950,431000,440230,448520,435770,81,128,3633.014,SHFE official,https://www.shfe.com.cn/data/tradedata/future/dailydata/kx20260128.dat
2026-01-28,SN2611,SN,449870,461500,432000,443260,445340,431930,79,108,3518.213,SHFE official,https://www.shfe.com.cn/data/tradedata/future/dailydata/kx20260128.dat
2026-01-28,SN2612,SN,451680,461950,432650,442610,448090,437010,223,252,9992.455,SHFE official,https://www.shfe.com.cn/data/tradedata/future/dailydata/kx20260128.dat
2026-01-28,SN2701,SN,460620,460620,432000,444270,442050,433950,51,69,2254.493,SHFE official,https://www.shfe.com.cn/data/tradedata/future/dailydata/kx20260128.dat
2026-01-29,SN2602,SN,442730,453890,435700,445180,444670,444390,21451,5956,953875.543,SHFE official,https://www.shfe.com.cn/data/tradedata/future/dailydata/kx20260129.dat
2026-01-29,SN2603,SN,443800,454990,436420,446130,445810,444870,365707,48668,16303743.294,SHFE official,https://www.shfe.com.cn/data/tradedata/future/dailydata/kx20260129.dat
2026-01-29,SN2604,SN,446000,455340,437210,446740,446630,445650,56026,23735,2502323.554,SHFE official,https://www.shfe.com.cn/data/tradedata/future/dailydata/kx20260129.dat
2026-01-29,SN2605,SN,444960,455500,438000,447000,446780,445750,43084,18355,1924931.809,SHFE official,https://www.shfe.com.cn/data/tradedata/future/dailydata/kx20260129.dat
2026-01-29,SN2606,SN,445160,455860,438320,447750,447460,447490,6849,6846,306471.672,SHFE official,https://www.shfe.com.cn/data/tradedata/future/dailydata/kx20260129.dat
2026-01-29,SN2607,SN,449160,455770,437910,447820,448680,443240,1065,1344,47784.848,SHFE official,https://www.shfe.com.cn/data/tradedata/future/dailydata/kx20260129.dat
2026-01-29,SN2608,SN,446410,452900,439370,447560,445860,444380,188,975,8382.225,SHFE official,https://www.shfe.com.cn/data/tradedata/future/dailydata/kx20260129.dat
2026-01-29,SN2609,SN,448160,454340,436330,446990,446150,445460,226,407,10083.161,SHFE official,https://www.shfe.com.cn/data/tradedata/future/dailydata/kx20260129.dat
2026-01-29,SN2610,SN,447230,453660,438000,447760,448000,448520,108,168,4838.466,SHFE official,https://www.shfe.com.cn/data/tradedata/future/dailydata/kx20260129.dat
2026-01-29,SN2611,SN,449990,454400,441110,445830,448760,445340,35,116,1570.663,SHFE official,https://www.shfe.com.cn/data/tradedata/future/dailydata/kx20260129.dat
2026-01-29,SN2612,SN,442660,455960,438220,445930,447640,448090,68,252,3044.016,SHFE official,https://www.shfe.com.cn/data/tradedata/future/dailydata/kx20260129.dat
2026-01-29,SN2701,SN,442180,455400,440000,446160,446460,442050,34,78,1517.984,SHFE official,https://www.shfe.com.cn/data/tradedata/future/dailydata/kx20260129.dat
2026-01-30,SN2602,SN,448190,468800,398340,408000,442730,444670,17448,4499,772477.257,SHFE official,https://www.shfe.com.cn/data/tradedata/future/dailydata/kx20260130.dat
2026-01-30,SN2603,SN,449880,469950,400000,409000,441180,445810,468870,40079,20685652.371,SHFE official,https://www.shfe.com.cn/data/tradedata/future/dailydata/kx20260130.dat
2026-01-30,SN2604,SN,451010,470500,400310,410000,440780,446630,91063,23220,4013945.726,SHFE official,https://www.shfe.com.cn/data/tradedata/future/dailydata/kx20260130.dat
2026-01-30,SN2605,SN,450000,469800,400900,410640,441840,446780,69978,17145,3091918.534,SHFE official,https://www.shfe.com.cn/data/tradedata/future/dailydata/kx20260130.dat
2026-01-30,SN2606,SN,450450,470950,401310,411180,445620,447460,13166,7144,586716.257,SHFE official,https://www.shfe.com.cn/data/tradedata/future/dailydata/kx20260130.dat
2026-01-30,SN2607,SN,451480,469670,402310,410730,443340,448680,2353,1492,104320.025,SHFE official,https://www.shfe.com.cn/data/tradedata/future/dailydata/kx20260130.dat
2026-01-30,SN2608,SN,451110,468000,403000,411690,436910,445860,596,936,26040.213,SHFE official,https://www.shfe.com.cn/data/tradedata/future/dailydata/kx20260130.dat
2026-01-30,SN2609,SN,451210,467960,402290,410550,438790,446150,541,342,23738.792,SHFE official,https://www.shfe.com.cn/data/tradedata/future/dailydata/kx20260130.dat
2026-01-30,SN2610,SN,452030,465830,409730,411140,436500,448000,177,222,7726.158,SHFE official,https://www.shfe.com.cn/data/tradedata/future/dailydata/kx20260130.dat
2026-01-30,SN2611,SN,452470,466040,409700,413850,435350,448760,82,116,3569.87,SHFE official,https://www.shfe.com.cn/data/tradedata/future/dailydata/kx20260130.dat
2026-01-30,SN2612,SN,451620,469000,406760,415300,435970,447640,320,278,13951.177,SHFE official,https://www.shfe.com.cn/data/tradedata/future/dailydata/kx20260130.dat
2026-01-30,SN2701,SN,452460,468890,413500,413500,431510,446460,127,89,5480.301,SHFE official,https://www.shfe.com.cn/data/tradedata/future/dailydata/kx20260130.dat
2026-02-02,SN2602,SN,408000,418670,394020,394020,408740,442730,837,4396,34211.676,SHFE official,https://www.shfe.com.cn/data/tradedata/future/dailydata/kx20260202.dat
2026-02-02,SN2603,SN,405000,420640,392650,392650,410860,441180,190922,38322,7844292.606,SHFE official,https://www.shfe.com.cn/data/tradedata/future/dailydata/kx20260202.dat
2026-02-02,SN2604,SN,408000,421580,392290,392290,410180,440780,37585,22102,1541694.673,SHFE official,https://www.shfe.com.cn/data/tradedata/future/dailydata/kx20260202.dat
2026-02-02,SN2605,SN,410000,421560,393230,393230,410890,441840,29682,16580,1219606.768,SHFE official,https://www.shfe.com.cn/data/tradedata/future/dailydata/kx20260202.dat
2026-02-02,SN2606,SN,411180,421450,396600,396600,410760,445620,6678,7161,274309.239,SHFE official,https://www.shfe.com.cn/data/tradedata/future/dailydata/kx20260202.dat
2026-02-02,SN2607,SN,410100,422120,394570,394570,405000,443340,772,1651,31266.614,SHFE official,https://www.shfe.com.cn/data/tradedata/future/dailydata/kx20260202.dat
2026-02-02,SN2608,SN,409680,422310,388840,388840,402030,436910,449,919,18051.349,SHFE official,https://www.shfe.com.cn/data/tradedata/future/dailydata/kx20260202.dat
2026-02-02,SN2609,SN,410550,422000,390520,390520,402170,438790,294,300,11823.928,SHFE official,https://www.shfe.com.cn/data/tradedata/future/dailydata/kx20260202.dat
2026-02-02,SN2610,SN,412590,418820,388480,388480,400020,436500,148,232,5920.299,SHFE official,https://www.shfe.com.cn/data/tradedata/future/dailydata/kx20260202.dat
2026-02-02,SN2611,SN,410390,419100,387460,387460,402470,435350,58,106,2334.331,SHFE official,https://www.shfe.com.cn/data/tradedata/future/dailydata/kx20260202.dat
2026-02-02,SN2612,SN,413320,423400,388010,388010,402200,435970,193,288,7762.563,SHFE official,https://www.shfe.com.cn/data/tradedata/future/dailydata/kx20260202.dat
2026-02-02,SN2701,SN,411900,419790,384040,384040,396630,431510,249,244,9876.203,SHFE official,https://www.shfe.com.cn/data/tradedata/future/dailydata/kx20260202.dat
2026-02-03,SN2602,SN,383000,390800,357650,382460,371380,408740,1576,4122,58529.68,SHFE official,https://www.shfe.com.cn/data/tradedata/future/dailydata/kx20260203.dat
2026-02-03,SN2603,SN,393000,394600,358120,383340,373310,410860,373435,35433,13940829.41,SHFE official,https://www.shfe.com.cn/data/tradedata/future/dailydata/kx20260203.dat
2026-02-03,SN2604,SN,395010,395200,358990,384000,374630,410180,76655,20782,2871752.018,SHFE official,https://www.shfe.com.cn/data/tradedata/future/dailydata/kx20260203.dat
2026-02-03,SN2605,SN,386000,395000,359080,383530,374480,410890,53862,15418,2017053.369,SHFE official,https://www.shfe.com.cn/data/tradedata/future/dailydata/kx20260203.dat
2026-02-03,SN2606,SN,394810,395090,359500,383280,376080,410760,11199,6783,421172.029,SHFE official,https://www.shfe.com.cn/data/tradedata/future/dailydata/kx20260203.dat
2026-02-03,SN2607,SN,394860,396660,358520,383880,375270,405000,2236,1653,83911.012,SHFE official,https://www.shfe.com.cn/data/tradedata/future/dailydata/kx20260203.dat
2026-02-03,SN2608,SN,388840,395480,360960,382860,377420,402030,925,846,34912.099,SHFE official,https://www.shfe.com.cn/data/tradedata/future/dailydata/kx20260203.dat
2026-02-03,SN2609,SN,390520,395050,362130,383390,377000,402170,461,288,17380.152,SHFE official,https://www.shfe.com.cn/data/tradedata/future/dailydata/kx20260203.dat
2026-02-03,SN2610,SN,394800,394800,364420,385120,378240,400020,260,219,9834.329,SHFE official,https://www.shfe.com.cn/data/tradedata/future/dailydata/kx20260203.dat
2026-02-03,SN2611,SN,395110,395110,362120,386050,376240,402470,83,101,3122.803,SHFE official,https://www.shfe.com.cn/data/tradedata/future/dailydata/kx20260203.dat
2026-02-03,SN2612,SN,395120,395120,363020,385120,377150,402200,242,226,9127.244,SHFE official,https://www.shfe.com.cn/data/tradedata/future/dailydata/kx20260203.dat
2026-02-03,SN2701,SN,384040,394000,355500,384300,375750,396630,154,198,5786.652,SHFE official,https://www.shfe.com.cn/data/tradedata/future/dailydata/kx20260203.dat
2026-02-04,SN2602,SN,388300,397560,382080,390390,392420,371380,712,4082,27940.536,SHFE official,https://www.shfe.com.cn/data/tradedata/future/dailydata/kx20260204.dat
2026-02-04,SN2603,SN,388000,401880,382220,392080,392670,373310,319493,35914,12545617.629,SHFE official,https://www.shfe.com.cn/data/tradedata/future/dailydata/kx20260204.dat
2026-02-04,SN2604,SN,389230,402400,382570,392530,393060,374630,63892,21027,2511346.263,SHFE official,https://www.shfe.com.cn/data/tradedata/future/dailydata/kx20260204.dat
2026-02-04,SN2605,SN,386500,402680,382970,392370,393370,374480,39872,15898,1568477.22,SHFE official,https://www.shfe.com.cn/data/tradedata/future/dailydata/kx20260204.dat
2026-02-04,SN2606,SN,389990,401960,383220,392310,393000,376080,9775,7147,384160.696,SHFE official,https://www.shfe.com.cn/data/tradedata/future/dailydata/kx20260204.dat
2026-02-04,SN2607,SN,387720,401960,384000,392430,393640,375270,632,1728,24878.526,SHFE official,https://www.shfe.com.cn/data/tradedata/future/dailydata/kx20260204.dat
2026-02-04,SN2608,SN,387880,402000,384200,392380,394410,377420,305,845,12029.779,SHFE official,https://www.shfe.com.cn/data/tradedata/future/dailydata/kx20260204.dat
2026-02-04,SN2609,SN,388290,401300,385000,393720,394030,377000,301,310,11860.57,SHFE official,https://www.shfe.com.cn/data/tradedata/future/dailydata/kx20260204.dat
2026-02-04,SN2610,SN,388700,403080,387720,390950,397050,378240,120,215,4764.677,SHFE official,https://www.shfe.com.cn/data/tradedata/future/dailydata/kx20260204.dat
2026-02-04,SN2611,SN,395350,400870,385320,393560,395250,376240,69,100,2727.267,SHFE official,https://www.shfe.com.cn/data/tradedata/future/dailydata/kx20260204.dat
2026-02-04,SN2612,SN,394000,402960,385650,394490,396540,377150,736,294,29185.958,SHFE official,https://www.shfe.com.cn/data/tradedata/future/dailydata/kx20260204.dat
2026-02-04,SN2701,SN,391150,405750,386440,395890,396750,375750,290,286,11505.776,SHFE official,https://www.shfe.com.cn/data/tradedata/future/dailydata/kx20260204.dat
2026-02-05,SN2602,SN,387960,393350,358680,363790,373960,392420,304,4002,11368.568,SHFE official,https://www.shfe.com.cn/data/tradedata/future/dailydata/kx20260205.dat
2026-02-05,SN2603,SN,388000,394810,355000,365140,379230,392670,334791,33927,12696473.29,SHFE official,https://www.shfe.com.cn/data/tradedata/future/dailydata/kx20260205.dat
2026-02-05,SN2604,SN,391000,395000,355020,365370,378370,393060,74278,20413,2810483.842,SHFE official,https://www.shfe.com.cn/data/tradedata/future/dailydata/kx20260205.dat
2026-02-05,SN2605,SN,390480,394990,354700,365000,378300,393370,48739,15624,1843806.46,SHFE official,https://www.shfe.com.cn/data/tradedata/future/dailydata/kx20260205.dat
2026-02-05,SN2606,SN,387800,394860,355000,364810,378140,393000,10942,7302,413769.713,SHFE official,https://www.shfe.com.cn/data/tradedata/future/dailydata/kx20260205.dat
2026-02-05,SN2607,SN,389050,395000,355250,365650,371490,393640,1098,1889,40790.483,SHFE official,https://www.shfe.com.cn/data/tradedata/future/dailydata/kx20260205.dat
2026-02-05,SN2608,SN,388130,394370,356080,364140,373660,394410,294,828,10985.695,SHFE official,https://www.shfe.com.cn/data/tradedata/future/dailydata/kx20260205.dat
2026-02-05,SN2609,SN,389660,395070,355280,364890,372610,394030,293,277,10917.636,SHFE official,https://www.shfe.com.cn/data/tradedata/future/dailydata/kx20260205.dat
2026-02-05,SN2610,SN,389100,395550,360000,365880,375860,397050,147,192,5525.195,SHFE official,https://www.shfe.com.cn/data/tradedata/future/dailydata/kx20260205.dat
2026-02-05,SN2611,SN,390000,393900,359140,370620,373080,395250,84,100,3133.932,SHFE official,https://www.shfe.com.cn/data/tradedata/future/dailydata/kx20260205.dat
2026-02-05,SN2612,SN,391820,397510,359290,365760,376910,396540,334,265,12588.993,SHFE official,https://www.shfe.com.cn/data/tradedata/future/dailydata/kx20260205.dat
2026-02-05,SN2701,SN,391380,397240,357930,365000,372330,396750,421,175,15675.325,SHFE official,https://www.shfe.com.cn/data/tradedata/future/dailydata/kx20260205.dat
2026-02-06,SN2602,SN,359480,367210,348340,355760,358270,373960,382,3898,13685.918,SHFE official,https://www.shfe.com.cn/data/tradedata/future/dailydata/kx20260206.dat
2026-02-06,SN2603,SN,363000,371000,345000,357000,360370,379230,306492,32178,11045058.268,SHFE official,https://www.shfe.com.cn/data/tradedata/future/dailydata/kx20260206.dat
2026-02-06,SN2604,SN,362340,371000,344900,356940,359830,378370,68837,20553,2476991.44,SHFE official,https://www.shfe.com.cn/data/tradedata/future/dailydata/kx20260206.dat
2026-02-06,SN2605,SN,360000,370860,345000,356610,359280,378300,42919,15311,1542021.545,SHFE official,https://www.shfe.com.cn/data/tradedata/future/dailydata/kx20260206.dat
2026-02-06,SN2606,SN,362500,370280,344710,356360,358980,378140,9689,7498,347818.37,SHFE official,https://www.shfe.com.cn/data/tradedata/future/dailydata/kx20260206.dat
2026-02-06,SN2607,SN,361310,370230,344810,356610,357320,371490,635,1799,22689.944,SHFE official,https://www.shfe.com.cn/data/tradedata/future/dailydata/kx20260206.dat
2026-02-06,SN2608,SN,358480,367000,344320,351750,356330,373660,216,834,7696.758,SHFE official,https://www.shfe.com.cn/data/tradedata/future/dailydata/kx20260206.dat
2026-02-06,SN2609,SN,358260,368990,345000,356370,357900,372610,193,308,6907.471,SHFE official,https://www.shfe.com.cn/data/tradedata/future/dailydata/kx20260206.dat
2026-02-06,SN2610,SN,362110,369360,345920,357260,359580,375860,63,187,2265.363,SHFE official,https://www.shfe.com.cn/data/tradedata/future/dailydata/kx20260206.dat
2026-02-06,SN2611,SN,362800,366380,344000,358970,357970,373080,54,103,1933.071,SHFE official,https://www.shfe.com.cn/data/tradedata/future/dailydata/kx20260206.dat
2026-02-06,SN2612,SN,359280,369000,346450,358090,360410,376910,241,231,8685.899,SHFE official,https://www.shfe.com.cn/data/tradedata/future/dailydata/kx20260206.dat
2026-02-06,SN2701,SN,360000,366540,347360,359030,359990,372330,172,218,6191.974,SHFE official,https://www.shfe.com.cn/data/tradedata/future/dailydata/kx20260206.dat
2026-02-09,SN2602,SN,362400,383990,359500,383990,373610,358270,194,3828,7248.072,SHFE official,https://www.shfe.com.cn/data/tradedata/future/dailydata/kx20260209.dat
2026-02-09,SN2603,SN,364480,385000,358130,384180,369690,360370,279733,33625,10341471.397,SHFE official,https://www.shfe.com.cn/data/tradedata/future/dailydata/kx20260209.dat
2026-02-09,SN2604,SN,363520,384720,357700,384020,370850,359830,57839,22090,2144986.629,SHFE official,https://www.shfe.com.cn/data/tradedata/future/dailydata/kx20260209.dat
2026-02-09,SN2605,SN,363890,384660,357730,384100,368920,359280,35657,15947,1315476.856,SHFE official,https://www.shfe.com.cn/data/tradedata/future/dailydata/kx20260209.dat
2026-02-09,SN2606,SN,364020,384860,357710,384070,369420,358980,8338,7851,308028.925,SHFE official,https://www.shfe.com.cn/data/tradedata/future/dailydata/kx20260209.dat
2026-02-09,SN2607,SN,363220,384510,358330,383790,369650,357320,337,1783,12457.317,SHFE official,https://www.shfe.com.cn/data/tradedata/future/dailydata/kx20260209.dat
2026-02-09,SN2608,SN,351750,383730,351750,382990,369560,356330,184,868,6800.013,SHFE official,https://www.shfe.com.cn/data/tradedata/future/dailydata/kx20260209.dat
2026-02-09,SN2609,SN,356370,383340,356370,382840,367720,357900,147,344,5405.603,SHFE official,https://www.shfe.com.cn/data/tradedata/future/dailydata/kx20260209.dat
2026-02-09,SN2610,SN,357260,385000,357260,383600,369450,359580,67,187,2475.32,SHFE official,https://www.shfe.com.cn/data/tradedata/future/dailydata/kx20260209.dat
2026-02-09,SN2611,SN,364100,385660,364100,385660,370390,357970,26,107,963.037,SHFE official,https://www.shfe.com.cn/data/tradedata/future/dailydata/kx20260209.dat
2026-02-09,SN2612,SN,358090,385180,358090,384150,371750,360410,82,235,3048.383,SHFE official,https://www.shfe.com.cn/data/tradedata/future/dailydata/kx20260209.dat
2026-02-09,SN2701,SN,368030,387110,361200,386750,371310,359990,87,191,3230.448,SHFE official,https://www.shfe.com.cn/data/tradedata/future/dailydata/kx20260209.dat
2026-02-10,SN2602,SN,381500,381500,380000,381260,380510,373610,24,3814,913.246,SHFE official,https://www.shfe.com.cn/data/tradedata/future/dailydata/kx20260210.dat
2026-02-10,SN2603,SN,382010,389640,376300,382000,382200,369690,244012,32207,9326229.395,SHFE official,https://www.shfe.com.cn/data/tradedata/future/dailydata/kx20260210.dat
2026-02-10,SN2604,SN,381740,390000,376190,382610,382260,370850,48589,23040,1857387.36,SHFE official,https://www.shfe.com.cn/data/tradedata/future/dailydata/kx20260210.dat
2026-02-10,SN2605,SN,380110,389760,376220,382860,382060,368920,27062,16327,1033934.842,SHFE official,https://www.shfe.com.cn/data/tradedata/future/dailydata/kx20260210.dat
2026-02-10,SN2606,SN,381790,389980,376330,382550,382380,369420,7659,8007,292869.383,SHFE official,https://www.shfe.com.cn/data/tradedata/future/dailydata/kx20260210.dat
2026-02-10,SN2607,SN,382010,390110,376670,382590,384070,369650,440,1891,16899.3,SHFE official,https://www.shfe.com.cn/data/tradedata/future/dailydata/kx20260210.dat
2026-02-10,SN2608,SN,379710,389550,376390,382300,382510,369560,132,880,5049.156,SHFE official,https://www.shfe.com.cn/data/tradedata/future/dailydata/kx20260210.dat
2026-02-10,SN2609,SN,378380,387430,378380,380900,382400,367720,62,341,2370.93,SHFE official,https://www.shfe.com.cn/data/tradedata/future/dailydata/kx20260210.dat
2026-02-10,SN2610,SN,382070,388800,378760,381430,383030,369450,102,156,3906.937,SHFE official,https://www.shfe.com.cn/data/tradedata/future/dailydata/kx20260210.dat
2026-02-10,SN2611,SN,378120,385270,378120,383090,382510,370390,15,109,573.769,SHFE official,https://www.shfe.com.cn/data/tradedata/future/dailydata/kx20260210.dat
2026-02-10,SN2612,SN,380810,388000,377170,380470,381860,371750,201,258,7675.56,SHFE official,https://www.shfe.com.cn/data/tradedata/future/dailydata/kx20260210.dat
2026-02-10,SN2701,SN,380500,387390,378910,384550,381980,371310,20,194,763.978,SHFE official,https://www.shfe.com.cn/data/tradedata/future/dailydata/kx20260210.dat
2026-02-11,SN2602,SN,378430,393340,378430,393340,391370,380510,60,3804,2348.256,SHFE official,https://www.shfe.com.cn/data/tradedata/future/dailydata/kx20260211.dat
2026-02-11,SN2603,SN,378460,394970,378000,394700,387890,382200,257952,31287,10005780.92,SHFE official,https://www.shfe.com.cn/data/tradedata/future/dailydata/kx20260211.dat
2026-02-11,SN2604,SN,380880,395730,378510,395500,388530,382260,52719,23879,2048341.707,SHFE official,https://www.shfe.com.cn/data/tradedata/future/dailydata/kx20260211.dat
2026-02-11,SN2605,SN,380000,395800,378950,395420,388360,382060,31697,16820,1230989.053,SHFE official,https://www.shfe.com.cn/data/tradedata/future/dailydata/kx20260211.dat
2026-02-11,SN2606,SN,380000,396130,378640,395980,389140,382380,6697,8368,260609.054,SHFE official,https://www.shfe.com.cn/data/tradedata/future/dailydata/kx20260211.dat
2026-02-11,SN2607,SN,381750,396050,379610,396050,391290,384070,576,2081,22538.658,SHFE official,https://www.shfe.com.cn/data/tradedata/future/dailydata/kx20260211.dat
2026-02-11,SN2608,SN,380940,394680,380940,394680,388810,382510,140,890,5443.355,SHFE official,https://www.shfe.com.cn/data/tradedata/future/dailydata/kx20260211.dat
2026-02-11,SN2609,SN,380290,394610,380290,394610,389980,382400,79,338,3080.907,SHFE official,https://www.shfe.com.cn/data/tradedata/future/dailydata/kx20260211.dat
2026-02-11,SN2610,SN,381810,393730,381810,393730,389640,383030,113,143,4402.996,SHFE official,https://www.shfe.com.cn/data/tradedata/future/dailydata/kx20260211.dat
2026-02-11,SN2611,SN,386760,392360,386580,392360,388660,382510,11,104,427.528,SHFE official,https://www.shfe.com.cn/data/tradedata/future/dailydata/kx20260211.dat
2026-02-11,SN2612,SN,380910,394430,380910,393090,386830,381860,122,261,4719.326,SHFE official,https://www.shfe.com.cn/data/tradedata/future/dailydata/kx20260211.dat
2026-02-11,SN2701,SN,384210,393920,384210,393920,388940,381980,25,188,972.359,SHFE official,https://www.shfe.com.cn/data/tradedata/future/dailydata/kx20260211.dat
2026-02-12,SN2602,SN,398380,398380,390050,392000,392420,391370,36,3804,1412.716,SHFE official,https://www.shfe.com.cn/data/tradedata/future/dailydata/kx20260212.dat
2026-02-12,SN2603,SN,399930,401080,387620,391320,393120,387890,177854,28260,6991931.87,SHFE official,https://www.shfe.com.cn/data/tradedata/future/dailydata/kx20260212.dat
2026-02-12,SN2604,SN,399490,401360,388200,391800,394010,388530,43840,23275,1727356.372,SHFE official,https://www.shfe.com.cn/data/tradedata/future/dailydata/kx20260212.dat
2026-02-12,SN2605,SN,401060,402050,388420,392060,394000,388360,27176,16317,1070742.007,SHFE official,https://www.shfe.com.cn/data/tradedata/future/dailydata/kx20260212.dat
2026-02-12,SN2606,SN,400700,402030,388910,392840,393860,389140,7063,8734,278188.472,SHFE official,https://www.shfe.com.cn/data/tradedata/future/dailydata/kx20260212.dat
2026-02-12,SN2607,SN,395000,401030,389030,392370,394400,391290,736,2034,29027.88,SHFE official,https://www.shfe.com.cn/data/tradedata/future/dailydata/kx20260212.dat
2026-02-12,SN2608,SN,396000,396520,389610,391550,393280,388810,56,877,2202.39,SHFE official,https://www.shfe.com.cn/data/tradedata/future/dailydata/kx20260212.dat
2026-02-12,SN2609,SN,395850,395850,388540,391190,392660,389980,62,319,2434.542,SHFE official,https://www.shfe.com.cn/data/tradedata/future/dailydata/kx20260212.dat
2026-02-12,SN2610,SN,395020,395180,391090,391090,392330,389640,28,132,1098.533,SHFE official,https://www.shfe.com.cn/data/tradedata/future/dailydata/kx20260212.dat
2026-02-12,SN2611,SN,396800,397890,389450,389450,393460,388660,21,97,826.278,SHFE official,https://www.shfe.com.cn/data/tradedata/future/dailydata/kx20260212.dat
2026-02-12,SN2612,SN,397980,397980,390670,390750,393880,386830,68,255,2678.413,SHFE official,https://www.shfe.com.cn/data/tradedata/future/dailydata/kx20260212.dat
2026-02-12,SN2701,SN,398800,398800,391530,392710,393830,388940,15,186,590.756,SHFE official,https://www.shfe.com.cn/data/tradedata/future/dailydata/kx20260212.dat
2026-02-13,SN2602,SN,389000,389000,361050,361050,383700,392420,42,3804,1611.55,SHFE official,https://www.shfe.com.cn/data/tradedata/future/dailydata/kx20260213.dat
2026-02-13,SN2603,SN,383640,391660,363770,365400,380800,393120,180497,24005,6873382.71,SHFE official,https://www.shfe.com.cn/data/tradedata/future/dailydata/kx20260213.dat
2026-02-13,SN2604,SN,387040,391820,364570,367680,380280,394010,57388,23036,2182385.003,SHFE official,https://www.shfe.com.cn/data/tradedata/future/dailydata/kx20260213.dat
2026-02-13,SN2605,SN,388990,392200,365000,367200,380400,394000,31822,16569,1210525.706,SHFE official,https://www.shfe.com.cn/data/tradedata/future/dailydata/kx20260213.dat
2026-02-13,SN2606,SN,386600,392420,365860,368050,380180,393860,8232,8862,312971.8,SHFE official,https://www.shfe.com.cn/data/tradedata/future/dailydata/kx20260213.dat
2026-02-13,SN2607,SN,385880,391500,365970,368320,377820,394400,288,2057,10881.324,SHFE official,https://www.shfe.com.cn/data/tradedata/future/dailydata/kx20260213.dat
2026-02-13,SN2608,SN,391550,391550,364010,364690,376760,393280,119,868,4483.554,SHFE official,https://www.shfe.com.cn/data/tradedata/future/dailydata/kx20260213.dat
2026-02-13,SN2609,SN,391190,391190,364840,364840,377110,392660,98,293,3695.714,SHFE official,https://www.shfe.com.cn/data/tradedata/future/dailydata/kx20260213.dat
2026-02-13,SN2610,SN,391090,391090,366520,366520,384140,392330,24,122,921.958,SHFE official,https://www.shfe.com.cn/data/tradedata/future/dailydata/kx20260213.dat
2026-02-13,SN2611,SN,389450,391510,367580,367580,384430,393460,15,89,576.653,SHFE official,https://www.shfe.com.cn/data/tradedata/future/dailydata/kx20260213.dat
2026-02-13,SN2612,SN,384010,390080,365630,368920,376820,393880,148,215,5576.984,SHFE official,https://www.shfe.com.cn/data/tradedata/future/dailydata/kx20260213.dat
2026-02-13,SN2701,SN,388060,388060,366770,368940,375490,393830,49,188,1839.92,SHFE official,https://www.shfe.com.cn/data/tradedata/future/dailydata/kx20260213.dat
2026-02-24,SN2602,SN,385000,386000,383700,384450,384830,383700,26,3804,1000.58,SHFE official,https://www.shfe.com.cn/data/tradedata/future/dailydata/kx20260224.dat
2026-02-24,SN2603,SN,375000,392000,375000,384220,386680,380800,74099,21038,2865276.499,SHFE official,https://www.shfe.com.cn/data/tradedata/future/dailydata/kx20260224.dat
2026-02-24,SN2604,SN,376010,392480,376000,385200,387410,380280,40522,25783,1569865.592,SHFE official,https://www.shfe.com.cn/data/tradedata/future/dailydata/kx20260224.dat
2026-02-24,SN2605,SN,375000,392960,375000,385830,388090,380400,19490,17688,756396.522,SHFE official,https://www.shfe.com.cn/data/tradedata/future/dailydata/kx20260224.dat
2026-02-24,SN2606,SN,377040,393710,376180,386470,388770,380180,5262,9241,204573.912,SHFE official,https://www.shfe.com.cn/data/tradedata/future/dailydata/kx20260224.dat
2026-02-24,SN2607,SN,375790,393620,375790,386450,388970,377820,536,2255,20849.034,SHFE official,https://www.shfe.com.cn/data/tradedata/future/dailydata/kx20260224.dat
2026-02-24,SN2608,SN,374710,390000,374710,387500,386430,376760,51,874,1970.832,SHFE official,https://www.shfe.com.cn/data/tradedata/future/dailydata/kx20260224.dat
2026-02-24,SN2609,SN,384250,392470,384250,388180,387700,377110,59,291,2287.46,SHFE official,https://www.shfe.com.cn/data/tradedata/future/dailydata/kx20260224.dat
2026-02-24,SN2610,SN,386560,389520,385860,386430,387450,384140,23,115,891.15,SHFE official,https://www.shfe.com.cn/data/tradedata/future/dailydata/kx20260224.dat
2026-02-24,SN2611,SN,367580,391170,367580,388280,385900,384430,7,91,270.134,SHFE official,https://www.shfe.com.cn/data/tradedata/future/dailydata/kx20260224.dat
2026-02-24,SN2612,SN,384560,392990,384560,387800,389050,376820,22,215,855.911,SHFE official,https://www.shfe.com.cn/data/tradedata/future/dailydata/kx20260224.dat
2026-02-24,SN2701,SN,383000,393090,383000,389280,389620,375490,16,186,623.392,SHFE official,https://www.shfe.com.cn/data/tradedata/future/dailydata/kx20260224.dat
2026-02-25,SN2603,SN,382680,416790,382680,416160,400860,386680,173225,18346,6944018.734,SHFE official,https://www.shfe.com.cn/data/tradedata/future/dailydata/kx20260225.dat
2026-02-25,SN2604,SN,385730,417650,383800,417070,402810,387410,132282,34801,5328575.814,SHFE official,https://www.shfe.com.cn/data/tradedata/future/dailydata/kx20260225.dat
2026-02-25,SN2605,SN,388520,418200,383830,417450,403050,388090,47418,20675,1911205.663,SHFE official,https://www.shfe.com.cn/data/tradedata/future/dailydata/kx20260225.dat
2026-02-25,SN2606,SN,386470,418500,385190,417500,404530,388770,11436,10174,462630.498,SHFE official,https://www.shfe.com.cn/data/tradedata/future/dailydata/kx20260225.dat
2026-02-25,SN2607,SN,386960,418000,386960,417260,408650,388970,1153,2422,47117.691,SHFE official,https://www.shfe.com.cn/data/tradedata/future/dailydata/kx20260225.dat
2026-02-25,SN2608,SN,384000,416330,384000,415640,407330,386430,159,916,6476.603,SHFE official,https://www.shfe.com.cn/data/tradedata/future/dailydata/kx20260225.dat
2026-02-25,SN2609,SN,391550,416480,391000,415470,404860,387700,146,316,5910.996,SHFE official,https://www.shfe.com.cn/data/tradedata/future/dailydata/kx20260225.dat
2026-02-25,SN2610,SN,391710,417450,390960,416600,405960,387450,63,120,2557.603,SHFE official,https://www.shfe.com.cn/data/tradedata/future/dailydata/kx20260225.dat
2026-02-25,SN2611,SN,394030,416910,391060,415970,405320,385900,42,92,1702.368,SHFE official,https://www.shfe.com.cn/data/tradedata/future/dailydata/kx20260225.dat
2026-02-25,SN2612,SN,389940,418550,389940,416130,406880,389050,110,223,4475.768,SHFE official,https://www.shfe.com.cn/data/tradedata/future/dailydata/kx20260225.dat
2026-02-25,SN2701,SN,395270,418320,395270,416630,410180,389620,24,185,984.448,SHFE official,https://www.shfe.com.cn/data/tradedata/future/dailydata/kx20260225.dat
2026-02-25,SN2702,SN,409870,415450,409870,415000,412960,389620,7,7,289.072,SHFE official,https://www.shfe.com.cn/data/tradedata/future/dailydata/kx20260225.dat
2026-02-26,SN2603,SN,417820,424400,408150,414180,417630,400860,163249,12801,6817814.06,SHFE official,https://www.shfe.com.cn/data/tradedata/future/dailydata/kx20260226.dat
2026-02-26,SN2604,SN,420000,425060,409190,414980,418180,402810,205938,38178,8611959.107,SHFE official,https://www.shfe.com.cn/data/tradedata/future/dailydata/kx20260226.dat
2026-02-26,SN2605,SN,419000,425660,409570,415580,418610,403050,60199,22288,2520036.719,SHFE official,https://www.shfe.com.cn/data/tradedata/future/dailydata/kx20260226.dat
2026-02-26,SN2606,SN,420000,425850,409850,415290,417980,404530,16753,11412,700243.84,SHFE official,https://www.shfe.com.cn/data/tradedata/future/dailydata/kx20260226.dat
2026-02-26,SN2607,SN,419860,426000,409760,415240,418650,408650,2183,2980,91393.199,SHFE official,https://www.shfe.com.cn/data/tradedata/future/dailydata/kx20260226.dat
2026-02-26,SN2608,SN,420000,423850,408890,413870,418840,407330,283,918,11853.348,SHFE official,https://www.shfe.com.cn/data/tradedata/future/dailydata/kx20260226.dat
2026-02-26,SN2609,SN,417000,423630,408610,414320,417670,404860,211,338,8813.027,SHFE official,https://www.shfe.com.cn/data/tradedata/future/dailydata/kx20260226.dat
2026-02-26,SN2610,SN,417000,423260,410000,414740,417510,405960,58,128,2421.572,SHFE official,https://www.shfe.com.cn/data/tradedata/future/dailydata/kx20260226.dat
2026-02-26,SN2611,SN,421020,422750,409070,412460,417030,405320,33,94,1376.21,SHFE official,https://www.shfe.com.cn/data/tradedata/future/dailydata/kx20260226.dat
2026-02-26,SN2612,SN,418600,422500,408680,414100,416150,406880,155,251,6450.447,SHFE official,https://www.shfe.com.cn/data/tradedata/future/dailydata/kx20260226.dat
2026-02-26,SN2701,SN,419420,421890,411390,411390,418840,410180,11,188,460.734,SHFE official,https://www.shfe.com.cn/data/tradedata/future/dailydata/kx20260226.dat
2026-02-26,SN2702,SN,422140,422140,410740,410740,416880,412960,6,8,250.128,SHFE official,https://www.shfe.com.cn/data/tradedata/future/dailydata/kx20260226.dat
2026-02-27,SN2603,SN,415930,452190,409370,451540,426960,417630,86377,9136,3688033.007,SHFE official,https://www.shfe.com.cn/data/tradedata/future/dailydata/kx20260227.dat
2026-02-27,SN2604,SN,414100,453800,411220,453240,431250,418180,391133,55792,16867844.856,SHFE official,https://www.shfe.com.cn/data/tradedata/future/dailydata/kx20260227.dat
2026-02-27,SN2605,SN,414000,454000,411580,453270,431730,418610,100358,28533,4332799.584,SHFE official,https://www.shfe.com.cn/data/tradedata/future/dailydata/kx20260227.dat
2026-02-27,SN2606,SN,413970,453590,411400,452740,431750,417980,28753,13331,1241416.415,SHFE official,https://www.shfe.com.cn/data/tradedata/future/dailydata/kx20260227.dat
2026-02-27,SN2607,SN,414530,453110,411150,450690,433040,418650,5019,3956,217342.987,SHFE official,https://www.shfe.com.cn/data/tradedata/future/dailydata/kx20260227.dat
2026-02-27,SN2608,SN,413870,453000,410880,451160,437190,418840,934,1201,40833.714,SHFE official,https://www.shfe.com.cn/data/tradedata/future/dailydata/kx20260227.dat
2026-02-27,SN2609,SN,423000,451560,409590,451560,435800,417670,755,506,32903.381,SHFE official,https://www.shfe.com.cn/data/tradedata/future/dailydata/kx20260227.dat
2026-02-27,SN2610,SN,411240,450600,410760,450590,433540,417510,81,147,3511.745,SHFE official,https://www.shfe.com.cn/data/tradedata/future/dailydata/kx20260227.dat
2026-02-27,SN2611,SN,415720,450990,415720,449710,432460,417030,32,99,1383.901,SHFE official,https://www.shfe.com.cn/data/tradedata/future/dailydata/kx20260227.dat
2026-02-27,SN2612,SN,410210,451030,410210,450100,432170,416150,169,254,7303.706,SHFE official,https://www.shfe.com.cn/data/tradedata/future/dailydata/kx20260227.dat
2026-02-27,SN2701,SN,412850,450590,412850,450590,432740,418840,171,101,7399.952,SHFE official,https://www.shfe.com.cn/data/tradedata/future/dailydata/kx20260227.dat
2026-02-27,SN2702,SN,426870,450050,421610,450050,429270,416880,22,20,944.405,SHFE official,https://www.shfe.com.cn/data/tradedata/future/dailydata/kx20260227.dat
2026-03-02,SN2603,SN,454980,464210,423800,442530,446830,426960,8922,7772,398669.514,SHFE official,https://www.shfe.com.cn/data/tradedata/future/dailydata/kx20260302.dat
2026-03-02,SN2604,SN,453300,464700,425020,444010,448740,431250,462899,49947,20772398.759,SHFE official,https://www.shfe.com.cn/data/tradedata/future/dailydata/kx20260302.dat
2026-03-02,SN2605,SN,453680,464630,425890,444470,447840,431730,126477,29036,5664202.545,SHFE official,https://www.shfe.com.cn/data/tradedata/future/dailydata/kx20260302.dat
2026-03-02,SN2606,SN,455000,465000,425870,444920,447750,431750,38964,14385,1744623.074,SHFE official,https://www.shfe.com.cn/data/tradedata/future/dailydata/kx20260302.dat
2026-03-02,SN2607,SN,453590,465000,425920,444820,447070,433040,6302,4290,281744.732,SHFE official,https://www.shfe.com.cn/data/tradedata/future/dailydata/kx20260302.dat
2026-03-02,SN2608,SN,452400,463000,426350,444570,445330,437190,1607,1386,71564.798,SHFE official,https://www.shfe.com.cn/data/tradedata/future/dailydata/kx20260302.dat
2026-03-02,SN2609,SN,452090,463450,425800,444090,445240,435800,859,482,38246.974,SHFE official,https://www.shfe.com.cn/data/tradedata/future/dailydata/kx20260302.dat
2026-03-02,SN2610,SN,451800,458000,424940,442980,444860,433540,125,151,5560.776,SHFE official,https://www.shfe.com.cn/data/tradedata/future/dailydata/kx20260302.dat
2026-03-02,SN2611,SN,452000,460890,428350,445920,447210,432460,73,91,3264.654,SHFE official,https://www.shfe.com.cn/data/tradedata/future/dailydata/kx20260302.dat
2026-03-02,SN2612,SN,450080,463700,425050,443500,445720,432170,196,237,8736.234,SHFE official,https://www.shfe.com.cn/data/tradedata/future/dailydata/kx20260302.dat
2026-03-02,SN2701,SN,455380,460960,427000,443660,450650,432740,76,84,3424.952,SHFE official,https://www.shfe.com.cn/data/tradedata/future/dailydata/kx20260302.dat
2026-03-02,SN2702,SN,450810,461940,430000,443420,448080,429270,28,24,1254.65,SHFE official,https://www.shfe.com.cn/data/tradedata/future/dailydata/kx20260302.dat
2026-03-03,SN2603,SN,442530,449120,393210,393210,420990,446830,4122,6668,173536.032,SHFE official,https://www.shfe.com.cn/data/tradedata/future/dailydata/kx20260303.dat
2026-03-03,SN2604,SN,445950,450820,394890,394890,423000,448740,464400,39535,19644127.051,SHFE official,https://www.shfe.com.cn/data/tradedata/future/dailydata/kx20260303.dat
2026-03-03,SN2605,SN,444000,451000,394090,394090,422060,447840,139171,25418,5873920.491,SHFE official,https://www.shfe.com.cn/data/tradedata/future/dailydata/kx20260303.dat
2026-03-03,SN2606,SN,447650,451200,394370,394610,421870,447750,44897,13999,1894076.446,SHFE official,https://www.shfe.com.cn/data/tradedata/future/dailydata/kx20260303.dat
2026-03-03,SN2607,SN,445050,451490,393810,393810,416480,447070,8278,3780,344767.436,SHFE official,https://www.shfe.com.cn/data/tradedata/future/dailydata/kx20260303.dat
2026-03-03,SN2608,SN,446140,451350,394890,395840,415130,445330,1554,1088,64512.05,SHFE official,https://www.shfe.com.cn/data/tradedata/future/dailydata/kx20260303.dat
2026-03-03,SN2609,SN,444090,449900,394260,394260,414160,445240,1025,279,42451.57,SHFE official,https://www.shfe.com.cn/data/tradedata/future/dailydata/kx20260303.dat
2026-03-03,SN2610,SN,442980,442980,395500,395500,417050,444860,170,75,7089.917,SHFE official,https://www.shfe.com.cn/data/tradedata/future/dailydata/kx20260303.dat
2026-03-03,SN2611,SN,445200,445200,396880,396880,415750,447210,46,98,1912.49,SHFE official,https://www.shfe.com.cn/data/tradedata/future/dailydata/kx20260303.dat
2026-03-03,SN2612,SN,443500,448880,396400,400020,416090,445720,255,262,10610.353,SHFE official,https://www.shfe.com.cn/data/tradedata/future/dailydata/kx20260303.dat
2026-03-03,SN2701,SN,443500,451370,397880,397880,420150,450650,186,131,7814.851,SHFE official,https://www.shfe.com.cn/data/tradedata/future/dailydata/kx20260303.dat
2026-03-03,SN2702,SN,440750,440750,398370,398370,418030,448080,33,34,1379.529,SHFE official,https://www.shfe.com.cn/data/tradedata/future/dailydata/kx20260303.dat
2026-03-04,SN2603,SN,393210,412010,379810,399600,394470,420990,1596,6342,62958.338,SHFE official,https://www.shfe.com.cn/data/tradedata/future/dailydata/kx20260304.dat
2026-03-04,SN2604,SN,387400,414790,381160,401130,395350,423000,383838,39459,15175243.482,SHFE official,https://www.shfe.com.cn/data/tradedata/future/dailydata/kx20260304.dat
2026-03-04,SN2605,SN,387880,415340,381310,401430,396010,422060,114251,25342,4524474.492,SHFE official,https://www.shfe.com.cn/data/tradedata/future/dailydata/kx20260304.dat
2026-03-04,SN2606,SN,385790,414980,381580,401640,396370,421870,38595,14343,1529794.713,SHFE official,https://www.shfe.com.cn/data/tradedata/future/dailydata/kx20260304.dat
2026-03-04,SN2607,SN,387440,414770,380780,401050,396210,416480,6954,4079,275525.649,SHFE official,https://www.shfe.com.cn/data/tradedata/future/dailydata/kx20260304.dat
2026-03-04,SN2608,SN,391060,415000,381690,402040,399350,415130,1419,1201,56668.514,SHFE official,https://www.shfe.com.cn/data/tradedata/future/dailydata/kx20260304.dat
2026-03-04,SN2609,SN,390640,415000,381850,402390,396800,414160,434,265,17221.279,SHFE official,https://www.shfe.com.cn/data/tradedata/future/dailydata/kx20260304.dat
2026-03-04,SN2610,SN,391120,407290,382260,400700,391850,417050,58,80,2272.77,SHFE official,https://www.shfe.com.cn/data/tradedata/future/dailydata/kx20260304.dat
2026-03-04,SN2611,SN,387680,409970,383620,402300,391170,415750,41,103,1603.81,SHFE official,https://www.shfe.com.cn/data/tradedata/future/dailydata/kx20260304.dat
2026-03-04,SN2612,SN,395210,412430,385000,401220,395700,416090,253,284,10011.369,SHFE official,https://www.shfe.com.cn/data/tradedata/future/dailydata/kx20260304.dat
2026-03-04,SN2701,SN,393380,417000,383700,405280,400110,420150,84,122,3361.007,SHFE official,https://www.shfe.com.cn/data/tradedata/future/dailydata/kx20260304.dat
2026-03-04,SN2702,SN,393220,412520,385360,403790,407580,418030,57,68,2323.225,SHFE official,https://www.shfe.com.cn/data/tradedata/future/dailydata/kx20260304.dat
2026-03-05,SN2603,SN,403760,412240,377410,391430,398260,394470,1614,6016,64280.77,SHFE official,https://www.shfe.com.cn/data/tradedata/future/dailydata/kx20260305.dat
2026-03-05,SN2604,SN,406660,414190,378220,391810,400480,395350,367949,38758,14735846.247,SHFE official,https://www.shfe.com.cn/data/tradedata/future/dailydata/kx20260305.dat
2026-03-05,SN2605,SN,406200,414790,378450,391600,400280,396010,109141,25434,4368762.199,SHFE official,https://www.shfe.com.cn/data/tradedata/future/dailydata/kx20260305.dat
2026-03-05,SN2606,SN,405720,414820,378750,391590,400630,396370,33612,14642,1346605.231,SHFE official,https://www.shfe.com.cn/data/tradedata/future/dailydata/kx20260305.dat
2026-03-05,SN2607,SN,402510,414000,378110,391010,398460,396210,5496,4413,218998.319,SHFE official,https://www.shfe.com.cn/data/tradedata/future/dailydata/kx20260305.dat
2026-03-05,SN2608,SN,405610,414020,378000,391810,394750,399350,1341,1287,52937.31,SHFE official,https://www.shfe.com.cn/data/tradedata/future/dailydata/kx20260305.dat
2026-03-05,SN2609,SN,406950,414500,379150,391900,396420,396800,466,287,18473.232,SHFE official,https://www.shfe.com.cn/data/tradedata/future/dailydata/kx20260305.dat
2026-03-05,SN2610,SN,405810,412000,387810,393130,401460,391850,39,78,1565.703,SHFE official,https://www.shfe.com.cn/data/tradedata/future/dailydata/kx20260305.dat
2026-03-05,SN2611,SN,411080,411080,381260,381940,398510,391170,11,100,438.362,SHFE official,https://www.shfe.com.cn/data/tradedata/future/dailydata/kx20260305.dat
2026-03-05,SN2612,SN,407870,413910,381660,393400,400700,395700,279,239,11179.709,SHFE official,https://www.shfe.com.cn/data/tradedata/future/dailydata/kx20260305.dat
2026-03-05,SN2701,SN,407990,413600,382040,392120,400250,400110,48,119,1921.229,SHFE official,https://www.shfe.com.cn/data/tradedata/future/dailydata/kx20260305.dat
2026-03-05,SN2702,SN,409280,409660,384100,387490,401040,407580,7,69,280.733,SHFE official,https://www.shfe.com.cn/data/tradedata/future/dailydata/kx20260305.dat
2026-03-06,SN2603,SN,387420,400000,384330,391530,393260,398260,802,5918,31539.986,SHFE official,https://www.shfe.com.cn/data/tradedata/future/dailydata/kx20260306.dat
2026-03-06,SN2604,SN,390430,401840,385000,393660,393140,400480,296768,38571,11667276.116,SHFE official,https://www.shfe.com.cn/data/tradedata/future/dailydata/kx20260306.dat
2026-03-06,SN2605,SN,391600,402190,385310,393880,393590,400280,82553,25204,3249242.07,SHFE official,https://www.shfe.com.cn/data/tradedata/future/dailydata/kx20260306.dat
2026-03-06,SN2606,SN,390440,402110,385430,393910,394140,400630,23659,14807,932517.373,SHFE official,https://www.shfe.com.cn/data/tradedata/future/dailydata/kx20260306.dat
2026-03-06,SN2607,SN,390410,400870,385000,393590,393120,398460,2165,4380,85112.45,SHFE official,https://www.shfe.com.cn/data/tradedata/future/dailydata/kx20260306.dat
2026-03-06,SN2608,SN,390320,400440,385170,393660,395230,394750,639,1291,25255.83,SHFE official,https://www.shfe.com.cn/data/tradedata/future/dailydata/kx20260306.dat
2026-03-06,SN2609,SN,393000,401220,386480,394260,394680,396420,293,305,11564.235,SHFE official,https://www.shfe.com.cn/data/tradedata/future/dailydata/kx20260306.dat
2026-03-06,SN2610,SN,393130,401770,391500,393180,394790,401460,39,89,1539.689,SHFE official,https://www.shfe.com.cn/data/tradedata/future/dailydata/kx20260306.dat
2026-03-06,SN2611,SN,394510,401070,390830,394630,396120,398510,22,102,871.479,SHFE official,https://www.shfe.com.cn/data/tradedata/future/dailydata/kx20260306.dat
2026-03-06,SN2612,SN,394620,403590,386890,395900,395890,400700,163,273,6453.016,SHFE official,https://www.shfe.com.cn/data/tradedata/future/dailydata/kx20260306.dat
2026-03-06,SN2701,SN,391940,399430,391940,393140,397000,400250,9,121,357.306,SHFE official,https://www.shfe.com.cn/data/tradedata/future/dailydata/kx20260306.dat
2026-03-06,SN2702,SN,393440,399400,390350,396300,395120,401040,13,71,513.665,SHFE official,https://www.shfe.com.cn/data/tradedata/future/dailydata/kx20260306.dat
2026-03-09,SN2603,SN,391540,393230,367570,382160,378490,393260,1102,5748,41710.294,SHFE official,https://www.shfe.com.cn/data/tradedata/future/dailydata/kx20260309.dat
2026-03-09,SN2604,SN,393600,395590,369340,383710,384150,393140,301708,35900,11590192.042,SHFE official,https://www.shfe.com.cn/data/tradedata/future/dailydata/kx20260309.dat
2026-03-09,SN2605,SN,394410,395800,370010,384160,383450,393590,96344,23877,3694370.032,SHFE official,https://www.shfe.com.cn/data/tradedata/future/dailydata/kx20260309.dat
2026-03-09,SN2606,SN,393440,395560,369630,383590,381990,394140,32904,14257,1256925.442,SHFE official,https://www.shfe.com.cn/data/tradedata/future/dailydata/kx20260309.dat
2026-03-09,SN2607,SN,392200,395000,369150,382600,378710,393120,5248,4373,198750.531,SHFE official,https://www.shfe.com.cn/data/tradedata/future/dailydata/kx20260309.dat
2026-03-09,SN2608,SN,391280,394900,369960,384300,379470,395230,897,1279,34039.258,SHFE official,https://www.shfe.com.cn/data/tradedata/future/dailydata/kx20260309.dat
2026-03-09,SN2609,SN,390830,394860,370640,383320,381140,394680,556,379,21191.728,SHFE official,https://www.shfe.com.cn/data/tradedata/future/dailydata/kx20260309.dat
2026-03-09,SN2610,SN,390100,400000,372000,384940,382740,394790,59,96,2258.206,SHFE official,https://www.shfe.com.cn/data/tradedata/future/dailydata/kx20260309.dat
2026-03-09,SN2611,SN,394590,394590,371100,387470,378690,396120,43,115,1628.369,SHFE official,https://www.shfe.com.cn/data/tradedata/future/dailydata/kx20260309.dat
2026-03-09,SN2612,SN,390130,396850,372160,386610,384290,395890,112,277,4304.158,SHFE official,https://www.shfe.com.cn/data/tradedata/future/dailydata/kx20260309.dat
2026-03-09,SN2701,SN,394920,395000,373060,388520,383480,397000,22,126,843.666,SHFE official,https://www.shfe.com.cn/data/tradedata/future/dailydata/kx20260309.dat
2026-03-09,SN2702,SN,389540,397000,372100,387780,383660,395120,21,71,805.705,SHFE official,https://www.shfe.com.cn/data/tradedata/future/dailydata/kx20260309.dat
2026-03-10,SN2603,SN,382160,402770,378090,393000,394230,378490,368,5628,14507.698,SHFE official,https://www.shfe.com.cn/data/tradedata/future/dailydata/kx20260310.dat
2026-03-10,SN2604,SN,381860,405800,381860,392770,395530,384150,288694,34976,11418960.303,SHFE official,https://www.shfe.com.cn/data/tradedata/future/dailydata/kx20260310.dat
2026-03-10,SN2605,SN,385310,406240,382350,393230,396240,383450,93613,25106,3709348.169,SHFE official,https://www.shfe.com.cn/data/tradedata/future/dailydata/kx20260310.dat
2026-03-10,SN2606,SN,384370,405490,381760,392760,395860,381990,27603,14220,1092695.396,SHFE official,https://www.shfe.com.cn/data/tradedata/future/dailydata/kx20260310.dat
2026-03-10,SN2607,SN,382990,404800,381570,392980,395140,378710,3798,4215,150075.371,SHFE official,https://www.shfe.com.cn/data/tradedata/future/dailydata/kx20260310.dat
2026-03-10,SN2608,SN,383890,405000,383890,391680,396760,379470,1592,1255,63164.99,SHFE official,https://www.shfe.com.cn/data/tradedata/future/dailydata/kx20260310.dat
2026-03-10,SN2609,SN,387470,405650,386190,391340,397060,381140,404,327,16041.297,SHFE official,https://www.shfe.com.cn/data/tradedata/future/dailydata/kx20260310.dat
2026-03-10,SN2610,SN,388120,403550,388120,395040,399690,382740,80,103,3197.572,SHFE official,https://www.shfe.com.cn/data/tradedata/future/dailydata/kx20260310.dat
2026-03-10,SN2611,SN,388640,406660,387850,396810,394410,378690,55,103,2169.292,SHFE official,https://www.shfe.com.cn/data/tradedata/future/dailydata/kx20260310.dat
2026-03-10,SN2612,SN,391110,407440,388480,396490,400840,384290,212,218,8497.83,SHFE official,https://www.shfe.com.cn/data/tradedata/future/dailydata/kx20260310.dat
2026-03-10,SN2701,SN,388980,406680,388630,395330,400230,383480,55,135,2201.279,SHFE official,https://www.shfe.com.cn/data/tradedata/future/dailydata/kx20260310.dat
2026-03-10,SN2702,SN,391940,405960,389360,398000,399520,383660,76,115,3036.352,SHFE official,https://www.shfe.com.cn/data/tradedata/future/dailydata/kx20260310.dat
2026-03-11,SN2603,SN,393000,400650,390100,392680,394530,394230,198,5610,7811.862,SHFE official,https://www.shfe.com.cn/data/tradedata/future/dailydata/kx20260311.dat
2026-03-11,SN2604,SN,395770,403000,390030,392740,397050,395530,239265,33982,9500243.012,SHFE official,https://www.shfe.com.cn/data/tradedata/future/dailydata/kx20260311.dat
2026-03-11,SN2605,SN,393830,403680,390620,393100,397420,396240,67637,25809,2688043.161,SHFE official,https://www.shfe.com.cn/data/tradedata/future/dailydata/kx20260311.dat
2026-03-11,SN2606,SN,395340,402840,390270,392320,396740,395860,19869,14292,788297.479,SHFE official,https://www.shfe.com.cn/data/tradedata/future/dailydata/kx20260311.dat
2026-03-11,SN2607,SN,394490,402220,389400,392520,397670,395140,1051,4245,41796.093,SHFE official,https://www.shfe.com.cn/data/tradedata/future/dailydata/kx20260311.dat
2026-03-11,SN2608,SN,396000,402210,389910,392780,397300,396760,522,1212,20739.225,SHFE official,https://www.shfe.com.cn/data/tradedata/future/dailydata/kx20260311.dat
2026-03-11,SN2609,SN,396200,402000,390170,392820,396910,397060,320,360,12701.434,SHFE official,https://www.shfe.com.cn/data/tradedata/future/dailydata/kx20260311.dat
2026-03-11,SN2610,SN,397440,402000,392220,394950,399650,399690,62,110,2477.844,SHFE official,https://www.shfe.com.cn/data/tradedata/future/dailydata/kx20260311.dat
2026-03-11,SN2611,SN,398650,399420,392320,395500,396290,394410,17,105,673.708,SHFE official,https://www.shfe.com.cn/data/tradedata/future/dailydata/kx20260311.dat
2026-03-11,SN2612,SN,398220,405200,393260,396820,399030,400840,41,220,1636.053,SHFE official,https://www.shfe.com.cn/data/tradedata/future/dailydata/kx20260311.dat
2026-03-11,SN2701,SN,402370,402370,395300,395830,398450,400230,68,190,2709.466,SHFE official,https://www.shfe.com.cn/data/tradedata/future/dailydata/kx20260311.dat
2026-03-11,SN2702,SN,401500,403560,397480,397480,400740,399520,17,115,681.272,SHFE official,https://www.shfe.com.cn/data/tradedata/future/dailydata/kx20260311.dat
2026-03-12,SN2603,SN,384880,392000,380480,392000,387080,394530,276,5534,10683.42,SHFE official,https://www.shfe.com.cn/data/tradedata/future/dailydata/kx20260312.dat
2026-03-12,SN2604,SN,387500,395220,381580,393500,390250,397050,215161,33098,8396686.213,SHFE official,https://www.shfe.com.cn/data/tradedata/future/dailydata/kx20260312.dat
2026-03-12,SN2605,SN,388600,395660,382430,394150,390430,397420,63017,25444,2460375.634,SHFE official,https://www.shfe.com.cn/data/tradedata/future/dailydata/kx20260312.dat
2026-03-12,SN2606,SN,389830,395000,381780,393880,390060,396740,21168,14378,825694.434,SHFE official,https://www.shfe.com.cn/data/tradedata/future/dailydata/kx20260312.dat
2026-03-12,SN2607,SN,389180,394500,381960,393270,389310,397670,1407,4263,54776.155,SHFE official,https://www.shfe.com.cn/data/tradedata/future/dailydata/kx20260312.dat
2026-03-12,SN2608,SN,389670,394160,383170,393960,390050,397300,614,1294,23949.119,SHFE official,https://www.shfe.com.cn/data/tradedata/future/dailydata/kx20260312.dat
2026-03-12,SN2609,SN,386460,394510,382860,394510,389500,396910,295,364,11490.382,SHFE official,https://www.shfe.com.cn/data/tradedata/future/dailydata/kx20260312.dat
2026-03-12,SN2610,SN,390860,394590,386680,394590,390960,399650,31,114,1211.997,SHFE official,https://www.shfe.com.cn/data/tradedata/future/dailydata/kx20260312.dat
2026-03-12,SN2611,SN,395500,395500,388850,393210,392640,396290,10,109,392.645,SHFE official,https://www.shfe.com.cn/data/tradedata/future/dailydata/kx20260312.dat
2026-03-12,SN2612,SN,390310,396680,389040,393210,391480,399030,35,226,1370.184,SHFE official,https://www.shfe.com.cn/data/tradedata/future/dailydata/kx20260312.dat
2026-03-12,SN2701,SN,387520,395950,387520,391250,392090,398450,25,192,980.242,SHFE official,https://www.shfe.com.cn/data/tradedata/future/dailydata/kx20260312.dat
2026-03-12,SN2702,SN,391570,396250,390900,392940,392520,400740,27,115,1059.818,SHFE official,https://www.shfe.com.cn/data/tradedata/future/dailydata/kx20260312.dat
2026-03-13,SN2603,SN,392000,392000,373210,374000,384040,387080,154,5534,5914.368,SHFE official,https://www.shfe.com.cn/data/tradedata/future/dailydata/kx20260313.dat
2026-03-13,SN2604,SN,393810,394930,374030,374110,385630,390250,227740,35386,8782503.89,SHFE official,https://www.shfe.com.cn/data/tradedata/future/dailydata/kx20260313.dat
2026-03-13,SN2605,SN,393330,395100,374440,374440,385680,390430,71238,24923,2747567.638,SHFE official,https://www.shfe.com.cn/data/tradedata/future/dailydata/kx20260313.dat
2026-03-13,SN2606,SN,395000,395000,374660,374660,385230,390060,23056,14501,888199.829,SHFE official,https://www.shfe.com.cn/data/tradedata/future/dailydata/kx20260313.dat
2026-03-13,SN2607,SN,394450,394450,374750,374750,385020,389310,2031,4408,78198.64,SHFE official,https://www.shfe.com.cn/data/tradedata/future/dailydata/kx20260313.dat
2026-03-13,SN2608,SN,395000,395000,375480,375480,384870,390050,416,1338,16010.922,SHFE official,https://www.shfe.com.cn/data/tradedata/future/dailydata/kx20260313.dat
2026-03-13,SN2609,SN,393290,393290,376000,376000,385300,389500,259,407,9979.272,SHFE official,https://www.shfe.com.cn/data/tradedata/future/dailydata/kx20260313.dat
2026-03-13,SN2610,SN,393320,393320,376350,377180,386290,390960,18,125,695.339,SHFE official,https://www.shfe.com.cn/data/tradedata/future/dailydata/kx20260313.dat
2026-03-13,SN2611,SN,389950,391350,378310,378310,386140,392640,15,114,579.22,SHFE official,https://www.shfe.com.cn/data/tradedata/future/dailydata/kx20260313.dat
2026-03-13,SN2612,SN,394170,394170,378480,379280,387980,391480,150,316,5819.702,SHFE official,https://www.shfe.com.cn/data/tradedata/future/dailydata/kx20260313.dat
2026-03-13,SN2701,SN,391310,391310,379990,379990,388390,392090,22,188,854.479,SHFE official,https://www.shfe.com.cn/data/tradedata/future/dailydata/kx20260313.dat
2026-03-13,SN2702,SN,391900,392200,378480,378480,386040,392520,23,115,887.904,SHFE official,https://www.shfe.com.cn/data/tradedata/future/dailydata/kx20260313.dat
2026-03-16,SN2603,SN,378000,379980,365030,374880,373540,384040,154,5534,5752.582,SHFE official,https://www.shfe.com.cn/data/tradedata/future/dailydata/kx20260316.dat
2026-03-16,SN2604,SN,378300,380600,365150,373360,372770,385630,239145,33035,8914718.301,SHFE official,https://www.shfe.com.cn/data/tradedata/future/dailydata/kx20260316.dat
2026-03-16,SN2605,SN,379010,380860,365310,373820,372700,385680,83153,24280,3099149.322,SHFE official,https://www.shfe.com.cn/data/tradedata/future/dailydata/kx20260316.dat
2026-03-16,SN2606,SN,378600,380810,365420,373600,372660,385230,28792,14383,1072977.112,SHFE official,https://www.shfe.com.cn/data/tradedata/future/dailydata/kx20260316.dat
2026-03-16,SN2607,SN,375500,380530,365620,373640,373640,385020,3722,4567,139072.212,SHFE official,https://www.shfe.com.cn/data/tradedata/future/dailydata/kx20260316.dat
2026-03-16,SN2608,SN,379200,380830,366700,374140,373680,384870,1100,1567,41105.848,SHFE official,https://www.shfe.com.cn/data/tradedata/future/dailydata/kx20260316.dat
2026-03-16,SN2609,SN,378600,381720,367220,374840,374400,385300,751,629,28117.875,SHFE official,https://www.shfe.com.cn/data/tradedata/future/dailydata/kx20260316.dat
2026-03-16,SN2610,SN,376400,378030,368830,374550,374160,386290,40,129,1496.662,SHFE official,https://www.shfe.com.cn/data/tradedata/future/dailydata/kx20260316.dat
2026-03-16,SN2611,SN,376870,379210,369300,375290,374820,386140,63,139,2361.413,SHFE official,https://www.shfe.com.cn/data/tradedata/future/dailydata/kx20260316.dat
2026-03-16,SN2612,SN,380190,383640,369860,376410,375980,387980,90,335,3383.907,SHFE official,https://www.shfe.com.cn/data/tradedata/future/dailydata/kx20260316.dat
2026-03-16,SN2701,SN,384070,384070,370000,377300,375270,388390,42,200,1576.134,SHFE official,https://www.shfe.com.cn/data/tradedata/future/dailydata/kx20260316.dat
2026-03-16,SN2702,SN,380040,380040,370870,378310,375910,386040,29,111,1090.161,SHFE official,https://www.shfe.com.cn/data/tradedata/future/dailydata/kx20260316.dat
2026-03-17,SN2604,SN,379000,385000,373550,375110,379820,372770,222329,31700,8444719.411,SHFE official,https://www.shfe.com.cn/data/tradedata/future/dailydata/kx20260317.dat
2026-03-17,SN2605,SN,380600,385410,373810,375280,380050,372700,78960,24175,3000947.586,SHFE official,https://www.shfe.com.cn/data/tradedata/future/dailydata/kx20260317.dat
2026-03-17,SN2606,SN,378160,385200,373930,375410,379850,372660,25704,14724,976384.347,SHFE official,https://www.shfe.com.cn/data/tradedata/future/dailydata/kx20260317.dat
2026-03-17,SN2607,SN,374860,385170,373990,375670,379610,373640,2997,4666,113770.308,SHFE official,https://www.shfe.com.cn/data/tradedata/future/dailydata/kx20260317.dat
2026-03-17,SN2608,SN,375750,385480,375000,376480,380550,373680,678,1511,25801.609,SHFE official,https://www.shfe.com.cn/data/tradedata/future/dailydata/kx20260317.dat
2026-03-17,SN2609,SN,377220,386380,375320,376840,380590,374400,401,610,15261.779,SHFE official,https://www.shfe.com.cn/data/tradedata/future/dailydata/kx20260317.dat
2026-03-17,SN2610,SN,377500,385630,376400,377080,380640,374160,37,134,1408.4,SHFE official,https://www.shfe.com.cn/data/tradedata/future/dailydata/kx20260317.dat
2026-03-17,SN2611,SN,378760,386530,377430,377730,380170,374820,63,124,2395.083,SHFE official,https://www.shfe.com.cn/data/tradedata/future/dailydata/kx20260317.dat
2026-03-17,SN2612,SN,381670,386600,379030,380000,382610,375980,41,334,1568.701,SHFE official,https://www.shfe.com.cn/data/tradedata/future/dailydata/kx20260317.dat
2026-03-17,SN2701,SN,381830,386500,380000,380000,383410,375270,16,194,613.457,SHFE official,https://www.shfe.com.cn/data/tradedata/future/dailydata/kx20260317.dat
2026-03-17,SN2702,SN,384000,386670,380000,380000,383250,375910,19,122,728.185,SHFE official,https://www.shfe.com.cn/data/tradedata/future/dailydata/kx20260317.dat
2026-03-17,SN2703,SN,,,,376970,376970,375910,0,0,0,SHFE official,https://www.shfe.com.cn/data/tradedata/future/dailydata/kx20260317.dat
2026-03-18,SN2604,SN,373470,377000,364290,370000,370220,379820,198364,30797,7343957.492,SHFE official,https://www.shfe.com.cn/data/tradedata/future/dailydata/kx20260318.dat
2026-03-18,SN2605,SN,374380,377300,364350,370270,370300,380050,75448,24807,2793876.972,SHFE official,https://www.shfe.com.cn/data/tradedata/future/dailydata/kx20260318.dat
2026-03-18,SN2606,SN,372000,377360,364810,370050,370230,379850,25923,14992,959747.467,SHFE official,https://www.shfe.com.cn/data/tradedata/future/dailydata/kx20260318.dat
2026-03-18,SN2607,SN,373550,377370,365440,370170,370650,379610,3730,4881,138255.657,SHFE official,https://www.shfe.com.cn/data/tradedata/future/dailydata/kx20260318.dat
2026-03-18,SN2608,SN,375070,377600,366000,370630,370920,380550,642,1491,23813.701,SHFE official,https://www.shfe.com.cn/data/tradedata/future/dailydata/kx20260318.dat
2026-03-18,SN2609,SN,376150,378290,366620,371640,372260,380590,314,644,11689.218,SHFE official,https://www.shfe.com.cn/data/tradedata/future/dailydata/kx20260318.dat
2026-03-18,SN2610,SN,377840,379700,368320,372090,372340,380640,31,135,1154.282,SHFE official,https://www.shfe.com.cn/data/tradedata/future/dailydata/kx20260318.dat
2026-03-18,SN2611,SN,377300,378520,369740,372210,373000,380170,46,147,1715.845,SHFE official,https://www.shfe.com.cn/data/tradedata/future/dailydata/kx20260318.dat
2026-03-18,SN2612,SN,379570,379920,369160,373880,374850,382610,44,342,1649.371,SHFE official,https://www.shfe.com.cn/data/tradedata/future/dailydata/kx20260318.dat
2026-03-18,SN2701,SN,379990,379990,369910,374180,372280,383410,24,193,893.495,SHFE official,https://www.shfe.com.cn/data/tradedata/future/dailydata/kx20260318.dat
2026-03-18,SN2702,SN,377000,377000,371330,374890,372770,383250,13,117,484.608,SHFE official,https://www.shfe.com.cn/data/tradedata/future/dailydata/kx20260318.dat
2026-03-18,SN2703,SN,377100,381100,377100,381100,379100,376970,2,1,75.82,SHFE official,https://www.shfe.com.cn/data/tradedata/future/dailydata/kx20260318.dat
2026-03-19,SN2604,SN,364100,364280,339730,345730,354000,370220,234003,29801,8283929.488,SHFE official,https://www.shfe.com.cn/data/tradedata/future/dailydata/kx20260319.dat
2026-03-19,SN2605,SN,364010,364490,340000,346020,353920,370300,100891,26041,3570758.045,SHFE official,https://www.shfe.com.cn/data/tradedata/future/dailydata/kx20260319.dat
2026-03-19,SN2606,SN,362970,364990,340430,347000,354090,370230,34808,15749,1232549.304,SHFE official,https://www.shfe.com.cn/data/tradedata/future/dailydata/kx20260319.dat
2026-03-19,SN2607,SN,367160,367160,340830,347030,354850,370650,6593,5722,233957.42,SHFE official,https://www.shfe.com.cn/data/tradedata/future/dailydata/kx20260319.dat
2026-03-19,SN2608,SN,369440,369440,340900,346860,354770,370920,1023,1622,36293.898,SHFE official,https://www.shfe.com.cn/data/tradedata/future/dailydata/kx20260319.dat
2026-03-19,SN2609,SN,364920,365160,341800,347120,354880,372260,815,737,28922.892,SHFE official,https://www.shfe.com.cn/data/tradedata/future/dailydata/kx20260319.dat
2026-03-19,SN2610,SN,359980,362170,342050,346350,353810,372340,125,177,4422.627,SHFE official,https://www.shfe.com.cn/data/tradedata/future/dailydata/kx20260319.dat
2026-03-19,SN2611,SN,360290,364130,343490,348550,355190,373000,41,141,1456.3,SHFE official,https://www.shfe.com.cn/data/tradedata/future/dailydata/kx20260319.dat
2026-03-19,SN2612,SN,362980,366560,344000,345660,354360,374850,143,357,5067.444,SHFE official,https://www.shfe.com.cn/data/tradedata/future/dailydata/kx20260319.dat
2026-03-19,SN2701,SN,362410,366500,344990,348980,356270,372280,85,195,3028.304,SHFE official,https://www.shfe.com.cn/data/tradedata/future/dailydata/kx20260319.dat
2026-03-19,SN2702,SN,366390,366390,345700,345700,356450,372770,39,118,1390.193,SHFE official,https://www.shfe.com.cn/data/tradedata/future/dailydata/kx20260319.dat
2026-03-19,SN2703,SN,361330,361330,347000,347000,353830,379100,4,4,141.533,SHFE official,https://www.shfe.com.cn/data/tradedata/future/dailydata/kx20260319.dat
2026-03-20,SN2604,SN,333980,356490,327200,342480,343290,354000,304523,27184,10454037.981,SHFE official,https://www.shfe.com.cn/data/tradedata/future/dailydata/kx20260320.dat
2026-03-20,SN2605,SN,332990,356890,327350,342710,343460,353920,143773,25589,4938064.413,SHFE official,https://www.shfe.com.cn/data/tradedata/future/dailydata/kx20260320.dat
2026-03-20,SN2606,SN,335000,356660,327800,342530,343510,354090,41630,16207,1430047.056,SHFE official,https://www.shfe.com.cn/data/tradedata/future/dailydata/kx20260320.dat
2026-03-20,SN2607,SN,335000,356890,328000,342930,343880,354850,6185,5897,212694.557,SHFE official,https://www.shfe.com.cn/data/tradedata/future/dailydata/kx20260320.dat
2026-03-20,SN2608,SN,335000,357300,328850,343520,344620,354770,1626,1720,56035.596,SHFE official,https://www.shfe.com.cn/data/tradedata/future/dailydata/kx20260320.dat
2026-03-20,SN2609,SN,335000,357790,328620,344070,341720,354880,854,758,29183.676,SHFE official,https://www.shfe.com.cn/data/tradedata/future/dailydata/kx20260320.dat
2026-03-20,SN2610,SN,332690,355340,330780,343950,338820,353810,72,156,2439.561,SHFE official,https://www.shfe.com.cn/data/tradedata/future/dailydata/kx20260320.dat
2026-03-20,SN2611,SN,340000,355540,331940,345580,339230,355190,39,133,1323.02,SHFE official,https://www.shfe.com.cn/data/tradedata/future/dailydata/kx20260320.dat
2026-03-20,SN2612,SN,335000,359450,332740,344500,342740,354360,140,349,4798.442,SHFE official,https://www.shfe.com.cn/data/tradedata/future/dailydata/kx20260320.dat
2026-03-20,SN2701,SN,334000,359430,332950,345570,338290,356270,102,162,3450.569,SHFE official,https://www.shfe.com.cn/data/tradedata/future/dailydata/kx20260320.dat
2026-03-20,SN2702,SN,336090,360370,332680,347160,339760,356450,104,88,3533.562,SHFE official,https://www.shfe.com.cn/data/tradedata/future/dailydata/kx20260320.dat
2026-03-20,SN2703,SN,,,,347750,347750,353830,0,4,0,SHFE official,https://www.shfe.com.cn/data/tradedata/future/dailydata/kx20260320.dat
2026-03-23,SN2604,SN,345980,347950,322580,328300,338040,343290,268175,24984,9065528.58,SHFE official,https://www.shfe.com.cn/data/tradedata/future/dailydata/kx20260323.dat
2026-03-23,SN2605,SN,345790,348000,322620,327950,337300,343460,131927,25704,4449930.26,SHFE official,https://www.shfe.com.cn/data/tradedata/future/dailydata/kx20260323.dat
2026-03-23,SN2606,SN,344330,348150,322410,327890,336380,343510,43403,15972,1460010.057,SHFE official,https://www.shfe.com.cn/data/tradedata/future/dailydata/kx20260323.dat
2026-03-23,SN2607,SN,345500,348400,323010,328340,336690,343880,9311,5789,313497.723,SHFE official,https://www.shfe.com.cn/data/tradedata/future/dailydata/kx20260323.dat
2026-03-23,SN2608,SN,347940,370500,323260,328590,338030,344620,2272,1868,76800.547,SHFE official,https://www.shfe.com.cn/data/tradedata/future/dailydata/kx20260323.dat
2026-03-23,SN2609,SN,347610,349010,324070,328870,338190,341720,767,791,25939.495,SHFE official,https://www.shfe.com.cn/data/tradedata/future/dailydata/kx20260323.dat
2026-03-23,SN2610,SN,330800,347100,323910,329250,337300,338820,79,146,2664.671,SHFE official,https://www.shfe.com.cn/data/tradedata/future/dailydata/kx20260323.dat
2026-03-23,SN2611,SN,345580,345830,325000,329100,334600,339230,53,120,1773.406,SHFE official,https://www.shfe.com.cn/data/tradedata/future/dailydata/kx20260323.dat
2026-03-23,SN2612,SN,350000,350000,325850,329240,339520,342740,107,326,3632.866,SHFE official,https://www.shfe.com.cn/data/tradedata/future/dailydata/kx20260323.dat
2026-03-23,SN2701,SN,345860,345860,330000,330000,338150,338290,30,155,1014.464,SHFE official,https://www.shfe.com.cn/data/tradedata/future/dailydata/kx20260323.dat
2026-03-23,SN2702,SN,346500,348630,327060,328020,340750,339760,26,84,885.964,SHFE official,https://www.shfe.com.cn/data/tradedata/future/dailydata/kx20260323.dat
2026-03-23,SN2703,SN,336710,336710,336710,336710,336710,347750,1,5,33.671,SHFE official,https://www.shfe.com.cn/data/tradedata/future/dailydata/kx20260323.dat
2026-03-24,SN2604,SN,344200,354390,336830,347970,345820,338040,249342,21087,8622949.809,SHFE official,https://www.shfe.com.cn/data/tradedata/future/dailydata/kx20260324.dat
2026-03-24,SN2605,SN,344890,354520,337210,348440,345910,337300,154988,25242,5361306.881,SHFE official,https://www.shfe.com.cn/data/tradedata/future/dailydata/kx20260324.dat
2026-03-24,SN2606,SN,340000,354300,337010,348340,345140,336380,44860,16506,1548311.906,SHFE official,https://www.shfe.com.cn/data/tradedata/future/dailydata/kx20260324.dat
2026-03-24,SN2607,SN,340590,354300,337230,348040,345730,336690,7417,6151,256433.987,SHFE official,https://www.shfe.com.cn/data/tradedata/future/dailydata/kx20260324.dat
2026-03-24,SN2608,SN,345000,354420,338030,348070,345830,338030,841,1853,29084.509,SHFE official,https://www.shfe.com.cn/data/tradedata/future/dailydata/kx20260324.dat
2026-03-24,SN2609,SN,343600,354600,338110,348630,345810,338190,940,827,32506.927,SHFE official,https://www.shfe.com.cn/data/tradedata/future/dailydata/kx20260324.dat
2026-03-24,SN2610,SN,342010,352280,339380,348500,347240,337300,83,150,2882.099,SHFE official,https://www.shfe.com.cn/data/tradedata/future/dailydata/kx20260324.dat
2026-03-24,SN2611,SN,346100,353010,339800,348340,347410,334600,42,113,1459.143,SHFE official,https://www.shfe.com.cn/data/tradedata/future/dailydata/kx20260324.dat
2026-03-24,SN2612,SN,345000,355890,339500,339500,347620,339520,76,290,2641.958,SHFE official,https://www.shfe.com.cn/data/tradedata/future/dailydata/kx20260324.dat
2026-03-24,SN2701,SN,349550,356370,343180,347200,352010,338150,16,159,563.22,SHFE official,https://www.shfe.com.cn/data/tradedata/future/dailydata/kx20260324.dat
2026-03-24,SN2702,SN,348400,356280,343400,347500,347870,340750,17,76,591.393,SHFE official,https://www.shfe.com.cn/data/tradedata/future/dailydata/kx20260324.dat
2026-03-24,SN2703,SN,344290,344290,344290,344290,344290,336710,1,4,34.429,SHFE official,https://www.shfe.com.cn/data/tradedata/future/dailydata/kx20260324.dat
2026-03-25,SN2604,SN,342970,363000,340730,352430,352250,345820,215643,18892,7596140.511,SHFE official,https://www.shfe.com.cn/data/tradedata/future/dailydata/kx20260325.dat
2026-03-25,SN2605,SN,345980,363800,341000,353200,353130,345910,167378,28684,5910746.573,SHFE official,https://www.shfe.com.cn/data/tradedata/future/dailydata/kx20260325.dat
2026-03-25,SN2606,SN,346030,363860,341190,353560,353390,345140,40814,17158,1442326.922,SHFE official,https://www.shfe.com.cn/data/tradedata/future/dailydata/kx20260325.dat
2026-03-25,SN2607,SN,348040,363610,341220,353100,354020,345730,5547,6406,196375.436,SHFE official,https://www.shfe.com.cn/data/tradedata/future/dailydata/kx20260325.dat
2026-03-25,SN2608,SN,341590,363000,341590,353520,355150,345830,572,1865,20314.757,SHFE official,https://www.shfe.com.cn/data/tradedata/future/dailydata/kx20260325.dat
2026-03-25,SN2609,SN,348630,364000,344410,353980,355910,345810,1104,946,39292.649,SHFE official,https://www.shfe.com.cn/data/tradedata/future/dailydata/kx20260325.dat
2026-03-25,SN2610,SN,343600,363650,343600,355000,353210,347240,34,144,1200.919,SHFE official,https://www.shfe.com.cn/data/tradedata/future/dailydata/kx20260325.dat
2026-03-25,SN2611,SN,348410,364360,346370,354950,357860,347410,26,119,930.437,SHFE official,https://www.shfe.com.cn/data/tradedata/future/dailydata/kx20260325.dat
2026-03-25,SN2612,SN,348140,363670,346850,355670,357290,347620,79,297,2822.627,SHFE official,https://www.shfe.com.cn/data/tradedata/future/dailydata/kx20260325.dat
2026-03-25,SN2701,SN,344300,360970,344300,357820,355730,352010,39,161,1387.38,SHFE official,https://www.shfe.com.cn/data/tradedata/future/dailydata/kx20260325.dat
2026-03-25,SN2702,SN,351880,363120,351880,357420,359530,347870,20,85,719.074,SHFE official,https://www.shfe.com.cn/data/tradedata/future/dailydata/kx20260325.dat
2026-03-25,SN2703,SN,354900,356500,354900,356500,355460,344290,3,5,106.638,SHFE official,https://www.shfe.com.cn/data/tradedata/future/dailydata/kx20260325.dat
2026-03-26,SN2604,SN,354010,357690,345160,348790,352530,352250,145318,14757,5122993.911,SHFE official,https://www.shfe.com.cn/data/tradedata/future/dailydata/kx20260326.dat
2026-03-26,SN2605,SN,354850,358400,345800,349500,352980,353130,149127,30710,5263952.522,SHFE official,https://www.shfe.com.cn/data/tradedata/future/dailydata/kx20260326.dat
2026-03-26,SN2606,SN,356560,358600,346170,349680,352860,353390,30945,17520,1091928.466,SHFE official,https://www.shfe.com.cn/data/tradedata/future/dailydata/kx20260326.dat
2026-03-26,SN2607,SN,356150,358380,346320,349720,352170,354020,2816,6597,99172.657,SHFE official,https://www.shfe.com.cn/data/tradedata/future/dailydata/kx20260326.dat
2026-03-26,SN2608,SN,354580,358200,346450,350300,352910,355150,299,1867,10552.045,SHFE official,https://www.shfe.com.cn/data/tradedata/future/dailydata/kx20260326.dat
2026-03-26,SN2609,SN,355180,359000,347100,350640,354770,355910,791,956,28062.352,SHFE official,https://www.shfe.com.cn/data/tradedata/future/dailydata/kx20260326.dat
2026-03-26,SN2610,SN,357570,357570,352990,353490,355240,353210,11,139,390.766,SHFE official,https://www.shfe.com.cn/data/tradedata/future/dailydata/kx20260326.dat
2026-03-26,SN2611,SN,356790,357350,347530,347530,354750,357860,4,121,141.902,SHFE official,https://www.shfe.com.cn/data/tradedata/future/dailydata/kx20260326.dat
2026-03-26,SN2612,SN,355540,361100,348600,351510,355940,357290,46,294,1637.36,SHFE official,https://www.shfe.com.cn/data/tradedata/future/dailydata/kx20260326.dat
2026-03-26,SN2701,SN,360240,361240,350610,350610,356860,355730,12,161,428.238,SHFE official,https://www.shfe.com.cn/data/tradedata/future/dailydata/kx20260326.dat
2026-03-26,SN2702,SN,351320,353980,349840,353980,351240,359530,4,87,140.498,SHFE official,https://www.shfe.com.cn/data/tradedata/future/dailydata/kx20260326.dat
2026-03-26,SN2703,SN,,,,354420,354420,355460,0,5,0,SHFE official,https://www.shfe.com.cn/data/tradedata/future/dailydata/kx20260326.dat
2026-03-27,SN2604,SN,346690,368600,344550,361330,353550,352530,81965,11196,2897923.159,SHFE official,https://www.shfe.com.cn/data/tradedata/future/dailydata/kx20260327.dat
2026-03-27,SN2605,SN,345910,369950,345340,362460,355780,352980,249565,36711,8879112.858,SHFE official,https://www.shfe.com.cn/data/tradedata/future/dailydata/kx20260327.dat
2026-03-27,SN2606,SN,345000,369810,345000,362720,356730,352860,40416,18705,1441797.341,SHFE official,https://www.shfe.com.cn/data/tradedata/future/dailydata/kx20260327.dat
2026-03-27,SN2607,SN,346710,369290,345870,362700,358480,352170,6078,7254,217884.37,SHFE official,https://www.shfe.com.cn/data/tradedata/future/dailydata/kx20260327.dat
2026-03-27,SN2608,SN,347090,369050,347090,362440,354480,352910,1199,1729,42502.515,SHFE official,https://www.shfe.com.cn/data/tradedata/future/dailydata/kx20260327.dat
2026-03-27,SN2609,SN,347740,369450,346040,362690,356410,354770,768,918,27372.851,SHFE official,https://www.shfe.com.cn/data/tradedata/future/dailydata/kx20260327.dat
2026-03-27,SN2610,SN,350720,366740,350720,363000,360150,355240,9,139,324.142,SHFE official,https://www.shfe.com.cn/data/tradedata/future/dailydata/kx20260327.dat
2026-03-27,SN2611,SN,352400,368240,352320,364040,364090,354750,20,124,728.183,SHFE official,https://www.shfe.com.cn/data/tradedata/future/dailydata/kx20260327.dat
2026-03-27,SN2612,SN,351000,367160,351000,363770,357290,355940,49,300,1750.734,SHFE official,https://www.shfe.com.cn/data/tradedata/future/dailydata/kx20260327.dat
2026-03-27,SN2701,SN,352240,367150,351450,364900,357270,356860,6,161,214.366,SHFE official,https://www.shfe.com.cn/data/tradedata/future/dailydata/kx20260327.dat
2026-03-27,SN2702,SN,351480,369340,349610,367860,355680,351240,36,87,1280.473,SHFE official,https://www.shfe.com.cn/data/tradedata/future/dailydata/kx20260327.dat
2026-03-27,SN2703,SN,360000,360000,360000,360000,360000,354420,1,5,36,SHFE official,https://www.shfe.com.cn/data/tradedata/future/dailydata/kx20260327.dat
2026-03-30,SN2604,SN,352950,371660,352950,369790,363050,353550,43063,8899,1563431.375,SHFE official,https://www.shfe.com.cn/data/tradedata/future/dailydata/kx20260330.dat
2026-03-30,SN2605,SN,357000,372680,356400,370720,364570,355780,266513,39745,9716473.203,SHFE official,https://www.shfe.com.cn/data/tradedata/future/dailydata/kx20260330.dat
2026-03-30,SN2606,SN,357570,373000,356900,370850,364950,356730,43312,19429,1580707.368,SHFE official,https://www.shfe.com.cn/data/tradedata/future/dailydata/kx20260330.dat
2026-03-30,SN2607,SN,356750,372590,356320,371020,365490,358480,6639,7688,242654.631,SHFE official,https://www.shfe.com.cn/data/tradedata/future/dailydata/kx20260330.dat
2026-03-30,SN2608,SN,358560,372810,358560,370400,364530,354480,1196,1840,43598.031,SHFE official,https://www.shfe.com.cn/data/tradedata/future/dailydata/kx20260330.dat
2026-03-30,SN2609,SN,356830,373000,353050,370910,365380,356410,820,923,29961.732,SHFE official,https://www.shfe.com.cn/data/tradedata/future/dailydata/kx20260330.dat
2026-03-30,SN2610,SN,365090,371750,361200,370880,365400,360150,26,134,950.065,SHFE official,https://www.shfe.com.cn/data/tradedata/future/dailydata/kx20260330.dat
2026-03-30,SN2611,SN,362970,372550,362970,371450,369330,364090,48,111,1772.827,SHFE official,https://www.shfe.com.cn/data/tradedata/future/dailydata/kx20260330.dat
2026-03-30,SN2612,SN,364230,374030,361320,374030,367680,357290,28,303,1029.512,SHFE official,https://www.shfe.com.cn/data/tradedata/future/dailydata/kx20260330.dat
2026-03-30,SN2701,SN,364900,373810,361190,373810,365110,357270,9,160,328.599,SHFE official,https://www.shfe.com.cn/data/tradedata/future/dailydata/kx20260330.dat
2026-03-30,SN2702,SN,361080,374490,361080,374200,367700,355680,14,87,514.79,SHFE official,https://www.shfe.com.cn/data/tradedata/future/dailydata/kx20260330.dat
2026-03-30,SN2703,SN,374000,374000,374000,374000,374000,360000,1,6,37.4,SHFE official,https://www.shfe.com.cn/data/tradedata/future/dailydata/kx20260330.dat
2026-03-31,SN2604,SN,372850,374480,363880,367490,368630,363050,17594,6991,648575.374,SHFE official,https://www.shfe.com.cn/data/tradedata/future/dailydata/kx20260331.dat
2026-03-31,SN2605,SN,373000,374770,364900,368000,369270,364570,250458,39048,9248691.715,SHFE official,https://www.shfe.com.cn/data/tradedata/future/dailydata/kx20260331.dat
2026-03-31,SN2606,SN,373000,374910,365140,368300,369520,364950,46155,19340,1705525.404,SHFE official,https://www.shfe.com.cn/data/tradedata/future/dailydata/kx20260331.dat
2026-03-31,SN2607,SN,372900,374560,365000,368370,368880,365490,8337,7741,307543.257,SHFE official,https://www.shfe.com.cn/data/tradedata/future/dailydata/kx20260331.dat
2026-03-31,SN2608,SN,373000,374510,365520,368880,369100,364530,1353,1986,49940.177,SHFE official,https://www.shfe.com.cn/data/tradedata/future/dailydata/kx20260331.dat
2026-03-31,SN2609,SN,373000,375330,366250,368390,369650,365380,723,932,26726.001,SHFE official,https://www.shfe.com.cn/data/tradedata/future/dailydata/kx20260331.dat
2026-03-31,SN2610,SN,370880,374250,367000,367000,369800,365400,17,135,628.673,SHFE official,https://www.shfe.com.cn/data/tradedata/future/dailydata/kx20260331.dat
2026-03-31,SN2611,SN,371450,373320,367100,367180,370460,369330,52,124,1926.408,SHFE official,https://www.shfe.com.cn/data/tradedata/future/dailydata/kx20260331.dat
2026-03-31,SN2612,SN,373570,373570,367590,369190,368780,367680,121,340,4462.345,SHFE official,https://www.shfe.com.cn/data/tradedata/future/dailydata/kx20260331.dat
2026-03-31,SN2701,SN,375480,375480,368980,370600,369830,365110,18,159,665.707,SHFE official,https://www.shfe.com.cn/data/tradedata/future/dailydata/kx20260331.dat
2026-03-31,SN2702,SN,374200,375460,369550,371040,371600,367700,15,87,557.406,SHFE official,https://www.shfe.com.cn/data/tradedata/future/dailydata/kx20260331.dat
2026-03-31,SN2703,SN,,,,371470,371470,374000,0,6,0,SHFE official,https://www.shfe.com.cn/data/tradedata/future/dailydata/kx20260331.dat
2026-04-01,SN2604,SN,367490,376860,365330,374320,371430,368630,2815,6432,104557.8,SHFE official,https://www.shfe.com.cn/data/tradedata/future/dailydata/kx20260401.dat
2026-04-01,SN2605,SN,369490,378400,366210,375210,372160,369270,225356,39547,8387018.79,SHFE official,https://www.shfe.com.cn/data/tradedata/future/dailydata/kx20260401.dat
2026-04-01,SN2606,SN,371670,378440,366540,375500,372620,369520,44618,19503,1662595.634,SHFE official,https://www.shfe.com.cn/data/tradedata/future/dailydata/kx20260401.dat
2026-04-01,SN2607,SN,368610,378490,366510,375720,373380,368880,9347,7766,349003.354,SHFE official,https://www.shfe.com.cn/data/tradedata/future/dailydata/kx20260401.dat
2026-04-01,SN2608,SN,368880,378550,366660,375100,372850,369100,1477,2054,55070.447,SHFE official,https://www.shfe.com.cn/data/tradedata/future/dailydata/kx20260401.dat
2026-04-01,SN2609,SN,368760,378500,367140,375860,373040,369650,612,900,22830.072,SHFE official,https://www.shfe.com.cn/data/tradedata/future/dailydata/kx20260401.dat
2026-04-01,SN2610,SN,370880,376520,370800,375830,374010,369800,21,134,785.427,SHFE official,https://www.shfe.com.cn/data/tradedata/future/dailydata/kx20260401.dat
2026-04-01,SN2611,SN,368390,377080,368350,375550,371290,370460,18,124,668.325,SHFE official,https://www.shfe.com.cn/data/tradedata/future/dailydata/kx20260401.dat
2026-04-01,SN2612,SN,369200,380000,368680,376460,374430,368780,56,349,2096.824,SHFE official,https://www.shfe.com.cn/data/tradedata/future/dailydata/kx20260401.dat
2026-04-01,SN2701,SN,370000,377490,370000,376430,372130,369830,47,185,1749.015,SHFE official,https://www.shfe.com.cn/data/tradedata/future/dailydata/kx20260401.dat
2026-04-01,SN2702,SN,372440,377620,371010,377620,374510,371600,11,86,411.971,SHFE official,https://www.shfe.com.cn/data/tradedata/future/dailydata/kx20260401.dat
2026-04-01,SN2703,SN,376440,378440,376000,376000,377590,371470,7,9,264.315,SHFE official,https://www.shfe.com.cn/data/tradedata/future/dailydata/kx20260401.dat
2026-04-02,SN2604,SN,374320,376340,356700,359710,367220,371430,1794,6072,65880.468,SHFE official,https://www.shfe.com.cn/data/tradedata/future/dailydata/kx20260402.dat
2026-04-02,SN2605,SN,374800,377250,357080,360820,368580,372160,266415,38283,9819597.415,SHFE official,https://www.shfe.com.cn/data/tradedata/future/dailydata/kx20260402.dat
2026-04-02,SN2606,SN,375000,377900,357270,360860,368070,372620,57725,19492,2124691.812,SHFE official,https://www.shfe.com.cn/data/tradedata/future/dailydata/kx20260402.dat
2026-04-02,SN2607,SN,373700,377760,357540,361380,368570,373380,11933,7933,439815.139,SHFE official,https://www.shfe.com.cn/data/tradedata/future/dailydata/kx20260402.dat
2026-04-02,SN2608,SN,377500,377500,357900,361440,370890,372850,2379,2093,88236.648,SHFE official,https://www.shfe.com.cn/data/tradedata/future/dailydata/kx20260402.dat
2026-04-02,SN2609,SN,374960,377840,358030,361640,367820,373040,1024,875,37665.48,SHFE official,https://www.shfe.com.cn/data/tradedata/future/dailydata/kx20260402.dat
2026-04-02,SN2610,SN,373660,377470,358540,362320,366130,374010,69,149,2526.347,SHFE official,https://www.shfe.com.cn/data/tradedata/future/dailydata/kx20260402.dat
2026-04-02,SN2611,SN,377920,377920,360110,362920,366080,371290,61,133,2233.121,SHFE official,https://www.shfe.com.cn/data/tradedata/future/dailydata/kx20260402.dat
2026-04-02,SN2612,SN,377030,377030,360000,363620,364920,374430,175,346,6386.258,SHFE official,https://www.shfe.com.cn/data/tradedata/future/dailydata/kx20260402.dat
2026-04-02,SN2701,SN,376910,378610,361720,364600,369720,372130,58,188,2144.419,SHFE official,https://www.shfe.com.cn/data/tradedata/future/dailydata/kx20260402.dat
2026-04-02,SN2702,SN,378230,378230,362350,363120,373440,374510,29,109,1082.99,SHFE official,https://www.shfe.com.cn/data/tradedata/future/dailydata/kx20260402.dat
2026-04-02,SN2703,SN,366100,366100,365600,365600,365890,377590,4,10,146.358,SHFE official,https://www.shfe.com.cn/data/tradedata/future/dailydata/kx20260402.dat
2026-04-03,SN2604,SN,359620,367530,359370,364580,364320,367220,884,5958,32206.736,SHFE official,https://www.shfe.com.cn/data/tradedata/future/dailydata/kx20260403.dat
2026-04-03,SN2605,SN,358810,368660,358600,365740,365250,368580,204746,35385,7478528.227,SHFE official,https://www.shfe.com.cn/data/tradedata/future/dailydata/kx20260403.dat
2026-04-03,SN2606,SN,358810,368860,358810,365880,365320,368070,44330,19372,1619482.218,SHFE official,https://www.shfe.com.cn/data/tradedata/future/dailydata/kx20260403.dat
2026-04-03,SN2607,SN,360490,368900,359400,366000,365570,368570,7911,8253,289203.985,SHFE official,https://www.shfe.com.cn/data/tradedata/future/dailydata/kx20260403.dat
2026-04-03,SN2608,SN,360900,368820,358500,366370,365840,370890,1064,2084,38926.285,SHFE official,https://www.shfe.com.cn/data/tradedata/future/dailydata/kx20260403.dat
2026-04-03,SN2609,SN,360430,369040,360430,366710,365750,367820,612,910,22384.35,SHFE official,https://www.shfe.com.cn/data/tradedata/future/dailydata/kx20260403.dat
2026-04-03,SN2610,SN,362320,367700,361250,366960,364010,366130,23,147,837.226,SHFE official,https://www.shfe.com.cn/data/tradedata/future/dailydata/kx20260403.dat
2026-04-03,SN2611,SN,362920,368350,362920,368350,364360,366080,15,125,546.545,SHFE official,https://www.shfe.com.cn/data/tradedata/future/dailydata/kx20260403.dat
2026-04-03,SN2612,SN,363620,369080,363000,368460,366090,364920,13,346,475.924,SHFE official,https://www.shfe.com.cn/data/tradedata/future/dailydata/kx20260403.dat
2026-04-03,SN2701,SN,365710,369830,365710,369330,368560,369720,11,185,405.42,SHFE official,https://www.shfe.com.cn/data/tradedata/future/dailydata/kx20260403.dat
2026-04-03,SN2702,SN,368780,368780,368780,368780,368780,373440,1,109,36.878,SHFE official,https://www.shfe.com.cn/data/tradedata/future/dailydata/kx20260403.dat
2026-04-03,SN2703,SN,,,,368450,368450,365890,0,10,0,SHFE official,https://www.shfe.com.cn/data/tradedata/future/dailydata/kx20260403.dat
2026-04-07,SN2604,SN,364580,368500,359920,363320,363970,364320,756,5746,27516.6,SHFE official,https://www.shfe.com.cn/data/tradedata/future/dailydata/kx20260407.dat
2026-04-07,SN2605,SN,363800,369990,360000,363500,364240,365250,114191,35146,4159318.592,SHFE official,https://www.shfe.com.cn/data/tradedata/future/dailydata/kx20260407.dat
2026-04-07,SN2606,SN,365680,370260,360060,363610,364330,365320,30380,19407,1106863.977,SHFE official,https://www.shfe.com.cn/data/tradedata/future/dailydata/kx20260407.dat
2026-04-07,SN2607,SN,364890,370290,360380,363670,364730,365570,5818,8417,212204.524,SHFE official,https://www.shfe.com.cn/data/tradedata/future/dailydata/kx20260407.dat
2026-04-07,SN2608,SN,364910,370120,360720,363800,365000,365840,649,2097,23688.657,SHFE official,https://www.shfe.com.cn/data/tradedata/future/dailydata/kx20260407.dat
2026-04-07,SN2609,SN,365960,369970,361230,364020,364790,365750,398,946,14518.969,SHFE official,https://www.shfe.com.cn/data/tradedata/future/dailydata/kx20260407.dat
2026-04-07,SN2610,SN,366520,367770,363550,364180,365030,364010,34,146,1241.129,SHFE official,https://www.shfe.com.cn/data/tradedata/future/dailydata/kx20260407.dat
2026-04-07,SN2611,SN,368450,368450,364030,365080,365750,364360,9,128,329.183,SHFE official,https://www.shfe.com.cn/data/tradedata/future/dailydata/kx20260407.dat
2026-04-07,SN2612,SN,368820,369760,363830,367140,367740,366090,9,346,330.966,SHFE official,https://www.shfe.com.cn/data/tradedata/future/dailydata/kx20260407.dat
2026-04-07,SN2701,SN,369340,369340,364490,367080,366730,368560,38,185,1393.598,SHFE official,https://www.shfe.com.cn/data/tradedata/future/dailydata/kx20260407.dat
2026-04-07,SN2702,SN,369660,369660,369660,369660,369660,368780,1,109,36.966,SHFE official,https://www.shfe.com.cn/data/tradedata/future/dailydata/kx20260407.dat
2026-04-07,SN2703,SN,,,,368120,368120,368450,0,10,0,SHFE official,https://www.shfe.com.cn/data/tradedata/future/dailydata/kx20260407.dat
2026-04-08,SN2604,SN,365430,380110,362000,377460,373540,363970,1162,5438,43405.996,SHFE official,https://www.shfe.com.cn/data/tradedata/future/dailydata/kx20260408.dat
2026-04-08,SN2605,SN,365500,381680,362060,378990,371570,364240,218146,36661,8105840.15,SHFE official,https://www.shfe.com.cn/data/tradedata/future/dailydata/kx20260408.dat
2026-04-08,SN2606,SN,367000,381720,362060,378900,372240,364330,52066,20839,1938110.699,SHFE official,https://www.shfe.com.cn/data/tradedata/future/dailydata/kx20260408.dat
2026-04-08,SN2607,SN,365000,381390,362200,378570,373460,364730,9713,8624,362748.674,SHFE official,https://www.shfe.com.cn/data/tradedata/future/dailydata/kx20260408.dat
2026-04-08,SN2608,SN,365990,381710,362730,378680,374060,365000,1282,2067,47954.802,SHFE official,https://www.shfe.com.cn/data/tradedata/future/dailydata/kx20260408.dat
2026-04-08,SN2609,SN,368010,381270,363010,378790,373480,364790,852,914,31821.291,SHFE official,https://www.shfe.com.cn/data/tradedata/future/dailydata/kx20260408.dat
2026-04-08,SN2610,SN,370000,380620,363880,379770,375740,365030,82,153,3081.143,SHFE official,https://www.shfe.com.cn/data/tradedata/future/dailydata/kx20260408.dat
2026-04-08,SN2611,SN,368280,381390,364780,379100,377070,365750,42,129,1583.697,SHFE official,https://www.shfe.com.cn/data/tradedata/future/dailydata/kx20260408.dat
2026-04-08,SN2612,SN,368150,383000,364480,380190,374370,367740,71,343,2658.071,SHFE official,https://www.shfe.com.cn/data/tradedata/future/dailydata/kx20260408.dat
2026-04-08,SN2701,SN,369210,381200,364690,380510,371310,366730,72,208,2673.468,SHFE official,https://www.shfe.com.cn/data/tradedata/future/dailydata/kx20260408.dat
2026-04-08,SN2702,SN,371000,382790,371000,382790,379930,369660,13,104,493.91,SHFE official,https://www.shfe.com.cn/data/tradedata/future/dailydata/kx20260408.dat
2026-04-08,SN2703,SN,379620,383600,379620,382100,381770,368120,3,11,114.532,SHFE official,https://www.shfe.com.cn/data/tradedata/future/dailydata/kx20260408.dat
2026-04-09,SN2604,SN,375720,376900,366000,369000,373390,373540,322,5362,12023.196,SHFE official,https://www.shfe.com.cn/data/tradedata/future/dailydata/kx20260409.dat
2026-04-09,SN2605,SN,377700,380470,365540,369390,372780,371570,181766,34851,6776007.781,SHFE official,https://www.shfe.com.cn/data/tradedata/future/dailydata/kx20260409.dat
2026-04-09,SN2606,SN,378000,380500,365800,370090,372800,372240,44539,21845,1660426.696,SHFE official,https://www.shfe.com.cn/data/tradedata/future/dailydata/kx20260409.dat
2026-04-09,SN2607,SN,376800,380110,365710,369690,372280,373460,8918,9159,332000.651,SHFE official,https://www.shfe.com.cn/data/tradedata/future/dailydata/kx20260409.dat
2026-04-09,SN2608,SN,378680,379770,366310,369640,371980,374060,1722,2278,64056.259,SHFE official,https://www.shfe.com.cn/data/tradedata/future/dailydata/kx20260409.dat
2026-04-09,SN2609,SN,379120,380000,366480,369820,372880,373480,529,968,19725.409,SHFE official,https://www.shfe.com.cn/data/tradedata/future/dailydata/kx20260409.dat
2026-04-09,SN2610,SN,376910,377380,368280,370500,372080,375740,60,172,2232.525,SHFE official,https://www.shfe.com.cn/data/tradedata/future/dailydata/kx20260409.dat
2026-04-09,SN2611,SN,377540,377630,369100,370600,373300,377070,13,127,485.301,SHFE official,https://www.shfe.com.cn/data/tradedata/future/dailydata/kx20260409.dat
2026-04-09,SN2612,SN,377980,379240,368710,371180,376430,374370,24,340,903.44,SHFE official,https://www.shfe.com.cn/data/tradedata/future/dailydata/kx20260409.dat
2026-04-09,SN2701,SN,378560,378560,369580,372350,371960,371310,9,206,334.764,SHFE official,https://www.shfe.com.cn/data/tradedata/future/dailydata/kx20260409.dat
2026-04-09,SN2702,SN,379550,379550,372210,373020,374920,379930,8,106,299.942,SHFE official,https://www.shfe.com.cn/data/tradedata/future/dailydata/kx20260409.dat
2026-04-09,SN2703,SN,378350,378350,373210,373210,376630,381770,3,11,112.991,SHFE official,https://www.shfe.com.cn/data/tradedata/future/dailydata/kx20260409.dat
2026-04-10,SN2604,SN,369000,400000,369000,376430,373880,373390,208,5280,7776.852,SHFE official,https://www.shfe.com.cn/data/tradedata/future/dailydata/kx20260410.dat
2026-04-10,SN2605,SN,371000,379500,369400,374790,375330,372780,192518,34398,7225778.79,SHFE official,https://www.shfe.com.cn/data/tradedata/future/dailydata/kx20260410.dat
2026-04-10,SN2606,SN,368690,379770,368690,375180,375660,372800,44602,21992,1675523.39,SHFE official,https://www.shfe.com.cn/data/tradedata/future/dailydata/kx20260410.dat
2026-04-10,SN2607,SN,371450,379580,370010,375170,375700,372280,9474,9322,355941.082,SHFE official,https://www.shfe.com.cn/data/tradedata/future/dailydata/kx20260410.dat
2026-04-10,SN2608,SN,371870,379770,370500,375300,376150,371980,1508,2322,56724.387,SHFE official,https://www.shfe.com.cn/data/tradedata/future/dailydata/kx20260410.dat
2026-04-10,SN2609,SN,372000,379960,370480,375560,375740,372880,387,979,14541.159,SHFE official,https://www.shfe.com.cn/data/tradedata/future/dailydata/kx20260410.dat
2026-04-10,SN2610,SN,373170,381040,373170,381040,377780,372080,16,174,604.449,SHFE official,https://www.shfe.com.cn/data/tradedata/future/dailydata/kx20260410.dat
2026-04-10,SN2611,SN,377300,380750,376590,380750,377840,373300,4,127,151.138,SHFE official,https://www.shfe.com.cn/data/tradedata/future/dailydata/kx20260410.dat
2026-04-10,SN2612,SN,376900,379570,375180,376100,377530,376430,17,334,641.801,SHFE official,https://www.shfe.com.cn/data/tradedata/future/dailydata/kx20260410.dat
2026-04-10,SN2701,SN,378170,381190,376050,376810,377960,371960,26,199,982.72,SHFE official,https://www.shfe.com.cn/data/tradedata/future/dailydata/kx20260410.dat
2026-04-10,SN2702,SN,376390,380720,376390,377510,378410,374920,36,108,1362.297,SHFE official,https://www.shfe.com.cn/data/tradedata/future/dailydata/kx20260410.dat
2026-04-10,SN2703,SN,380320,380320,378670,378670,379490,376630,2,10,75.899,SHFE official,https://www.shfe.com.cn/data/tradedata/future/dailydata/kx20260410.dat
2026-04-13,SN2604,SN,376430,379000,366420,371380,372870,373880,112,5240,4176.2,SHFE official,https://www.shfe.com.cn/data/tradedata/future/dailydata/kx20260413.dat
2026-04-13,SN2605,SN,378500,379500,365800,372060,373520,375330,181634,32539,6784457.343,SHFE official,https://www.shfe.com.cn/data/tradedata/future/dailydata/kx20260413.dat
2026-04-13,SN2606,SN,380000,380000,366340,372390,373410,375660,49202,22858,1837289.554,SHFE official,https://www.shfe.com.cn/data/tradedata/future/dailydata/kx20260413.dat
2026-04-13,SN2607,SN,380000,380000,366420,372400,373120,375700,9026,9850,336783.004,SHFE official,https://www.shfe.com.cn/data/tradedata/future/dailydata/kx20260413.dat
2026-04-13,SN2608,SN,379030,379430,366960,372770,375290,376150,2125,2523,79749.413,SHFE official,https://www.shfe.com.cn/data/tradedata/future/dailydata/kx20260413.dat
2026-04-13,SN2609,SN,377570,379210,367000,373570,374730,375740,683,1016,25594.087,SHFE official,https://www.shfe.com.cn/data/tradedata/future/dailydata/kx20260413.dat
2026-04-13,SN2610,SN,378230,379260,368000,373510,374070,377780,65,196,2431.482,SHFE official,https://www.shfe.com.cn/data/tradedata/future/dailydata/kx20260413.dat
2026-04-13,SN2611,SN,378360,378360,368710,368710,372640,377840,9,125,335.38,SHFE official,https://www.shfe.com.cn/data/tradedata/future/dailydata/kx20260413.dat
2026-04-13,SN2612,SN,380030,380100,368860,374000,374360,377530,59,347,2208.774,SHFE official,https://www.shfe.com.cn/data/tradedata/future/dailydata/kx20260413.dat
2026-04-13,SN2701,SN,380110,380240,370000,374020,373130,377960,78,191,2910.474,SHFE official,https://www.shfe.com.cn/data/tradedata/future/dailydata/kx20260413.dat
2026-04-13,SN2702,SN,382260,382400,370000,374990,375790,378410,66,109,2480.221,SHFE official,https://www.shfe.com.cn/data/tradedata/future/dailydata/kx20260413.dat
2026-04-13,SN2703,SN,380920,381000,375000,375000,378290,379490,6,9,226.978,SHFE official,https://www.shfe.com.cn/data/tradedata/future/dailydata/kx20260413.dat
2026-04-14,SN2604,SN,373500,385410,373500,381590,381110,372870,68,5242,2591.58,SHFE official,https://www.shfe.com.cn/data/tradedata/future/dailydata/kx20260414.dat
2026-04-14,SN2605,SN,372370,386000,371010,382930,378350,373520,205829,32711,7787683.681,SHFE official,https://www.shfe.com.cn/data/tradedata/future/dailydata/kx20260414.dat
2026-04-14,SN2606,SN,373680,386350,371410,383300,378940,373410,61270,23875,2321768.496,SHFE official,https://www.shfe.com.cn/data/tradedata/future/dailydata/kx20260414.dat
2026-04-14,SN2607,SN,373140,386500,371530,383260,379540,373120,11633,9837,441524.523,SHFE official,https://www.shfe.com.cn/data/tradedata/future/dailydata/kx20260414.dat
2026-04-14,SN2608,SN,374240,386340,371740,383510,379920,375290,2681,2672,101857.517,SHFE official,https://www.shfe.com.cn/data/tradedata/future/dailydata/kx20260414.dat
2026-04-14,SN2609,SN,373570,386440,372040,383740,381560,374730,1211,1186,46207.619,SHFE official,https://www.shfe.com.cn/data/tradedata/future/dailydata/kx20260414.dat
2026-04-14,SN2610,SN,373510,386520,373510,382080,381730,374070,44,193,1679.647,SHFE official,https://www.shfe.com.cn/data/tradedata/future/dailydata/kx20260414.dat
2026-04-14,SN2611,SN,368710,386470,368710,384000,380830,372640,22,127,837.831,SHFE official,https://www.shfe.com.cn/data/tradedata/future/dailydata/kx20260414.dat
2026-04-14,SN2612,SN,373460,387300,373460,384410,381760,374360,44,342,1679.756,SHFE official,https://www.shfe.com.cn/data/tradedata/future/dailydata/kx20260414.dat
2026-04-14,SN2701,SN,376440,386710,376440,383390,381690,373130,10,190,381.698,SHFE official,https://www.shfe.com.cn/data/tradedata/future/dailydata/kx20260414.dat
2026-04-14,SN2702,SN,374990,387420,374990,382680,382940,375790,86,128,3293.342,SHFE official,https://www.shfe.com.cn/data/tradedata/future/dailydata/kx20260414.dat
2026-04-14,SN2703,SN,376770,387470,376770,387470,379400,378290,11,14,417.345,SHFE official,https://www.shfe.com.cn/data/tradedata/future/dailydata/kx20260414.dat
2026-04-15,SN2604,SN,386000,398000,384920,393800,394860,381110,154,5216,6080.906,SHFE official,https://www.shfe.com.cn/data/tradedata/future/dailydata/kx20260415.dat
2026-04-15,SN2605,SN,386760,398410,384790,388870,391540,378350,256687,33287,10050464.27,SHFE official,https://www.shfe.com.cn/data/tradedata/future/dailydata/kx20260415.dat
2026-04-15,SN2606,SN,386310,398850,385230,389370,392000,378940,78510,26311,3077602.362,SHFE official,https://www.shfe.com.cn/data/tradedata/future/dailydata/kx20260415.dat
2026-04-15,SN2607,SN,389780,398950,385270,389320,391830,379540,16282,10462,637990.333,SHFE official,https://www.shfe.com.cn/data/tradedata/future/dailydata/kx20260415.dat
2026-04-15,SN2608,SN,387080,398800,385280,389210,391960,379920,4310,3146,168937.545,SHFE official,https://www.shfe.com.cn/data/tradedata/future/dailydata/kx20260415.dat
2026-04-15,SN2609,SN,387140,398600,385590,389310,392170,381560,2416,1381,94749.564,SHFE official,https://www.shfe.com.cn/data/tradedata/future/dailydata/kx20260415.dat
2026-04-15,SN2610,SN,389000,398560,386160,390090,392140,381730,182,212,7137.098,SHFE official,https://www.shfe.com.cn/data/tradedata/future/dailydata/kx20260415.dat
2026-04-15,SN2611,SN,386920,398450,386920,389980,392650,380830,66,127,2591.495,SHFE official,https://www.shfe.com.cn/data/tradedata/future/dailydata/kx20260415.dat
2026-04-15,SN2612,SN,388000,398710,387600,389820,391510,381760,226,332,8848.305,SHFE official,https://www.shfe.com.cn/data/tradedata/future/dailydata/kx20260415.dat
2026-04-15,SN2701,SN,388810,399380,388810,391530,393460,381690,77,205,3029.668,SHFE official,https://www.shfe.com.cn/data/tradedata/future/dailydata/kx20260415.dat
2026-04-15,SN2702,SN,388070,398910,388070,391450,393070,382940,75,149,2948.077,SHFE official,https://www.shfe.com.cn/data/tradedata/future/dailydata/kx20260415.dat
2026-04-15,SN2703,SN,391430,398880,389720,390360,391970,379400,47,47,1842.294,SHFE official,https://www.shfe.com.cn/data/tradedata/future/dailydata/kx20260415.dat
2026-04-16,SN2605,SN,389800,392870,385730,391260,389620,391540,193465,32077,7537837.463,SHFE official,https://www.shfe.com.cn/data/tradedata/future/dailydata/kx20260416.dat
2026-04-16,SN2606,SN,391500,393310,386200,391970,390190,392000,59862,26288,2335760.689,SHFE official,https://www.shfe.com.cn/data/tradedata/future/dailydata/kx20260416.dat
2026-04-16,SN2607,SN,390120,393220,386160,391910,390020,391830,10568,10860,412179.098,SHFE official,https://www.shfe.com.cn/data/tradedata/future/dailydata/kx20260416.dat
2026-04-16,SN2608,SN,390830,392910,386200,391730,389980,391960,3040,3421,118556.021,SHFE official,https://www.shfe.com.cn/data/tradedata/future/dailydata/kx20260416.dat
2026-04-16,SN2609,SN,390350,393060,386220,391550,390280,392170,1608,1687,62757.866,SHFE official,https://www.shfe.com.cn/data/tradedata/future/dailydata/kx20260416.dat
2026-04-16,SN2610,SN,390800,392720,387000,392720,389330,392140,50,227,1946.651,SHFE official,https://www.shfe.com.cn/data/tradedata/future/dailydata/kx20260416.dat
2026-04-16,SN2611,SN,392690,392740,386310,392740,389600,392650,15,126,584.402,SHFE official,https://www.shfe.com.cn/data/tradedata/future/dailydata/kx20260416.dat
2026-04-16,SN2612,SN,392800,393040,387130,392440,390840,391510,28,333,1094.353,SHFE official,https://www.shfe.com.cn/data/tradedata/future/dailydata/kx20260416.dat
2026-04-16,SN2701,SN,388360,391880,388360,391880,389900,393460,16,208,623.851,SHFE official,https://www.shfe.com.cn/data/tradedata/future/dailydata/kx20260416.dat
2026-04-16,SN2702,SN,387600,393350,387600,393350,391060,393070,10,148,391.062,SHFE official,https://www.shfe.com.cn/data/tradedata/future/dailydata/kx20260416.dat
2026-04-16,SN2703,SN,391960,393910,387090,393190,391890,391970,10,46,391.891,SHFE official,https://www.shfe.com.cn/data/tradedata/future/dailydata/kx20260416.dat
2026-04-16,SN2704,SN,385710,388640,385710,388640,387170,391970,2,1,77.435,SHFE official,https://www.shfe.com.cn/data/tradedata/future/dailydata/kx20260416.dat
2026-04-17,SN2605,SN,389000,392880,386000,390660,390040,389620,178952,29891,6979927.134,SHFE official,https://www.shfe.com.cn/data/tradedata/future/dailydata/kx20260417.dat
2026-04-17,SN2606,SN,391000,393280,386500,391200,390560,390190,62159,27494,2427719.388,SHFE official,https://www.shfe.com.cn/data/tradedata/future/dailydata/kx20260417.dat
2026-04-17,SN2607,SN,391110,393310,386610,391120,390400,390020,10158,11294,396575.973,SHFE official,https://www.shfe.com.cn/data/tradedata/future/dailydata/kx20260417.dat
2026-04-17,SN2608,SN,390230,392960,386660,390720,390010,389980,3391,3951,132254.217,SHFE official,https://www.shfe.com.cn/data/tradedata/future/dailydata/kx20260417.dat
2026-04-17,SN2609,SN,390000,393000,386800,390990,390440,390280,891,1735,34788.938,SHFE official,https://www.shfe.com.cn/data/tradedata/future/dailydata/kx20260417.dat
2026-04-17,SN2610,SN,391500,392460,389280,391160,390610,389330,17,231,664.052,SHFE official,https://www.shfe.com.cn/data/tradedata/future/dailydata/kx20260417.dat
2026-04-17,SN2611,SN,391410,393380,389630,391600,391090,389600,9,125,351.986,SHFE official,https://www.shfe.com.cn/data/tradedata/future/dailydata/kx20260417.dat
2026-04-17,SN2612,SN,391800,392270,387130,390580,390570,390840,14,339,546.799,SHFE official,https://www.shfe.com.cn/data/tradedata/future/dailydata/kx20260417.dat
2026-04-17,SN2701,SN,392910,392910,391300,391330,391840,389900,3,208,117.554,SHFE official,https://www.shfe.com.cn/data/tradedata/future/dailydata/kx20260417.dat
2026-04-17,SN2702,SN,390870,393720,390870,392070,391800,391060,15,151,587.711,SHFE official,https://www.shfe.com.cn/data/tradedata/future/dailydata/kx20260417.dat
2026-04-17,SN2703,SN,389230,391570,389230,391570,390400,391890,2,47,78.08,SHFE official,https://www.shfe.com.cn/data/tradedata/future/dailydata/kx20260417.dat
2026-04-17,SN2704,SN,,,,389460,389460,387170,0,1,0,SHFE official,https://www.shfe.com.cn/data/tradedata/future/dailydata/kx20260417.dat
2026-04-20,SN2605,SN,393000,399400,386730,390880,393090,390040,183422,28656,7210258.884,SHFE official,https://www.shfe.com.cn/data/tradedata/future/dailydata/kx20260420.dat
2026-04-20,SN2606,SN,395390,399700,387280,391500,393430,390560,73913,28684,2908023.823,SHFE official,https://www.shfe.com.cn/data/tradedata/future/dailydata/kx20260420.dat
2026-04-20,SN2607,SN,394000,399590,387200,391350,393230,390400,12148,11655,477703.344,SHFE official,https://www.shfe.com.cn/data/tradedata/future/dailydata/kx20260420.dat
2026-04-20,SN2608,SN,394380,399700,387620,391570,393210,390010,3751,4323,147495.085,SHFE official,https://www.shfe.com.cn/data/tradedata/future/dailydata/kx20260420.dat
2026-04-20,SN2609,SN,396980,399660,387750,391390,393850,390440,1724,1908,67900.011,SHFE official,https://www.shfe.com.cn/data/tradedata/future/dailydata/kx20260420.dat
2026-04-20,SN2610,SN,399230,400300,388650,391650,392870,390610,130,294,5107.311,SHFE official,https://www.shfe.com.cn/data/tradedata/future/dailydata/kx20260420.dat
2026-04-20,SN2611,SN,396400,396410,388710,391230,390640,391090,30,142,1171.937,SHFE official,https://www.shfe.com.cn/data/tradedata/future/dailydata/kx20260420.dat
2026-04-20,SN2612,SN,399000,400000,388900,390000,395010,390570,47,333,1856.584,SHFE official,https://www.shfe.com.cn/data/tradedata/future/dailydata/kx20260420.dat
2026-04-20,SN2701,SN,399000,400500,390460,392910,398320,391840,21,219,836.473,SHFE official,https://www.shfe.com.cn/data/tradedata/future/dailydata/kx20260420.dat
2026-04-20,SN2702,SN,400000,400000,388870,391860,393400,391800,14,153,550.763,SHFE official,https://www.shfe.com.cn/data/tradedata/future/dailydata/kx20260420.dat
2026-04-20,SN2703,SN,393770,394210,393770,394210,393990,390400,2,46,78.798,SHFE official,https://www.shfe.com.cn/data/tradedata/future/dailydata/kx20260420.dat
2026-04-20,SN2704,SN,,,,389460,389460,389460,0,1,0,SHFE official,https://www.shfe.com.cn/data/tradedata/future/dailydata/kx20260420.dat
2026-04-21,SN2605,SN,392890,398950,390660,392300,394990,393090,180129,26101,7114928.905,SHFE official,https://www.shfe.com.cn/data/tradedata/future/dailydata/kx20260421.dat
2026-04-21,SN2606,SN,392600,399600,391400,393090,395620,393430,88135,31934,3486844.122,SHFE official,https://www.shfe.com.cn/data/tradedata/future/dailydata/kx20260421.dat
2026-04-21,SN2607,SN,392760,399710,391500,393110,395640,393230,15900,12692,629076.664,SHFE official,https://www.shfe.com.cn/data/tradedata/future/dailydata/kx20260421.dat
2026-04-21,SN2608,SN,393310,399350,391550,393020,396020,393210,3667,4485,145223.074,SHFE official,https://www.shfe.com.cn/data/tradedata/future/dailydata/kx20260421.dat
2026-04-21,SN2609,SN,393430,399090,391550,393140,395690,393850,1462,1826,57850.146,SHFE official,https://www.shfe.com.cn/data/tradedata/future/dailydata/kx20260421.dat
2026-04-21,SN2610,SN,393670,399600,392980,393130,395340,392870,78,321,3083.692,SHFE official,https://www.shfe.com.cn/data/tradedata/future/dailydata/kx20260421.dat
2026-04-21,SN2611,SN,396560,396760,393770,393920,395290,390640,9,143,355.765,SHFE official,https://www.shfe.com.cn/data/tradedata/future/dailydata/kx20260421.dat
2026-04-21,SN2612,SN,394610,397720,392600,392960,394620,395010,56,329,2209.879,SHFE official,https://www.shfe.com.cn/data/tradedata/future/dailydata/kx20260421.dat
2026-04-21,SN2701,SN,395400,399300,392600,393120,396980,398320,23,220,913.068,SHFE official,https://www.shfe.com.cn/data/tradedata/future/dailydata/kx20260421.dat
2026-04-21,SN2702,SN,396180,400210,393000,393000,396770,393400,20,155,793.556,SHFE official,https://www.shfe.com.cn/data/tradedata/future/dailydata/kx20260421.dat
2026-04-21,SN2703,SN,396080,396080,392550,392550,394310,393990,2,47,78.863,SHFE official,https://www.shfe.com.cn/data/tradedata/future/dailydata/kx20260421.dat
2026-04-21,SN2704,SN,,,,389460,389460,389460,0,1,0,SHFE official,https://www.shfe.com.cn/data/tradedata/future/dailydata/kx20260421.dat
2026-04-22,SN2605,SN,395000,395470,387010,394060,391630,394990,142861,24120,5594996.451,SHFE official,https://www.shfe.com.cn/data/tradedata/future/dailydata/kx20260422.dat
2026-04-22,SN2606,SN,396490,396490,387720,394920,392430,395620,78030,34026,3062185.113,SHFE official,https://www.shfe.com.cn/data/tradedata/future/dailydata/kx20260422.dat
2026-04-22,SN2607,SN,396000,396000,388000,394910,392690,395640,12333,13093,484314.669,SHFE official,https://www.shfe.com.cn/data/tradedata/future/dailydata/kx20260422.dat
2026-04-22,SN2608,SN,395880,395880,387650,394820,392190,396020,2746,4728,107698.067,SHFE official,https://www.shfe.com.cn/data/tradedata/future/dailydata/kx20260422.dat
2026-04-22,SN2609,SN,395000,395530,388110,394750,392550,395690,613,1794,24063.362,SHFE official,https://www.shfe.com.cn/data/tradedata/future/dailydata/kx20260422.dat
2026-04-22,SN2610,SN,395010,395390,390050,395390,393310,395340,80,336,3146.534,SHFE official,https://www.shfe.com.cn/data/tradedata/future/dailydata/kx20260422.dat
2026-04-22,SN2611,SN,393140,394830,393140,394830,394190,395290,8,144,315.353,SHFE official,https://www.shfe.com.cn/data/tradedata/future/dailydata/kx20260422.dat
2026-04-22,SN2612,SN,392960,395510,390000,395440,393680,394620,30,328,1181.051,SHFE official,https://www.shfe.com.cn/data/tradedata/future/dailydata/kx20260422.dat
2026-04-22,SN2701,SN,394830,394830,389980,394600,393070,396980,10,220,393.071,SHFE official,https://www.shfe.com.cn/data/tradedata/future/dailydata/kx20260422.dat
2026-04-22,SN2702,SN,390430,394920,388200,394920,390880,396770,5,154,195.44,SHFE official,https://www.shfe.com.cn/data/tradedata/future/dailydata/kx20260422.dat
2026-04-22,SN2703,SN,,,,394480,394480,394310,0,47,0,SHFE official,https://www.shfe.com.cn/data/tradedata/future/dailydata/kx20260422.dat
2026-04-22,SN2704,SN,398590,398590,398590,398590,398590,389460,1,2,39.859,SHFE official,https://www.shfe.com.cn/data/tradedata/future/dailydata/kx20260422.dat
2026-04-23,SN2605,SN,392060,395760,384600,390730,391070,391630,137466,19207,5375971.161,SHFE official,https://www.shfe.com.cn/data/tradedata/future/dailydata/kx20260423.dat
2026-04-23,SN2606,SN,392500,396740,385500,391230,391770,392430,105971,35269,4151688.883,SHFE official,https://www.shfe.com.cn/data/tradedata/future/dailydata/kx20260423.dat
2026-04-23,SN2607,SN,394030,396770,386040,391970,391710,392690,17481,14566,684758.649,SHFE official,https://www.shfe.com.cn/data/tradedata/future/dailydata/kx20260423.dat
2026-04-23,SN2608,SN,393700,396500,385990,391480,391240,392190,2647,5101,103561.991,SHFE official,https://www.shfe.com.cn/data/tradedata/future/dailydata/kx20260423.dat
2026-04-23,SN2609,SN,393750,396350,386140,391500,391710,392550,1150,1854,45047.544,SHFE official,https://www.shfe.com.cn/data/tradedata/future/dailydata/kx20260423.dat
2026-04-23,SN2610,SN,396430,396430,386690,392020,390290,393310,39,336,1522.157,SHFE official,https://www.shfe.com.cn/data/tradedata/future/dailydata/kx20260423.dat
2026-04-23,SN2611,SN,395420,395420,388120,391480,392140,394190,42,127,1646.991,SHFE official,https://www.shfe.com.cn/data/tradedata/future/dailydata/kx20260423.dat
2026-04-23,SN2612,SN,393140,395470,387460,392140,391680,393680,25,325,979.207,SHFE official,https://www.shfe.com.cn/data/tradedata/future/dailydata/kx20260423.dat
2026-04-23,SN2701,SN,393330,395500,387350,387350,393140,393070,13,220,511.082,SHFE official,https://www.shfe.com.cn/data/tradedata/future/dailydata/kx20260423.dat
2026-04-23,SN2702,SN,393300,395050,388620,392200,392520,390880,14,148,549.532,SHFE official,https://www.shfe.com.cn/data/tradedata/future/dailydata/kx20260423.dat
2026-04-23,SN2703,SN,391080,392250,387010,392250,388210,394480,43,19,1669.34,SHFE official,https://www.shfe.com.cn/data/tradedata/future/dailydata/kx20260423.dat
2026-04-23,SN2704,SN,,,,398550,398550,398590,0,2,0,SHFE official,https://www.shfe.com.cn/data/tradedata/future/dailydata/kx20260423.dat
2026-04-24,SN2605,SN,393040,393890,386120,387630,390340,391070,107870,17058,4210664.411,SHFE official,https://www.shfe.com.cn/data/tradedata/future/dailydata/kx20260424.dat
2026-04-24,SN2606,SN,394000,394500,386800,388600,391040,391770,106784,36599,4175682.195,SHFE official,https://www.shfe.com.cn/data/tradedata/future/dailydata/kx20260424.dat
2026-04-24,SN2607,SN,394210,394890,387220,389030,391270,391710,15412,14943,603026.194,SHFE official,https://www.shfe.com.cn/data/tradedata/future/dailydata/kx20260424.dat
2026-04-24,SN2608,SN,395080,395080,387170,388830,391080,391240,2944,5271,115136.357,SHFE official,https://www.shfe.com.cn/data/tradedata/future/dailydata/kx20260424.dat
2026-04-24,SN2609,SN,393500,394780,387280,389080,391290,391710,1153,1710,45116.058,SHFE official,https://www.shfe.com.cn/data/tradedata/future/dailydata/kx20260424.dat
2026-04-24,SN2610,SN,394850,394850,387650,387650,391620,390290,74,329,2898.06,SHFE official,https://www.shfe.com.cn/data/tradedata/future/dailydata/kx20260424.dat
2026-04-24,SN2611,SN,394710,394710,389140,389140,391500,392140,27,125,1057.052,SHFE official,https://www.shfe.com.cn/data/tradedata/future/dailydata/kx20260424.dat
2026-04-24,SN2612,SN,393380,393380,387770,388280,391640,391680,36,319,1409.909,SHFE official,https://www.shfe.com.cn/data/tradedata/future/dailydata/kx20260424.dat
2026-04-24,SN2701,SN,394000,394000,389300,389460,391960,393140,31,222,1215.082,SHFE official,https://www.shfe.com.cn/data/tradedata/future/dailydata/kx20260424.dat
2026-04-24,SN2702,SN,392530,392530,388380,388380,392240,392520,81,113,3177.188,SHFE official,https://www.shfe.com.cn/data/tradedata/future/dailydata/kx20260424.dat
2026-04-24,SN2703,SN,392550,393280,388770,389080,390760,388210,13,13,508,SHFE official,https://www.shfe.com.cn/data/tradedata/future/dailydata/kx20260424.dat
2026-04-24,SN2704,SN,396070,396070,390730,390730,393550,398550,7,2,275.49,SHFE official,https://www.shfe.com.cn/data/tradedata/future/dailydata/kx20260424.dat
2026-04-27,SN2605,SN,389130,393700,389050,391290,391590,390340,74370,12799,2912329.117,SHFE official,https://www.shfe.com.cn/data/tradedata/future/dailydata/kx20260427.dat
2026-04-27,SN2606,SN,390780,394650,389940,392290,392470,391040,129380,39069,5077885.415,SHFE official,https://www.shfe.com.cn/data/tradedata/future/dailydata/kx20260427.dat
2026-04-27,SN2607,SN,390880,394800,390190,392440,392710,391270,17222,14525,676337.285,SHFE official,https://www.shfe.com.cn/data/tradedata/future/dailydata/kx20260427.dat
2026-04-27,SN2608,SN,390610,394720,390170,392270,392750,391080,3432,5186,134794.352,SHFE official,https://www.shfe.com.cn/data/tradedata/future/dailydata/kx20260427.dat
2026-04-27,SN2609,SN,389080,394620,389080,392250,392610,391290,756,1737,29682.049,SHFE official,https://www.shfe.com.cn/data/tradedata/future/dailydata/kx20260427.dat
2026-04-27,SN2610,SN,391410,394850,391410,392040,392960,391620,25,335,982.405,SHFE official,https://www.shfe.com.cn/data/tradedata/future/dailydata/kx20260427.dat
2026-04-27,SN2611,SN,392470,393470,392420,393470,392910,391500,11,120,432.202,SHFE official,https://www.shfe.com.cn/data/tradedata/future/dailydata/kx20260427.dat
2026-04-27,SN2612,SN,392750,394600,391000,392320,393020,391640,14,318,550.233,SHFE official,https://www.shfe.com.cn/data/tradedata/future/dailydata/kx20260427.dat
2026-04-27,SN2701,SN,392600,394600,390900,392710,392840,391960,19,215,746.403,SHFE official,https://www.shfe.com.cn/data/tradedata/future/dailydata/kx20260427.dat
2026-04-27,SN2702,SN,392450,394200,390720,392640,392340,392240,17,114,666.978,SHFE official,https://www.shfe.com.cn/data/tradedata/future/dailydata/kx20260427.dat
2026-04-27,SN2703,SN,393800,393800,393340,393340,393570,390760,2,13,78.714,SHFE official,https://www.shfe.com.cn/data/tradedata/future/dailydata/kx20260427.dat
2026-04-27,SN2704,SN,,,,393550,393550,393550,0,2,0,SHFE official,https://www.shfe.com.cn/data/tradedata/future/dailydata/kx20260427.dat
2026-04-28,SN2605,SN,388520,391500,379850,383630,385020,391590,45485,8261,1751281.717,SHFE official,https://www.shfe.com.cn/data/tradedata/future/dailydata/kx20260428.dat
2026-04-28,SN2606,SN,392310,392510,380660,384600,385460,392470,187538,39956,7228902.238,SHFE official,https://www.shfe.com.cn/data/tradedata/future/dailydata/kx20260428.dat
2026-04-28,SN2607,SN,392990,392990,381150,385060,385780,392710,22620,15733,872648.997,SHFE official,https://www.shfe.com.cn/data/tradedata/future/dailydata/kx20260428.dat
2026-04-28,SN2608,SN,391500,392190,381210,385060,385400,392750,4389,5746,169155.44,SHFE official,https://www.shfe.com.cn/data/tradedata/future/dailydata/kx20260428.dat
2026-04-28,SN2609,SN,391000,392490,381230,385160,385650,392610,1656,1877,63864.791,SHFE official,https://www.shfe.com.cn/data/tradedata/future/dailydata/kx20260428.dat
2026-04-28,SN2610,SN,392550,392550,382560,385180,387100,392960,87,342,3367.841,SHFE official,https://www.shfe.com.cn/data/tradedata/future/dailydata/kx20260428.dat
2026-04-28,SN2611,SN,393470,393470,383420,385590,386570,392910,13,120,502.551,SHFE official,https://www.shfe.com.cn/data/tradedata/future/dailydata/kx20260428.dat
2026-04-28,SN2612,SN,391590,391590,382000,384820,385650,393020,34,318,1311.23,SHFE official,https://www.shfe.com.cn/data/tradedata/future/dailydata/kx20260428.dat
2026-04-28,SN2701,SN,388440,388440,382000,386080,384700,392840,15,219,577.051,SHFE official,https://www.shfe.com.cn/data/tradedata/future/dailydata/kx20260428.dat
2026-04-28,SN2702,SN,391330,391330,381880,383750,384990,392340,11,112,423.495,SHFE official,https://www.shfe.com.cn/data/tradedata/future/dailydata/kx20260428.dat
2026-04-28,SN2703,SN,392180,392180,383060,385000,387730,393570,5,15,193.866,SHFE official,https://www.shfe.com.cn/data/tradedata/future/dailydata/kx20260428.dat
2026-04-28,SN2704,SN,391700,391700,379410,380820,384460,393550,5,4,192.234,SHFE official,https://www.shfe.com.cn/data/tradedata/future/dailydata/kx20260428.dat
2026-04-29,SN2605,SN,381840,388040,379200,387280,382880,385020,19508,6601,746940.656,SHFE official,https://www.shfe.com.cn/data/tradedata/future/dailydata/kx20260429.dat
2026-04-29,SN2606,SN,383050,388940,380110,388300,384190,385460,153966,41062,5915242.84,SHFE official,https://www.shfe.com.cn/data/tradedata/future/dailydata/kx20260429.dat
2026-04-29,SN2607,SN,383750,389300,380570,388510,384810,385780,18037,16133,694094.413,SHFE official,https://www.shfe.com.cn/data/tradedata/future/dailydata/kx20260429.dat
2026-04-29,SN2608,SN,382350,389250,380660,388590,385040,385400,4555,5976,175386.987,SHFE official,https://www.shfe.com.cn/data/tradedata/future/dailydata/kx20260429.dat
2026-04-29,SN2609,SN,383020,389290,380820,388460,385690,385650,1201,1950,46321.41,SHFE official,https://www.shfe.com.cn/data/tradedata/future/dailydata/kx20260429.dat
2026-04-29,SN2610,SN,382220,388900,380740,388700,384780,387100,39,344,1500.65,SHFE official,https://www.shfe.com.cn/data/tradedata/future/dailydata/kx20260429.dat
2026-04-29,SN2611,SN,381500,388850,381500,388850,385510,386570,11,118,424.064,SHFE official,https://www.shfe.com.cn/data/tradedata/future/dailydata/kx20260429.dat
2026-04-29,SN2612,SN,381650,388460,381650,388440,385510,385650,86,291,3315.444,SHFE official,https://www.shfe.com.cn/data/tradedata/future/dailydata/kx20260429.dat
2026-04-29,SN2701,SN,381480,388940,381480,388940,385560,384700,34,207,1310.932,SHFE official,https://www.shfe.com.cn/data/tradedata/future/dailydata/kx20260429.dat
2026-04-29,SN2702,SN,381210,387800,381000,387800,385200,384990,10,112,385.204,SHFE official,https://www.shfe.com.cn/data/tradedata/future/dailydata/kx20260429.dat
2026-04-29,SN2703,SN,381770,383440,381770,383440,382770,387730,4,13,153.109,SHFE official,https://www.shfe.com.cn/data/tradedata/future/dailydata/kx20260429.dat
2026-04-29,SN2704,SN,384170,384170,383560,383560,383860,384460,2,3,76.773,SHFE official,https://www.shfe.com.cn/data/tradedata/future/dailydata/kx20260429.dat
2026-04-30,SN2605,SN,384570,386700,377630,386000,382380,382880,11056,5142,422763.082,SHFE official,https://www.shfe.com.cn/data/tradedata/future/dailydata/kx20260430.dat
2026-04-30,SN2606,SN,385510,387690,378500,387370,383270,384190,182304,38310,6987223.888,SHFE official,https://www.shfe.com.cn/data/tradedata/future/dailydata/kx20260430.dat
2026-04-30,SN2607,SN,385510,388120,379040,387660,384190,384810,21479,16724,825218.25,SHFE official,https://www.shfe.com.cn/data/tradedata/future/dailydata/kx20260430.dat
2026-04-30,SN2608,SN,387290,388010,379070,387870,384010,385040,4003,6139,153721.298,SHFE official,https://www.shfe.com.cn/data/tradedata/future/dailydata/kx20260430.dat
2026-04-30,SN2609,SN,386100,388000,379170,387830,384100,385690,1612,2034,61917.613,SHFE official,https://www.shfe.com.cn/data/tradedata/future/dailydata/kx20260430.dat
2026-04-30,SN2610,SN,379920,388400,379620,388400,385740,384780,71,340,2738.767,SHFE official,https://www.shfe.com.cn/data/tradedata/future/dailydata/kx20260430.dat
2026-04-30,SN2611,SN,379880,387160,379610,385230,383990,385510,9,119,345.596,SHFE official,https://www.shfe.com.cn/data/tradedata/future/dailydata/kx20260430.dat
2026-04-30,SN2612,SN,381000,386400,379020,386170,383690,385510,27,286,1035.963,SHFE official,https://www.shfe.com.cn/data/tradedata/future/dailydata/kx20260430.dat
2026-04-30,SN2701,SN,385460,386800,379500,386470,383400,385560,22,203,843.495,SHFE official,https://www.shfe.com.cn/data/tradedata/future/dailydata/kx20260430.dat
2026-04-30,SN2702,SN,380000,385480,379000,385340,383240,385200,15,112,574.867,SHFE official,https://www.shfe.com.cn/data/tradedata/future/dailydata/kx20260430.dat
2026-04-30,SN2703,SN,381000,386130,380760,386130,382320,382770,6,14,229.395,SHFE official,https://www.shfe.com.cn/data/tradedata/future/dailydata/kx20260430.dat
2026-04-30,SN2704,SN,381490,387960,381490,387960,384720,383860,2,3,76.945,SHFE official,https://www.shfe.com.cn/data/tradedata/future/dailydata/kx20260430.dat
2026-05-06,SN2605,SN,390520,416020,390000,414700,402800,382380,2846,4374,114638.598,SHFE official,https://www.shfe.com.cn/data/tradedata/future/dailydata/kx20260506.dat
2026-05-06,SN2606,SN,392400,416970,390870,415370,404870,383270,174856,49343,7079434.303,SHFE official,https://www.shfe.com.cn/data/tradedata/future/dailydata/kx20260506.dat
2026-05-06,SN2607,SN,390000,417280,390000,415590,404720,384190,35706,18810,1445117.441,SHFE official,https://www.shfe.com.cn/data/tradedata/future/dailydata/kx20260506.dat
2026-05-06,SN2608,SN,391390,416910,391350,415430,404220,384010,9444,6226,381748.72,SHFE official,https://www.shfe.com.cn/data/tradedata/future/dailydata/kx20260506.dat
2026-05-06,SN2609,SN,392000,416390,391140,414640,406220,384100,5311,3552,215743.619,SHFE official,https://www.shfe.com.cn/data/tradedata/future/dailydata/kx20260506.dat
2026-05-06,SN2610,SN,393710,415800,392600,414390,406680,385740,313,434,12729.13,SHFE official,https://www.shfe.com.cn/data/tradedata/future/dailydata/kx20260506.dat
2026-05-06,SN2611,SN,393230,415150,393230,414100,405510,383990,66,113,2676.411,SHFE official,https://www.shfe.com.cn/data/tradedata/future/dailydata/kx20260506.dat
2026-05-06,SN2612,SN,392090,414550,392090,413070,406600,383690,191,358,7766.123,SHFE official,https://www.shfe.com.cn/data/tradedata/future/dailydata/kx20260506.dat
2026-05-06,SN2701,SN,397330,414020,396030,414000,405320,383400,115,235,4661.18,SHFE official,https://www.shfe.com.cn/data/tradedata/future/dailydata/kx20260506.dat
2026-05-06,SN2702,SN,392070,413190,392070,412340,403490,383240,72,161,2905.134,SHFE official,https://www.shfe.com.cn/data/tradedata/future/dailydata/kx20260506.dat
2026-05-06,SN2703,SN,394680,413330,394070,413330,397390,382320,33,40,1311.397,SHFE official,https://www.shfe.com.cn/data/tradedata/future/dailydata/kx20260506.dat
2026-05-06,SN2704,SN,398440,410200,398440,410200,404320,384720,2,3,80.864,SHFE official,https://www.shfe.com.cn/data/tradedata/future/dailydata/kx20260506.dat
2026-05-07,SN2605,SN,418600,427250,414510,420160,420500,402800,1972,4130,82922.734,SHFE official,https://www.shfe.com.cn/data/tradedata/future/dailydata/kx20260507.dat
2026-05-07,SN2606,SN,416500,428470,415270,421500,421310,404870,314914,52027,13267699.617,SHFE official,https://www.shfe.com.cn/data/tradedata/future/dailydata/kx20260507.dat
2026-05-07,SN2607,SN,416100,428870,415610,421910,421590,404720,62087,22057,2617544.491,SHFE official,https://www.shfe.com.cn/data/tradedata/future/dailydata/kx20260507.dat
2026-05-07,SN2608,SN,416520,428690,415260,421450,420860,404220,14477,7610,609279.609,SHFE official,https://www.shfe.com.cn/data/tradedata/future/dailydata/kx20260507.dat
2026-05-07,SN2609,SN,415000,428100,414990,420920,420330,406220,7263,4220,305287.418,SHFE official,https://www.shfe.com.cn/data/tradedata/future/dailydata/kx20260507.dat
2026-05-07,SN2610,SN,415850,426690,415440,421180,419480,406680,603,520,25294.753,SHFE official,https://www.shfe.com.cn/data/tradedata/future/dailydata/kx20260507.dat
2026-05-07,SN2611,SN,415320,425050,415320,419460,419350,405510,73,126,3061.256,SHFE official,https://www.shfe.com.cn/data/tradedata/future/dailydata/kx20260507.dat
2026-05-07,SN2612,SN,414960,425000,414960,421570,420490,406600,321,389,13497.79,SHFE official,https://www.shfe.com.cn/data/tradedata/future/dailydata/kx20260507.dat
2026-05-07,SN2701,SN,415920,426310,415000,420900,419740,405320,95,238,3987.544,SHFE official,https://www.shfe.com.cn/data/tradedata/future/dailydata/kx20260507.dat
2026-05-07,SN2702,SN,415040,424830,414800,420420,418100,403490,194,217,8111.257,SHFE official,https://www.shfe.com.cn/data/tradedata/future/dailydata/kx20260507.dat
2026-05-07,SN2703,SN,419270,422960,416950,420620,419610,397390,23,42,965.122,SHFE official,https://www.shfe.com.cn/data/tradedata/future/dailydata/kx20260507.dat
2026-05-07,SN2704,SN,422910,424750,417340,417340,421660,404320,3,5,126.5,SHFE official,https://www.shfe.com.cn/data/tradedata/future/dailydata/kx20260507.dat
2026-05-08,SN2605,SN,422410,429360,421020,424050,424890,420500,1146,3760,48692.562,SHFE official,https://www.shfe.com.cn/data/tradedata/future/dailydata/kx20260508.dat
2026-05-08,SN2606,SN,428000,430690,421530,425960,426250,421310,275844,53940,11758000.074,SHFE official,https://www.shfe.com.cn/data/tradedata/future/dailydata/kx20260508.dat
2026-05-08,SN2607,SN,425910,430770,422000,426370,426650,421590,54329,23623,2317953.826,SHFE official,https://www.shfe.com.cn/data/tradedata/future/dailydata/kx20260508.dat
2026-05-08,SN2608,SN,424890,430350,421580,425970,426410,420860,13740,8516,585892.141,SHFE official,https://www.shfe.com.cn/data/tradedata/future/dailydata/kx20260508.dat
2026-05-08,SN2609,SN,427220,429880,421510,425580,426070,420330,6361,4731,271026.484,SHFE official,https://www.shfe.com.cn/data/tradedata/future/dailydata/kx20260508.dat
2026-05-08,SN2610,SN,427300,430120,420940,425850,426170,419480,240,537,10228.27,SHFE official,https://www.shfe.com.cn/data/tradedata/future/dailydata/kx20260508.dat
2026-05-08,SN2611,SN,419460,428890,419460,425670,425300,419350,15,127,637.963,SHFE official,https://www.shfe.com.cn/data/tradedata/future/dailydata/kx20260508.dat
2026-05-08,SN2612,SN,425620,428660,421500,423230,425100,420490,80,392,3400.843,SHFE official,https://www.shfe.com.cn/data/tradedata/future/dailydata/kx20260508.dat
2026-05-08,SN2701,SN,425840,428160,421500,423920,425010,419740,37,240,1572.566,SHFE official,https://www.shfe.com.cn/data/tradedata/future/dailydata/kx20260508.dat
2026-05-08,SN2702,SN,427520,427900,421670,424390,425460,418100,25,215,1063.653,SHFE official,https://www.shfe.com.cn/data/tradedata/future/dailydata/kx20260508.dat
2026-05-08,SN2703,SN,426680,426680,421100,424240,424240,419610,10,45,424.24,SHFE official,https://www.shfe.com.cn/data/tradedata/future/dailydata/kx20260508.dat
2026-05-08,SN2704,SN,424100,425600,424100,425600,424530,421660,4,8,169.813,SHFE official,https://www.shfe.com.cn/data/tradedata/future/dailydata/kx20260508.dat
2026-05-11,SN2605,SN,421850,430640,418580,422390,425670,424890,110,3730,4682.384,SHFE official,https://www.shfe.com.cn/data/tradedata/future/dailydata/kx20260511.dat
2026-05-11,SN2606,SN,425670,432690,418200,423310,423910,426250,276721,50824,11730593.366,SHFE official,https://www.shfe.com.cn/data/tradedata/future/dailydata/kx20260511.dat
2026-05-11,SN2607,SN,426300,433210,418800,423930,424680,426650,61987,25236,2632494.531,SHFE official,https://www.shfe.com.cn/data/tradedata/future/dailydata/kx20260511.dat
2026-05-11,SN2608,SN,425680,433200,418700,423830,424580,426410,16470,9364,699298.993,SHFE official,https://www.shfe.com.cn/data/tradedata/future/dailydata/kx20260511.dat
2026-05-11,SN2609,SN,425260,432900,418530,423330,424820,426070,8546,5183,363058.687,SHFE official,https://www.shfe.com.cn/data/tradedata/future/dailydata/kx20260511.dat
2026-05-11,SN2610,SN,424620,433160,418500,423390,424520,426170,495,567,21013.795,SHFE official,https://www.shfe.com.cn/data/tradedata/future/dailydata/kx20260511.dat
2026-05-11,SN2611,SN,420980,430710,419490,423440,424360,425300,55,135,2334.033,SHFE official,https://www.shfe.com.cn/data/tradedata/future/dailydata/kx20260511.dat
2026-05-11,SN2612,SN,423660,430870,417500,423170,423890,425100,147,400,6231.232,SHFE official,https://www.shfe.com.cn/data/tradedata/future/dailydata/kx20260511.dat
2026-05-11,SN2701,SN,420000,431000,417980,422550,423130,425010,42,235,1777.164,SHFE official,https://www.shfe.com.cn/data/tradedata/future/dailydata/kx20260511.dat
2026-05-11,SN2702,SN,418010,430780,418000,423500,424310,425460,48,213,2036.723,SHFE official,https://www.shfe.com.cn/data/tradedata/future/dailydata/kx20260511.dat
2026-05-11,SN2703,SN,418000,428170,418000,422160,424300,424240,19,52,806.176,SHFE official,https://www.shfe.com.cn/data/tradedata/future/dailydata/kx20260511.dat
2026-05-11,SN2704,SN,423360,423360,419620,419620,420870,424530,4,12,168.349,SHFE official,https://www.shfe.com.cn/data/tradedata/future/dailydata/kx20260511.dat
2026-05-12,SN2605,SN,422390,437000,422390,423370,425820,425670,102,3712,4343.454,SHFE official,https://www.shfe.com.cn/data/tradedata/future/dailydata/kx20260512.dat
2026-05-12,SN2606,SN,429500,439970,422800,425060,431160,423910,309991,50035,13365609.719,SHFE official,https://www.shfe.com.cn/data/tradedata/future/dailydata/kx20260512.dat
2026-05-12,SN2607,SN,428500,440790,423500,425630,431780,424680,70686,27287,3052132.85,SHFE official,https://www.shfe.com.cn/data/tradedata/future/dailydata/kx20260512.dat
2026-05-12,SN2608,SN,430000,440440,423390,425700,431370,424580,17832,10315,769227.663,SHFE official,https://www.shfe.com.cn/data/tradedata/future/dailydata/kx20260512.dat
2026-05-12,SN2609,SN,428160,440000,423350,425410,431220,424820,7237,5675,312080.449,SHFE official,https://www.shfe.com.cn/data/tradedata/future/dailydata/kx20260512.dat
2026-05-12,SN2610,SN,428500,438690,423830,424800,430090,424520,627,595,26966.815,SHFE official,https://www.shfe.com.cn/data/tradedata/future/dailydata/kx20260512.dat
2026-05-12,SN2611,SN,430000,435500,423690,423950,429640,424360,64,152,2749.72,SHFE official,https://www.shfe.com.cn/data/tradedata/future/dailydata/kx20260512.dat
2026-05-12,SN2612,SN,428180,437860,423000,423090,429170,423890,158,397,6780.919,SHFE official,https://www.shfe.com.cn/data/tradedata/future/dailydata/kx20260512.dat
2026-05-12,SN2701,SN,428970,438070,423020,423020,429530,423130,73,228,3135.584,SHFE official,https://www.shfe.com.cn/data/tradedata/future/dailydata/kx20260512.dat
2026-05-12,SN2702,SN,428470,436500,424680,424680,429080,424310,27,214,1158.542,SHFE official,https://www.shfe.com.cn/data/tradedata/future/dailydata/kx20260512.dat
2026-05-12,SN2703,SN,427320,428290,423210,423770,424940,424300,37,59,1572.295,SHFE official,https://www.shfe.com.cn/data/tradedata/future/dailydata/kx20260512.dat
2026-05-12,SN2704,SN,429900,433750,421310,421310,429410,420870,7,16,300.589,SHFE official,https://www.shfe.com.cn/data/tradedata/future/dailydata/kx20260512.dat
2026-05-13,SN2605,SN,426460,433300,426460,433300,431690,425820,104,3684,4489.664,SHFE official,https://www.shfe.com.cn/data/tradedata/future/dailydata/kx20260513.dat
2026-05-13,SN2606,SN,427560,435000,424350,434410,429820,431160,263036,51686,11305952.243,SHFE official,https://www.shfe.com.cn/data/tradedata/future/dailydata/kx20260513.dat
2026-05-13,SN2607,SN,427550,435660,425130,435070,430770,431780,62240,28476,2681120.358,SHFE official,https://www.shfe.com.cn/data/tradedata/future/dailydata/kx20260513.dat
2026-05-13,SN2608,SN,428100,435730,425230,435300,430890,431370,15729,10923,677752.825,SHFE official,https://www.shfe.com.cn/data/tradedata/future/dailydata/kx20260513.dat
2026-05-13,SN2609,SN,426900,435630,425290,435250,431030,431220,5979,6134,257715.005,SHFE official,https://www.shfe.com.cn/data/tradedata/future/dailydata/kx20260513.dat
2026-05-13,SN2610,SN,428420,434780,425500,434780,430420,430090,163,602,7016.006,SHFE official,https://www.shfe.com.cn/data/tradedata/future/dailydata/kx20260513.dat
2026-05-13,SN2611,SN,429030,433920,426000,433920,431150,429640,14,149,603.619,SHFE official,https://www.shfe.com.cn/data/tradedata/future/dailydata/kx20260513.dat
2026-05-13,SN2612,SN,427010,434500,424500,433780,430240,429170,121,411,5206.01,SHFE official,https://www.shfe.com.cn/data/tradedata/future/dailydata/kx20260513.dat
2026-05-13,SN2701,SN,428200,433520,424000,433520,429070,429530,53,227,2274.114,SHFE official,https://www.shfe.com.cn/data/tradedata/future/dailydata/kx20260513.dat
2026-05-13,SN2702,SN,428580,433300,425000,432040,429750,429080,14,213,601.65,SHFE official,https://www.shfe.com.cn/data/tradedata/future/dailydata/kx20260513.dat
2026-05-13,SN2703,SN,428230,432870,425230,432870,429040,424940,8,58,343.237,SHFE official,https://www.shfe.com.cn/data/tradedata/future/dailydata/kx20260513.dat
2026-05-13,SN2704,SN,433000,433000,432240,433000,432740,429410,3,16,129.824,SHFE official,https://www.shfe.com.cn/data/tradedata/future/dailydata/kx20260513.dat
2026-05-14,SN2605,SN,435500,435500,424800,425700,429610,431690,206,3684,8849.992,SHFE official,https://www.shfe.com.cn/data/tradedata/future/dailydata/kx20260514.dat
2026-05-14,SN2606,SN,434000,440590,423770,426970,433690,429820,294621,46520,12777515.711,SHFE official,https://www.shfe.com.cn/data/tradedata/future/dailydata/kx20260514.dat
2026-05-14,SN2607,SN,435000,441000,424590,427580,433930,430770,71435,28848,3099815.15,SHFE official,https://www.shfe.com.cn/data/tradedata/future/dailydata/kx20260514.dat
2026-05-14,SN2608,SN,435460,441000,424840,428010,434370,430890,20034,11438,870220.759,SHFE official,https://www.shfe.com.cn/data/tradedata/future/dailydata/kx20260514.dat
2026-05-14,SN2609,SN,434360,440810,425000,428000,434390,431030,7424,6374,322491.333,SHFE official,https://www.shfe.com.cn/data/tradedata/future/dailydata/kx20260514.dat
2026-05-14,SN2610,SN,434780,440930,425000,428520,432460,430420,501,742,21666.409,SHFE official,https://www.shfe.com.cn/data/tradedata/future/dailydata/kx20260514.dat
2026-05-14,SN2611,SN,433920,438570,425000,426090,434870,431150,86,140,3739.93,SHFE official,https://www.shfe.com.cn/data/tradedata/future/dailydata/kx20260514.dat
2026-05-14,SN2612,SN,436060,438640,424000,426640,433090,430240,243,397,10524.165,SHFE official,https://www.shfe.com.cn/data/tradedata/future/dailydata/kx20260514.dat
2026-05-14,SN2701,SN,432250,438750,423030,425710,431910,429070,200,205,8638.374,SHFE official,https://www.shfe.com.cn/data/tradedata/future/dailydata/kx20260514.dat
2026-05-14,SN2702,SN,431870,438020,423000,425340,432490,429750,164,181,7092.932,SHFE official,https://www.shfe.com.cn/data/tradedata/future/dailydata/kx20260514.dat
2026-05-14,SN2703,SN,435110,437090,424560,426450,432550,429040,62,57,2681.818,SHFE official,https://www.shfe.com.cn/data/tradedata/future/dailydata/kx20260514.dat
2026-05-14,SN2704,SN,436430,436430,421360,425680,427230,432740,10,16,427.23,SHFE official,https://www.shfe.com.cn/data/tradedata/future/dailydata/kx20260514.dat
2026-05-15,SN2605,SN,423230,423600,409400,411200,418780,429610,130,3598,5444.22,SHFE official,https://www.shfe.com.cn/data/tradedata/future/dailydata/kx20260515.dat
2026-05-15,SN2606,SN,430020,430020,408540,409060,421270,433690,297116,39213,12516810.165,SHFE official,https://www.shfe.com.cn/data/tradedata/future/dailydata/kx20260515.dat
2026-05-15,SN2607,SN,430100,430700,409310,409850,421710,433930,83486,26739,3520696.942,SHFE official,https://www.shfe.com.cn/data/tradedata/future/dailydata/kx20260515.dat
2026-05-15,SN2608,SN,431000,431000,409480,409810,421190,434370,21036,11019,886018.067,SHFE official,https://www.shfe.com.cn/data/tradedata/future/dailydata/kx20260515.dat
2026-05-15,SN2609,SN,431100,431100,409820,410040,419850,434390,9705,5765,407472.169,SHFE official,https://www.shfe.com.cn/data/tradedata/future/dailydata/kx20260515.dat
2026-05-15,SN2610,SN,430980,430980,410470,410480,419980,432460,563,778,23644.92,SHFE official,https://www.shfe.com.cn/data/tradedata/future/dailydata/kx20260515.dat
2026-05-15,SN2611,SN,428170,428540,409670,409670,421590,434870,60,152,2529.58,SHFE official,https://www.shfe.com.cn/data/tradedata/future/dailydata/kx20260515.dat
2026-05-15,SN2612,SN,428400,428470,409500,409500,418680,433090,251,324,10509.103,SHFE official,https://www.shfe.com.cn/data/tradedata/future/dailydata/kx20260515.dat
2026-05-15,SN2701,SN,426020,427620,409500,410150,418580,431910,193,142,8078.744,SHFE official,https://www.shfe.com.cn/data/tradedata/future/dailydata/kx20260515.dat
2026-05-15,SN2702,SN,426850,427230,409000,409360,418770,432490,76,145,3182.68,SHFE official,https://www.shfe.com.cn/data/tradedata/future/dailydata/kx20260515.dat
2026-05-15,SN2703,SN,426820,426820,409600,409600,419160,432550,27,54,1131.74,SHFE official,https://www.shfe.com.cn/data/tradedata/future/dailydata/kx20260515.dat
2026-05-15,SN2704,SN,421530,423880,409280,410260,417660,427230,18,14,751.793,SHFE official,https://www.shfe.com.cn/data/tradedata/future/dailydata/kx20260515.dat
2026-05-18,SN2606,SN,405600,411840,401200,410420,406920,421270,231764,36404,9431098.509,SHFE official,https://www.shfe.com.cn/data/tradedata/future/dailydata/kx20260518.dat
2026-05-18,SN2607,SN,409740,412760,402000,411200,407660,421710,68034,28431,2773489.613,SHFE official,https://www.shfe.com.cn/data/tradedata/future/dailydata/kx20260518.dat
2026-05-18,SN2608,SN,408500,413000,402350,411450,407620,421190,16297,11606,664305.642,SHFE official,https://www.shfe.com.cn/data/tradedata/future/dailydata/kx20260518.dat
2026-05-18,SN2609,SN,408000,413090,402590,411860,408300,419850,7824,5642,319455.142,SHFE official,https://www.shfe.com.cn/data/tradedata/future/dailydata/kx20260518.dat
2026-05-18,SN2610,SN,410480,413200,403000,412350,408790,419980,430,882,17578.062,SHFE official,https://www.shfe.com.cn/data/tradedata/future/dailydata/kx20260518.dat
2026-05-18,SN2611,SN,409560,412800,402500,412620,408310,421590,72,156,2939.839,SHFE official,https://www.shfe.com.cn/data/tradedata/future/dailydata/kx20260518.dat
2026-05-18,SN2612,SN,408500,412090,402340,411390,407730,418680,150,307,6116.081,SHFE official,https://www.shfe.com.cn/data/tradedata/future/dailydata/kx20260518.dat
2026-05-18,SN2701,SN,408500,412300,401500,411450,406940,418580,97,133,3947.327,SHFE official,https://www.shfe.com.cn/data/tradedata/future/dailydata/kx20260518.dat
2026-05-18,SN2702,SN,407000,411800,401880,411660,407220,418770,43,144,1751.076,SHFE official,https://www.shfe.com.cn/data/tradedata/future/dailydata/kx20260518.dat
2026-05-18,SN2703,SN,404150,409810,400000,409810,406950,419160,14,57,569.741,SHFE official,https://www.shfe.com.cn/data/tradedata/future/dailydata/kx20260518.dat
2026-05-18,SN2704,SN,408180,408180,408180,408180,408180,417660,1,14,40.818,SHFE official,https://www.shfe.com.cn/data/tradedata/future/dailydata/kx20260518.dat
2026-05-18,SN2705,SN,,,,416520,416520,417660,0,0,0,SHFE official,https://www.shfe.com.cn/data/tradedata/future/dailydata/kx20260518.dat
2026-05-19,SN2606,SN,413990,416000,403040,409640,409340,406920,203131,32772,8315012.209,SHFE official,https://www.shfe.com.cn/data/tradedata/future/dailydata/kx20260519.dat
2026-05-19,SN2607,SN,414900,417000,403940,410520,410200,407660,60001,28879,2461256.965,SHFE official,https://www.shfe.com.cn/data/tradedata/future/dailydata/kx20260519.dat
2026-05-19,SN2608,SN,415000,417260,404340,410800,410590,407620,13369,12047,548927.537,SHFE official,https://www.shfe.com.cn/data/tradedata/future/dailydata/kx20260519.dat
2026-05-19,SN2609,SN,414440,417280,404580,410920,410160,408300,5448,6132,223456.919,SHFE official,https://www.shfe.com.cn/data/tradedata/future/dailydata/kx20260519.dat
2026-05-19,SN2610,SN,417050,417050,404820,411370,411270,408790,382,931,15710.695,SHFE official,https://www.shfe.com.cn/data/tradedata/future/dailydata/kx20260519.dat
2026-05-19,SN2611,SN,414290,414950,405890,410670,412760,408310,351,191,14488.175,SHFE official,https://www.shfe.com.cn/data/tradedata/future/dailydata/kx20260519.dat
2026-05-19,SN2612,SN,414300,414300,405460,411240,412270,407730,249,322,10265.589,SHFE official,https://www.shfe.com.cn/data/tradedata/future/dailydata/kx20260519.dat
2026-05-19,SN2701,SN,414200,414280,405830,410190,412100,406940,34,129,1401.169,SHFE official,https://www.shfe.com.cn/data/tradedata/future/dailydata/kx20260519.dat
2026-05-19,SN2702,SN,413000,413300,404880,411040,410370,407220,50,150,2051.868,SHFE official,https://www.shfe.com.cn/data/tradedata/future/dailydata/kx20260519.dat
2026-05-19,SN2703,SN,413820,413820,406450,411590,411400,406950,102,123,4196.351,SHFE official,https://www.shfe.com.cn/data/tradedata/future/dailydata/kx20260519.dat
2026-05-19,SN2704,SN,412500,412500,408180,409300,409890,408180,22,25,901.779,SHFE official,https://www.shfe.com.cn/data/tradedata/future/dailydata/kx20260519.dat
2026-05-19,SN2705,SN,,,,414740,414740,416520,0,0,0,SHFE official,https://www.shfe.com.cn/data/tradedata/future/dailydata/kx20260519.dat
2026-05-20,SN2606,SN,410880,417880,400300,417720,405780,409340,233753,31249,9485328.407,SHFE official,https://www.shfe.com.cn/data/tradedata/future/dailydata/kx20260520.dat
2026-05-20,SN2607,SN,410990,418660,401190,418650,406920,410200,82308,29643,3349309.65,SHFE official,https://www.shfe.com.cn/data/tradedata/future/dailydata/kx20260520.dat
2026-05-20,SN2608,SN,411360,419150,401670,419010,407270,410590,20675,12374,842038.071,SHFE official,https://www.shfe.com.cn/data/tradedata/future/dailydata/kx20260520.dat
2026-05-20,SN2609,SN,409600,419500,401970,419120,407770,410160,9156,6430,373356.186,SHFE official,https://www.shfe.com.cn/data/tradedata/future/dailydata/kx20260520.dat
2026-05-20,SN2610,SN,412360,419550,402960,419210,407460,411270,480,964,19558.476,SHFE official,https://www.shfe.com.cn/data/tradedata/future/dailydata/kx20260520.dat
2026-05-20,SN2611,SN,410880,419770,403680,419770,408580,412760,63,193,2574.09,SHFE official,https://www.shfe.com.cn/data/tradedata/future/dailydata/kx20260520.dat
2026-05-20,SN2612,SN,408580,419520,403100,419520,407870,412270,63,332,2569.589,SHFE official,https://www.shfe.com.cn/data/tradedata/future/dailydata/kx20260520.dat
2026-05-20,SN2701,SN,408500,419120,403870,419120,408000,412100,46,132,1876.818,SHFE official,https://www.shfe.com.cn/data/tradedata/future/dailydata/kx20260520.dat
2026-05-20,SN2702,SN,411700,419150,404410,419150,407880,410370,16,147,652.619,SHFE official,https://www.shfe.com.cn/data/tradedata/future/dailydata/kx20260520.dat
2026-05-20,SN2703,SN,409830,411470,404200,411470,407130,411400,18,119,732.84,SHFE official,https://www.shfe.com.cn/data/tradedata/future/dailydata/kx20260520.dat
2026-05-20,SN2704,SN,404800,410740,404110,410340,405350,409890,25,27,1013.385,SHFE official,https://www.shfe.com.cn/data/tradedata/future/dailydata/kx20260520.dat
2026-05-20,SN2705,SN,,,,414740,414740,414740,0,0,0,SHFE official,https://www.shfe.com.cn/data/tradedata/future/dailydata/kx20260520.dat
2026-05-21,SN2606,SN,420510,425400,411230,413110,419660,405780,259359,27524,10884347.222,SHFE official,https://www.shfe.com.cn/data/tradedata/future/dailydata/kx20260521.dat
2026-05-21,SN2607,SN,422880,426260,412290,414110,420480,406920,100597,31186,4229942.533,SHFE official,https://www.shfe.com.cn/data/tradedata/future/dailydata/kx20260521.dat
2026-05-21,SN2608,SN,421000,426500,412850,414590,420740,407270,24523,12928,1031782.103,SHFE official,https://www.shfe.com.cn/data/tradedata/future/dailydata/kx20260521.dat
2026-05-21,SN2609,SN,421390,426530,413000,414750,420790,407770,10496,6790,441666.826,SHFE official,https://www.shfe.com.cn/data/tradedata/future/dailydata/kx20260521.dat
2026-05-21,SN2610,SN,421420,426780,413800,415340,421450,407460,652,1109,27479.109,SHFE official,https://www.shfe.com.cn/data/tradedata/future/dailydata/kx20260521.dat
2026-05-21,SN2611,SN,423540,425800,413840,414610,420040,408580,65,190,2730.31,SHFE official,https://www.shfe.com.cn/data/tradedata/future/dailydata/kx20260521.dat
2026-05-21,SN2612,SN,422790,425720,413840,415030,421260,407870,61,332,2569.692,SHFE official,https://www.shfe.com.cn/data/tradedata/future/dailydata/kx20260521.dat
2026-05-21,SN2701,SN,420600,426260,414000,415110,420380,408000,93,154,3909.596,SHFE official,https://www.shfe.com.cn/data/tradedata/future/dailydata/kx20260521.dat
2026-05-21,SN2702,SN,421180,426660,415250,415250,422540,407880,16,148,676.077,SHFE official,https://www.shfe.com.cn/data/tradedata/future/dailydata/kx20260521.dat
2026-05-21,SN2703,SN,422220,423510,414750,414750,419580,407130,11,118,461.538,SHFE official,https://www.shfe.com.cn/data/tradedata/future/dailydata/kx20260521.dat
2026-05-21,SN2704,SN,423910,423910,414250,414250,418280,405350,18,35,752.912,SHFE official,https://www.shfe.com.cn/data/tradedata/future/dailydata/kx20260521.dat
2026-05-21,SN2705,SN,420000,420280,420000,420280,420010,414740,21,20,882.028,SHFE official,https://www.shfe.com.cn/data/tradedata/future/dailydata/kx20260521.dat
2026-05-22,SN2606,SN,414000,422990,412130,421320,417450,419660,194874,26857,8135106.53,SHFE official,https://www.shfe.com.cn/data/tradedata/future/dailydata/kx20260522.dat
2026-05-22,SN2607,SN,415900,424000,412800,422320,418810,420480,89122,36736,3732563.144,SHFE official,https://www.shfe.com.cn/data/tradedata/future/dailydata/kx20260522.dat
2026-05-22,SN2608,SN,415210,424380,413480,422800,419550,420740,19881,13988,834111.842,SHFE official,https://www.shfe.com.cn/data/tradedata/future/dailydata/kx20260522.dat
2026-05-22,SN2609,SN,416500,424380,413780,422980,419230,420790,9389,7135,393620.228,SHFE official,https://www.shfe.com.cn/data/tradedata/future/dailydata/kx20260522.dat
2026-05-22,SN2610,SN,415200,424360,414490,422720,417860,421450,575,1145,24027.289,SHFE official,https://www.shfe.com.cn/data/tradedata/future/dailydata/kx20260522.dat
2026-05-22,SN2611,SN,415250,424300,415250,421370,420650,420040,69,167,2902.503,SHFE official,https://www.shfe.com.cn/data/tradedata/future/dailydata/kx20260522.dat
2026-05-22,SN2612,SN,414360,423990,414360,422490,419680,421260,74,313,3105.645,SHFE official,https://www.shfe.com.cn/data/tradedata/future/dailydata/kx20260522.dat
2026-05-22,SN2701,SN,416410,424700,415500,422620,420550,420380,32,149,1345.765,SHFE official,https://www.shfe.com.cn/data/tradedata/future/dailydata/kx20260522.dat
2026-05-22,SN2702,SN,416280,423380,414080,421190,419590,422540,19,149,797.231,SHFE official,https://www.shfe.com.cn/data/tradedata/future/dailydata/kx20260522.dat
2026-05-22,SN2703,SN,415960,424080,415960,422030,421960,419580,13,120,548.559,SHFE official,https://www.shfe.com.cn/data/tradedata/future/dailydata/kx20260522.dat
2026-05-22,SN2704,SN,415000,424160,415000,423670,421090,418280,9,31,378.985,SHFE official,https://www.shfe.com.cn/data/tradedata/future/dailydata/kx20260522.dat
2026-05-22,SN2705,SN,420900,420900,418090,418090,419750,420010,6,20,251.852,SHFE official,https://www.shfe.com.cn/data/tradedata/future/dailydata/kx20260522.dat
2026-05-25,SN2606,SN,419490,429230,416840,421700,422330,417450,181531,24031,7666643.735,SHFE official,https://www.shfe.com.cn/data/tradedata/future/dailydata/kx20260525.dat
2026-05-25,SN2607,SN,424700,430000,418050,422990,423700,418810,110078,40958,4664060.471,SHFE official,https://www.shfe.com.cn/data/tradedata/future/dailydata/kx20260525.dat
2026-05-25,SN2608,SN,421180,430080,418480,422880,424330,419550,21837,14510,926616.945,SHFE official,https://www.shfe.com.cn/data/tradedata/future/dailydata/kx20260525.dat
2026-05-25,SN2609,SN,423360,430810,418650,423390,424580,419230,9909,7352,420721.047,SHFE official,https://www.shfe.com.cn/data/tradedata/future/dailydata/kx20260525.dat
2026-05-25,SN2610,SN,422720,430610,419070,423100,424720,417860,744,982,31599.45,SHFE official,https://www.shfe.com.cn/data/tradedata/future/dailydata/kx20260525.dat
2026-05-25,SN2611,SN,420550,429030,420550,423340,426250,420650,29,167,1236.151,SHFE official,https://www.shfe.com.cn/data/tradedata/future/dailydata/kx20260525.dat
2026-05-25,SN2612,SN,420380,429990,420380,422420,425910,419680,79,303,3364.697,SHFE official,https://www.shfe.com.cn/data/tradedata/future/dailydata/kx20260525.dat
2026-05-25,SN2701,SN,421370,429000,420170,424010,424940,420550,69,157,2932.098,SHFE official,https://www.shfe.com.cn/data/tradedata/future/dailydata/kx20260525.dat
2026-05-25,SN2702,SN,427000,428900,424050,424050,427280,419590,10,151,427.283,SHFE official,https://www.shfe.com.cn/data/tradedata/future/dailydata/kx20260525.dat
2026-05-25,SN2703,SN,422970,429300,422970,423510,426510,421960,15,124,639.779,SHFE official,https://www.shfe.com.cn/data/tradedata/future/dailydata/kx20260525.dat
2026-05-25,SN2704,SN,421220,430970,419700,423250,424760,421090,10,31,424.76,SHFE official,https://www.shfe.com.cn/data/tradedata/future/dailydata/kx20260525.dat
2026-05-25,SN2705,SN,428800,429890,423750,426000,426810,419750,7,23,298.77,SHFE official,https://www.shfe.com.cn/data/tradedata/future/dailydata/kx20260525.dat
2026-05-26,SN2606,SN,421930,430880,418750,425360,423330,422330,143269,18817,6065107.597,SHFE official,https://www.shfe.com.cn/data/tradedata/future/dailydata/kx20260526.dat
2026-05-26,SN2607,SN,424260,431960,420000,426520,424830,423700,139378,45332,5921278.183,SHFE official,https://www.shfe.com.cn/data/tradedata/future/dailydata/kx20260526.dat
2026-05-26,SN2608,SN,424590,432230,420410,427130,425220,424330,29123,15560,1238380.318,SHFE official,https://www.shfe.com.cn/data/tradedata/future/dailydata/kx20260526.dat
2026-05-26,SN2609,SN,423200,432480,420490,427200,425830,424580,10757,8124,458071.789,SHFE official,https://www.shfe.com.cn/data/tradedata/future/dailydata/kx20260526.dat
2026-05-26,SN2610,SN,423860,432190,420810,427250,426260,424720,916,1058,39045.683,SHFE official,https://www.shfe.com.cn/data/tradedata/future/dailydata/kx20260526.dat
2026-05-26,SN2611,SN,422380,432000,421850,428000,425410,426250,334,220,14208.889,SHFE official,https://www.shfe.com.cn/data/tradedata/future/dailydata/kx20260526.dat
2026-05-26,SN2612,SN,422050,431000,421680,427190,426620,425910,47,313,2005.14,SHFE official,https://www.shfe.com.cn/data/tradedata/future/dailydata/kx20260526.dat
2026-05-26,SN2701,SN,424100,431010,421220,426620,425990,424940,63,159,2683.761,SHFE official,https://www.shfe.com.cn/data/tradedata/future/dailydata/kx20260526.dat
2026-05-26,SN2702,SN,422120,431000,422120,426290,426470,427280,20,156,852.952,SHFE official,https://www.shfe.com.cn/data/tradedata/future/dailydata/kx20260526.dat
2026-05-26,SN2703,SN,423330,430620,423330,426510,427680,426510,7,122,299.379,SHFE official,https://www.shfe.com.cn/data/tradedata/future/dailydata/kx20260526.dat
2026-05-26,SN2704,SN,422730,431190,422730,431190,426960,424760,2,30,85.392,SHFE official,https://www.shfe.com.cn/data/tradedata/future/dailydata/kx20260526.dat
2026-05-26,SN2705,SN,427640,430000,427640,429000,428880,426810,3,23,128.664,SHFE official,https://www.shfe.com.cn/data/tradedata/future/dailydata/kx20260526.dat
2026-05-27,SN2606,SN,422000,428780,417230,420000,423620,423330,111989,13556,4744165.104,SHFE official,https://www.shfe.com.cn/data/tradedata/future/dailydata/kx20260527.dat
2026-05-27,SN2607,SN,425510,429970,418560,421060,424690,424830,184108,46503,7818945.853,SHFE official,https://www.shfe.com.cn/data/tradedata/future/dailydata/kx20260527.dat
2026-05-27,SN2608,SN,423160,430490,419140,421870,425190,425220,35055,16717,1490505.448,SHFE official,https://www.shfe.com.cn/data/tradedata/future/dailydata/kx20260527.dat
2026-05-27,SN2609,SN,423240,430500,419530,422270,425220,425830,12863,8895,546971.151,SHFE official,https://www.shfe.com.cn/data/tradedata/future/dailydata/kx20260527.dat
2026-05-27,SN2610,SN,424090,430350,419660,421900,424900,426260,1428,1234,60676.144,SHFE official,https://www.shfe.com.cn/data/tradedata/future/dailydata/kx20260527.dat
2026-05-27,SN2611,SN,426250,430090,419280,422230,424970,425410,381,288,16191.66,SHFE official,https://www.shfe.com.cn/data/tradedata/future/dailydata/kx20260527.dat
2026-05-27,SN2612,SN,424420,429500,419000,421920,424370,426620,162,337,6874.794,SHFE official,https://www.shfe.com.cn/data/tradedata/future/dailydata/kx20260527.dat
2026-05-27,SN2701,SN,423590,430000,419330,422040,424350,425990,80,159,3394.828,SHFE official,https://www.shfe.com.cn/data/tradedata/future/dailydata/kx20260527.dat
2026-05-27,SN2702,SN,424100,428140,419900,420250,421690,426470,14,158,590.376,SHFE official,https://www.shfe.com.cn/data/tradedata/future/dailydata/kx20260527.dat
2026-05-27,SN2703,SN,426120,429070,421130,423080,421640,427680,71,181,2993.686,SHFE official,https://www.shfe.com.cn/data/tradedata/future/dailydata/kx20260527.dat
2026-05-27,SN2704,SN,427030,427620,418990,418990,424380,426960,6,29,254.631,SHFE official,https://www.shfe.com.cn/data/tradedata/future/dailydata/kx20260527.dat
2026-05-27,SN2705,SN,427960,427960,420060,423010,424500,428880,5,23,212.254,SHFE official,https://www.shfe.com.cn/data/tradedata/future/dailydata/kx20260527.dat
2026-05-28,SN2606,SN,419210,422450,415000,419760,419400,423620,51127,9304,2144283.809,SHFE official,https://www.shfe.com.cn/data/tradedata/future/dailydata/kx20260528.dat
2026-05-28,SN2607,SN,421900,423600,416010,421170,420660,424690,204529,46605,8603774.256,SHFE official,https://www.shfe.com.cn/data/tradedata/future/dailydata/kx20260528.dat
2026-05-28,SN2608,SN,424030,424300,416890,421980,421300,425190,30155,17337,1270449.407,SHFE official,https://www.shfe.com.cn/data/tradedata/future/dailydata/kx20260528.dat
2026-05-28,SN2609,SN,422000,424800,417190,422180,421550,425220,11070,8761,466656.719,SHFE official,https://www.shfe.com.cn/data/tradedata/future/dailydata/kx20260528.dat
2026-05-28,SN2610,SN,422510,425060,417700,422310,421740,424900,1026,1395,43270.784,SHFE official,https://www.shfe.com.cn/data/tradedata/future/dailydata/kx20260528.dat
2026-05-28,SN2611,SN,422300,424510,417430,421760,421480,424970,250,309,10537.106,SHFE official,https://www.shfe.com.cn/data/tradedata/future/dailydata/kx20260528.dat
2026-05-28,SN2612,SN,422150,424140,417290,421980,421320,424370,240,367,10111.893,SHFE official,https://www.shfe.com.cn/data/tradedata/future/dailydata/kx20260528.dat
2026-05-28,SN2701,SN,422000,423650,417440,421960,421690,424350,115,147,4849.51,SHFE official,https://www.shfe.com.cn/data/tradedata/future/dailydata/kx20260528.dat
2026-05-28,SN2702,SN,420860,423510,418000,422360,422210,421690,50,158,2111.069,SHFE official,https://www.shfe.com.cn/data/tradedata/future/dailydata/kx20260528.dat
2026-05-28,SN2703,SN,422100,423580,419190,422730,422670,421640,79,123,3339.159,SHFE official,https://www.shfe.com.cn/data/tradedata/future/dailydata/kx20260528.dat
2026-05-28,SN2704,SN,,,,422350,422350,424380,0,29,0,SHFE official,https://www.shfe.com.cn/data/tradedata/future/dailydata/kx20260528.dat
2026-05-28,SN2705,SN,422450,422450,422450,422450,422450,424500,1,23,42.245,SHFE official,https://www.shfe.com.cn/data/tradedata/future/dailydata/kx20260528.dat
2026-05-29,SN2606,SN,424460,432190,421220,423480,424880,419400,25253,6470,1072954.459,SHFE official,https://www.shfe.com.cn/data/tradedata/future/dailydata/kx20260529.dat
2026-05-29,SN2607,SN,424730,433530,422630,424650,426450,420660,240662,48171,10263202.423,SHFE official,https://www.shfe.com.cn/data/tradedata/future/dailydata/kx20260529.dat
2026-05-29,SN2608,SN,425450,434000,423500,425430,427280,421300,34756,17959,1485058.823,SHFE official,https://www.shfe.com.cn/data/tradedata/future/dailydata/kx20260529.dat
2026-05-29,SN2609,SN,425890,434250,423800,425830,427460,421550,12948,9698,553484.343,SHFE official,https://www.shfe.com.cn/data/tradedata/future/dailydata/kx20260529.dat
2026-05-29,SN2610,SN,425810,434320,424180,426120,429220,421740,1189,1555,51034.945,SHFE official,https://www.shfe.com.cn/data/tradedata/future/dailydata/kx20260529.dat
2026-05-29,SN2611,SN,425480,433750,423790,425500,428100,421480,409,324,17509.395,SHFE official,https://www.shfe.com.cn/data/tradedata/future/dailydata/kx20260529.dat
2026-05-29,SN2612,SN,424560,433350,423650,425910,427950,421320,189,398,8088.32,SHFE official,https://www.shfe.com.cn/data/tradedata/future/dailydata/kx20260529.dat
2026-05-29,SN2701,SN,424000,432340,423390,425250,427180,421690,110,161,4699.03,SHFE official,https://www.shfe.com.cn/data/tradedata/future/dailydata/kx20260529.dat
2026-05-29,SN2702,SN,424310,432400,424150,425150,429160,422210,30,160,1287.485,SHFE official,https://www.shfe.com.cn/data/tradedata/future/dailydata/kx20260529.dat
2026-05-29,SN2703,SN,425400,431440,424180,424490,426270,422670,13,122,554.161,SHFE official,https://www.shfe.com.cn/data/tradedata/future/dailydata/kx20260529.dat
2026-05-29,SN2704,SN,432900,432900,424400,424400,426860,422350,4,28,170.745,SHFE official,https://www.shfe.com.cn/data/tradedata/future/dailydata/kx20260529.dat
2026-05-29,SN2705,SN,424030,432220,424030,425710,428380,422450,8,26,342.708,SHFE official,https://www.shfe.com.cn/data/tradedata/future/dailydata/kx20260529.dat
2026-06-01,SN2606,SN,423990,430690,422310,430370,426060,424880,2698,5898,114953.658,SHFE official,https://www.shfe.com.cn/data/tradedata/future/dailydata/kx20260601.dat
2026-06-01,SN2607,SN,425850,432230,423360,431840,427620,426450,215705,54277,9224059.452,SHFE official,https://www.shfe.com.cn/data/tradedata/future/dailydata/kx20260601.dat
2026-06-01,SN2608,SN,426430,432880,424180,432720,428620,427280,37544,20045,1609219.157,SHFE official,https://www.shfe.com.cn/data/tradedata/future/dailydata/kx20260601.dat
2026-06-01,SN2609,SN,426880,433180,424600,432870,428830,427460,12357,10170,529908.716,SHFE official,https://www.shfe.com.cn/data/tradedata/future/dailydata/kx20260601.dat
2026-06-01,SN2610,SN,426610,433100,424900,432950,430130,429220,1073,1789,46153.527,SHFE official,https://www.shfe.com.cn/data/tradedata/future/dailydata/kx20260601.dat
2026-06-01,SN2611,SN,426500,433270,424930,432980,429190,428100,410,377,17596.845,SHFE official,https://www.shfe.com.cn/data/tradedata/future/dailydata/kx20260601.dat
2026-06-01,SN2612,SN,426340,433130,425460,432780,428450,427950,176,417,7540.8,SHFE official,https://www.shfe.com.cn/data/tradedata/future/dailydata/kx20260601.dat
2026-06-01,SN2701,SN,426310,432340,423940,431890,428770,427180,170,171,7289.195,SHFE official,https://www.shfe.com.cn/data/tradedata/future/dailydata/kx20260601.dat
2026-06-01,SN2702,SN,425740,432760,425740,432760,430150,429160,22,169,946.337,SHFE official,https://www.shfe.com.cn/data/tradedata/future/dailydata/kx20260601.dat
2026-06-01,SN2703,SN,427640,432200,427500,432000,430710,426270,13,129,559.923,SHFE official,https://www.shfe.com.cn/data/tradedata/future/dailydata/kx20260601.dat
2026-06-01,SN2704,SN,428860,432080,428860,430040,430170,426860,4,30,172.069,SHFE official,https://www.shfe.com.cn/data/tradedata/future/dailydata/kx20260601.dat
2026-06-01,SN2705,SN,431550,432510,431550,432440,432270,428380,5,27,216.138,SHFE official,https://www.shfe.com.cn/data/tradedata/future/dailydata/kx20260601.dat
2026-06-02,SN2606,SN,433480,448590,431570,448480,439430,426060,1830,5668,80416.68,SHFE official,https://www.shfe.com.cn/data/tradedata/future/dailydata/kx20260602.dat
2026-06-02,SN2607,SN,435000,449960,432630,449820,440920,427620,299856,66584,13221403.025,SHFE official,https://www.shfe.com.cn/data/tradedata/future/dailydata/kx20260602.dat
2026-06-02,SN2608,SN,435130,450570,433500,450480,442060,428620,61451,24270,2716516.986,SHFE official,https://www.shfe.com.cn/data/tradedata/future/dailydata/kx20260602.dat
2026-06-02,SN2609,SN,435010,450880,433480,450750,442280,428830,27932,13028,1235380.838,SHFE official,https://www.shfe.com.cn/data/tradedata/future/dailydata/kx20260602.dat
2026-06-02,SN2610,SN,436350,450610,434140,450600,444340,430130,2874,2249,127705.022,SHFE official,https://www.shfe.com.cn/data/tradedata/future/dailydata/kx20260602.dat
2026-06-02,SN2611,SN,435020,450520,434260,450380,442260,429190,645,405,28526.215,SHFE official,https://www.shfe.com.cn/data/tradedata/future/dailydata/kx20260602.dat
2026-06-02,SN2612,SN,437830,450330,434360,449980,443720,428450,291,446,12912.446,SHFE official,https://www.shfe.com.cn/data/tradedata/future/dailydata/kx20260602.dat
2026-06-02,SN2701,SN,435680,451090,434350,450460,443300,428770,176,225,7802.194,SHFE official,https://www.shfe.com.cn/data/tradedata/future/dailydata/kx20260602.dat
2026-06-02,SN2702,SN,435320,451370,434500,451370,441600,430150,136,227,6005.858,SHFE official,https://www.shfe.com.cn/data/tradedata/future/dailydata/kx20260602.dat
2026-06-02,SN2703,SN,436470,449820,434720,449820,440380,430710,44,146,1937.673,SHFE official,https://www.shfe.com.cn/data/tradedata/future/dailydata/kx20260602.dat
2026-06-02,SN2704,SN,434650,447120,434650,445200,443760,430170,11,35,488.139,SHFE official,https://www.shfe.com.cn/data/tradedata/future/dailydata/kx20260602.dat
2026-06-02,SN2705,SN,438400,448500,436640,447810,442990,432270,13,30,575.889,SHFE official,https://www.shfe.com.cn/data/tradedata/future/dailydata/kx20260602.dat
2026-06-03,SN2606,SN,447400,450190,440030,443880,446410,439430,1184,5400,52855.074,SHFE official,https://www.shfe.com.cn/data/tradedata/future/dailydata/kx20260603.dat
2026-06-03,SN2607,SN,448800,451860,441080,445480,448040,440920,265436,63476,11892636.302,SHFE official,https://www.shfe.com.cn/data/tradedata/future/dailydata/kx20260603.dat
2026-06-03,SN2608,SN,448280,452500,442000,446280,448500,442060,50677,25154,2272871.489,SHFE official,https://www.shfe.com.cn/data/tradedata/future/dailydata/kx20260603.dat
2026-06-03,SN2609,SN,449750,452710,442360,446500,449130,442280,22200,14271,997081.552,SHFE official,https://www.shfe.com.cn/data/tradedata/future/dailydata/kx20260603.dat
2026-06-03,SN2610,SN,450600,452560,442500,446440,448520,444340,2556,2616,114642.895,SHFE official,https://www.shfe.com.cn/data/tradedata/future/dailydata/kx20260603.dat
2026-06-03,SN2611,SN,450110,452010,443170,446620,449110,442260,569,443,25554.796,SHFE official,https://www.shfe.com.cn/data/tradedata/future/dailydata/kx20260603.dat
2026-06-03,SN2612,SN,450530,452370,442290,445920,449120,443720,188,485,8443.537,SHFE official,https://www.shfe.com.cn/data/tradedata/future/dailydata/kx20260603.dat
2026-06-03,SN2701,SN,450790,451200,443000,446470,448560,443300,53,223,2377.399,SHFE official,https://www.shfe.com.cn/data/tradedata/future/dailydata/kx20260603.dat
2026-06-03,SN2702,SN,451470,452620,443300,446720,448200,441600,24,226,1075.7,SHFE official,https://www.shfe.com.cn/data/tradedata/future/dailydata/kx20260603.dat
2026-06-03,SN2703,SN,450660,452000,445470,446200,449390,440380,38,154,1707.684,SHFE official,https://www.shfe.com.cn/data/tradedata/future/dailydata/kx20260603.dat
2026-06-03,SN2704,SN,450820,450820,443330,446390,447930,443760,17,34,761.497,SHFE official,https://www.shfe.com.cn/data/tradedata/future/dailydata/kx20260603.dat
2026-06-03,SN2705,SN,451000,452000,444580,444580,449690,442990,39,43,1753.795,SHFE official,https://www.shfe.com.cn/data/tradedata/future/dailydata/kx20260603.dat
2026-06-04,SN2606,SN,443490,445790,427750,428910,440280,446410,1220,5252,53714.944,SHFE official,https://www.shfe.com.cn/data/tradedata/future/dailydata/kx20260604.dat
2026-06-04,SN2607,SN,442000,447550,429220,430040,441450,448040,298714,54292,13187011.091,SHFE official,https://www.shfe.com.cn/data/tradedata/future/dailydata/kx20260604.dat
2026-06-04,SN2608,SN,442200,465000,430200,430800,441940,448500,64608,23978,2855336.791,SHFE official,https://www.shfe.com.cn/data/tradedata/future/dailydata/kx20260604.dat
2026-06-04,SN2609,SN,441540,448720,430680,431280,442910,449130,27198,14322,1204640.908,SHFE official,https://www.shfe.com.cn/data/tradedata/future/dailydata/kx20260604.dat
2026-06-04,SN2610,SN,443680,448450,431010,431820,441010,448520,2582,2824,113869.575,SHFE official,https://www.shfe.com.cn/data/tradedata/future/dailydata/kx20260604.dat
2026-06-04,SN2611,SN,444410,448580,431400,432640,442320,449110,606,439,26804.596,SHFE official,https://www.shfe.com.cn/data/tradedata/future/dailydata/kx20260604.dat
2026-06-04,SN2612,SN,444280,448080,431280,431810,441400,449120,302,478,13330.579,SHFE official,https://www.shfe.com.cn/data/tradedata/future/dailydata/kx20260604.dat
2026-06-04,SN2701,SN,444580,447590,431310,431660,442220,448560,58,218,2564.887,SHFE official,https://www.shfe.com.cn/data/tradedata/future/dailydata/kx20260604.dat
2026-06-04,SN2702,SN,443640,447580,431340,431340,441320,448200,48,224,2118.339,SHFE official,https://www.shfe.com.cn/data/tradedata/future/dailydata/kx20260604.dat
2026-06-04,SN2703,SN,445350,448000,432170,433950,442720,449390,140,235,6198.149,SHFE official,https://www.shfe.com.cn/data/tradedata/future/dailydata/kx20260604.dat
2026-06-04,SN2704,SN,442880,445810,442870,445540,444600,447930,6,34,266.762,SHFE official,https://www.shfe.com.cn/data/tradedata/future/dailydata/kx20260604.dat
2026-06-04,SN2705,SN,446880,447960,431200,431200,440510,449690,24,47,1057.236,SHFE official,https://www.shfe.com.cn/data/tradedata/future/dailydata/kx20260604.dat
2026-06-05,SN2606,SN,431040,434510,414660,416860,423290,440280,1474,4892,62393.55,SHFE official,https://www.shfe.com.cn/data/tradedata/future/dailydata/kx20260605.dat
2026-06-05,SN2607,SN,433040,436000,415620,417850,426760,441450,292656,46155,12489466.697,SHFE official,https://www.shfe.com.cn/data/tradedata/future/dailydata/kx20260605.dat
2026-06-05,SN2608,SN,434950,436950,416500,418870,426720,441940,65239,22757,2783934.98,SHFE official,https://www.shfe.com.cn/data/tradedata/future/dailydata/kx20260605.dat
2026-06-05,SN2609,SN,435000,437450,417140,419450,427630,442910,27532,14173,1177357.008,SHFE official,https://www.shfe.com.cn/data/tradedata/future/dailydata/kx20260605.dat
2026-06-05,SN2610,SN,434670,437250,417670,419790,426990,441010,3830,3068,163540.888,SHFE official,https://www.shfe.com.cn/data/tradedata/future/dailydata/kx20260605.dat
2026-06-05,SN2611,SN,434500,437520,417940,419720,427950,442320,721,438,30855.36,SHFE official,https://www.shfe.com.cn/data/tradedata/future/dailydata/kx20260605.dat
2026-06-05,SN2612,SN,433800,437660,418500,420200,427740,441400,625,550,26734.141,SHFE official,https://www.shfe.com.cn/data/tradedata/future/dailydata/kx20260605.dat
2026-06-05,SN2701,SN,431000,437820,419000,420700,427090,442220,124,211,5295.979,SHFE official,https://www.shfe.com.cn/data/tradedata/future/dailydata/kx20260605.dat
2026-06-05,SN2702,SN,434690,434690,419860,420090,424690,441320,58,224,2463.249,SHFE official,https://www.shfe.com.cn/data/tradedata/future/dailydata/kx20260605.dat
2026-06-05,SN2703,SN,437390,437940,419150,420890,425490,442720,39,227,1659.433,SHFE official,https://www.shfe.com.cn/data/tradedata/future/dailydata/kx20260605.dat
2026-06-05,SN2704,SN,437000,437000,419610,419990,423100,444600,18,44,761.58,SHFE official,https://www.shfe.com.cn/data/tradedata/future/dailydata/kx20260605.dat
2026-06-05,SN2705,SN,438000,438000,420450,420520,428570,440510,24,58,1028.577,SHFE official,https://www.shfe.com.cn/data/tradedata/future/dailydata/kx20260605.dat
2026-06-08,SN2606,SN,412670,414470,396000,397370,403410,423290,1454,4456,58656.104,SHFE official,https://www.shfe.com.cn/data/tradedata/future/dailydata/kx20260608.dat
2026-06-08,SN2607,SN,413110,415550,396380,398490,404790,426760,320735,40216,12983190.032,SHFE official,https://www.shfe.com.cn/data/tradedata/future/dailydata/kx20260608.dat
2026-06-08,SN2608,SN,413870,416470,397550,399410,405430,426720,75561,21019,3063536.923,SHFE official,https://www.shfe.com.cn/data/tradedata/future/dailydata/kx20260608.dat
2026-06-08,SN2609,SN,414950,417250,398220,400000,406350,427630,36728,13426,1492464.993,SHFE official,https://www.shfe.com.cn/data/tradedata/future/dailydata/kx20260608.dat
2026-06-08,SN2610,SN,417000,417250,399340,400380,405430,426990,3947,3186,160023.975,SHFE official,https://www.shfe.com.cn/data/tradedata/future/dailydata/kx20260608.dat
2026-06-08,SN2611,SN,417000,417510,399570,401150,406630,427950,973,523,39565.544,SHFE official,https://www.shfe.com.cn/data/tradedata/future/dailydata/kx20260608.dat
2026-06-08,SN2612,SN,418000,418000,400000,402010,407290,427740,668,585,27207.35,SHFE official,https://www.shfe.com.cn/data/tradedata/future/dailydata/kx20260608.dat
2026-06-08,SN2701,SN,418000,418600,401740,403070,409260,427090,189,218,7735.196,SHFE official,https://www.shfe.com.cn/data/tradedata/future/dailydata/kx20260608.dat
2026-06-08,SN2702,SN,419000,419000,402000,402600,408930,424690,83,217,3394.154,SHFE official,https://www.shfe.com.cn/data/tradedata/future/dailydata/kx20260608.dat
2026-06-08,SN2703,SN,416510,416510,402820,402820,409620,425490,40,229,1638.514,SHFE official,https://www.shfe.com.cn/data/tradedata/future/dailydata/kx20260608.dat
2026-06-08,SN2704,SN,417790,418060,402140,402880,410670,423100,151,118,6201.24,SHFE official,https://www.shfe.com.cn/data/tradedata/future/dailydata/kx20260608.dat
2026-06-08,SN2705,SN,416600,416600,402430,403230,409410,428570,52,67,2128.948,SHFE official,https://www.shfe.com.cn/data/tradedata/future/dailydata/kx20260608.dat
2026-06-09,SN2606,SN,402150,404500,396400,404500,398920,403410,112,4418,4467.972,SHFE official,https://www.shfe.com.cn/data/tradedata/future/dailydata/kx20260609.dat
2026-06-09,SN2607,SN,404760,408310,396000,407770,401580,404790,254258,40279,10210591.21,SHFE official,https://www.shfe.com.cn/data/tradedata/future/dailydata/kx20260609.dat
2026-06-09,SN2608,SN,405980,409500,397100,408850,402580,405430,60063,23223,2418020.192,SHFE official,https://www.shfe.com.cn/data/tradedata/future/dailydata/kx20260609.dat
2026-06-09,SN2609,SN,404010,409990,397730,409680,403160,406350,25623,13774,1033024.63,SHFE official,https://www.shfe.com.cn/data/tradedata/future/dailydata/kx20260609.dat
2026-06-09,SN2610,SN,406510,410790,398500,410150,403900,405430,3724,3258,150413.587,SHFE official,https://www.shfe.com.cn/data/tradedata/future/dailydata/kx20260609.dat
2026-06-09,SN2611,SN,407700,411100,399570,410620,403640,406630,742,494,29950.426,SHFE official,https://www.shfe.com.cn/data/tradedata/future/dailydata/kx20260609.dat
2026-06-09,SN2612,SN,407930,411720,400000,411080,404400,407290,411,607,16621.008,SHFE official,https://www.shfe.com.cn/data/tradedata/future/dailydata/kx20260609.dat
2026-06-09,SN2701,SN,407900,409780,401100,408680,404800,409260,68,228,2752.659,SHFE official,https://www.shfe.com.cn/data/tradedata/future/dailydata/kx20260609.dat
2026-06-09,SN2702,SN,407480,410230,400880,409160,406090,408930,46,219,1868.048,SHFE official,https://www.shfe.com.cn/data/tradedata/future/dailydata/kx20260609.dat
2026-06-09,SN2703,SN,405480,412720,401250,412720,407250,409620,15,227,610.881,SHFE official,https://www.shfe.com.cn/data/tradedata/future/dailydata/kx20260609.dat
2026-06-09,SN2704,SN,406620,406950,402630,406950,405510,410670,5,118,202.755,SHFE official,https://www.shfe.com.cn/data/tradedata/future/dailydata/kx20260609.dat
2026-06-09,SN2705,SN,407650,413100,401750,413100,406160,409410,33,72,1340.336,SHFE official,https://www.shfe.com.cn/data/tradedata/future/dailydata/kx20260609.dat
2026-06-10,SN2606,SN,406990,424990,390100,397710,394810,398920,186,4388,7343.642,SHFE official,https://www.shfe.com.cn/data/tradedata/future/dailydata/kx20260610.dat
2026-06-10,SN2607,SN,409000,409800,390060,397880,399870,401580,303975,36696,12155225.741,SHFE official,https://www.shfe.com.cn/data/tradedata/future/dailydata/kx20260610.dat
2026-06-10,SN2608,SN,410860,410970,391070,398890,400920,402580,80112,22898,3211870.665,SHFE official,https://www.shfe.com.cn/data/tradedata/future/dailydata/kx20260610.dat
2026-06-10,SN2609,SN,412210,412210,391800,399680,401540,403160,35822,13755,1438402.807,SHFE official,https://www.shfe.com.cn/data/tradedata/future/dailydata/kx20260610.dat
2026-06-10,SN2610,SN,411240,412100,392400,399980,401780,403900,3945,3395,158504.164,SHFE official,https://www.shfe.com.cn/data/tradedata/future/dailydata/kx20260610.dat
2026-06-10,SN2611,SN,410190,412940,393440,400790,403830,403640,770,534,31094.943,SHFE official,https://www.shfe.com.cn/data/tradedata/future/dailydata/kx20260610.dat
2026-06-10,SN2612,SN,409670,412670,393760,401490,403510,404400,483,606,19490.008,SHFE official,https://www.shfe.com.cn/data/tradedata/future/dailydata/kx20260610.dat
2026-06-10,SN2701,SN,411250,413170,394890,402100,404540,404800,119,225,4814.063,SHFE official,https://www.shfe.com.cn/data/tradedata/future/dailydata/kx20260610.dat
2026-06-10,SN2702,SN,414390,414390,395390,401880,401120,406090,22,217,882.476,SHFE official,https://www.shfe.com.cn/data/tradedata/future/dailydata/kx20260610.dat
2026-06-10,SN2703,SN,412020,413500,395910,402800,401820,407250,32,231,1285.84,SHFE official,https://www.shfe.com.cn/data/tradedata/future/dailydata/kx20260610.dat
2026-06-10,SN2704,SN,401210,401910,395420,401910,397900,405510,6,118,238.743,SHFE official,https://www.shfe.com.cn/data/tradedata/future/dailydata/kx20260610.dat
2026-06-10,SN2705,SN,413290,413290,395590,403480,402400,406160,65,97,2615.642,SHFE official,https://www.shfe.com.cn/data/tradedata/future/dailydata/kx20260610.dat
2026-06-11,SN2606,SN,398810,400840,395340,398150,398760,394810,68,4332,2711.628,SHFE official,https://www.shfe.com.cn/data/tradedata/future/dailydata/kx20260611.dat
2026-06-11,SN2607,SN,401850,403950,394210,400160,398890,399870,253162,36698,10098529.876,SHFE official,https://www.shfe.com.cn/data/tradedata/future/dailydata/kx20260611.dat
2026-06-11,SN2608,SN,397990,404860,395020,400770,399620,400920,63880,23251,2552804.012,SHFE official,https://www.shfe.com.cn/data/tradedata/future/dailydata/kx20260611.dat
2026-06-11,SN2609,SN,397950,405550,395720,401260,400400,401540,28313,14169,1133673.733,SHFE official,https://www.shfe.com.cn/data/tradedata/future/dailydata/kx20260611.dat
2026-06-11,SN2610,SN,400630,405980,396000,401450,400980,401780,3182,3132,127591.867,SHFE official,https://www.shfe.com.cn/data/tradedata/future/dailydata/kx20260611.dat
2026-06-11,SN2611,SN,400480,405990,396920,402020,401620,403830,546,561,21928.774,SHFE official,https://www.shfe.com.cn/data/tradedata/future/dailydata/kx20260611.dat
2026-06-11,SN2612,SN,402010,407010,397540,403830,401940,403510,229,633,9204.646,SHFE official,https://www.shfe.com.cn/data/tradedata/future/dailydata/kx20260611.dat
2026-06-11,SN2701,SN,402790,406210,397560,400440,400670,404540,106,226,4247.134,SHFE official,https://www.shfe.com.cn/data/tradedata/future/dailydata/kx20260611.dat
2026-06-11,SN2702,SN,403720,406600,398670,403560,401990,401120,33,218,1326.597,SHFE official,https://www.shfe.com.cn/data/tradedata/future/dailydata/kx20260611.dat
2026-06-11,SN2703,SN,402940,407580,400470,401880,403280,401820,17,232,685.59,SHFE official,https://www.shfe.com.cn/data/tradedata/future/dailydata/kx20260611.dat
2026-06-11,SN2704,SN,402310,402690,400000,401910,401350,397900,8,120,321.083,SHFE official,https://www.shfe.com.cn/data/tradedata/future/dailydata/kx20260611.dat
2026-06-11,SN2705,SN,402690,408970,400000,404210,402850,402400,46,108,1853.142,SHFE official,https://www.shfe.com.cn/data/tradedata/future/dailydata/kx20260611.dat
2026-06-12,SN2606,SN,398270,409980,398270,407890,407700,398760,42,4304,1712.372,SHFE official,https://www.shfe.com.cn/data/tradedata/future/dailydata/kx20260612.dat
2026-06-12,SN2607,SN,399270,413800,398270,407990,406320,398890,265688,36929,10795667.209,SHFE official,https://www.shfe.com.cn/data/tradedata/future/dailydata/kx20260612.dat
2026-06-12,SN2608,SN,400500,414600,399070,409000,407360,399620,71285,23626,2903865.845,SHFE official,https://www.shfe.com.cn/data/tradedata/future/dailydata/kx20260612.dat
2026-06-12,SN2609,SN,399900,414930,399780,409360,407480,400400,29613,15027,1206697.245,SHFE official,https://www.shfe.com.cn/data/tradedata/future/dailydata/kx20260612.dat
2026-06-12,SN2610,SN,401450,415310,400510,409980,408110,400980,2202,3252,89867.315,SHFE official,https://www.shfe.com.cn/data/tradedata/future/dailydata/kx20260612.dat
2026-06-12,SN2611,SN,401460,415880,401460,410520,409870,401620,472,578,19346.005,SHFE official,https://www.shfe.com.cn/data/tradedata/future/dailydata/kx20260612.dat
2026-06-12,SN2612,SN,402020,415830,402020,410320,409880,401940,319,600,13075.175,SHFE official,https://www.shfe.com.cn/data/tradedata/future/dailydata/kx20260612.dat
2026-06-12,SN2701,SN,404000,416600,403240,410540,410610,400670,79,235,3243.827,SHFE official,https://www.shfe.com.cn/data/tradedata/future/dailydata/kx20260612.dat
2026-06-12,SN2702,SN,406190,417450,405040,411500,411780,401990,39,218,1605.965,SHFE official,https://www.shfe.com.cn/data/tradedata/future/dailydata/kx20260612.dat
2026-06-12,SN2703,SN,410860,418310,409360,410910,413270,403280,26,227,1074.513,SHFE official,https://www.shfe.com.cn/data/tradedata/future/dailydata/kx20260612.dat
2026-06-12,SN2704,SN,410330,417140,410330,411190,413960,401350,13,110,538.16,SHFE official,https://www.shfe.com.cn/data/tradedata/future/dailydata/kx20260612.dat
2026-06-12,SN2705,SN,405090,417280,405090,411720,412500,402850,65,104,2681.259,SHFE official,https://www.shfe.com.cn/data/tradedata/future/dailydata/kx20260612.dat
2026-06-15,SN2606,SN,408360,426000,406050,425200,422540,407700,130,4344,5493.038,SHFE official,https://www.shfe.com.cn/data/tradedata/future/dailydata/kx20260615.dat
2026-06-15,SN2607,SN,408600,427320,408000,425560,417780,406320,220734,36090,9221852.159,SHFE official,https://www.shfe.com.cn/data/tradedata/future/dailydata/kx20260615.dat
2026-06-15,SN2608,SN,410010,428320,408910,426500,419570,407360,64669,25720,2713329.826,SHFE official,https://www.shfe.com.cn/data/tradedata/future/dailydata/kx20260615.dat
2026-06-15,SN2609,SN,410000,428800,409450,427230,419390,407480,26617,15546,1116316.758,SHFE official,https://www.shfe.com.cn/data/tradedata/future/dailydata/kx20260615.dat
2026-06-15,SN2610,SN,410170,430000,410030,428060,422120,408110,2836,3588,119715.872,SHFE official,https://www.shfe.com.cn/data/tradedata/future/dailydata/kx20260615.dat
2026-06-15,SN2611,SN,412090,429480,412030,429220,421830,409870,543,556,22905.714,SHFE official,https://www.shfe.com.cn/data/tradedata/future/dailydata/kx20260615.dat
2026-06-15,SN2612,SN,411460,429800,411050,428000,422850,409880,418,580,17675.146,SHFE official,https://www.shfe.com.cn/data/tradedata/future/dailydata/kx20260615.dat
2026-06-15,SN2701,SN,414070,429340,413380,428920,422970,410610,92,236,3891.355,SHFE official,https://www.shfe.com.cn/data/tradedata/future/dailydata/kx20260615.dat
2026-06-15,SN2702,SN,414870,430300,414620,428820,422970,411780,44,211,1861.071,SHFE official,https://www.shfe.com.cn/data/tradedata/future/dailydata/kx20260615.dat
2026-06-15,SN2703,SN,415600,431000,414920,429460,424800,413270,43,222,1826.662,SHFE official,https://www.shfe.com.cn/data/tradedata/future/dailydata/kx20260615.dat
2026-06-15,SN2704,SN,415180,430800,413400,429220,418140,413960,118,63,4934.061,SHFE official,https://www.shfe.com.cn/data/tradedata/future/dailydata/kx20260615.dat
2026-06-15,SN2705,SN,413920,430180,413920,430180,424420,412500,71,108,3013.397,SHFE official,https://www.shfe.com.cn/data/tradedata/future/dailydata/kx20260615.dat
2026-06-16,SN2607,SN,427010,427630,419810,421770,423910,417780,169637,32961,7191144.155,SHFE official,https://www.shfe.com.cn/data/tradedata/future/dailydata/kx20260616.dat
2026-06-16,SN2608,SN,426590,428680,420820,422750,424850,419570,50174,25610,2131659.756,SHFE official,https://www.shfe.com.cn/data/tradedata/future/dailydata/kx20260616.dat
2026-06-16,SN2609,SN,427500,429300,421550,423440,425340,419390,19791,16249,841797.607,SHFE official,https://www.shfe.com.cn/data/tradedata/future/dailydata/kx20260616.dat
2026-06-16,SN2610,SN,428870,429550,422080,423820,425560,422120,1924,3605,81878.685,SHFE official,https://www.shfe.com.cn/data/tradedata/future/dailydata/kx20260616.dat
2026-06-16,SN2611,SN,428090,429800,422280,424410,426530,421830,377,561,16080.345,SHFE official,https://www.shfe.com.cn/data/tradedata/future/dailydata/kx20260616.dat
2026-06-16,SN2612,SN,428980,430010,422710,424590,426950,422850,315,572,13448.951,SHFE official,https://www.shfe.com.cn/data/tradedata/future/dailydata/kx20260616.dat
2026-06-16,SN2701,SN,429440,429460,423160,424780,426090,422970,33,232,1406.106,SHFE official,https://www.shfe.com.cn/data/tradedata/future/dailydata/kx20260616.dat
2026-06-16,SN2702,SN,430330,430330,425040,425390,428110,422970,13,209,556.555,SHFE official,https://www.shfe.com.cn/data/tradedata/future/dailydata/kx20260616.dat
2026-06-16,SN2703,SN,430000,430200,425340,425810,427160,424800,20,220,854.336,SHFE official,https://www.shfe.com.cn/data/tradedata/future/dailydata/kx20260616.dat
2026-06-16,SN2704,SN,430240,430510,425000,425030,427740,418140,14,64,598.848,SHFE official,https://www.shfe.com.cn/data/tradedata/future/dailydata/kx20260616.dat
2026-06-16,SN2705,SN,430990,431000,425440,427410,428380,424420,16,105,685.413,SHFE official,https://www.shfe.com.cn/data/tradedata/future/dailydata/kx20260616.dat
2026-06-16,SN2706,SN,431620,431670,429190,429190,431130,424420,5,3,215.566,SHFE official,https://www.shfe.com.cn/data/tradedata/future/dailydata/kx20260616.dat
2026-06-17,SN2607,SN,424770,426410,419820,422910,422920,423910,168427,31745,7123247.253,SHFE official,https://www.shfe.com.cn/data/tradedata/future/dailydata/kx20260617.dat
2026-06-17,SN2608,SN,426020,427500,421030,424070,424110,424850,52571,26781,2229609.896,SHFE official,https://www.shfe.com.cn/data/tradedata/future/dailydata/kx20260617.dat
2026-06-17,SN2609,SN,426300,428000,421640,424660,424760,425340,19814,16151,841621.678,SHFE official,https://www.shfe.com.cn/data/tradedata/future/dailydata/kx20260617.dat
2026-06-17,SN2610,SN,426420,428450,422120,425040,425620,425560,2651,3870,112833.907,SHFE official,https://www.shfe.com.cn/data/tradedata/future/dailydata/kx20260617.dat
2026-06-17,SN2611,SN,426110,428690,422340,425080,425520,426530,285,529,12127.371,SHFE official,https://www.shfe.com.cn/data/tradedata/future/dailydata/kx20260617.dat
2026-06-17,SN2612,SN,427520,429100,422960,425520,425800,426950,214,566,9112.127,SHFE official,https://www.shfe.com.cn/data/tradedata/future/dailydata/kx20260617.dat
2026-06-17,SN2701,SN,428610,428610,424620,425170,425980,426090,30,236,1277.961,SHFE official,https://www.shfe.com.cn/data/tradedata/future/dailydata/kx20260617.dat
2026-06-17,SN2702,SN,429010,429010,425880,425880,426880,428110,6,209,256.133,SHFE official,https://www.shfe.com.cn/data/tradedata/future/dailydata/kx20260617.dat
2026-06-17,SN2703,SN,428800,429340,425190,426520,427040,427160,15,220,640.563,SHFE official,https://www.shfe.com.cn/data/tradedata/future/dailydata/kx20260617.dat
2026-06-17,SN2704,SN,,,,426980,426980,427740,0,64,0,SHFE official,https://www.shfe.com.cn/data/tradedata/future/dailydata/kx20260617.dat
2026-06-17,SN2705,SN,427730,427730,424990,425350,426360,428380,14,103,596.916,SHFE official,https://www.shfe.com.cn/data/tradedata/future/dailydata/kx20260617.dat
2026-06-17,SN2706,SN,427620,427620,425750,426500,426640,431130,6,7,255.985,SHFE official,https://www.shfe.com.cn/data/tradedata/future/dailydata/kx20260617.dat
2026-06-18,SN2607,SN,423200,426360,411660,414330,419880,422920,209402,27025,8792393.181,SHFE official,https://www.shfe.com.cn/data/tradedata/future/dailydata/kx20260618.dat
2026-06-18,SN2608,SN,423110,427490,412690,415330,420680,424110,74183,26577,3120778.819,SHFE official,https://www.shfe.com.cn/data/tradedata/future/dailydata/kx20260618.dat
2026-06-18,SN2609,SN,422560,428130,413420,416030,421280,424760,27140,16124,1143367.704,SHFE official,https://www.shfe.com.cn/data/tradedata/future/dailydata/kx20260618.dat
2026-06-18,SN2610,SN,425040,428350,414040,416530,421590,425620,2887,4093,121714.06,SHFE official,https://www.shfe.com.cn/data/tradedata/future/dailydata/kx20260618.dat
2026-06-18,SN2611,SN,424540,428200,415070,416990,421940,425520,423,522,17848.105,SHFE official,https://www.shfe.com.cn/data/tradedata/future/dailydata/kx20260618.dat
2026-06-18,SN2612,SN,425330,428790,415000,417320,421380,425800,222,553,9354.824,SHFE official,https://www.shfe.com.cn/data/tradedata/future/dailydata/kx20260618.dat
2026-06-18,SN2701,SN,426550,427800,415890,417550,421700,425980,62,223,2614.59,SHFE official,https://www.shfe.com.cn/data/tradedata/future/dailydata/kx20260618.dat
2026-06-18,SN2702,SN,428010,428910,416180,418430,423560,426880,21,211,889.484,SHFE official,https://www.shfe.com.cn/data/tradedata/future/dailydata/kx20260618.dat
2026-06-18,SN2703,SN,424980,428690,416470,417280,422660,427040,31,221,1310.256,SHFE official,https://www.shfe.com.cn/data/tradedata/future/dailydata/kx20260618.dat
2026-06-18,SN2704,SN,417970,417970,417970,417970,417970,426980,1,64,41.797,SHFE official,https://www.shfe.com.cn/data/tradedata/future/dailydata/kx20260618.dat
2026-06-18,SN2705,SN,424950,428990,415900,417450,421030,426360,47,97,1978.867,SHFE official,https://www.shfe.com.cn/data/tradedata/future/dailydata/kx20260618.dat
2026-06-18,SN2706,SN,424790,428200,416390,416390,423130,426640,12,13,507.76,SHFE official,https://www.shfe.com.cn/data/tradedata/future/dailydata/kx20260618.dat
2026-06-22,SN2607,SN,412230,424500,410830,422700,417170,419880,135523,27769,5653660.145,SHFE official,https://www.shfe.com.cn/data/tradedata/future/dailydata/kx20260622.dat
2026-06-22,SN2608,SN,414330,425130,411570,423130,418020,420680,66556,27446,2782187.37,SHFE official,https://www.shfe.com.cn/data/tradedata/future/dailydata/kx20260622.dat
2026-06-22,SN2609,SN,412470,426000,411920,423960,418820,421280,22360,16614,936492.96,SHFE official,https://www.shfe.com.cn/data/tradedata/future/dailydata/kx20260622.dat
2026-06-22,SN2610,SN,411530,426160,411530,424410,417990,421590,3672,4086,153489.269,SHFE official,https://www.shfe.com.cn/data/tradedata/future/dailydata/kx20260622.dat
2026-06-22,SN2611,SN,416660,426160,413390,424760,418520,421940,550,529,23018.767,SHFE official,https://www.shfe.com.cn/data/tradedata/future/dailydata/kx20260622.dat
2026-06-22,SN2612,SN,416920,426980,414150,425100,419460,421380,195,532,8179.571,SHFE official,https://www.shfe.com.cn/data/tradedata/future/dailydata/kx20260622.dat
2026-06-22,SN2701,SN,415520,426770,414770,425420,421040,421700,84,229,3536.773,SHFE official,https://www.shfe.com.cn/data/tradedata/future/dailydata/kx20260622.dat
2026-06-22,SN2702,SN,414700,426340,414700,425880,420920,423560,10,214,420.92,SHFE official,https://www.shfe.com.cn/data/tradedata/future/dailydata/kx20260622.dat
2026-06-22,SN2703,SN,416510,426690,415170,425960,419560,422660,123,222,5160.679,SHFE official,https://www.shfe.com.cn/data/tradedata/future/dailydata/kx20260622.dat
2026-06-22,SN2704,SN,421350,426600,415100,425970,422250,417970,10,60,422.252,SHFE official,https://www.shfe.com.cn/data/tradedata/future/dailydata/kx20260622.dat
2026-06-22,SN2705,SN,416990,424050,416340,424050,420480,421030,21,100,883.024,SHFE official,https://www.shfe.com.cn/data/tradedata/future/dailydata/kx20260622.dat
2026-06-22,SN2706,SN,416390,424880,416390,424880,419980,423130,9,13,377.987,SHFE official,https://www.shfe.com.cn/data/tradedata/future/dailydata/kx20260622.dat
2026-06-23,SN2607,SN,423000,423500,398500,400070,410200,417170,212075,23324,8699422.4,SHFE official,https://www.shfe.com.cn/data/tradedata/future/dailydata/kx20260623.dat
2026-06-23,SN2608,SN,424030,424030,399420,401040,410390,418020,115314,29596,4732407.935,SHFE official,https://www.shfe.com.cn/data/tradedata/future/dailydata/kx20260623.dat
2026-06-23,SN2609,SN,424040,424610,400500,401840,410720,418820,37065,16943,1522363.317,SHFE official,https://www.shfe.com.cn/data/tradedata/future/dailydata/kx20260623.dat
2026-06-23,SN2610,SN,424960,424980,400880,402350,409880,417990,5466,4894,224042.209,SHFE official,https://www.shfe.com.cn/data/tradedata/future/dailydata/kx20260623.dat
2026-06-23,SN2611,SN,424700,425010,401400,402610,409860,418520,965,678,39551.671,SHFE official,https://www.shfe.com.cn/data/tradedata/future/dailydata/kx20260623.dat
2026-06-23,SN2612,SN,425200,425500,402000,403430,408000,419460,442,589,18033.609,SHFE official,https://www.shfe.com.cn/data/tradedata/future/dailydata/kx20260623.dat
2026-06-23,SN2701,SN,424990,425570,402830,404160,409250,421040,304,324,12441.383,SHFE official,https://www.shfe.com.cn/data/tradedata/future/dailydata/kx20260623.dat
2026-06-23,SN2702,SN,425920,425920,404200,405160,408470,420920,86,236,3512.865,SHFE official,https://www.shfe.com.cn/data/tradedata/future/dailydata/kx20260623.dat
2026-06-23,SN2703,SN,425070,425070,404140,405190,411100,419560,37,216,1521.085,SHFE official,https://www.shfe.com.cn/data/tradedata/future/dailydata/kx20260623.dat
2026-06-23,SN2704,SN,425520,425520,405370,405370,411180,422250,12,62,493.418,SHFE official,https://www.shfe.com.cn/data/tradedata/future/dailydata/kx20260623.dat
2026-06-23,SN2705,SN,425640,425970,403450,404680,411030,420480,69,108,2836.166,SHFE official,https://www.shfe.com.cn/data/tradedata/future/dailydata/kx20260623.dat
2026-06-23,SN2706,SN,426060,426060,404500,405000,412430,419980,30,19,1237.309,SHFE official,https://www.shfe.com.cn/data/tradedata/future/dailydata/kx20260623.dat
2026-06-24,SN2607,SN,399000,400840,388220,395250,393860,410200,210764,20776,8301230.708,SHFE official,https://www.shfe.com.cn/data/tradedata/future/dailydata/kx20260624.dat
2026-06-24,SN2608,SN,402040,402040,389090,396110,394790,410390,153987,34035,6079308.728,SHFE official,https://www.shfe.com.cn/data/tradedata/future/dailydata/kx20260624.dat
2026-06-24,SN2609,SN,402050,402190,389600,396730,395460,410720,43254,17619,1710525.723,SHFE official,https://www.shfe.com.cn/data/tradedata/future/dailydata/kx20260624.dat
2026-06-24,SN2610,SN,402350,402380,390220,397230,396100,409880,5142,5111,203679.224,SHFE official,https://www.shfe.com.cn/data/tradedata/future/dailydata/kx20260624.dat
2026-06-24,SN2611,SN,402600,402920,390560,397920,396470,409860,1237,752,49044.257,SHFE official,https://www.shfe.com.cn/data/tradedata/future/dailydata/kx20260624.dat
2026-06-24,SN2612,SN,402410,402810,391230,399160,396800,408000,338,610,13411.858,SHFE official,https://www.shfe.com.cn/data/tradedata/future/dailydata/kx20260624.dat
2026-06-24,SN2701,SN,403000,403000,391860,399070,397400,409250,146,323,5802.046,SHFE official,https://www.shfe.com.cn/data/tradedata/future/dailydata/kx20260624.dat
2026-06-24,SN2702,SN,402100,402100,393840,399680,397820,408470,123,262,4893.302,SHFE official,https://www.shfe.com.cn/data/tradedata/future/dailydata/kx20260624.dat
2026-06-24,SN2703,SN,398820,401220,394680,399920,397380,411100,25,223,993.467,SHFE official,https://www.shfe.com.cn/data/tradedata/future/dailydata/kx20260624.dat
2026-06-24,SN2704,SN,402280,402280,394920,397100,398320,411180,32,62,1274.624,SHFE official,https://www.shfe.com.cn/data/tradedata/future/dailydata/kx20260624.dat
2026-06-24,SN2705,SN,403420,403570,394000,400780,398840,411030,177,127,7059.638,SHFE official,https://www.shfe.com.cn/data/tradedata/future/dailydata/kx20260624.dat
2026-06-24,SN2706,SN,401900,402040,395220,401090,398060,412430,30,25,1194.201,SHFE official,https://www.shfe.com.cn/data/tradedata/future/dailydata/kx20260624.dat
2026-06-25,SN2607,SN,386000,388600,380500,385260,384160,393860,165100,16173,6342519.035,SHFE official,https://www.shfe.com.cn/data/tradedata/future/dailydata/kx20260625.dat
2026-06-25,SN2608,SN,386300,389020,381280,385570,384940,394790,180928,36609,6964738.844,SHFE official,https://www.shfe.com.cn/data/tradedata/future/dailydata/kx20260625.dat
2026-06-25,SN2609,SN,389000,389580,382070,386280,385710,395460,44656,17854,1722442.495,SHFE official,https://www.shfe.com.cn/data/tradedata/future/dailydata/kx20260625.dat
2026-06-25,SN2610,SN,388120,390000,382780,386860,386600,396100,6444,5435,249126.056,SHFE official,https://www.shfe.com.cn/data/tradedata/future/dailydata/kx20260625.dat
2026-06-25,SN2611,SN,388000,390560,383390,387020,387350,396470,1512,703,58568.603,SHFE official,https://www.shfe.com.cn/data/tradedata/future/dailydata/kx20260625.dat
2026-06-25,SN2612,SN,388000,391560,384000,387930,387920,396800,553,606,21452.271,SHFE official,https://www.shfe.com.cn/data/tradedata/future/dailydata/kx20260625.dat
2026-06-25,SN2701,SN,390100,392030,384660,388490,388160,397400,200,343,7763.228,SHFE official,https://www.shfe.com.cn/data/tradedata/future/dailydata/kx20260625.dat
2026-06-25,SN2702,SN,388010,392070,386060,388840,389380,397820,79,249,3076.116,SHFE official,https://www.shfe.com.cn/data/tradedata/future/dailydata/kx20260625.dat
2026-06-25,SN2703,SN,388010,392050,386360,390080,390320,397380,264,119,10304.546,SHFE official,https://www.shfe.com.cn/data/tradedata/future/dailydata/kx20260625.dat
2026-06-25,SN2704,SN,388870,392240,388000,389800,390020,398320,12,61,468.027,SHFE official,https://www.shfe.com.cn/data/tradedata/future/dailydata/kx20260625.dat
2026-06-25,SN2705,SN,390690,393380,386880,390000,390100,398840,146,113,5695.586,SHFE official,https://www.shfe.com.cn/data/tradedata/future/dailydata/kx20260625.dat
2026-06-25,SN2706,SN,390120,392410,386180,390930,389420,398060,29,27,1129.337,SHFE official,https://www.shfe.com.cn/data/tradedata/future/dailydata/kx20260625.dat
2026-06-26,SN2607,SN,388680,394840,374000,386360,385600,384160,103104,10138,3975792.781,SHFE official,https://www.shfe.com.cn/data/tradedata/future/dailydata/kx20260626.dat
2026-06-26,SN2608,SN,393800,395320,374500,387220,385590,384940,292437,38781,11276260.549,SHFE official,https://www.shfe.com.cn/data/tradedata/future/dailydata/kx20260626.dat
2026-06-26,SN2609,SN,393010,395980,375000,387600,385770,385710,61607,19565,2376647.718,SHFE official,https://www.shfe.com.cn/data/tradedata/future/dailydata/kx20260626.dat
2026-06-26,SN2610,SN,393500,396330,375500,388150,385480,386600,9277,5880,357618.131,SHFE official,https://www.shfe.com.cn/data/tradedata/future/dailydata/kx20260626.dat
2026-06-26,SN2611,SN,394690,397000,376220,388330,384480,387350,1996,825,76743.272,SHFE official,https://www.shfe.com.cn/data/tradedata/future/dailydata/kx20260626.dat
2026-06-26,SN2612,SN,393770,397800,377170,389010,387630,387920,675,651,26165.322,SHFE official,https://www.shfe.com.cn/data/tradedata/future/dailydata/kx20260626.dat
2026-06-26,SN2701,SN,395830,398000,378030,389220,386220,388160,195,356,7531.449,SHFE official,https://www.shfe.com.cn/data/tradedata/future/dailydata/kx20260626.dat
2026-06-26,SN2702,SN,396480,398300,379700,390080,383060,389380,131,254,5018.13,SHFE official,https://www.shfe.com.cn/data/tradedata/future/dailydata/kx20260626.dat
2026-06-26,SN2703,SN,397500,398000,378420,388190,386550,390320,35,117,1352.935,SHFE official,https://www.shfe.com.cn/data/tradedata/future/dailydata/kx20260626.dat
2026-06-26,SN2704,SN,396390,396550,381820,389350,387100,390020,10,58,387.103,SHFE official,https://www.shfe.com.cn/data/tradedata/future/dailydata/kx20260626.dat
2026-06-26,SN2705,SN,398480,399400,379320,391090,389430,390100,214,114,8333.831,SHFE official,https://www.shfe.com.cn/data/tradedata/future/dailydata/kx20260626.dat
2026-06-26,SN2706,SN,397680,397680,380880,391390,387470,389420,14,30,542.459,SHFE official,https://www.shfe.com.cn/data/tradedata/future/dailydata/kx20260626.dat
2026-06-29,SN2607,SN,386490,392910,383050,392190,387640,385600,54925,7116,2129161.085,SHFE official,https://www.shfe.com.cn/data/tradedata/future/dailydata/kx20260629.dat
2026-06-29,SN2608,SN,389960,393800,383650,393060,388710,385590,282940,40476,10998343.006,SHFE official,https://www.shfe.com.cn/data/tradedata/future/dailydata/kx20260629.dat
2026-06-29,SN2609,SN,390800,394420,384090,393790,389220,385770,51444,20138,2002342.771,SHFE official,https://www.shfe.com.cn/data/tradedata/future/dailydata/kx20260629.dat
2026-06-29,SN2610,SN,391300,394800,384640,394080,390090,385480,7013,5911,273573.507,SHFE official,https://www.shfe.com.cn/data/tradedata/future/dailydata/kx20260629.dat
2026-06-29,SN2611,SN,391010,395230,385110,394730,391310,384480,1616,933,63236.001,SHFE official,https://www.shfe.com.cn/data/tradedata/future/dailydata/kx20260629.dat
2026-06-29,SN2612,SN,391110,395500,385830,394730,390590,387630,341,650,13319.427,SHFE official,https://www.shfe.com.cn/data/tradedata/future/dailydata/kx20260629.dat
2026-06-29,SN2701,SN,390500,396030,386720,396030,391680,386220,180,356,7050.368,SHFE official,https://www.shfe.com.cn/data/tradedata/future/dailydata/kx20260629.dat
2026-06-29,SN2702,SN,390330,397090,388380,397090,392740,383060,79,259,3102.674,SHFE official,https://www.shfe.com.cn/data/tradedata/future/dailydata/kx20260629.dat
2026-06-29,SN2703,SN,393140,397000,389470,397000,392860,386550,44,111,1728.614,SHFE official,https://www.shfe.com.cn/data/tradedata/future/dailydata/kx20260629.dat
2026-06-29,SN2704,SN,389990,396790,389990,396790,392580,387100,8,57,314.067,SHFE official,https://www.shfe.com.cn/data/tradedata/future/dailydata/kx20260629.dat
2026-06-29,SN2705,SN,392060,398120,389140,397530,392570,389430,96,117,3768.698,SHFE official,https://www.shfe.com.cn/data/tradedata/future/dailydata/kx20260629.dat
2026-06-29,SN2706,SN,393300,396000,393180,396000,394050,387470,4,30,157.621,SHFE official,https://www.shfe.com.cn/data/tradedata/future/dailydata/kx20260629.dat
2026-06-30,SN2607,SN,391300,397390,383860,395580,388680,387640,23816,4724,925682.137,SHFE official,https://www.shfe.com.cn/data/tradedata/future/dailydata/kx20260630.dat
2026-06-30,SN2608,SN,394500,398450,384260,396270,389320,388710,292642,40420,11393235.257,SHFE official,https://www.shfe.com.cn/data/tradedata/future/dailydata/kx20260630.dat
2026-06-30,SN2609,SN,392500,398800,384790,396840,389910,389220,58897,20918,2296470.012,SHFE official,https://www.shfe.com.cn/data/tradedata/future/dailydata/kx20260630.dat
2026-06-30,SN2610,SN,393500,399000,385250,397030,390600,390090,10869,6424,424549.314,SHFE official,https://www.shfe.com.cn/data/tradedata/future/dailydata/kx20260630.dat
2026-06-30,SN2611,SN,395980,399380,385770,397470,391680,391310,2472,953,96823.931,SHFE official,https://www.shfe.com.cn/data/tradedata/future/dailydata/kx20260630.dat
2026-06-30,SN2612,SN,395750,399830,386950,397700,392190,390590,328,652,12864.054,SHFE official,https://www.shfe.com.cn/data/tradedata/future/dailydata/kx20260630.dat
2026-06-30,SN2701,SN,396690,400000,387200,397830,391580,391680,242,346,9476.302,SHFE official,https://www.shfe.com.cn/data/tradedata/future/dailydata/kx20260630.dat
2026-06-30,SN2702,SN,396120,399930,388740,398650,392530,392740,204,246,8007.799,SHFE official,https://www.shfe.com.cn/data/tradedata/future/dailydata/kx20260630.dat
2026-06-30,SN2703,SN,391060,400930,388710,399620,392730,392860,44,112,1728.049,SHFE official,https://www.shfe.com.cn/data/tradedata/future/dailydata/kx20260630.dat
2026-06-30,SN2704,SN,393620,393620,393620,393620,393620,392580,1,57,39.362,SHFE official,https://www.shfe.com.cn/data/tradedata/future/dailydata/kx20260630.dat
2026-06-30,SN2705,SN,398110,402130,389460,400300,394050,392570,92,113,3625.327,SHFE official,https://www.shfe.com.cn/data/tradedata/future/dailydata/kx20260630.dat
2026-06-30,SN2706,SN,397970,400540,390720,400540,395740,394050,6,31,237.448,SHFE official,https://www.shfe.com.cn/data/tradedata/future/dailydata/kx20260630.dat
2026-07-01,SN2607,SN,394230,399410,386820,388810,393190,388680,2080,4336,81784.512,SHFE official,https://www.shfe.com.cn/data/tradedata/future/dailydata/kx20260701.dat
2026-07-01,SN2608,SN,394230,400480,387310,389610,394170,389320,260824,41203,10280952.847,SHFE official,https://www.shfe.com.cn/data/tradedata/future/dailydata/kx20260701.dat
2026-07-01,SN2609,SN,396210,400750,387600,390040,394480,389910,59077,21660,2330506.873,SHFE official,https://www.shfe.com.cn/data/tradedata/future/dailydata/kx20260701.dat
2026-07-01,SN2610,SN,395350,401220,388350,390260,395010,390600,10993,6926,434239.582,SHFE official,https://www.shfe.com.cn/data/tradedata/future/dailydata/kx20260701.dat
2026-07-01,SN2611,SN,396420,401800,388900,390700,396120,391680,1691,1083,66985.267,SHFE official,https://www.shfe.com.cn/data/tradedata/future/dailydata/kx20260701.dat
2026-07-01,SN2612,SN,395980,402000,389880,391650,395410,392190,225,638,8896.763,SHFE official,https://www.shfe.com.cn/data/tradedata/future/dailydata/kx20260701.dat
2026-07-01,SN2701,SN,396870,402980,390500,392560,395940,391580,132,351,5226.489,SHFE official,https://www.shfe.com.cn/data/tradedata/future/dailydata/kx20260701.dat
2026-07-01,SN2702,SN,396430,402180,391210,392920,397670,392530,211,226,8390.946,SHFE official,https://www.shfe.com.cn/data/tradedata/future/dailydata/kx20260701.dat
2026-07-01,SN2703,SN,396140,401580,392080,392080,396530,392730,55,101,2180.961,SHFE official,https://www.shfe.com.cn/data/tradedata/future/dailydata/kx20260701.dat
2026-07-01,SN2704,SN,402700,402910,395680,395680,400810,393620,4,54,160.325,SHFE official,https://www.shfe.com.cn/data/tradedata/future/dailydata/kx20260701.dat
2026-07-01,SN2705,SN,400200,403860,392200,394060,398220,394050,38,107,1513.243,SHFE official,https://www.shfe.com.cn/data/tradedata/future/dailydata/kx20260701.dat
2026-07-01,SN2706,SN,398890,402870,395720,396020,398300,395740,14,28,557.624,SHFE official,https://www.shfe.com.cn/data/tradedata/future/dailydata/kx20260701.dat
2026-07-02,SN2607,SN,391660,400810,390780,392580,395610,393190,830,4056,32835.982,SHFE official,https://www.shfe.com.cn/data/tradedata/future/dailydata/kx20260702.dat
2026-07-02,SN2608,SN,392360,401860,391100,393260,396190,394170,261022,39663,10341507.875,SHFE official,https://www.shfe.com.cn/data/tradedata/future/dailydata/kx20260702.dat
2026-07-02,SN2609,SN,392300,402120,391720,393800,396610,394480,60197,22494,2387480.658,SHFE official,https://www.shfe.com.cn/data/tradedata/future/dailydata/kx20260702.dat
2026-07-02,SN2610,SN,392760,402540,392180,393990,396970,395010,14116,7615,560367.862,SHFE official,https://www.shfe.com.cn/data/tradedata/future/dailydata/kx20260702.dat
2026-07-02,SN2611,SN,393180,403000,392700,394670,396570,396120,1614,1367,64006.409,SHFE official,https://www.shfe.com.cn/data/tradedata/future/dailydata/kx20260702.dat
2026-07-02,SN2612,SN,395000,402640,393270,394980,396980,395410,379,629,15045.654,SHFE official,https://www.shfe.com.cn/data/tradedata/future/dailydata/kx20260702.dat
2026-07-02,SN2701,SN,394710,402610,393800,395030,397010,395940,223,360,8853.541,SHFE official,https://www.shfe.com.cn/data/tradedata/future/dailydata/kx20260702.dat
2026-07-02,SN2702,SN,399210,404280,393980,395710,397670,397670,216,230,8589.822,SHFE official,https://www.shfe.com.cn/data/tradedata/future/dailydata/kx20260702.dat
2026-07-02,SN2703,SN,402300,402930,395310,395310,401520,396530,11,98,441.68,SHFE official,https://www.shfe.com.cn/data/tradedata/future/dailydata/kx20260702.dat
2026-07-02,SN2704,SN,405070,405070,396300,396300,400240,400810,11,54,440.268,SHFE official,https://www.shfe.com.cn/data/tradedata/future/dailydata/kx20260702.dat
2026-07-02,SN2705,SN,396660,405260,395910,396770,398960,398220,55,109,2194.295,SHFE official,https://www.shfe.com.cn/data/tradedata/future/dailydata/kx20260702.dat
2026-07-02,SN2706,SN,403680,404340,396590,397320,399950,398300,18,28,719.91,SHFE official,https://www.shfe.com.cn/data/tradedata/future/dailydata/kx20260702.dat
2026-07-03,SN2607,SN,398520,404170,391000,402420,399800,395610,2938,2788,117462.828,SHFE official,https://www.shfe.com.cn/data/tradedata/future/dailydata/kx20260703.dat
2026-07-03,SN2608,SN,398240,404780,391260,402180,398050,396190,302706,41597,12049371.112,SHFE official,https://www.shfe.com.cn/data/tradedata/future/dailydata/kx20260703.dat
2026-07-03,SN2609,SN,398800,404500,391700,402310,398690,396610,70522,24125,2811693.302,SHFE official,https://www.shfe.com.cn/data/tradedata/future/dailydata/kx20260703.dat
2026-07-03,SN2610,SN,399800,404690,392030,402130,399350,396970,16638,9145,664452.671,SHFE official,https://www.shfe.com.cn/data/tradedata/future/dailydata/kx20260703.dat
2026-07-03,SN2611,SN,399580,404950,392540,402250,400560,396570,2242,1533,89807.572,SHFE official,https://www.shfe.com.cn/data/tradedata/future/dailydata/kx20260703.dat
2026-07-03,SN2612,SN,401130,405280,393500,402230,400570,396980,588,688,23553.637,SHFE official,https://www.shfe.com.cn/data/tradedata/future/dailydata/kx20260703.dat
2026-07-03,SN2701,SN,402780,405520,393360,402720,400740,397010,205,401,8215.331,SHFE official,https://www.shfe.com.cn/data/tradedata/future/dailydata/kx20260703.dat
2026-07-03,SN2702,SN,402800,405610,394050,403230,401930,397670,248,235,9968.017,SHFE official,https://www.shfe.com.cn/data/tradedata/future/dailydata/kx20260703.dat
2026-07-03,SN2703,SN,401790,404810,393700,402920,401590,401520,62,80,2489.894,SHFE official,https://www.shfe.com.cn/data/tradedata/future/dailydata/kx20260703.dat
2026-07-03,SN2704,SN,396070,406340,395710,406340,402550,400240,8,52,322.046,SHFE official,https://www.shfe.com.cn/data/tradedata/future/dailydata/kx20260703.dat
2026-07-03,SN2705,SN,404060,406660,396000,404670,402720,398960,70,108,2819.075,SHFE official,https://www.shfe.com.cn/data/tradedata/future/dailydata/kx20260703.dat
2026-07-03,SN2706,SN,403230,404960,397500,404960,401330,399950,17,34,682.27,SHFE official,https://www.shfe.com.cn/data/tradedata/future/dailydata/kx20260703.dat
2026-07-06,SN2607,SN,402420,416200,401650,410520,409130,399800,2258,1898,92383.084,SHFE official,https://www.shfe.com.cn/data/tradedata/future/dailydata/kx20260706.dat
2026-07-06,SN2608,SN,402800,415920,401100,410360,408380,398050,298448,41647,12188163.668,SHFE official,https://www.shfe.com.cn/data/tradedata/future/dailydata/kx20260706.dat
2026-07-06,SN2609,SN,401500,415880,401180,409320,408700,398690,75231,24738,3074765.543,SHFE official,https://www.shfe.com.cn/data/tradedata/future/dailydata/kx20260706.dat
2026-07-06,SN2610,SN,402990,415430,401090,408050,408760,399350,22302,9445,911631.538,SHFE official,https://www.shfe.com.cn/data/tradedata/future/dailydata/kx20260706.dat
2026-07-06,SN2611,SN,401220,415350,401220,407060,408790,400560,3287,1641,134371.186,SHFE official,https://www.shfe.com.cn/data/tradedata/future/dailydata/kx20260706.dat
2026-07-06,SN2612,SN,402630,415010,401840,406840,408350,400570,798,632,32586.627,SHFE official,https://www.shfe.com.cn/data/tradedata/future/dailydata/kx20260706.dat
2026-07-06,SN2701,SN,404050,414580,402440,406710,409410,400740,349,338,14288.485,SHFE official,https://www.shfe.com.cn/data/tradedata/future/dailydata/kx20260706.dat
2026-07-06,SN2702,SN,405860,415120,402660,406810,407760,401930,278,236,11335.936,SHFE official,https://www.shfe.com.cn/data/tradedata/future/dailydata/kx20260706.dat
2026-07-06,SN2703,SN,404760,413420,403330,407160,407510,401590,175,80,7131.472,SHFE official,https://www.shfe.com.cn/data/tradedata/future/dailydata/kx20260706.dat
2026-07-06,SN2704,SN,406080,413380,403460,406580,407080,402550,33,51,1343.376,SHFE official,https://www.shfe.com.cn/data/tradedata/future/dailydata/kx20260706.dat
2026-07-06,SN2705,SN,406020,416230,403810,405970,408800,402720,81,116,3311.343,SHFE official,https://www.shfe.com.cn/data/tradedata/future/dailydata/kx20260706.dat
2026-07-06,SN2706,SN,406700,414630,405670,405670,408700,401330,15,40,613.053,SHFE official,https://www.shfe.com.cn/data/tradedata/future/dailydata/kx20260706.dat
2026-07-07,SN2607,SN,410570,413110,404990,409670,410400,409130,2242,1516,92012.212,SHFE official,https://www.shfe.com.cn/data/tradedata/future/dailydata/kx20260707.dat
2026-07-07,SN2608,SN,410350,412620,405110,409250,409340,408380,233433,41022,9555486.863,SHFE official,https://www.shfe.com.cn/data/tradedata/future/dailydata/kx20260707.dat
2026-07-07,SN2609,SN,407620,411790,404180,408640,408280,408700,54940,25571,2243118.435,SHFE official,https://www.shfe.com.cn/data/tradedata/future/dailydata/kx20260707.dat
2026-07-07,SN2610,SN,405650,410770,403190,407880,407120,408760,13401,9882,545588.905,SHFE official,https://www.shfe.com.cn/data/tradedata/future/dailydata/kx20260707.dat
2026-07-07,SN2611,SN,406390,409450,402230,406760,406290,408790,1994,1584,81016.095,SHFE official,https://www.shfe.com.cn/data/tradedata/future/dailydata/kx20260707.dat
2026-07-07,SN2612,SN,406240,409020,402500,406680,406250,408350,345,599,14015.649,SHFE official,https://www.shfe.com.cn/data/tradedata/future/dailydata/kx20260707.dat
2026-07-07,SN2701,SN,406440,408670,401500,406640,405390,409410,86,323,3486.387,SHFE official,https://www.shfe.com.cn/data/tradedata/future/dailydata/kx20260707.dat
2026-07-07,SN2702,SN,407010,408600,401620,406230,405010,407760,140,219,5670.219,SHFE official,https://www.shfe.com.cn/data/tradedata/future/dailydata/kx20260707.dat
2026-07-07,SN2703,SN,406760,407000,401920,403450,404650,407510,25,77,1011.64,SHFE official,https://www.shfe.com.cn/data/tradedata/future/dailydata/kx20260707.dat
2026-07-07,SN2704,SN,407170,407200,402740,403500,405080,407080,13,48,526.615,SHFE official,https://www.shfe.com.cn/data/tradedata/future/dailydata/kx20260707.dat
2026-07-07,SN2705,SN,405460,408490,401550,406950,405460,408800,40,119,1621.86,SHFE official,https://www.shfe.com.cn/data/tradedata/future/dailydata/kx20260707.dat
2026-07-07,SN2706,SN,406000,408100,401360,406000,404960,408700,13,42,526.452,SHFE official,https://www.shfe.com.cn/data/tradedata/future/dailydata/kx20260707.dat
2026-07-08,SN2607,SN,411930,417250,408610,411920,412000,410400,460,1422,18952.07,SHFE official,https://www.shfe.com.cn/data/tradedata/future/dailydata/kx20260708.dat
2026-07-08,SN2608,SN,411300,417730,408020,411580,412170,409340,254895,41718,10506239.184,SHFE official,https://www.shfe.com.cn/data/tradedata/future/dailydata/kx20260708.dat
2026-07-08,SN2609,SN,410820,416980,407310,411160,411470,408280,61228,25841,2519365.824,SHFE official,https://www.shfe.com.cn/data/tradedata/future/dailydata/kx20260708.dat
2026-07-08,SN2610,SN,410290,416090,406600,410270,411110,407120,13655,9794,561373.868,SHFE official,https://www.shfe.com.cn/data/tradedata/future/dailydata/kx20260708.dat
2026-07-08,SN2611,SN,408000,414740,405660,409230,409910,406290,1599,1492,65545.227,SHFE official,https://www.shfe.com.cn/data/tradedata/future/dailydata/kx20260708.dat
2026-07-08,SN2612,SN,408010,414310,405190,408920,408620,406250,351,612,14342.714,SHFE official,https://www.shfe.com.cn/data/tradedata/future/dailydata/kx20260708.dat
2026-07-08,SN2701,SN,408130,413860,404920,409100,409130,405390,126,298,5155.042,SHFE official,https://www.shfe.com.cn/data/tradedata/future/dailydata/kx20260708.dat
2026-07-08,SN2702,SN,407120,410400,405380,408630,408520,405010,54,219,2206.052,SHFE official,https://www.shfe.com.cn/data/tradedata/future/dailydata/kx20260708.dat
2026-07-08,SN2703,SN,407900,412590,406210,409560,408710,404650,112,107,4577.653,SHFE official,https://www.shfe.com.cn/data/tradedata/future/dailydata/kx20260708.dat
2026-07-08,SN2704,SN,409480,409480,406270,406410,407380,405080,3,47,122.216,SHFE official,https://www.shfe.com.cn/data/tradedata/future/dailydata/kx20260708.dat
2026-07-08,SN2705,SN,406950,414680,406000,407570,408980,405460,27,113,1104.254,SHFE official,https://www.shfe.com.cn/data/tradedata/future/dailydata/kx20260708.dat
2026-07-08,SN2706,SN,411300,411300,405770,410000,408460,404960,9,43,367.62,SHFE official,https://www.shfe.com.cn/data/tradedata/future/dailydata/kx20260708.dat
2026-07-09,SN2607,SN,408300,417000,402800,417000,408470,412000,84,1366,3431.174,SHFE official,https://www.shfe.com.cn/data/tradedata/future/dailydata/kx20260709.dat
2026-07-09,SN2608,SN,408000,418350,401650,416230,408140,412170,311823,41613,12726807.831,SHFE official,https://www.shfe.com.cn/data/tradedata/future/dailydata/kx20260709.dat
2026-07-09,SN2609,SN,407000,416940,401220,414840,407720,411470,81636,27828,3328494.253,SHFE official,https://www.shfe.com.cn/data/tradedata/future/dailydata/kx20260709.dat
2026-07-09,SN2610,SN,407000,415890,400570,413490,407140,411110,16538,10020,673330.525,SHFE official,https://www.shfe.com.cn/data/tradedata/future/dailydata/kx20260709.dat
2026-07-09,SN2611,SN,407000,415200,400000,413130,406990,409910,2610,1655,106226.72,SHFE official,https://www.shfe.com.cn/data/tradedata/future/dailydata/kx20260709.dat
2026-07-09,SN2612,SN,405910,415000,400380,412310,406370,408620,610,639,24788.801,SHFE official,https://www.shfe.com.cn/data/tradedata/future/dailydata/kx20260709.dat
2026-07-09,SN2701,SN,403100,414750,400980,412460,405560,409130,332,305,13464.795,SHFE official,https://www.shfe.com.cn/data/tradedata/future/dailydata/kx20260709.dat
2026-07-09,SN2702,SN,403600,414410,401370,412260,408260,408520,205,250,8369.387,SHFE official,https://www.shfe.com.cn/data/tradedata/future/dailydata/kx20260709.dat
2026-07-09,SN2703,SN,402770,413460,401660,412260,405420,408710,83,84,3365.063,SHFE official,https://www.shfe.com.cn/data/tradedata/future/dailydata/kx20260709.dat
2026-07-09,SN2704,SN,406630,413390,401170,413390,408560,407380,10,51,408.562,SHFE official,https://www.shfe.com.cn/data/tradedata/future/dailydata/kx20260709.dat
2026-07-09,SN2705,SN,407100,413300,400640,412000,406160,408980,49,118,1990.194,SHFE official,https://www.shfe.com.cn/data/tradedata/future/dailydata/kx20260709.dat
2026-07-09,SN2706,SN,404000,413210,401270,413210,404980,408460,20,41,809.962,SHFE official,https://www.shfe.com.cn/data/tradedata/future/dailydata/kx20260709.dat
2026-07-10,SN2607,SN,416800,419320,416190,418500,417790,408470,52,1328,2172.524,SHFE official,https://www.shfe.com.cn/data/tradedata/future/dailydata/kx20260710.dat
2026-07-10,SN2608,SN,418000,419350,414280,415680,416770,408140,221630,41119,9237041.602,SHFE official,https://www.shfe.com.cn/data/tradedata/future/dailydata/kx20260710.dat
2026-07-10,SN2609,SN,415510,418160,413600,414890,415750,407720,54087,28904,2248681.568,SHFE official,https://www.shfe.com.cn/data/tradedata/future/dailydata/kx20260710.dat
2026-07-10,SN2610,SN,415040,417080,412690,413860,414750,407140,12034,10466,499110.779,SHFE official,https://www.shfe.com.cn/data/tradedata/future/dailydata/kx20260710.dat
2026-07-10,SN2611,SN,415000,416080,411720,412930,414070,406990,1758,1764,72794.277,SHFE official,https://www.shfe.com.cn/data/tradedata/future/dailydata/kx20260710.dat
2026-07-10,SN2612,SN,406870,416210,406870,412700,414100,406370,856,864,35447.121,SHFE official,https://www.shfe.com.cn/data/tradedata/future/dailydata/kx20260710.dat
2026-07-10,SN2701,SN,413280,415950,411870,412400,413650,405560,100,292,4136.551,SHFE official,https://www.shfe.com.cn/data/tradedata/future/dailydata/kx20260710.dat
2026-07-10,SN2702,SN,413280,415780,412050,412380,413870,408260,100,236,4138.764,SHFE official,https://www.shfe.com.cn/data/tradedata/future/dailydata/kx20260710.dat
2026-07-10,SN2703,SN,412980,415040,412280,412860,413250,405420,66,94,2727.498,SHFE official,https://www.shfe.com.cn/data/tradedata/future/dailydata/kx20260710.dat
2026-07-10,SN2704,SN,413410,414800,411760,413610,413170,408560,15,52,619.767,SHFE official,https://www.shfe.com.cn/data/tradedata/future/dailydata/kx20260710.dat
2026-07-10,SN2705,SN,412000,415290,411020,412230,413350,406160,37,118,1529.397,SHFE official,https://www.shfe.com.cn/data/tradedata/future/dailydata/kx20260710.dat
2026-07-10,SN2706,SN,412130,413640,411640,412270,413000,404980,10,47,413.001,SHFE official,https://www.shfe.com.cn/data/tradedata/future/dailydata/kx20260710.dat
2026-07-13,SN2607,SN,413950,413950,409500,409900,411400,417790,12,1326,493.69,SHFE official,https://www.shfe.com.cn/data/tradedata/future/dailydata/kx20260713.dat
2026-07-13,SN2608,SN,413000,416740,408390,409700,412700,416770,219110,38521,9042798.69,SHFE official,https://www.shfe.com.cn/data/tradedata/future/dailydata/kx20260713.dat
2026-07-13,SN2609,SN,412100,416000,408030,409210,411960,415750,60627,29512,2497620.186,SHFE official,https://www.shfe.com.cn/data/tradedata/future/dailydata/kx20260713.dat
2026-07-13,SN2610,SN,411640,414870,407320,408640,410580,414750,12130,10686,498045.205,SHFE official,https://www.shfe.com.cn/data/tradedata/future/dailydata/kx20260713.dat
2026-07-13,SN2611,SN,410150,413820,406710,408010,409720,414070,1795,1867,73546.152,SHFE official,https://www.shfe.com.cn/data/tradedata/future/dailydata/kx20260713.dat
2026-07-13,SN2612,SN,409460,413570,406810,407890,409850,414100,579,746,23730.731,SHFE official,https://www.shfe.com.cn/data/tradedata/future/dailydata/kx20260713.dat
2026-07-13,SN2701,SN,411000,413450,407320,407810,409880,413650,103,297,4221.842,SHFE official,https://www.shfe.com.cn/data/tradedata/future/dailydata/kx20260713.dat
2026-07-13,SN2702,SN,411180,413130,407660,408320,408870,413870,184,235,7523.252,SHFE official,https://www.shfe.com.cn/data/tradedata/future/dailydata/kx20260713.dat
2026-07-13,SN2703,SN,410160,410160,406620,406980,408960,413250,23,83,940.613,SHFE official,https://www.shfe.com.cn/data/tradedata/future/dailydata/kx20260713.dat
2026-07-13,SN2704,SN,409690,413270,407330,407330,410770,413170,23,48,944.777,SHFE official,https://www.shfe.com.cn/data/tradedata/future/dailydata/kx20260713.dat
2026-07-13,SN2705,SN,411110,412040,406240,408000,408690,413350,28,115,1144.342,SHFE official,https://www.shfe.com.cn/data/tradedata/future/dailydata/kx20260713.dat
2026-07-13,SN2706,SN,411150,411150,406120,406890,407880,413000,8,46,326.308,SHFE official,https://www.shfe.com.cn/data/tradedata/future/dailydata/kx20260713.dat
2026-07-14,SN2607,SN,412020,417740,406810,417740,411130,411400,78,1326,3206.852,SHFE official,https://www.shfe.com.cn/data/tradedata/future/dailydata/kx20260714.dat
2026-07-14,SN2608,SN,411000,419930,406010,417520,410950,412700,232672,39292,9561853.068,SHFE official,https://www.shfe.com.cn/data/tradedata/future/dailydata/kx20260714.dat
2026-07-14,SN2609,SN,411960,419010,405700,416610,410600,411960,72589,29249,2980571.434,SHFE official,https://www.shfe.com.cn/data/tradedata/future/dailydata/kx20260714.dat
2026-07-14,SN2610,SN,409720,418290,404930,415870,410300,410580,15280,10859,626953.357,SHFE official,https://www.shfe.com.cn/data/tradedata/future/dailydata/kx20260714.dat
2026-07-14,SN2611,SN,409570,417680,404260,415480,410450,409720,1964,2120,80612.979,SHFE official,https://www.shfe.com.cn/data/tradedata/future/dailydata/kx20260714.dat
2026-07-14,SN2612,SN,409910,417380,404310,415100,408630,409850,1137,781,46461.722,SHFE official,https://www.shfe.com.cn/data/tradedata/future/dailydata/kx20260714.dat
2026-07-14,SN2701,SN,410060,417560,404840,415120,409450,409880,198,281,8107.227,SHFE official,https://www.shfe.com.cn/data/tradedata/future/dailydata/kx20260714.dat
2026-07-14,SN2702,SN,409620,417490,405740,414830,410880,408870,160,217,6574.14,SHFE official,https://www.shfe.com.cn/data/tradedata/future/dailydata/kx20260714.dat
2026-07-14,SN2703,SN,406780,415150,406760,415150,410310,408960,12,77,492.383,SHFE official,https://www.shfe.com.cn/data/tradedata/future/dailydata/kx20260714.dat
2026-07-14,SN2704,SN,404060,416050,404060,416050,409280,410770,4,49,163.712,SHFE official,https://www.shfe.com.cn/data/tradedata/future/dailydata/kx20260714.dat
2026-07-14,SN2705,SN,408550,415500,403860,414350,409070,408690,28,119,1145.409,SHFE official,https://www.shfe.com.cn/data/tradedata/future/dailydata/kx20260714.dat
2026-07-14,SN2706,SN,405760,413720,403190,413720,405480,407880,16,45,648.778,SHFE official,https://www.shfe.com.cn/data/tradedata/future/dailydata/kx20260714.dat
2026-07-15,SN2607,SN,417740,420010,410010,412000,416130,411130,54,1332,2247.14,SHFE official,https://www.shfe.com.cn/data/tradedata/future/dailydata/kx20260715.dat
2026-07-15,SN2608,SN,421000,421800,409630,411620,416800,410950,207827,35894,8662365.759,SHFE official,https://www.shfe.com.cn/data/tradedata/future/dailydata/kx20260715.dat
2026-07-15,SN2609,SN,420500,420900,409240,411210,416010,410600,60812,30274,2529853.049,SHFE official,https://www.shfe.com.cn/data/tradedata/future/dailydata/kx20260715.dat
2026-07-15,SN2610,SN,420000,420000,408620,410680,414840,410300,11948,11033,495654.621,SHFE official,https://www.shfe.com.cn/data/tradedata/future/dailydata/kx20260715.dat
2026-07-15,SN2611,SN,418970,419210,408000,409760,413980,410450,1189,2232,49222.9,SHFE official,https://www.shfe.com.cn/data/tradedata/future/dailydata/kx20260715.dat
2026-07-15,SN2612,SN,418890,418910,408000,410030,413630,408630,458,748,18944.584,SHFE official,https://www.shfe.com.cn/data/tradedata/future/dailydata/kx20260715.dat
2026-07-15,SN2701,SN,419070,419070,408760,409510,412940,409450,206,345,8506.633,SHFE official,https://www.shfe.com.cn/data/tradedata/future/dailydata/kx20260715.dat
2026-07-15,SN2702,SN,418700,418700,408400,409730,413590,410880,81,206,3350.101,SHFE official,https://www.shfe.com.cn/data/tradedata/future/dailydata/kx20260715.dat
2026-07-15,SN2703,SN,419210,419210,408060,408740,412870,410310,25,77,1032.185,SHFE official,https://www.shfe.com.cn/data/tradedata/future/dailydata/kx20260715.dat
2026-07-15,SN2704,SN,418700,418700,416110,416270,417020,409280,3,49,125.108,SHFE official,https://www.shfe.com.cn/data/tradedata/future/dailydata/kx20260715.dat
2026-07-15,SN2705,SN,417630,417630,407870,407960,412750,409070,35,120,1444.659,SHFE official,https://www.shfe.com.cn/data/tradedata/future/dailydata/kx20260715.dat
2026-07-15,SN2706,SN,416300,418100,409210,409210,413740,405480,5,45,206.872,SHFE official,https://www.shfe.com.cn/data/tradedata/future/dailydata/kx20260715.dat
2026-07-16,SN2608,SN,413000,415930,404750,412650,410080,416800,222378,33386,9119349.613,SHFE official,https://www.shfe.com.cn/data/tradedata/future/dailydata/kx20260716.dat
2026-07-16,SN2609,SN,412390,415330,404580,412040,409720,416010,72731,29926,2979947.328,SHFE official,https://www.shfe.com.cn/data/tradedata/future/dailydata/kx20260716.dat
2026-07-16,SN2610,SN,411610,414690,404200,411230,409320,414840,14713,11424,602234.57,SHFE official,https://www.shfe.com.cn/data/tradedata/future/dailydata/kx20260716.dat
2026-07-16,SN2611,SN,410860,413920,403800,410680,408340,413980,1557,2285,63579.039,SHFE official,https://www.shfe.com.cn/data/tradedata/future/dailydata/kx20260716.dat
2026-07-16,SN2612,SN,410700,413680,403960,410660,408420,413630,494,773,20176.147,SHFE official,https://www.shfe.com.cn/data/tradedata/future/dailydata/kx20260716.dat
2026-07-16,SN2701,SN,411190,413310,402740,410370,409850,412940,340,372,13934.919,SHFE official,https://www.shfe.com.cn/data/tradedata/future/dailydata/kx20260716.dat
2026-07-16,SN2702,SN,411370,413920,404220,410140,409000,413590,264,205,10797.696,SHFE official,https://www.shfe.com.cn/data/tradedata/future/dailydata/kx20260716.dat
2026-07-16,SN2703,SN,410910,413100,405080,409680,408140,412870,89,80,3632.485,SHFE official,https://www.shfe.com.cn/data/tradedata/future/dailydata/kx20260716.dat
2026-07-16,SN2704,SN,409880,413130,404540,411280,408930,417020,22,55,899.661,SHFE official,https://www.shfe.com.cn/data/tradedata/future/dailydata/kx20260716.dat
2026-07-16,SN2705,SN,410150,413000,404520,409000,408240,412750,30,115,1224.744,SHFE official,https://www.shfe.com.cn/data/tradedata/future/dailydata/kx20260716.dat
2026-07-16,SN2706,SN,403870,411690,403520,411690,405820,413740,11,44,446.403,SHFE official,https://www.shfe.com.cn/data/tradedata/future/dailydata/kx20260716.dat
2026-07-16,SN2707,SN,413530,413530,409490,409490,411510,413740,2,1,82.302,SHFE official,https://www.shfe.com.cn/data/tradedata/future/dailydata/kx20260716.dat
2026-07-17,SN2608,SN,408780,413500,402300,403970,408600,410080,225621,33178,9219068.835,SHFE official,https://www.shfe.com.cn/data/tradedata/future/dailydata/kx20260717.dat
2026-07-17,SN2609,SN,408870,413090,402040,403660,408020,409720,84285,30720,3439047.45,SHFE official,https://www.shfe.com.cn/data/tradedata/future/dailydata/kx20260717.dat
2026-07-17,SN2610,SN,409190,412310,401730,403460,406920,409320,18467,12095,751477.117,SHFE official,https://www.shfe.com.cn/data/tradedata/future/dailydata/kx20260717.dat
2026-07-17,SN2611,SN,405390,411600,401500,403050,406380,408340,1597,2197,64900.248,SHFE official,https://www.shfe.com.cn/data/tradedata/future/dailydata/kx20260717.dat
2026-07-17,SN2612,SN,407210,411500,401340,403070,406190,408420,337,755,13688.891,SHFE official,https://www.shfe.com.cn/data/tradedata/future/dailydata/kx20260717.dat
2026-07-17,SN2701,SN,407170,411430,401650,403000,405950,409850,284,355,11528.997,SHFE official,https://www.shfe.com.cn/data/tradedata/future/dailydata/kx20260717.dat
2026-07-17,SN2702,SN,408410,411680,401310,402720,407890,409000,84,187,3426.298,SHFE official,https://www.shfe.com.cn/data/tradedata/future/dailydata/kx20260717.dat
2026-07-17,SN2703,SN,405990,411080,403140,403140,407830,408140,28,83,1141.95,SHFE official,https://www.shfe.com.cn/data/tradedata/future/dailydata/kx20260717.dat
2026-07-17,SN2704,SN,407900,410630,403150,403510,405980,408930,12,57,487.177,SHFE official,https://www.shfe.com.cn/data/tradedata/future/dailydata/kx20260717.dat
2026-07-17,SN2705,SN,407770,409450,401240,402500,404450,408240,43,111,1739.16,SHFE official,https://www.shfe.com.cn/data/tradedata/future/dailydata/kx20260717.dat
2026-07-17,SN2706,SN,408760,408760,399950,402040,404470,405820,19,51,768.507,SHFE official,https://www.shfe.com.cn/data/tradedata/future/dailydata/kx20260717.dat
2026-07-17,SN2707,SN,409920,409920,409800,409800,409860,411510,4,5,163.944,SHFE official,https://www.shfe.com.cn/data/tradedata/future/dailydata/kx20260717.dat
